{"scene":{"SNavigator":{},"SIntro":{"complete":false,"$seq":[{"prop":"complete","value":false,"time":1273437589063}]},"SScene1":{"complete":true,"$seq":[{"prop":"complete","value":false,"time":1273437603945},{"prop":"Sg1","value":"true","time":1273437628974},{"prop":"DR1:Sg1","value":"ans1","time":1273437628974},{"prop":"complete","value":true,"time":1273437628975},{"prop":"Sg1","value":"true","time":1273437628977},{"prop":"complete","value":true,"time":1273437628977}],"Sg1":"true","DR1:Sg1":"ans1"},"SScene2":{"complete":true,"$seq":[{"prop":"complete","value":false,"time":1273437630824},{"prop":"Sg1","value":"true","time":1273437656054},{"prop":"DR2:Sg1","value":"ans2","time":1273437656054},{"prop":"complete","value":true,"time":1273437656054},{"prop":"Sg1","value":"true","time":1273437656056},{"prop":"complete","value":true,"time":1273437656056}],"Sg1":"true","DR2:Sg1":"ans2"},"SScene3":{"complete":false,"$seq":[{"prop":"complete","value":false,"time":1273437657925}]}},"module":{},"tutor":{}}