{"scene":{"SNavigator":{},"SScene1":{"complete":true,"$seq":[{"prop":"complete","value":false,"time":1554817667103},{"prop":"complete","value":true,"time":1554817719170}]},"SScene2":{"AreaSelected":true,"$seq":[{"prop":"AreaSelected","value":false,"time":1554817723308},{"prop":"AreaSelected","value":true,"time":1554817785272},{"prop":"Area Name:physical and chemical changes","time":1554817785273},{"prop":"Area Index:1","time":1554817785273}]},"SScene3":{"TopicSelected":true,"$seq":[{"prop":"TopicSelected","value":false,"time":1554817788380},{"prop":"TopicSelected","value":true,"time":1554817800368},{"prop":"Topic Index:2","time":1554817800370}]},"SScene4":{"complete":true,"$seq":[{"prop":"complete","value":false,"time":1554817800767},{"prop":"complete","value":true,"time":1554817821635}]},"SScene5":{"complete":true,"$seq":[{"prop":"complete","value":false,"time":1554817826404},{"prop":"complete","value":true,"time":1554817830975}]},"SScene5a":{"complete":true,"$seq":[{"prop":"complete","value":false,"time":1554817834588},{"prop":"complete","value":true,"time":1554817846435}]},"SScene6a":{},"SScene6b":{},"SScene6c":{},"SScene7":{"complete":true,"$seq":[{"prop":"complete","value":false,"time":1554817861552},{"prop":"complete","value":true,"time":1554817887679}]},"SScene8":{"complete":false,"$seq":[{"prop":"complete","value":false,"time":1554817890316}]}},"module":{"selectedArea":{"ontologyKey":"S_A1|name","index":1},"$seq":[{"prop":"selectedArea","value":{"ontologyKey":"S_A1|name","index":1},"time":1554817666980},{"prop":"selectedTopic","value":{"ontologyKey":"S_A1_T2|name","index":2},"time":1554817666980},{"prop":"selectedVariable","value":{"ontologyKey":"S_A1_T2_V4|name","index":4},"time":1554817666980},{"prop":"selectedRQ","value":{"ontologyKey":"S_A1_T2_RQ4"},"time":1554817666980},{"prop":"AreaSelectedID","value":"Sarea1|Sselected","time":1554817666980},{"prop":"AreaButtonID","value":"Sbutton1","time":1554817666980},{"prop":"TopicSelectedID","value":"Stopic2|Sselected","time":1554817666980},{"prop":"TopicButtonID","value":"Sbutton2","time":1554817666980},{"prop":"VariableHighlightID","value":"SbuttonHL4","time":1554817666980},{"prop":"VariableClickMaskID","value":"SclickMask4","time":1554817666980},{"prop":"selectedArea.ontologyKey","value":"S_A1|name","time":1554817785272},{"prop":"selectedArea.index","value":1,"time":1554817785272},{"prop":"selectedTopic.ontologyKey","value":"S_A1_T2|name","time":1554817800368},{"prop":"selectedTopic.index","value":2,"time":1554817800368}],"selectedTopic":{"ontologyKey":"S_A1_T2|name","index":2},"selectedVariable":{"ontologyKey":"S_A1_T2_V4|name","index":4},"selectedRQ":{"ontologyKey":"S_A1_T2_RQ4"},"AreaSelectedID":"Sarea1|Sselected","AreaButtonID":"Sbutton1","TopicSelectedID":"Stopic2|Sselected","TopicButtonID":"Sbutton2","VariableHighlightID":"SbuttonHL4","VariableClickMaskID":"SclickMask4"},"tutor":{"experimentalGroup":{"ontologyKey":"EG_A2"},"$seq":[{"prop":"experimentalGroup.ontologyKey","value":"EG_A2","time":1554817666980}]}}