{"scene":{"SNavigator":{},"SScene1":{"complete":true,"$seq":[{"prop":"complete","value":false,"time":1273610962981},{"prop":"complete","value":true,"time":1273611015517}]},"SScene2":{"AreaSelected":true,"$seq":[{"prop":"AreaSelected","value":false,"time":1273611022379},{"prop":"AreaSelected","value":true,"time":1273611077181},{"prop":"Area Name:plant reproduction","time":1273611077183},{"prop":"Area Index:4","time":1273611077183}]},"SScene3":{"TopicSelected":true,"$seq":[{"prop":"TopicSelected","value":false,"time":1273611080315},{"prop":"TopicSelected","value":true,"time":1273611094420},{"prop":"Topic Index:2","time":1273611094422}]},"SScene4":{"complete":true,"$seq":[{"prop":"complete","value":false,"time":1273611094730},{"prop":"complete","value":true,"time":1273611115780}]},"SScene5":{"complete":true,"$seq":[{"prop":"complete","value":false,"time":1273611124558},{"prop":"complete","value":true,"time":1273611129248}]},"SScene5a":{"complete":true,"$seq":[{"prop":"complete","value":false,"time":1273611131483},{"prop":"complete","value":true,"time":1273611167181}]},"SScene6a":{},"SScene6b":{},"SScene6c":{},"SScene7":{"complete":true,"$seq":[{"prop":"complete","value":false,"time":1273611198241},{"prop":"complete","value":true,"time":1273611223985}]},"SScene8":{"complete":false,"$seq":[{"prop":"complete","value":false,"time":1273611226937}]}},"module":{"selectedArea":{"ontologyKey":"S_A4|name","index":4},"$seq":[{"prop":"selectedArea.ontologyKey","value":"S_A4|name","time":1273611077182},{"prop":"selectedArea.index","value":4,"time":1273611077182},{"prop":"selectedTopic.ontologyKey","value":"S_A4_T2|name","time":1273611094420},{"prop":"selectedTopic.index","value":2,"time":1273611094420}],"selectedTopic":{"ontologyKey":"S_A4_T2|name","index":2}},"tutor":{"experimentalGroup":{"ontologyKey":"EG_A1"},"$seq":[{"prop":"experimentalGroup.ontologyKey","value":"EG_A1","time":1273610962875}]}}