{"scene":{"SNavigator":{},"SScene1":{"complete":true,"$seq":[{"prop":"complete","value":false,"time":1273610962981},{"prop":"complete","value":true,"time":1273611015517}]},"SScene2":{"AreaSelected":true,"$seq":[{"prop":"AreaSelected","value":false,"time":1273611022379},{"prop":"AreaSelected","value":true,"time":1273611077181},{"prop":"Area Name:plant reproduction","time":1273611077183},{"prop":"Area Index:4","time":1273611077183}]},"SScene3":{"TopicSelected":true,"$seq":[{"prop":"TopicSelected","value":false,"time":1273611290673},{"prop":"TopicSelected","value":true,"time":1273611298071},{"prop":"Topic Index:2","time":1273611298073}]},"SScene4":{"complete":true,"$seq":[{"prop":"complete","value":false,"time":1273611298381},{"prop":"complete","value":true,"time":1273611319457}]},"SScene5":{"complete":true,"$seq":[{"prop":"complete","value":false,"time":1273611321226},{"prop":"complete","value":true,"time":1273611326029}]},"SScene5a":{"complete":false,"$seq":[{"prop":"complete","value":false,"time":1273611333178}]},"SScene6a":{},"SScene6b":{},"SScene6c":{},"SScene7":{"complete":true,"$seq":[{"prop":"complete","value":false,"time":1273611198241},{"prop":"complete","value":true,"time":1273611223985}]},"SScene8":{"complete":true,"$seq":[{"prop":"complete","value":false,"time":1273611226937},{"prop":"complete","value":true,"time":1273611269838}]},"SScene9":{"RQSelected":true,"$seq":[{"prop":"RQSelected","value":false,"time":1273611283488},{"prop":"RQSelected","value":true,"time":1273611284838},{"prop":"Variable Index:2","time":1273611284838},{"prop":"RQSelected","value":true,"time":1273611285191},{"prop":"Variable Index:2","time":1273611285191}]},"SScene10":{"RQconfirmed":true,"$seq":[{"prop":"RQconfirmed","value":false,"time":1273611284971},{"prop":"RQconfirmed","value":true,"time":1273611285525},{"prop":"RQconfirmed","value":true,"time":1273611286982},{"prop":"RQconfirmed","value":true,"time":1273611286986},{"prop":"RQconfirmed","value":true,"time":1273611286992},{"prop":"RQconfirmed","value":true,"time":1273611286996}]},"SScene2a":{"AreaSelected":true,"$seq":[{"prop":"AreaSelected","value":false,"time":1273611286961},{"prop":"AreaSelected","value":true,"time":1273611287743},{"prop":"Area Name:plant reproduction","time":1273611287745},{"prop":"Area Index:4","time":1273611287745}]}},"module":{"selectedArea":{"ontologyKey":"S_A4|name","index":4},"$seq":[{"prop":"selectedArea.ontologyKey","value":"S_A4|name","time":1273611077182},{"prop":"selectedArea.index","value":4,"time":1273611077182},{"prop":"selectedTopic.ontologyKey","value":"S_A4_T2|name","time":1273611094420},{"prop":"selectedTopic.index","value":2,"time":1273611094420},{"prop":"selectedVariable.ontologyKey","value":"S_A4_T2_V1|name","time":1273611281082},{"prop":"selectedVariable.index","value":1,"time":1273611281082},{"prop":"selectedRQ","value":{"ontologyKey":"S_A4_T2_RQ1","index":"1"},"time":1273611281082},{"prop":"RQconfirmation","value":"UNKNOWN","time":1273611281209},{"prop":"selectedVariable.ontologyKey","value":"S_A4_T2_V2|name","time":1273611281504},{"prop":"selectedVariable.index","value":2,"time":1273611281504},{"prop":"selectedRQ","value":{"ontologyKey":"S_A4_T2_RQ2","index":"2"},"time":1273611281504},{"prop":"RQconfirmation","value":"CHANGE_RQ","time":1273611283349},{"prop":"RQconfirmation","value":"CHANGE_RQ","time":1273611283507},{"prop":"RQconfirmation","value":"CHANGE_TOPIC","time":1273611283706},{"prop":"selectedVariable.ontologyKey","value":"S_A4_T2_V2|name","time":1273611284838},{"prop":"selectedVariable.index","value":2,"time":1273611284838},{"prop":"selectedRQ","value":{"ontologyKey":"S_A4_T2_RQ2","index":"2"},"time":1273611284838},{"prop":"RQconfirmation","value":"UNKNOWN","time":1273611284971},{"prop":"selectedVariable.ontologyKey","value":"S_A4_T2_V2|name","time":1273611285191},{"prop":"selectedVariable.index","value":2,"time":1273611285191},{"prop":"selectedRQ","value":{"ontologyKey":"S_A4_T2_RQ2","index":"2"},"time":1273611285191},{"prop":"RQconfirmation","value":"CHANGE_TOPIC","time":1273611285525},{"prop":"RQconfirmation","value":"CHANGE_TOPIC","time":1273611286982},{"prop":"RQconfirmation","value":"CHANGE_TOPIC","time":1273611286986},{"prop":"RQconfirmation","value":"CHANGE_TOPIC","time":1273611286992},{"prop":"RQconfirmation","value":"CHANGE_TOPIC","time":1273611286996},{"prop":"selectedArea.ontologyKey","value":"S_A4|name","time":1273611287743},{"prop":"selectedArea.index","value":4,"time":1273611287743},{"prop":"selectedTopic.ontologyKey","value":"S_A4_T2|name","time":1273611298071},{"prop":"selectedTopic.index","value":2,"time":1273611298071}],"selectedTopic":{"ontologyKey":"S_A4_T2|name","index":2},"selectedVariable":{"ontologyKey":"S_A4_T2_V2|name","index":2},"selectedRQ":{"ontologyKey":"S_A4_T2_RQ2","index":"2"},"RQconfirmation":"CHANGE_TOPIC"},"tutor":{"experimentalGroup":{"ontologyKey":"EG_A1"},"$seq":[{"prop":"experimentalGroup.ontologyKey","value":"EG_A1","time":1273610962875}]}}