{"scene":{"SNavigator":{},"SIntro":{"complete":false,"$seq":[{"prop":"complete","value":false,"time":1262532702753}]},"SScene1":{"complete":true,"$seq":[{"prop":"complete","value":false,"time":1262532717547},{"prop":"Sg1","value":"true","time":1262532754809},{"prop":"DR1:Sg1","value":"ans2","time":1262532754809},{"prop":"complete","value":true,"time":1262532754809},{"prop":"Sg1","value":"true","time":1262532754811},{"prop":"complete","value":true,"time":1262532754811}],"Sg1":"true","DR1:Sg1":"ans2"},"SScene2":{"complete":true,"$seq":[{"prop":"complete","value":false,"time":1262532756328},{"prop":"Sg1","value":"true","time":1262532777325},{"prop":"DR2:Sg1","value":"ans1","time":1262532777325},{"prop":"complete","value":true,"time":1262532777325},{"prop":"Sg1","value":"true","time":1262532777325},{"prop":"complete","value":true,"time":1262532777325}],"Sg1":"true","DR2:Sg1":"ans1"},"SScene3":{"complete":true,"$seq":[{"prop":"complete","value":false,"time":1262532779254},{"prop":"Sg1","value":"true","time":1262532828415},{"prop":"DR3:Sg1","value":"ans2","time":1262532828415},{"prop":"complete","value":true,"time":1262532828415},{"prop":"Sg1","value":"true","time":1262532828416},{"prop":"complete","value":true,"time":1262532828416},{"prop":"Sg1","value":"true","time":1262532828879},{"prop":"DR3:Sg1","value":"ans3","time":1262532828879},{"prop":"complete","value":true,"time":1262532828879},{"prop":"Sg1","value":"true","time":1262532828879},{"prop":"complete","value":true,"time":1262532828879}],"Sg1":"true","DR3:Sg1":"ans3"},"SScene4":{"complete":true,"$seq":[{"prop":"complete","value":false,"time":1262532830466},{"prop":"Sg1","value":"true","time":1262532853022},{"prop":"DR4:Sg1","value":"ans4","time":1262532853022},{"prop":"complete","value":true,"time":1262532853022},{"prop":"Sg1","value":"true","time":1262532853023},{"prop":"complete","value":true,"time":1262532853023}],"Sg1":"true","DR4:Sg1":"ans4"},"SSubmit":{"complete":false,"$seq":[{"prop":"complete","value":false,"time":1262532854329}]},"SSceneEnd":{"complete":false,"$seq":[{"prop":"complete","value":false,"time":1262532856701}]}},"module":{},"tutor":{}}