{"scene":{"SNavigator":{},"SScene3":{"complete":true,"$seq":[{"prop":"complete","value":false,"time":1262379407975},{"prop":"complete","value":true,"time":1262379414289}]},"SScene4":{"complete":true,"$seq":[{"prop":"complete","value":false,"time":1262379417242},{"prop":"complete","value":true,"time":1262379428857}]},"SScene5":{"complete":false,"$seq":[{"prop":"complete","value":false,"time":1262379429935}]}},"module":{"selectedArea":{"ontologyKey":"S_A1|name","index":1},"selectedTopic":{"ontologyKey":"S_A1_T1|name","index":1},"selectedVariable":{"ontologyKey":"S_A1_T1_V1|name","index":1},"selectedRQ":{"ontologyKey":"S_A1_T1_RQ1","index":"1"},"RQconfirmation":"UNKNOWN","TEDExptNonTarget":[1,3,4],"TEDExptConfounds":[3,4,1],"TEDExptDifferent":[3,4,1,2],"TEDExptArea":{"ontologyKey":"S_A1","index":1},"TEDExptTopic":{"ontologyKey":"S_A1_T1","index":1},"TEDExptVariable":{"ontologyKey":"S_A1_T1_V2","index":2},"TEDExptRQ":{"ontologyKey":"S_A1_T1_RQ2","index":2},"TEDExptVarNC1":{"ontologyKey":"S_A1_T1_V1","index":1},"TEDExptVarNC2":{"ontologyKey":"S_A1_T1_V3","index":3},"TEDExptVarNC3":{"ontologyKey":"S_A1_T1_V4","index":4},"TEDExptPOSTSequence":[{"ontologyKey":"S_A1_T1_V1","index":1},{"ontologyKey":"S_A1_T1_V2","index":2},{"ontologyKey":"S_A1_T1_V3","index":3},{"ontologyKey":"S_A1_T1_V4","index":4}],"TEDExpt1V1":{"ontologyKey":"S_A1_T1_V1_A","index":1},"TEDExpt2V1":{"ontologyKey":"S_A1_T1_V1_B","index":1},"TEDExpt1V2":{"ontologyKey":"S_A1_T1_V2_A","index":2},"TEDExpt2V2":{"ontologyKey":"S_A1_T1_V2_B","index":2},"TEDExpt1V3":{"ontologyKey":"S_A1_T1_V3_A","index":3},"TEDExpt2V3":{"ontologyKey":"S_A1_T1_V3_B","index":3},"TEDExpt1V4":{"ontologyKey":"S_A1_T1_V4_A","index":4},"TEDExpt2V4":{"ontologyKey":"S_A1_T1_V4_B","index":4},"TEDExptNC1SameDiff":{"ontologyKey":"TED_E1_Q7NC1DIFF","value":"diff","index":1},"TEDExptNC1Confound":{"ontologyKey":"S_A1_T1_V1","index":1},"TEDExptNC2SameDiff":{"ontologyKey":"TED_E1_Q7NC2DIFF","value":"diff","index":3},"TEDExptNC2Confound":{"ontologyKey":"S_A1_T1_V3","index":3},"TEDExptNC3SameDiff":{"ontologyKey":"TED_E1_Q7NC3DIFF","value":"diff","index":4},"TEDExptNC3Confound":{"ontologyKey":"S_A1_T1_V4","index":4},"differentRow":1,"sameRow1":2,"sameRow2":3,"sameRow3":4,"$seq":[{"prop":"TEDExptNonTarget","value":[1,3,4],"time":1262379407897},{"prop":"TEDExptConfounds","value":[3,4,1],"time":1262379407898},{"prop":"TEDExptDifferent","value":[3,4,1,2],"time":1262379407898},{"prop":"TEDExptArea","value":{"ontologyKey":"S_A1","index":1},"time":1262379407898},{"prop":"TEDExptTopic","value":{"ontologyKey":"S_A1_T1","index":1},"time":1262379407898},{"prop":"TEDExptVariable","value":{"ontologyKey":"S_A1_T1_V2","index":2},"time":1262379407898},{"prop":"TEDExptRQ","value":{"ontologyKey":"S_A1_T1_RQ2","index":2},"time":1262379407898},{"prop":"TEDExptVarNC1","value":{"ontologyKey":"S_A1_T1_V1","index":1},"time":1262379407898},{"prop":"TEDExptVarNC2","value":{"ontologyKey":"S_A1_T1_V3","index":3},"time":1262379407898},{"prop":"TEDExptVarNC3","value":{"ontologyKey":"S_A1_T1_V4","index":4},"time":1262379407898},{"prop":"TEDExptPOSTSequence","value":[{"ontologyKey":"S_A1_T1_V1","index":1},{"ontologyKey":"S_A1_T1_V2","index":2},{"ontologyKey":"S_A1_T1_V3","index":3},{"ontologyKey":"S_A1_T1_V4","index":4}],"time":1262379407898},{"prop":"TEDExpt1V1","value":{"ontologyKey":"S_A1_T1_V1_A","index":1},"time":1262379407898},{"prop":"TEDExpt2V1","value":{"ontologyKey":"S_A1_T1_V1_A","index":1},"time":1262379407898},{"prop":"TEDExpt1V2","value":{"ontologyKey":"S_A1_T1_V2_A","index":2},"time":1262379407898},{"prop":"TEDExpt2V2","value":{"ontologyKey":"S_A1_T1_V2_A","index":2},"time":1262379407898},{"prop":"TEDExpt1V3","value":{"ontologyKey":"S_A1_T1_V3_A","index":3},"time":1262379407898},{"prop":"TEDExpt2V3","value":{"ontologyKey":"S_A1_T1_V3_A","index":3},"time":1262379407898},{"prop":"TEDExpt1V4","value":{"ontologyKey":"S_A1_T1_V4_A","index":4},"time":1262379407898},{"prop":"TEDExpt2V4","value":{"ontologyKey":"S_A1_T1_V4_A","index":4},"time":1262379407899},{"prop":"TEDExpt2V3","value":{"ontologyKey":"S_A1_T1_V3_B","index":3},"time":1262379407899},{"prop":"TEDExpt2V4","value":{"ontologyKey":"S_A1_T1_V4_B","index":4},"time":1262379407899},{"prop":"TEDExpt2V1","value":{"ontologyKey":"S_A1_T1_V1_B","index":1},"time":1262379407899},{"prop":"TEDExpt2V2","value":{"ontologyKey":"S_A1_T1_V2_B","index":2},"time":1262379407899},{"prop":"TEDExptNC1SameDiff","value":{"ontologyKey":"TED_E1_Q7NC1DIFF","value":"diff","index":1},"time":1262379407899},{"prop":"TEDExptNC1Confound","value":{"ontologyKey":"S_A1_T1_V1","index":1},"time":1262379407899},{"prop":"TEDExptNC2SameDiff","value":{"ontologyKey":"TED_E1_Q7NC2DIFF","value":"diff","index":3},"time":1262379407899},{"prop":"TEDExptNC2Confound","value":{"ontologyKey":"S_A1_T1_V3","index":3},"time":1262379407899},{"prop":"TEDExptNC3SameDiff","value":{"ontologyKey":"TED_E1_Q7NC3DIFF","value":"diff","index":4},"time":1262379407899},{"prop":"TEDExptNC3Confound","value":{"ontologyKey":"S_A1_T1_V4","index":4},"time":1262379407899}]},"tutor":{"experimentalGroup":{"ontologyKey":"EG_A1"},"$seq":[{"prop":"experimentalGroup.ontologyKey","value":"EG_A1","time":1262379407892}]}}