{"scene":{"SNavigator":{},"SScene3":{"complete":true,"$seq":[{"prop":"complete","value":false,"time":1262379407975},{"prop":"complete","value":true,"time":1262379414289}]},"SScene4":{"complete":true,"$seq":[{"prop":"complete","value":false,"time":1262379417242},{"prop":"complete","value":true,"time":1262379428857}]},"SScene5":{"complete":true,"$seq":[{"prop":"complete","value":false,"time":1262379429935},{"prop":"complete","value":true,"time":1262379435677}]},"SScene6":{"complete":true,"$seq":[{"prop":"complete","value":false,"time":1262379437126},{"prop":"complete","value":true,"time":1262379448429}]},"SScene7":{"complete":true,"$seq":[{"prop":"complete","value":false,"time":1262379886731},{"prop":"complete","value":true,"time":1262379897210}]},"SScene8":{"complete":false,"$seq":[{"prop":"complete","value":false,"time":1262379899850}]},"SScene9":{"complete":false,"$seq":[{"prop":"complete","value":false,"time":1262379508582},{"prop":"complete","value":true,"time":1262379524870},{"prop":"complete","value":false,"time":1262379526447}]},"SScene11":{"complete":true,"$seq":[{"prop":"complete","value":false,"time":1262379530063},{"prop":"complete","value":true,"time":1262379556246}]},"SScene12":{"complete":true,"$seq":[{"prop":"complete","value":false,"time":1262379558626},{"prop":"complete","value":true,"time":1262379567287}]},"SScene12A":{"complete":false,"$seq":[{"prop":"complete","value":false,"time":1262379569228},{"prop":"complete","value":true,"time":1262379610748},{"prop":"complete","value":false,"time":1262379624225}]},"SScene13":{"complete":false,"$seq":[{"prop":"complete","value":false,"time":1262379634163},{"prop":"complete","value":true,"time":1262379657517},{"prop":"complete","value":false,"time":1262379659310}]},"SScene15":{"complete":true,"$seq":[{"prop":"complete","value":false,"time":1262379669439},{"prop":"complete","value":false,"time":1262379701820},{"prop":"complete","value":false,"time":1262379708762},{"prop":"complete","value":false,"time":1262379711610},{"prop":"complete","value":true,"time":1262379716632},{"prop":"complete","value":false,"time":1262379717606},{"prop":"complete","value":true,"time":1262379766459}]},"SScene16":{"complete":true,"$seq":[{"prop":"complete","value":false,"time":1262379768400},{"prop":"complete","value":false,"time":1262379783664},{"prop":"complete","value":false,"time":1262379786019},{"prop":"complete","value":false,"time":1262379789028},{"prop":"complete","value":false,"time":1262379793919},{"prop":"complete","value":true,"time":1262379814297}]},"SScene17":{"complete":true,"$seq":[{"prop":"complete","value":false,"time":1262379815878},{"prop":"complete","value":true,"time":1262379827325},{"prop":"complete","value":true,"time":1262379827325},{"prop":"complete","value":true,"time":1262379831263},{"prop":"complete","value":true,"time":1262379831263},{"prop":"complete","value":false,"time":1262379853727},{"prop":"complete","value":true,"time":1262379885062}]}},"module":{"selectedArea":{"ontologyKey":"S_A1|name","index":1},"selectedTopic":{"ontologyKey":"S_A1_T1|name","index":1},"selectedVariable":{"ontologyKey":"S_A1_T1_V1|name","index":1},"selectedRQ":{"ontologyKey":"S_A1_T1_RQ1","index":"1"},"RQconfirmation":"UNKNOWN","TEDExptNonTarget":[1,2,4],"TEDExptConfounds":[2],"TEDExptDifferent":[2,3],"TEDExptArea":{"ontologyKey":"S_A1","index":1},"TEDExptTopic":{"ontologyKey":"S_A1_T1","index":1},"TEDExptVariable":{"ontologyKey":"S_A1_T1_V3","index":3},"TEDExptRQ":{"ontologyKey":"S_A1_T1_RQ3","index":3},"TEDExptVarNC1":{"ontologyKey":"S_A1_T1_V1","index":1},"TEDExptVarNC2":{"ontologyKey":"S_A1_T1_V2","index":2},"TEDExptVarNC3":{"ontologyKey":"S_A1_T1_V4","index":4},"TEDExptPOSTSequence":[{"ontologyKey":"S_A1_T1_V1","index":1},{"ontologyKey":"S_A1_T1_V2","index":2},{"ontologyKey":"S_A1_T1_V3","index":3},{"ontologyKey":"S_A1_T1_V4","index":4}],"TEDExpt1V1":{"ontologyKey":"S_A1_T1_V1_A","index":1},"TEDExpt2V1":{"ontologyKey":"S_A1_T1_V1_A","index":1},"TEDExpt1V2":{"ontologyKey":"S_A1_T1_V2_A","index":2},"TEDExpt2V2":{"ontologyKey":"S_A1_T1_V2_B","index":2},"TEDExpt1V3":{"ontologyKey":"S_A1_T1_V3_A","index":3},"TEDExpt2V3":{"ontologyKey":"S_A1_T1_V3_B","index":3},"TEDExpt1V4":{"ontologyKey":"S_A1_T1_V4_A","index":4},"TEDExpt2V4":{"ontologyKey":"S_A1_T1_V4_A","index":4},"TEDExptNC1SameDiff":{"ontologyKey":"TED_E1_Q7NC1SAME","value":"same","index":1},"TEDExptNC1Confound":{"ontologyKey":"S_A1_T1_V2","index":2},"TEDExptNC2SameDiff":{"ontologyKey":"TED_E1_Q7NC2DIFF","value":"diff","index":2},"TEDExptNC2Confound":{"ontologyKey":"S_A1_T1_V3","index":3},"TEDExptNC3SameDiff":{"ontologyKey":"TED_E1_Q7NC3SAME","value":"same","index":4},"TEDExptNC3Confound":{"ontologyKey":"S_A1_T1_V4","index":4},"differentRow":1,"sameRow1":2,"sameRow2":3,"sameRow3":4,"$seq":[{"prop":"TEDExptNonTarget","value":[1,3,4],"time":1262379407897},{"prop":"TEDExptConfounds","value":[3,4,1],"time":1262379407898},{"prop":"TEDExptDifferent","value":[3,4,1,2],"time":1262379407898},{"prop":"TEDExptArea","value":{"ontologyKey":"S_A1","index":1},"time":1262379407898},{"prop":"TEDExptTopic","value":{"ontologyKey":"S_A1_T1","index":1},"time":1262379407898},{"prop":"TEDExptVariable","value":{"ontologyKey":"S_A1_T1_V2","index":2},"time":1262379407898},{"prop":"TEDExptRQ","value":{"ontologyKey":"S_A1_T1_RQ2","index":2},"time":1262379407898},{"prop":"TEDExptVarNC1","value":{"ontologyKey":"S_A1_T1_V1","index":1},"time":1262379407898},{"prop":"TEDExptVarNC2","value":{"ontologyKey":"S_A1_T1_V3","index":3},"time":1262379407898},{"prop":"TEDExptVarNC3","value":{"ontologyKey":"S_A1_T1_V4","index":4},"time":1262379407898},{"prop":"TEDExptPOSTSequence","value":[{"ontologyKey":"S_A1_T1_V1","index":1},{"ontologyKey":"S_A1_T1_V2","index":2},{"ontologyKey":"S_A1_T1_V3","index":3},{"ontologyKey":"S_A1_T1_V4","index":4}],"time":1262379407898},{"prop":"TEDExpt1V1","value":{"ontologyKey":"S_A1_T1_V1_A","index":1},"time":1262379407898},{"prop":"TEDExpt2V1","value":{"ontologyKey":"S_A1_T1_V1_A","index":1},"time":1262379407898},{"prop":"TEDExpt1V2","value":{"ontologyKey":"S_A1_T1_V2_A","index":2},"time":1262379407898},{"prop":"TEDExpt2V2","value":{"ontologyKey":"S_A1_T1_V2_A","index":2},"time":1262379407898},{"prop":"TEDExpt1V3","value":{"ontologyKey":"S_A1_T1_V3_A","index":3},"time":1262379407898},{"prop":"TEDExpt2V3","value":{"ontologyKey":"S_A1_T1_V3_A","index":3},"time":1262379407898},{"prop":"TEDExpt1V4","value":{"ontologyKey":"S_A1_T1_V4_A","index":4},"time":1262379407898},{"prop":"TEDExpt2V4","value":{"ontologyKey":"S_A1_T1_V4_A","index":4},"time":1262379407899},{"prop":"TEDExpt2V3","value":{"ontologyKey":"S_A1_T1_V3_B","index":3},"time":1262379407899},{"prop":"TEDExpt2V4","value":{"ontologyKey":"S_A1_T1_V4_B","index":4},"time":1262379407899},{"prop":"TEDExpt2V1","value":{"ontologyKey":"S_A1_T1_V1_B","index":1},"time":1262379407899},{"prop":"TEDExpt2V2","value":{"ontologyKey":"S_A1_T1_V2_B","index":2},"time":1262379407899},{"prop":"TEDExptNC1SameDiff","value":{"ontologyKey":"TED_E1_Q7NC1DIFF","value":"diff","index":1},"time":1262379407899},{"prop":"TEDExptNC1Confound","value":{"ontologyKey":"S_A1_T1_V1","index":1},"time":1262379407899},{"prop":"TEDExptNC2SameDiff","value":{"ontologyKey":"TED_E1_Q7NC2DIFF","value":"diff","index":3},"time":1262379407899},{"prop":"TEDExptNC2Confound","value":{"ontologyKey":"S_A1_T1_V3","index":3},"time":1262379407899},{"prop":"TEDExptNC3SameDiff","value":{"ontologyKey":"TED_E1_Q7NC3DIFF","value":"diff","index":4},"time":1262379407899},{"prop":"TEDExptNC3Confound","value":{"ontologyKey":"S_A1_T1_V4","index":4},"time":1262379407899},{"prop":"Expt1_Q1","value":{"name":"{{$EFO_TED_E1_LISTYN|yes}}","ontologyKey":"TED_E1_LISTYN|yes","index":1,"value":false,"id":"incorrect"},"time":1262379524869},{"prop":"Expt1_Q","value":{"name":"{{$EFO_TED_E1_LISTYN|yes}}","ontologyKey":"TED_E1_LISTYN|yes","index":1,"value":false,"id":"incorrect"},"time":1262379524869},{"prop":"Expt1_Reason","value":{"name":"{{$EFO_TED_E1_LISTQ23|ans2}}","value":"$EFL_efdata.TED.E1.LISTQ23","ontologyKey":"TED_E1_LISTQ23|yes","index":2,"id":"2"},"time":1262379556246},{"prop":"Expt1_Q4","value":{"name":"{{$EFO_TED_E1_LISTYN|no}}","ontologyKey":"TED_E1_LISTYN|no","index":2,"value":true,"id":"correct"},"time":1262379610748},{"prop":"Imagine1","value":{"name":"{{$EFO_TED_E1_LISTYN|no}}","ontologyKey":"TED_E1_LISTYN|no","index":2,"value":true,"id":"correct"},"time":1262379610748},{"prop":"Imagine1_Reason","value":{"name":"{{$EFO_TED_E1_LISTQ56|ans2}}","value":"$EFL_efdata.TED.E1.LISTQ56","ontologyKey":"TED_E1_LISTQ56|yes","index":2,"id":"2"},"time":1262379657517},{"prop":"FFocus:1","value":{"Row-1 Col-3":"Could cause","Row-3 Col-3":"Could Not cause","Row-4 Col-3":"Could cause"},"time":1262379669438},{"prop":"TEDFeatureFocus","value":["Could cause","","Could Not cause","Could cause"],"time":1262379669725},{"prop":"CHG:FFocus:1:Row-1 Col-3","value":"Could cause","time":1262379701820},{"prop":"TEDFeatureFocus","value":["Could cause","","Could Not cause","Could cause"],"time":1262379701820},{"prop":"CHG:FFocus:1:Row-3 Col-3","value":"Could cause","time":1262379708762},{"prop":"TEDFeatureFocus","value":["Could cause","","Could Not cause","Could cause"],"time":1262379708762},{"prop":"CHG:FFocus:1:Row-3 Col-3","value":"Could Not cause","time":1262379711610},{"prop":"TEDFeatureFocus","value":["Could cause","","Could Not cause","Could cause"],"time":1262379711610},{"prop":"CHG:FFocus:1:Row-4 Col-3","value":"Could cause","time":1262379716632},{"prop":"TEDFeatureFocus","value":["Could cause","","Could Not cause","Could cause"],"time":1262379716632},{"prop":"FFocus:1_CorrExp:","value":{"Row-1 Col-1":"Hot","Row-1 Col-2":"Hot","Row-3 Col-1":"None","Row-4 Col-2":"Twine"},"time":1262379768400},{"prop":"TEDcorrection","value":3,"time":1262379768713},{"prop":"CHG:FFocus:1_CorrExp::Row-1 Col-1","value":"Hot","time":1262379783664},{"prop":"TEDcorrection","value":2,"time":1262379783664},{"prop":"CHG:FFocus:1_CorrExp::Row-1 Col-2","value":"Room temperature","time":1262379786019},{"prop":"TEDcorrection","value":3,"time":1262379786019},{"prop":"CHG:FFocus:1_CorrExp::Row-1 Col-2","value":"Hot","time":1262379789028},{"prop":"TEDcorrection","value":2,"time":1262379789028},{"prop":"CHG:FFocus:1_CorrExp::Row-3 Col-1","value":"None","time":1262379793918},{"prop":"TEDcorrection","value":1,"time":1262379793919},{"prop":"CHG:FFocus:1_CorrExp::Row-4 Col-2","value":"Twine","time":1262379814297},{"prop":"TEDcorrection","value":0,"time":1262379814297},{"prop":"FFocus:1_Explain:","value":{"name":"{{$EFO_TED_E1_LISTQ9|ans3}}","value":"$EFL_efdata.TED.E1.LISTQ9","ontologyKey":"TED_E1_LISTQ9|yes","index":3,"id":"3"},"time":1262379827325},{"prop":"FFocus:1_Explain:","value":{"name":"{{$EFO_TED_E1_LISTQ9|ans2}}","value":"$EFL_efdata.TED.E1.LISTQ9","ontologyKey":"TED_E1_LISTQ9|yes","index":2,"id":"2"},"time":1262379831263},{"prop":"TEDExptNonTarget","value":[1,2,4],"time":1262379886715},{"prop":"TEDExptConfounds","value":[2],"time":1262379886715},{"prop":"TEDExptDifferent","value":[2,3],"time":1262379886715},{"prop":"TEDExptArea","value":{"ontologyKey":"S_A1","index":1},"time":1262379886716},{"prop":"TEDExptTopic","value":{"ontologyKey":"S_A1_T1","index":1},"time":1262379886716},{"prop":"TEDExptVariable","value":{"ontologyKey":"S_A1_T1_V3","index":3},"time":1262379886716},{"prop":"TEDExptRQ","value":{"ontologyKey":"S_A1_T1_RQ3","index":3},"time":1262379886716},{"prop":"TEDExptVarNC1","value":{"ontologyKey":"S_A1_T1_V1","index":1},"time":1262379886716},{"prop":"TEDExptVarNC2","value":{"ontologyKey":"S_A1_T1_V2","index":2},"time":1262379886716},{"prop":"TEDExptVarNC3","value":{"ontologyKey":"S_A1_T1_V4","index":4},"time":1262379886716},{"prop":"TEDExptPOSTSequence","value":[{"ontologyKey":"S_A1_T1_V1","index":1},{"ontologyKey":"S_A1_T1_V2","index":2},{"ontologyKey":"S_A1_T1_V3","index":3},{"ontologyKey":"S_A1_T1_V4","index":4}],"time":1262379886716},{"prop":"TEDExpt1V1","value":{"ontologyKey":"S_A1_T1_V1_A","index":1},"time":1262379886716},{"prop":"TEDExpt2V1","value":{"ontologyKey":"S_A1_T1_V1_A","index":1},"time":1262379886716},{"prop":"TEDExpt1V2","value":{"ontologyKey":"S_A1_T1_V2_A","index":2},"time":1262379886716},{"prop":"TEDExpt2V2","value":{"ontologyKey":"S_A1_T1_V2_A","index":2},"time":1262379886716},{"prop":"TEDExpt1V3","value":{"ontologyKey":"S_A1_T1_V3_A","index":3},"time":1262379886716},{"prop":"TEDExpt2V3","value":{"ontologyKey":"S_A1_T1_V3_A","index":3},"time":1262379886716},{"prop":"TEDExpt1V4","value":{"ontologyKey":"S_A1_T1_V4_A","index":4},"time":1262379886716},{"prop":"TEDExpt2V4","value":{"ontologyKey":"S_A1_T1_V4_A","index":4},"time":1262379886716},{"prop":"TEDExpt2V2","value":{"ontologyKey":"S_A1_T1_V2_B","index":2},"time":1262379886716},{"prop":"TEDExpt2V3","value":{"ontologyKey":"S_A1_T1_V3_B","index":3},"time":1262379886716},{"prop":"TEDExptNC1SameDiff","value":{"ontologyKey":"TED_E1_Q7NC1SAME","value":"same","index":1},"time":1262379886716},{"prop":"TEDExptNC2SameDiff","value":{"ontologyKey":"TED_E1_Q7NC2DIFF","value":"diff","index":2},"time":1262379886716},{"prop":"TEDExptNC1Confound","value":{"ontologyKey":"S_A1_T1_V2","index":2},"time":1262379886716},{"prop":"TEDExptNC3SameDiff","value":{"ontologyKey":"TED_E1_Q7NC3SAME","value":"same","index":4},"time":1262379886716}],"Expt1_Q1":{"name":"{{$EFO_TED_E1_LISTYN|yes}}","ontologyKey":"TED_E1_LISTYN|yes","index":1,"value":false,"id":"incorrect"},"Expt1_Q":{"name":"{{$EFO_TED_E1_LISTYN|yes}}","ontologyKey":"TED_E1_LISTYN|yes","index":1,"value":false,"id":"incorrect"},"Expt1_Reason":{"name":"{{$EFO_TED_E1_LISTQ23|ans2}}","value":"$EFL_efdata.TED.E1.LISTQ23","ontologyKey":"TED_E1_LISTQ23|yes","index":2,"id":"2"},"Expt1_Q4":{"name":"{{$EFO_TED_E1_LISTYN|no}}","ontologyKey":"TED_E1_LISTYN|no","index":2,"value":true,"id":"correct"},"Imagine1":{"name":"{{$EFO_TED_E1_LISTYN|no}}","ontologyKey":"TED_E1_LISTYN|no","index":2,"value":true,"id":"correct"},"Imagine1_Reason":{"name":"{{$EFO_TED_E1_LISTQ56|ans2}}","value":"$EFL_efdata.TED.E1.LISTQ56","ontologyKey":"TED_E1_LISTQ56|yes","index":2,"id":"2"},"FFocus:1":{"Row-1 Col-3":"Could cause","Row-3 Col-3":"Could Not cause","Row-4 Col-3":"Could cause"},"TEDFeatureFocus":["Could cause","","Could Not cause","Could cause"],"CHG:FFocus:1:Row-1 Col-3":"Could cause","CHG:FFocus:1:Row-3 Col-3":"Could Not cause","CHG:FFocus:1:Row-4 Col-3":"Could cause","FFocus:1_CorrExp:":{"Row-1 Col-1":"Hot","Row-1 Col-2":"Hot","Row-3 Col-1":"None","Row-4 Col-2":"Twine"},"TEDcorrection":0,"CHG:FFocus:1_CorrExp::Row-1 Col-1":"Hot","CHG:FFocus:1_CorrExp::Row-1 Col-2":"Hot","CHG:FFocus:1_CorrExp::Row-3 Col-1":"None","CHG:FFocus:1_CorrExp::Row-4 Col-2":"Twine","FFocus:1_Explain:":{"name":"{{$EFO_TED_E1_LISTQ9|ans2}}","value":"$EFL_efdata.TED.E1.LISTQ9","ontologyKey":"TED_E1_LISTQ9|yes","index":2,"id":"2"}},"tutor":{"experimentalGroup":{"ontologyKey":"EG_A1"},"$seq":[{"prop":"experimentalGroup.ontologyKey","value":"EG_A1","time":1262379407892}]}}