{"sceneState":{"SNavigator":{},"SScene1":{"rowsComplete":4,"$seq":[{"prop":"rowsComplete","value":0,"time":1554817967339},{"prop":"complete","value":false,"time":1554817967672},{"prop":"currentRow","value":1,"time":1554817971902},{"prop":"correct","value":false,"time":1554817971902},{"prop":"correct","value":false,"time":1554817971922},{"prop":"currentRow","value":1,"time":1554817972095},{"prop":"correct","value":false,"time":1554817972095},{"prop":"correct","value":false,"time":1554817972102},{"prop":"currentRow","value":1,"time":1554817972223},{"prop":"correct","value":false,"time":1554817972223},{"prop":"correct","value":false,"time":1554817972244},{"prop":"currentRow","value":2,"time":1554817973319},{"prop":"correct","value":false,"time":1554817973319},{"prop":"correct","value":false,"time":1554817973340},{"prop":"currentRow","value":3,"time":1554817973571},{"prop":"correct","value":false,"time":1554817973572},{"prop":"correct","value":false,"time":1554817973599},{"prop":"currentRow","value":3,"time":1554817973728},{"prop":"correct","value":false,"time":1554817973729},{"prop":"correct","value":false,"time":1554817973735},{"prop":"currentRow","value":4,"time":1554817974320},{"prop":"correct","value":true,"time":1554817974320},{"prop":"correct","value":false,"time":1554817974331},{"prop":"correct","value":false,"time":1554817979782},{"prop":"correct","value":false,"time":1554817979785},{"prop":"TVSel.col1","value":1,"time":1554817986946},{"prop":"TVSel.col2","value":2,"time":1554817991724},{"prop":"correct","value":true,"time":1554817991724},{"prop":"correct","value":false,"time":1554817991751},{"prop":"rowsComplete","value":1,"time":1554817991756},{"prop":"currentRow","value":0,"time":1554818001524},{"prop":"currentRow","value":1,"time":1554818001526},{"prop":"correct","value":false,"time":1554818001526},{"prop":"VSel.col1","value":null,"time":1554818001527},{"prop":"VSel.col2","value":null,"time":1554818001527},{"prop":"correct","value":false,"time":1554818001528},{"prop":"VSel.col1","value":2,"time":1554818013310},{"prop":"VSel.col2","value":1,"time":1554818015175},{"prop":"correct","value":false,"time":1554818015175},{"prop":"correct","value":false,"time":1554818015219},{"prop":"VSel.col2","value":2,"time":1554818017842},{"prop":"correct","value":true,"time":1554818017842},{"prop":"correct","value":false,"time":1554818017864},{"prop":"rowsComplete","value":2,"time":1554818017868},{"prop":"currentRow","value":2,"time":1554818023543},{"prop":"correct","value":false,"time":1554818023544},{"prop":"VSel.col1","value":null,"time":1554818023545},{"prop":"VSel.col2","value":null,"time":1554818023545},{"prop":"correct","value":false,"time":1554818023547},{"prop":"VSel.col1","value":1,"time":1554818027090},{"prop":"VSel.col2","value":1,"time":1554818029013},{"prop":"correct","value":true,"time":1554818029013},{"prop":"correct","value":false,"time":1554818029045},{"prop":"rowsComplete","value":3,"time":1554818029047},{"prop":"currentRow","value":3,"time":1554818034765},{"prop":"correct","value":false,"time":1554818034767},{"prop":"VSel.col1","value":null,"time":1554818034767},{"prop":"VSel.col2","value":null,"time":1554818034767},{"prop":"correct","value":false,"time":1554818034768},{"prop":"VSel.col1","value":1,"time":1554818037324},{"prop":"VSel.col2","value":2,"time":1554818038944},{"prop":"correct","value":false,"time":1554818038944},{"prop":"correct","value":false,"time":1554818038984},{"prop":"VSel.col2","value":1,"time":1554818042816},{"prop":"correct","value":true,"time":1554818042817},{"prop":"correct","value":false,"time":1554818042844},{"prop":"rowsComplete","value":4,"time":1554818042846},{"prop":"currentRow","value":5,"time":1554818048530},{"prop":"complete","value":true,"time":1554818048530},{"prop":"correct","value":false,"time":1554818048530}],"complete":true,"currentRow":5,"correct":false,"TVSel":{"col1":1,"col2":2},"VSel":{"col1":1,"col2":1}},"SScene2":{"complete":true,"$seq":[{"prop":"complete","value":false,"time":1554818051248},{"prop":"complete","value":true,"time":1554818074177},{"prop":"correct","value":false,"time":1554818076714}],"correct":false},"SSceneEnd":{}},"moduleState":{"selectedArea":{"ontologyKey":"S_A1|name","index":1},"selectedTopic":{"ontologyKey":"S_A1_T2|name","index":2},"selectedVariable":{"ontologyKey":"S_A1_T2_V4|name","index":4},"selectedRQ":{"ontologyKey":"S_A1_T2_RQ4"},"AreaSelectedID":"Sarea1|Sselected","AreaButtonID":"Sbutton1","TopicSelectedID":"Stopic2|Sselected","TopicButtonID":"Sbutton2","VariableHighlightID":"SbuttonHL4","VariableClickMaskID":"SclickMask4","RQconfirmation":"UNKNOWN","TEDExptNonTarget":[2,3,4],"TEDExptConfounds":[2,3,4],"TEDExptDifferent":[2,3,4,1],"TEDExptArea":{"ontologyKey":"S_A1","index":1},"TEDExptTopic":{"ontologyKey":"S_A1_T2","index":2},"TEDExptVariable":{"ontologyKey":"S_A1_T2_V1","index":1},"TEDExptRQ":{"ontologyKey":"S_A1_T2_RQ1","index":1},"TEDExptVarNC1":{"ontologyKey":"S_A1_T2_V2","index":2},"TEDExptVarNC2":{"ontologyKey":"S_A1_T2_V3","index":3},"TEDExptVarNC3":{"ontologyKey":"S_A1_T2_V4","index":4},"TEDExptPOSTSequence":[{"ontologyKey":"S_A1_T2_V4","index":4},{"ontologyKey":"S_A1_T2_V1","index":1},{"ontologyKey":"S_A1_T2_V2","index":2},{"ontologyKey":"S_A1_T2_V3","index":3}],"TEDExpt1V1":{"ontologyKey":"S_A1_T2_V1_A","index":1},"TEDExpt2V1":{"ontologyKey":"S_A1_T2_V1_B","index":1},"TEDExpt1V2":{"ontologyKey":"S_A1_T2_V2_A","index":2},"TEDExpt2V2":{"ontologyKey":"S_A1_T2_V2_B","index":2},"TEDExpt1V3":{"ontologyKey":"S_A1_T2_V3_A","index":3},"TEDExpt2V3":{"ontologyKey":"S_A1_T2_V3_B","index":3},"TEDExpt1V4":{"ontologyKey":"S_A1_T2_V4_A","index":4},"TEDExpt2V4":{"ontologyKey":"S_A1_T2_V4_B","index":4},"TEDExptNC1SameDiff":{"ontologyKey":"TED_E1_Q7NC1DIFF","value":"diff","index":2},"TEDExptNC1Confound":{"ontologyKey":"S_A1_T2_V2","index":2},"TEDExptNC2SameDiff":{"ontologyKey":"TED_E1_Q7NC2DIFF","value":"diff","index":3},"TEDExptNC2Confound":{"ontologyKey":"S_A1_T2_V3","index":3},"TEDExptNC3SameDiff":{"ontologyKey":"TED_E1_Q7NC3DIFF","value":"diff","index":4},"TEDExptNC3Confound":{"ontologyKey":"S_A1_T2_V4","index":4},"differentRow":4,"independentVarN":{"row":4,"col":0,"ontologyKey":"S_A1_T2_V4|name","isText":true,"selectedValue":"Amount of CO2","cell":{},"processed":true},"sameRow1":1,"sameRow2":2,"sameRow3":3},"tutorState":{"experimentalGroup":{"ontologyKey":"EG_A2"}},"fFeatures":{"0":true,"FTR_NOCHOICE":true,"FTR_NCSODA":true,"FTR_TED_1_6":true,"FTR_SODA":true,"FTR_PASS2":true,"FTR_TEDEXP1":true,"FTR_POST1":true,"FTR_IVLAST":true},"featureID":{"varsel":{"FTR_SODA":true}}}