{"scene":{"SNavigator":{},"SScene1":{"complete":true,"$seq":[{"prop":"complete","value":false,"time":1556197629308},{"prop":"complete","value":true,"time":1556197678678}]},"SScene2":{"AreaSelected":true,"$seq":[{"prop":"AreaSelected","value":false,"time":1556197683020},{"prop":"AreaSelected","value":true,"time":1556197727722},{"prop":"Area Name:physical and chemical changes","time":1556197727723},{"prop":"Area Index:1","time":1556197727723}]},"SScene3":{"TopicSelected":true,"$seq":[{"prop":"TopicSelected","value":false,"time":1556198604511},{"prop":"TopicSelected","value":true,"time":1556198605989},{"prop":"Topic Index:2","time":1556198605991}]},"SScene4":{"complete":true,"$seq":[{"prop":"complete","value":false,"time":1556198606233},{"prop":"complete","value":true,"time":1556198627283}]},"SScene5":{"complete":true,"$seq":[{"prop":"complete","value":false,"time":1556198629006},{"prop":"complete","value":true,"time":1556198633677}]},"SScene5a":{"complete":true,"$seq":[{"prop":"complete","value":false,"time":1556198675798},{"prop":"complete","value":true,"time":1556198692025}]},"SScene6a":{},"SScene6b":{},"SScene6c":{},"SScene7":{"complete":true,"$seq":[{"prop":"complete","value":false,"time":1556198761654},{"prop":"complete","value":true,"time":1556198776407}]},"SScene8":{"complete":true,"$seq":[{"prop":"complete","value":false,"time":1556198777556},{"prop":"complete","value":true,"time":1556198819775}]},"SScene9":{"RQSelected":false,"$seq":[{"prop":"RQSelected","value":false,"time":1556198829390}]},"SScene10":{"RQconfirmed":true,"$seq":[{"prop":"RQconfirmed","value":false,"time":1556198828507},{"prop":"RQconfirmed","value":true,"time":1556198829027},{"prop":"RQconfirmed","value":true,"time":1556198829293}]},"SScene2a":{"AreaSelected":true,"$seq":[{"prop":"AreaSelected","value":false,"time":1556198592028},{"prop":"AreaSelected","value":true,"time":1556198602319},{"prop":"Area Name:heat and temperature","time":1556198602320},{"prop":"Area Index:2","time":1556198602320}]},"SScene6d":{},"SScene6e":{}},"module":{"selectedArea":{"ontologyKey":"S_A2|name","index":2},"$seq":[{"prop":"selectedArea.ontologyKey","value":"S_A1|name","time":1556197727722},{"prop":"selectedArea.index","value":1,"time":1556197727722},{"prop":"selectedTopic.ontologyKey","value":"S_A1_T2|name","time":1556197747130},{"prop":"selectedTopic.index","value":2,"time":1556197747130},{"prop":"selectedVariable.ontologyKey","value":"S_A1_T2_V1|name","time":1556198585854},{"prop":"selectedVariable.index","value":1,"time":1556198585854},{"prop":"selectedRQ","value":{"ontologyKey":"S_A1_T2_RQ1","index":"1"},"time":1556198585854},{"prop":"RQconfirmation","value":"UNKNOWN","time":1556198586009},{"prop":"RQconfirmation","value":"CHANGE_TOPIC","time":1556198590682},{"prop":"RQconfirmation","value":"CHANGE_TOPIC","time":1556198592057},{"prop":"selectedArea.ontologyKey","value":"S_A2|name","time":1556198602319},{"prop":"selectedArea.index","value":2,"time":1556198602319},{"prop":"selectedTopic.ontologyKey","value":"S_A2_T2|name","time":1556198605989},{"prop":"selectedTopic.index","value":2,"time":1556198605989},{"prop":"selectedVariable.ontologyKey","value":"S_A2_T2_V2|name","time":1556198822967},{"prop":"selectedVariable.index","value":2,"time":1556198822967},{"prop":"selectedRQ","value":{"ontologyKey":"S_A2_T2_RQ2","index":"2"},"time":1556198822967},{"prop":"RQconfirmation","value":"UNKNOWN","time":1556198823090},{"prop":"RQconfirmation","value":"CHANGE_RQ","time":1556198823482},{"prop":"RQconfirmation","value":"CHANGE_RQ","time":1556198823698},{"prop":"RQconfirmation","value":"CHANGE_RQ","time":1556198823925},{"prop":"RQconfirmation","value":"CHANGE_RQ","time":1556198824215},{"prop":"selectedVariable.ontologyKey","value":"S_A2_T2_V1|name","time":1556198824441},{"prop":"selectedVariable.index","value":1,"time":1556198824441},{"prop":"selectedRQ","value":{"ontologyKey":"S_A2_T2_RQ1","index":"1"},"time":1556198824441},{"prop":"selectedVariable.ontologyKey","value":"S_A2_T2_V1|name","time":1556198824645},{"prop":"selectedVariable.index","value":1,"time":1556198824645},{"prop":"selectedRQ","value":{"ontologyKey":"S_A2_T2_RQ1","index":"1"},"time":1556198824645},{"prop":"selectedVariable.ontologyKey","value":"S_A2_T2_V1|name","time":1556198824893},{"prop":"selectedVariable.index","value":1,"time":1556198824893},{"prop":"selectedRQ","value":{"ontologyKey":"S_A2_T2_RQ1","index":"1"},"time":1556198824893},{"prop":"RQconfirmation","value":"UNKNOWN","time":1556198824975},{"prop":"selectedVariable.ontologyKey","value":"S_A2_T2_V1|name","time":1556198825116},{"prop":"selectedVariable.index","value":1,"time":1556198825116},{"prop":"selectedRQ","value":{"ontologyKey":"S_A2_T2_RQ1","index":"1"},"time":1556198825116},{"prop":"RQconfirmation","value":"CHANGE_RQ","time":1556198825842},{"prop":"RQconfirmation","value":"CHANGE_RQ","time":1556198826071},{"prop":"selectedVariable.ontologyKey","value":"S_A2_T2_V1|name","time":1556198826509},{"prop":"selectedVariable.index","value":1,"time":1556198826509},{"prop":"selectedRQ","value":{"ontologyKey":"S_A2_T2_RQ1","index":"1"},"time":1556198826509},{"prop":"selectedVariable.ontologyKey","value":"S_A2_T2_V1|name","time":1556198826765},{"prop":"selectedVariable.index","value":1,"time":1556198826765},{"prop":"selectedRQ","value":{"ontologyKey":"S_A2_T2_RQ1","index":"1"},"time":1556198826765},{"prop":"RQconfirmation","value":"UNKNOWN","time":1556198826844},{"prop":"RQconfirmation","value":"CHANGE_RQ","time":1556198827558},{"prop":"RQconfirmation","value":"CHANGE_RQ","time":1556198827789},{"prop":"selectedVariable.ontologyKey","value":"S_A2_T2_V1|name","time":1556198828320},{"prop":"selectedVariable.index","value":1,"time":1556198828320},{"prop":"selectedRQ","value":{"ontologyKey":"S_A2_T2_RQ1","index":"1"},"time":1556198828320},{"prop":"RQconfirmation","value":"UNKNOWN","time":1556198828507},{"prop":"selectedVariable.ontologyKey","value":"S_A2_T2_V1|name","time":1556198828530},{"prop":"selectedVariable.index","value":1,"time":1556198828530},{"prop":"selectedRQ","value":{"ontologyKey":"S_A2_T2_RQ1","index":"1"},"time":1556198828530},{"prop":"selectedVariable.ontologyKey","value":"S_A2_T2_V1|name","time":1556198828803},{"prop":"selectedVariable.index","value":1,"time":1556198828803},{"prop":"selectedRQ","value":{"ontologyKey":"S_A2_T2_RQ1","index":"1"},"time":1556198828803},{"prop":"RQconfirmation","value":"CHANGE_RQ","time":1556198829027},{"prop":"RQconfirmation","value":"CHANGE_RQ","time":1556198829293}],"selectedTopic":{"ontologyKey":"S_A2_T2|name","index":2},"selectedVariable":{"ontologyKey":"S_A2_T2_V1|name","index":1},"selectedRQ":{"ontologyKey":"S_A2_T2_RQ1","index":"1"},"RQconfirmation":"CHANGE_RQ"},"tutor":{"experimentalGroup":{"ontologyKey":"EG_A1"},"$seq":[{"prop":"experimentalGroup.ontologyKey","value":"EG_A1","time":1556197629201}]}}