{"scene":{"SNavigator":{},"SScene1":{"complete":true,"$seq":[{"prop":"complete","value":false,"time":1556197629308},{"prop":"complete","value":true,"time":1556197678678}]},"SScene2":{"AreaSelected":true,"$seq":[{"prop":"AreaSelected","value":false,"time":1556197683020},{"prop":"AreaSelected","value":true,"time":1556197727722},{"prop":"Area Name:physical and chemical changes","time":1556197727723},{"prop":"Area Index:1","time":1556197727723}]},"SScene3":{"TopicSelected":true,"$seq":[{"prop":"TopicSelected","value":false,"time":1556198996094},{"prop":"TopicSelected","value":true,"time":1556198996812},{"prop":"Topic Index:2","time":1556198996813}]},"SScene4":{"complete":true,"$seq":[{"prop":"complete","value":false,"time":1556198997042},{"prop":"complete","value":true,"time":1556199018302}]},"SScene5":{"complete":true,"$seq":[{"prop":"complete","value":false,"time":1556199019679},{"prop":"complete","value":true,"time":1556199024156}]},"SScene5a":{"complete":true,"$seq":[{"prop":"complete","value":false,"time":1556199028423},{"prop":"complete","value":true,"time":1556199053672}]},"SScene6a":{},"SScene6b":{},"SScene6c":{},"SScene7":{"complete":true,"$seq":[{"prop":"complete","value":false,"time":1556199069767},{"prop":"complete","value":true,"time":1556199106913}]},"SScene8":{"complete":true,"$seq":[{"prop":"complete","value":false,"time":1556199112632},{"prop":"complete","value":true,"time":1556199154273}]},"SScene9":{"RQSelected":true,"$seq":[{"prop":"RQSelected","value":false,"time":1556199156588},{"prop":"RQSelected","value":true,"time":1556199159881},{"prop":"Variable Index:4","time":1556199159882}]},"SScene10":{"RQconfirmed":false,"$seq":[{"prop":"RQconfirmed","value":false,"time":1556199159991}]},"SScene2a":{"AreaSelected":true,"$seq":[{"prop":"AreaSelected","value":false,"time":1556198993285},{"prop":"AreaSelected","value":true,"time":1556198993899},{"prop":"Area Name:plant reproduction","time":1556198993900},{"prop":"Area Index:4","time":1556198993900}]},"SScene6d":{},"SScene6e":{}},"module":{"selectedArea":{"ontologyKey":"S_A4|name","index":4},"$seq":[{"prop":"selectedArea.ontologyKey","value":"S_A1|name","time":1556197727722},{"prop":"selectedArea.index","value":1,"time":1556197727722},{"prop":"selectedTopic.ontologyKey","value":"S_A1_T2|name","time":1556197747130},{"prop":"selectedTopic.index","value":2,"time":1556197747130},{"prop":"selectedVariable.ontologyKey","value":"S_A1_T2_V1|name","time":1556198585854},{"prop":"selectedVariable.index","value":1,"time":1556198585854},{"prop":"selectedRQ","value":{"ontologyKey":"S_A1_T2_RQ1","index":"1"},"time":1556198585854},{"prop":"RQconfirmation","value":"UNKNOWN","time":1556198586009},{"prop":"RQconfirmation","value":"CHANGE_TOPIC","time":1556198590682},{"prop":"RQconfirmation","value":"CHANGE_TOPIC","time":1556198592057},{"prop":"selectedArea.ontologyKey","value":"S_A2|name","time":1556198602319},{"prop":"selectedArea.index","value":2,"time":1556198602319},{"prop":"selectedTopic.ontologyKey","value":"S_A2_T2|name","time":1556198605989},{"prop":"selectedTopic.index","value":2,"time":1556198605989},{"prop":"selectedVariable.ontologyKey","value":"S_A2_T2_V2|name","time":1556198822967},{"prop":"selectedVariable.index","value":2,"time":1556198822967},{"prop":"selectedRQ","value":{"ontologyKey":"S_A2_T2_RQ2","index":"2"},"time":1556198822967},{"prop":"RQconfirmation","value":"UNKNOWN","time":1556198823090},{"prop":"RQconfirmation","value":"CHANGE_RQ","time":1556198823482},{"prop":"RQconfirmation","value":"CHANGE_RQ","time":1556198823698},{"prop":"RQconfirmation","value":"CHANGE_RQ","time":1556198823925},{"prop":"RQconfirmation","value":"CHANGE_RQ","time":1556198824215},{"prop":"selectedVariable.ontologyKey","value":"S_A2_T2_V1|name","time":1556198824441},{"prop":"selectedVariable.index","value":1,"time":1556198824441},{"prop":"selectedRQ","value":{"ontologyKey":"S_A2_T2_RQ1","index":"1"},"time":1556198824441},{"prop":"selectedVariable.ontologyKey","value":"S_A2_T2_V1|name","time":1556198824645},{"prop":"selectedVariable.index","value":1,"time":1556198824645},{"prop":"selectedRQ","value":{"ontologyKey":"S_A2_T2_RQ1","index":"1"},"time":1556198824645},{"prop":"selectedVariable.ontologyKey","value":"S_A2_T2_V1|name","time":1556198824893},{"prop":"selectedVariable.index","value":1,"time":1556198824893},{"prop":"selectedRQ","value":{"ontologyKey":"S_A2_T2_RQ1","index":"1"},"time":1556198824893},{"prop":"RQconfirmation","value":"UNKNOWN","time":1556198824975},{"prop":"selectedVariable.ontologyKey","value":"S_A2_T2_V1|name","time":1556198825116},{"prop":"selectedVariable.index","value":1,"time":1556198825116},{"prop":"selectedRQ","value":{"ontologyKey":"S_A2_T2_RQ1","index":"1"},"time":1556198825116},{"prop":"RQconfirmation","value":"CHANGE_RQ","time":1556198825842},{"prop":"RQconfirmation","value":"CHANGE_RQ","time":1556198826071},{"prop":"selectedVariable.ontologyKey","value":"S_A2_T2_V1|name","time":1556198826509},{"prop":"selectedVariable.index","value":1,"time":1556198826509},{"prop":"selectedRQ","value":{"ontologyKey":"S_A2_T2_RQ1","index":"1"},"time":1556198826509},{"prop":"selectedVariable.ontologyKey","value":"S_A2_T2_V1|name","time":1556198826765},{"prop":"selectedVariable.index","value":1,"time":1556198826765},{"prop":"selectedRQ","value":{"ontologyKey":"S_A2_T2_RQ1","index":"1"},"time":1556198826765},{"prop":"RQconfirmation","value":"UNKNOWN","time":1556198826844},{"prop":"RQconfirmation","value":"CHANGE_RQ","time":1556198827558},{"prop":"RQconfirmation","value":"CHANGE_RQ","time":1556198827789},{"prop":"selectedVariable.ontologyKey","value":"S_A2_T2_V1|name","time":1556198828320},{"prop":"selectedVariable.index","value":1,"time":1556198828320},{"prop":"selectedRQ","value":{"ontologyKey":"S_A2_T2_RQ1","index":"1"},"time":1556198828320},{"prop":"RQconfirmation","value":"UNKNOWN","time":1556198828507},{"prop":"selectedVariable.ontologyKey","value":"S_A2_T2_V1|name","time":1556198828530},{"prop":"selectedVariable.index","value":1,"time":1556198828530},{"prop":"selectedRQ","value":{"ontologyKey":"S_A2_T2_RQ1","index":"1"},"time":1556198828530},{"prop":"selectedVariable.ontologyKey","value":"S_A2_T2_V1|name","time":1556198828803},{"prop":"selectedVariable.index","value":1,"time":1556198828803},{"prop":"selectedRQ","value":{"ontologyKey":"S_A2_T2_RQ1","index":"1"},"time":1556198828803},{"prop":"RQconfirmation","value":"CHANGE_RQ","time":1556198829027},{"prop":"RQconfirmation","value":"CHANGE_RQ","time":1556198829293},{"prop":"RQconfirmation","value":"CHANGE_RQ","time":1556198829522},{"prop":"selectedVariable.ontologyKey","value":"S_A2_T2_V1|name","time":1556198830004},{"prop":"selectedVariable.index","value":1,"time":1556198830004},{"prop":"selectedRQ","value":{"ontologyKey":"S_A2_T2_RQ1","index":"1"},"time":1556198830004},{"prop":"selectedVariable.ontologyKey","value":"S_A2_T2_V1|name","time":1556198830236},{"prop":"selectedVariable.index","value":1,"time":1556198830236},{"prop":"selectedRQ","value":{"ontologyKey":"S_A2_T2_RQ1","index":"1"},"time":1556198830236},{"prop":"RQconfirmation","value":"UNKNOWN","time":1556198830275},{"prop":"RQconfirmation","value":"CHANGE_TOPIC","time":1556198831842},{"prop":"RQconfirmation","value":"CHANGE_TOPIC","time":1556198833044},{"prop":"RQconfirmation","value":"CHANGE_TOPIC","time":1556198833051},{"prop":"RQconfirmation","value":"CHANGE_TOPIC","time":1556198833056},{"prop":"RQconfirmation","value":"CHANGE_TOPIC","time":1556198833061},{"prop":"selectedArea.ontologyKey","value":"S_A2|name","time":1556198833669},{"prop":"selectedArea.index","value":2,"time":1556198833669},{"prop":"selectedTopic.ontologyKey","value":"S_A2_T2|name","time":1556198836986},{"prop":"selectedTopic.index","value":2,"time":1556198836986},{"prop":"selectedVariable.ontologyKey","value":"S_A2_T2_V2|name","time":1556198990618},{"prop":"selectedVariable.index","value":2,"time":1556198990618},{"prop":"selectedRQ","value":{"ontologyKey":"S_A2_T2_RQ2","index":"2"},"time":1556198990618},{"prop":"RQconfirmation","value":"UNKNOWN","time":1556198990727},{"prop":"selectedVariable.ontologyKey","value":"S_A2_T2_V2|name","time":1556198990802},{"prop":"selectedVariable.index","value":2,"time":1556198990802},{"prop":"selectedRQ","value":{"ontologyKey":"S_A2_T2_RQ2","index":"2"},"time":1556198990802},{"prop":"selectedVariable.ontologyKey","value":"S_A2_T2_V2|name","time":1556198990952},{"prop":"selectedVariable.index","value":2,"time":1556198990952},{"prop":"selectedRQ","value":{"ontologyKey":"S_A2_T2_RQ2","index":"2"},"time":1556198990952},{"prop":"RQconfirmation","value":"CHANGE_TOPIC","time":1556198992111},{"prop":"RQconfirmation","value":"CHANGE_TOPIC","time":1556198993305},{"prop":"RQconfirmation","value":"CHANGE_TOPIC","time":1556198993311},{"prop":"RQconfirmation","value":"CHANGE_TOPIC","time":1556198993316},{"prop":"RQconfirmation","value":"CHANGE_TOPIC","time":1556198993320},{"prop":"RQconfirmation","value":"OK","time":1556198993326},{"prop":"selectedArea.ontologyKey","value":"S_A4|name","time":1556198993899},{"prop":"selectedArea.index","value":4,"time":1556198993899},{"prop":"selectedTopic.ontologyKey","value":"S_A4_T2|name","time":1556198996812},{"prop":"selectedTopic.index","value":2,"time":1556198996812},{"prop":"selectedVariable.ontologyKey","value":"S_A4_T2_V4|name","time":1556199159882},{"prop":"selectedVariable.index","value":4,"time":1556199159882},{"prop":"selectedRQ","value":{"ontologyKey":"S_A4_T2_RQ4","index":"4"},"time":1556199159882},{"prop":"RQconfirmation","value":"UNKNOWN","time":1556199159991}],"selectedTopic":{"ontologyKey":"S_A4_T2|name","index":2},"selectedVariable":{"ontologyKey":"S_A4_T2_V4|name","index":4},"selectedRQ":{"ontologyKey":"S_A4_T2_RQ4","index":"4"},"RQconfirmation":"UNKNOWN"},"tutor":{"experimentalGroup":{"ontologyKey":"EG_A1"},"$seq":[{"prop":"experimentalGroup.ontologyKey","value":"EG_A1","time":1556197629201}]}}