{"scene":{"SNavigator":{},"SScene1":{"complete":true,"$seq":[{"prop":"complete","value":false,"time":1556197629308},{"prop":"complete","value":true,"time":1556197678678}]},"SScene2":{"AreaSelected":true,"$seq":[{"prop":"AreaSelected","value":false,"time":1556197683020},{"prop":"AreaSelected","value":true,"time":1556197727722},{"prop":"Area Name:physical and chemical changes","time":1556197727723},{"prop":"Area Index:1","time":1556197727723}]},"SScene3":{"TopicSelected":true,"$seq":[{"prop":"TopicSelected","value":false,"time":1556197730177},{"prop":"TopicSelected","value":true,"time":1556197747129},{"prop":"Topic Index:2","time":1556197747131}]},"SScene4":{"complete":true,"$seq":[{"prop":"complete","value":false,"time":1556197747548},{"prop":"complete","value":true,"time":1556197768418}]},"SScene5":{"complete":true,"$seq":[{"prop":"complete","value":false,"time":1556197869624},{"prop":"complete","value":true,"time":1556197874072}]},"SScene5a":{"complete":true,"$seq":[{"prop":"complete","value":false,"time":1556197891856},{"prop":"complete","value":true,"time":1556197901580}]},"SScene6a":{},"SScene6b":{},"SScene6c":{},"SScene7":{"complete":true,"$seq":[{"prop":"complete","value":false,"time":1556197926181},{"prop":"complete","value":true,"time":1556198327623}]},"SScene8":{"complete":true,"$seq":[{"prop":"complete","value":false,"time":1556198330858},{"prop":"complete","value":true,"time":1556198371843}]},"SScene9":{"RQSelected":true,"$seq":[{"prop":"RQSelected","value":false,"time":1556198576756},{"prop":"RQSelected","value":true,"time":1556198585854},{"prop":"Variable Index:1","time":1556198585854}]},"SScene10":{"RQconfirmed":true,"$seq":[{"prop":"RQconfirmed","value":false,"time":1556198586009},{"prop":"RQconfirmed","value":true,"time":1556198590681}]},"SScene2a":{"AreaSelected":false,"$seq":[{"prop":"AreaSelected","value":false,"time":1556198592028}]}},"module":{"selectedArea":{"ontologyKey":"S_A1|name","index":1},"$seq":[{"prop":"selectedArea.ontologyKey","value":"S_A1|name","time":1556197727722},{"prop":"selectedArea.index","value":1,"time":1556197727722},{"prop":"selectedTopic.ontologyKey","value":"S_A1_T2|name","time":1556197747130},{"prop":"selectedTopic.index","value":2,"time":1556197747130},{"prop":"selectedVariable.ontologyKey","value":"S_A1_T2_V1|name","time":1556198585854},{"prop":"selectedVariable.index","value":1,"time":1556198585854},{"prop":"selectedRQ","value":{"ontologyKey":"S_A1_T2_RQ1","index":"1"},"time":1556198585854},{"prop":"RQconfirmation","value":"UNKNOWN","time":1556198586009},{"prop":"RQconfirmation","value":"CHANGE_TOPIC","time":1556198590682}],"selectedTopic":{"ontologyKey":"S_A1_T2|name","index":2},"selectedVariable":{"ontologyKey":"S_A1_T2_V1|name","index":1},"selectedRQ":{"ontologyKey":"S_A1_T2_RQ1","index":"1"},"RQconfirmation":"CHANGE_TOPIC"},"tutor":{"experimentalGroup":{"ontologyKey":"EG_A1"},"$seq":[{"prop":"experimentalGroup.ontologyKey","value":"EG_A1","time":1556197629201}]}}