{"scene":{"SNavigator":{},"SIntro":{"complete":false,"$seq":[{"prop":"complete","value":false,"time":1273610861470}]},"SScene1":{"complete":true,"$seq":[{"prop":"complete","value":false,"time":1273610876326},{"prop":"Sg1","value":"true","time":1273610878174},{"prop":"DR1:Sg1","value":"ans1","time":1273610878175},{"prop":"complete","value":true,"time":1273610878175},{"prop":"Sg1","value":"true","time":1273610878176},{"prop":"complete","value":true,"time":1273610878176}],"Sg1":"true","DR1:Sg1":"ans1"},"SScene2":{"complete":false,"$seq":[{"prop":"complete","value":false,"time":1273610878766}]}},"module":{},"tutor":{}}