{"scene":{"SNavigator":{},"SIntro":{"complete":false,"$seq":[{"prop":"complete","value":false,"time":1273610861470}]},"SScene1":{"complete":true,"$seq":[{"prop":"complete","value":false,"time":1273610876326},{"prop":"Sg1","value":"true","time":1273610878174},{"prop":"DR1:Sg1","value":"ans1","time":1273610878175},{"prop":"complete","value":true,"time":1273610878175},{"prop":"Sg1","value":"true","time":1273610878176},{"prop":"complete","value":true,"time":1273610878176}],"Sg1":"true","DR1:Sg1":"ans1"},"SScene2":{"complete":true,"$seq":[{"prop":"complete","value":false,"time":1273610878766},{"prop":"Sg1","value":"true","time":1273610879792},{"prop":"DR2:Sg1","value":"ans1","time":1273610879792},{"prop":"complete","value":true,"time":1273610879792},{"prop":"Sg1","value":"true","time":1273610879792},{"prop":"complete","value":true,"time":1273610879792}],"Sg1":"true","DR2:Sg1":"ans1"},"SScene3":{"complete":true,"$seq":[{"prop":"complete","value":false,"time":1273610880374},{"prop":"Sg1","value":"true","time":1273610881316},{"prop":"DR3:Sg1","value":"ans1","time":1273610881316},{"prop":"complete","value":true,"time":1273610881316},{"prop":"Sg1","value":"true","time":1273610881317},{"prop":"complete","value":true,"time":1273610881317}],"Sg1":"true","DR3:Sg1":"ans1"},"SScene4":{"complete":true,"$seq":[{"prop":"complete","value":false,"time":1273610881841},{"prop":"Sg1","value":"true","time":1273610882817},{"prop":"DR4:Sg1","value":"ans1","time":1273610882817},{"prop":"complete","value":true,"time":1273610882817},{"prop":"Sg1","value":"true","time":1273610882818},{"prop":"complete","value":true,"time":1273610882818}],"Sg1":"true","DR4:Sg1":"ans1"},"SSubmit":{"complete":false,"$seq":[{"prop":"complete","value":false,"time":1273610883285}]},"SSceneEnd":{"complete":false,"$seq":[{"prop":"complete","value":false,"time":1273610884543}]}},"module":{},"tutor":{}}