{
    "currTutor": 0,
    "tutors": [
        {
            "launcher": "/mats.html",
            "features": "FTR_PRE"
        },
        {
            "launcher": "/dr.html",
            "features": ""
        },
        {
            "launcher": "/rq.html",
            "features": ""
        },
        {
            "launcher": "/intro.html",
            "features": ""
        },
        {
            "launcher": "/ted.html",
            "features": ""
        },
        {
            "launcher": "/mats.html",
            "features": "FTR_POST"
        }
    ]
}