{"scene":{"SNavigator":{},"SIntro":{"complete":false,"$seq":[{"prop":"complete","value":false,"time":1554728864820}]},"SScene1":{"complete":true,"$seq":[{"prop":"complete","value":false,"time":1554728879697},{"prop":"Sg1","value":"true","time":1554728910214},{"prop":"DR1:Sg1","value":"ans1","time":1554728910214},{"prop":"complete","value":true,"time":1554728910214},{"prop":"Sg1","value":"true","time":1554728910216},{"prop":"complete","value":true,"time":1554728910216}],"Sg1":"true","DR1:Sg1":"ans1"},"SScene2":{"complete":false,"$seq":[{"prop":"complete","value":false,"time":1554728912163}]}},"module":{},"tutor":{}}