{"scene":{"SNavigator":{},"SIntro":{"complete":false,"$seq":[{"prop":"complete","value":false,"time":1554728864820}]},"SScene1":{"complete":true,"$seq":[{"prop":"complete","value":false,"time":1554728879697},{"prop":"Sg1","value":"true","time":1554728910214},{"prop":"DR1:Sg1","value":"ans1","time":1554728910214},{"prop":"complete","value":true,"time":1554728910214},{"prop":"Sg1","value":"true","time":1554728910216},{"prop":"complete","value":true,"time":1554728910216}],"Sg1":"true","DR1:Sg1":"ans1"},"SScene2":{"complete":true,"$seq":[{"prop":"complete","value":false,"time":1554728912163},{"prop":"Sg1","value":"true","time":1554728923491},{"prop":"DR2:Sg1","value":"ans4","time":1554728923491},{"prop":"complete","value":true,"time":1554728923491},{"prop":"Sg1","value":"true","time":1554728923492},{"prop":"complete","value":true,"time":1554728923492}],"Sg1":"true","DR2:Sg1":"ans4"},"SScene3":{"complete":true,"$seq":[{"prop":"complete","value":false,"time":1554728932745},{"prop":"Sg1","value":"true","time":1554728983898},{"prop":"DR3:Sg1","value":"ans3","time":1554728983898},{"prop":"complete","value":true,"time":1554728983898},{"prop":"Sg1","value":"true","time":1554728983899},{"prop":"complete","value":true,"time":1554728983899}],"Sg1":"true","DR3:Sg1":"ans3"},"SScene4":{"complete":true,"$seq":[{"prop":"complete","value":false,"time":1554728990022},{"prop":"Sg1","value":"true","time":1554729038092},{"prop":"DR4:Sg1","value":"ans1","time":1554729038092},{"prop":"complete","value":true,"time":1554729038092},{"prop":"Sg1","value":"true","time":1554729038093},{"prop":"complete","value":true,"time":1554729038093}],"Sg1":"true","DR4:Sg1":"ans1"},"SSubmit":{"complete":false,"$seq":[{"prop":"complete","value":false,"time":1554729048301}]},"SSceneEnd":{"complete":false,"$seq":[{"prop":"complete","value":false,"time":1554729049861}]}},"module":{},"tutor":{}}