{"scene":{"SNavigator":{},"SIntro":{"complete":false,"$seq":[{"prop":"complete","value":false,"time":1554742232905}]},"SScene1":{"complete":true,"$seq":[{"prop":"complete","value":false,"time":1554742247824},{"prop":"Sg1","value":"true","time":1554742266064},{"prop":"DR1:Sg1","value":"ans1","time":1554742266064},{"prop":"complete","value":true,"time":1554742266065},{"prop":"Sg1","value":"true","time":1554742266067},{"prop":"complete","value":true,"time":1554742266067}],"Sg1":"true","DR1:Sg1":"ans1"},"SScene2":{"complete":false,"$seq":[{"prop":"complete","value":false,"time":1554742267091}]}},"module":{},"tutor":{}}