{"scene":{"SNavigator":{},"SIntro":{"complete":false,"$seq":[{"prop":"complete","value":false,"time":1554742232905}]},"SScene1":{"complete":true,"$seq":[{"prop":"complete","value":false,"time":1554742247824},{"prop":"Sg1","value":"true","time":1554742266064},{"prop":"DR1:Sg1","value":"ans1","time":1554742266064},{"prop":"complete","value":true,"time":1554742266065},{"prop":"Sg1","value":"true","time":1554742266067},{"prop":"complete","value":true,"time":1554742266067}],"Sg1":"true","DR1:Sg1":"ans1"},"SScene2":{"complete":true,"$seq":[{"prop":"complete","value":false,"time":1554742267091},{"prop":"Sg1","value":"true","time":1554742293896},{"prop":"DR2:Sg1","value":"ans1","time":1554742293896},{"prop":"complete","value":true,"time":1554742293897},{"prop":"Sg1","value":"true","time":1554742293897},{"prop":"complete","value":true,"time":1554742293897}],"Sg1":"true","DR2:Sg1":"ans1"},"SScene3":{"complete":true,"$seq":[{"prop":"complete","value":false,"time":1554742294995},{"prop":"Sg1","value":"true","time":1554742361465},{"prop":"DR3:Sg1","value":"ans3","time":1554742361465},{"prop":"complete","value":true,"time":1554742361465},{"prop":"Sg1","value":"true","time":1554742361465},{"prop":"complete","value":true,"time":1554742361465}],"Sg1":"true","DR3:Sg1":"ans3"},"SScene4":{"complete":true,"$seq":[{"prop":"complete","value":false,"time":1554742362638},{"prop":"Sg1","value":"true","time":1554742422389},{"prop":"DR4:Sg1","value":"ans2","time":1554742422389},{"prop":"complete","value":true,"time":1554742422389},{"prop":"Sg1","value":"true","time":1554742422390},{"prop":"complete","value":true,"time":1554742422390}],"Sg1":"true","DR4:Sg1":"ans2"},"SSubmit":{"complete":false,"$seq":[{"prop":"complete","value":false,"time":1554742423700}]}},"module":{},"tutor":{}}