{"scene":{"SNavigator":{},"SSceneBL":{"complete":true,"$seq":[{"prop":"complete","value":false,"time":1543849826372},{"prop":"complete","value":true,"time":1543849835112}]},"SScene4":{"complete":true,"$seq":[{"prop":"complete","value":false,"time":1543849836098},{"prop":"complete","value":true,"time":1543849857070}]},"SScene5":{"complete":true,"$seq":[{"prop":"complete","value":false,"time":1543849858202},{"prop":"complete","value":true,"time":1543849862878}]},"SScene5a":{"complete":true,"$seq":[{"prop":"complete","value":false,"time":1543849864211},{"prop":"complete","value":true,"time":1543849875914}]},"SScene6a":{},"SScene6b":{},"SScene6c":{},"SScene7":{"complete":true,"$seq":[{"prop":"complete","value":false,"time":1543849889631},{"prop":"complete","value":true,"time":1543849915437}]},"SScene8":{"complete":true,"$seq":[{"prop":"complete","value":false,"time":1543849917852},{"prop":"complete","value":true,"time":1543849959911}]},"SScene11":{"RQconfirmed":false,"$seq":[{"prop":"RQconfirmed","value":false,"time":1543849961824},{"prop":"complete","value":true,"time":1543849973494}],"complete":true},"SSceneEnd":{"complete":false,"$seq":[{"prop":"complete","value":false,"time":1543849975356}]}},"module":{"selectedArea":{"ontologyKey":"S_A1|name","index":1},"$seq":[{"prop":"selectedArea","value":{"ontologyKey":"S_A1|name","index":1},"time":1543849826310},{"prop":"selectedTopic","value":{"ontologyKey":"S_A1_T2|name","index":2},"time":1543849826310},{"prop":"selectedVariable","value":{"ontologyKey":"S_A1_T2_V4|name","index":4},"time":1543849826311},{"prop":"selectedRQ","value":{"ontologyKey":"S_A1_T2_RQ4"},"time":1543849826311},{"prop":"AreaSelectedID","value":"Sarea1|Sselected","time":1543849826311},{"prop":"AreaButtonID","value":"Sbutton1","time":1543849826311},{"prop":"TopicSelectedID","value":"Stopic2|Sselected","time":1543849826311},{"prop":"TopicButtonID","value":"Sbutton2","time":1543849826311},{"prop":"VariableHighlightID","value":"SbuttonHL4","time":1543849826311},{"prop":"VariableClickMaskID","value":"SclickMask4","time":1543849826311},{"prop":"RQconfirmation","value":"UNKNOWN","time":1543849961824}],"selectedTopic":{"ontologyKey":"S_A1_T2|name","index":2},"selectedVariable":{"ontologyKey":"S_A1_T2_V4|name","index":4},"selectedRQ":{"ontologyKey":"S_A1_T2_RQ4"},"AreaSelectedID":"Sarea1|Sselected","AreaButtonID":"Sbutton1","TopicSelectedID":"Stopic2|Sselected","TopicButtonID":"Sbutton2","VariableHighlightID":"SbuttonHL4","VariableClickMaskID":"SclickMask4","RQconfirmation":"UNKNOWN"},"tutor":{"experimentalGroup":{"ontologyKey":"EG_A3"},"$seq":[{"prop":"experimentalGroup.ontologyKey","value":"EG_A3","time":1543849826309}]}}