{"scene":{"SNavigator":{},"SMatsIntro":{"complete":true,"$seq":[{"prop":"complete","value":false,"time":1556110426820},{"prop":"complete","value":true,"time":1556110440750}]},"SMatsPre1":{"complete":true,"$seq":[{"prop":"complete","value":false,"time":1556110443203},{"prop":"Sg1","value":"true","time":1556110449886},{"prop":"PreTest:Sg1","value":"b4","time":1556110449886},{"prop":"complete","value":false,"time":1556110449886},{"prop":"Sg1","value":"true","time":1556110449887},{"prop":"complete","value":false,"time":1556110449887},{"prop":"Sg1","value":"true","time":1556110450916},{"prop":"PreTest:Sg1","value":"b3","time":1556110450916},{"prop":"complete","value":false,"time":1556110450916},{"prop":"Sg1","value":"true","time":1556110450917},{"prop":"complete","value":false,"time":1556110450917},{"prop":"Sg1","value":"true","time":1556110453328},{"prop":"PreTest:Sg1","value":"b4","time":1556110453328},{"prop":"complete","value":false,"time":1556110453328},{"prop":"Sg1","value":"true","time":1556110453328},{"prop":"complete","value":false,"time":1556110453328},{"prop":"Sg2","value":"true","time":1556110457668},{"prop":"PreTest:Sg2","value":"b4","time":1556110457668},{"prop":"complete","value":false,"time":1556110457668},{"prop":"Sg2","value":"true","time":1556110457668},{"prop":"complete","value":false,"time":1556110457668},{"prop":"Sg3","value":"true","time":1556110461245},{"prop":"PreTest:Sg3","value":"b4","time":1556110461245},{"prop":"complete","value":false,"time":1556110461245},{"prop":"Sg3","value":"true","time":1556110461246},{"prop":"complete","value":false,"time":1556110461246},{"prop":"Sg3","value":"true","time":1556110462263},{"prop":"PreTest:Sg3","value":"b3","time":1556110462263},{"prop":"complete","value":false,"time":1556110462263},{"prop":"Sg3","value":"true","time":1556110462265},{"prop":"complete","value":false,"time":1556110462265},{"prop":"Sg4","value":"true","time":1556110468092},{"prop":"PreTest:Sg4","value":"b3","time":1556110468092},{"prop":"complete","value":true,"time":1556110468092},{"prop":"Sg4","value":"true","time":1556110468092},{"prop":"complete","value":true,"time":1556110468092}],"Sg1":"true","PreTest:Sg1":"b4","Sg2":"true","PreTest:Sg2":"b4","Sg3":"true","PreTest:Sg3":"b3","Sg4":"true","PreTest:Sg4":"b3"},"SMatsPre2":{"complete":true,"$seq":[{"prop":"complete","value":false,"time":1556110469563},{"prop":"Sg1","value":"true","time":1556110488550},{"prop":"PreTest:Sg1","value":"b2","time":1556110488550},{"prop":"complete","value":false,"time":1556110488550},{"prop":"Sg1","value":"true","time":1556110488551},{"prop":"complete","value":false,"time":1556110488551},{"prop":"Sg2","value":"true","time":1556110493483},{"prop":"PreTest:Sg2","value":"b3","time":1556110493483},{"prop":"complete","value":false,"time":1556110493483},{"prop":"Sg2","value":"true","time":1556110493484},{"prop":"complete","value":false,"time":1556110493484},{"prop":"Sg3","value":"true","time":1556110498945},{"prop":"PreTest:Sg3","value":"b2","time":1556110498945},{"prop":"complete","value":false,"time":1556110498945},{"prop":"Sg3","value":"true","time":1556110498947},{"prop":"complete","value":false,"time":1556110498947},{"prop":"Sg3","value":"true","time":1556110500885},{"prop":"PreTest:Sg3","value":"b3","time":1556110500885},{"prop":"complete","value":false,"time":1556110500885},{"prop":"Sg3","value":"true","time":1556110500886},{"prop":"complete","value":false,"time":1556110500886},{"prop":"Sg3","value":"true","time":1556110501950},{"prop":"PreTest:Sg3","value":"b2","time":1556110501950},{"prop":"complete","value":false,"time":1556110501950},{"prop":"Sg3","value":"true","time":1556110501950},{"prop":"complete","value":false,"time":1556110501950},{"prop":"Sg3","value":"true","time":1556110503887},{"prop":"PreTest:Sg3","value":"b3","time":1556110503887},{"prop":"complete","value":false,"time":1556110503887},{"prop":"Sg3","value":"true","time":1556110503887},{"prop":"complete","value":false,"time":1556110503887},{"prop":"Sg4","value":"true","time":1556110510287},{"prop":"PreTest:Sg4","value":"b1","time":1556110510287},{"prop":"complete","value":true,"time":1556110510287},{"prop":"Sg4","value":"true","time":1556110510287},{"prop":"complete","value":true,"time":1556110510287},{"prop":"Sg4","value":"true","time":1556110512019},{"prop":"PreTest:Sg4","value":"b2","time":1556110512019},{"prop":"complete","value":true,"time":1556110512019},{"prop":"Sg4","value":"true","time":1556110512019},{"prop":"complete","value":true,"time":1556110512019}],"Sg1":"true","PreTest:Sg1":"b2","Sg2":"true","PreTest:Sg2":"b3","Sg3":"true","PreTest:Sg3":"b3","Sg4":"true","PreTest:Sg4":"b2"},"SMatsPre3":{"complete":true,"$seq":[{"prop":"complete","value":false,"time":1556110513444},{"prop":"Sg1","value":"true","time":1556110517877},{"prop":"PreTest:Sg1","value":"b4","time":1556110517877},{"prop":"complete","value":false,"time":1556110517877},{"prop":"Sg1","value":"true","time":1556110517878},{"prop":"complete","value":false,"time":1556110517878},{"prop":"Sg2","value":"true","time":1556110521024},{"prop":"PreTest:Sg2","value":"b3","time":1556110521024},{"prop":"complete","value":false,"time":1556110521024},{"prop":"Sg2","value":"true","time":1556110521024},{"prop":"complete","value":false,"time":1556110521024},{"prop":"Sg3","value":"true","time":1556110531324},{"prop":"PreTest:Sg3","value":"b5","time":1556110531324},{"prop":"complete","value":false,"time":1556110531324},{"prop":"Sg3","value":"true","time":1556110531324},{"prop":"complete","value":false,"time":1556110531324},{"prop":"Sg4","value":"true","time":1556110535967},{"prop":"PreTest:Sg4","value":"b4","time":1556110535967},{"prop":"complete","value":true,"time":1556110535967},{"prop":"Sg4","value":"true","time":1556110535968},{"prop":"complete","value":true,"time":1556110535968}],"Sg1":"true","PreTest:Sg1":"b4","Sg2":"true","PreTest:Sg2":"b3","Sg3":"true","PreTest:Sg3":"b5","Sg4":"true","PreTest:Sg4":"b4"},"SMatsPre4":{"complete":true,"$seq":[{"prop":"complete","value":false,"time":1556110537213},{"prop":"Sg1","value":"true","time":1556110542168},{"prop":"PreTest:Sg1","value":"b1","time":1556110542168},{"prop":"complete","value":false,"time":1556110542168},{"prop":"Sg1","value":"true","time":1556110542169},{"prop":"complete","value":false,"time":1556110542169},{"prop":"Sg2","value":"true","time":1556110546901},{"prop":"PreTest:Sg2","value":"b1","time":1556110546901},{"prop":"complete","value":true,"time":1556110546901},{"prop":"prompted","value":true,"time":1556110546901},{"prop":"Sg2","value":"true","time":1556110546902},{"prop":"complete","value":true,"time":1556110546902},{"prop":"complete","value":true,"time":1556110547847}],"Sg1":"true","PreTest:Sg1":"b1","Sg2":"true","PreTest:Sg2":"b1","prompted":true},"SSceneEnd":{"complete":false,"$seq":[{"prop":"complete","value":false,"time":1556110547960}]}},"module":{},"tutor":{}}