{"scene":{"SNavigator":{},"SScene3":{"complete":true,"$seq":[{"prop":"complete","value":false,"time":1554904187099},{"prop":"complete","value":true,"time":1554904194117}]},"SScene4":{"complete":true,"$seq":[{"prop":"complete","value":false,"time":1554904199738},{"prop":"complete","value":true,"time":1554904211599}]},"SScene5":{"complete":true,"$seq":[{"prop":"complete","value":false,"time":1554904212970},{"prop":"complete","value":true,"time":1554904218876}]},"SScene6":{"complete":true,"$seq":[{"prop":"complete","value":false,"time":1554904220333},{"prop":"complete","value":true,"time":1554904231929}]},"SScene7":{"complete":true,"$seq":[{"prop":"complete","value":false,"time":1554904234689},{"prop":"complete","value":true,"time":1554904245326}]},"SScene8":{"complete":true,"$seq":[{"prop":"complete","value":false,"time":1554904247721},{"prop":"complete","value":true,"time":1554904306333}]},"SScene9":{"complete":false,"$seq":[{"prop":"complete","value":false,"time":1554904310265},{"prop":"complete","value":true,"time":1554904371290},{"prop":"complete","value":false,"time":1554904372807}]},"SScene11":{"complete":true,"$seq":[{"prop":"complete","value":false,"time":1554904377309},{"prop":"complete","value":true,"time":1554904394615}]},"SScene12":{"complete":true,"$seq":[{"prop":"complete","value":false,"time":1554904396476},{"prop":"complete","value":true,"time":1554904404639}]},"SScene12A":{"complete":false,"$seq":[{"prop":"complete","value":false,"time":1554904406193},{"prop":"complete","value":true,"time":1554904417068},{"prop":"complete","value":false,"time":1554904418335},{"prop":"complete","value":false,"time":1554904421013},{"prop":"complete","value":false,"time":1554904422428},{"prop":"complete","value":false,"time":1554904426520},{"prop":"complete","value":false,"time":1554904427930},{"prop":"complete","value":false,"time":1554904429277},{"prop":"complete","value":false,"time":1554904430529}]},"SScene13":{"complete":false,"$seq":[{"prop":"complete","value":false,"time":1554904431911},{"prop":"complete","value":true,"time":1554904447040},{"prop":"complete","value":false,"time":1554904448310}]},"SScene15":{"complete":true,"$seq":[{"prop":"complete","value":false,"time":1554904459629},{"prop":"complete","value":false,"time":1554904616151},{"prop":"complete","value":false,"time":1554904622416},{"prop":"complete","value":true,"time":1554904630532},{"prop":"complete","value":false,"time":1554904631324},{"prop":"complete","value":false,"time":1554904632462},{"prop":"complete","value":false,"time":1554904633956},{"prop":"complete","value":true,"time":1554904683797}]},"SScene16":{"complete":false,"$seq":[{"prop":"complete","value":false,"time":1554904685004}]}},"module":{"selectedArea":{"ontologyKey":"S_A1|name","index":1},"selectedTopic":{"ontologyKey":"S_A1_T2|name","index":2},"selectedVariable":{"ontologyKey":"S_A1_T2_V4|name","index":4},"selectedRQ":{"ontologyKey":"S_A1_T2_RQ4"},"AreaSelectedID":"Sarea1|Sselected","AreaButtonID":"Sbutton1","TopicSelectedID":"Stopic2|Sselected","TopicButtonID":"Sbutton2","VariableHighlightID":"SbuttonHL4","VariableClickMaskID":"SclickMask4","RQconfirmation":"UNKNOWN","TEDExptNonTarget":[2,3,4],"TEDExptConfounds":[2,3,4],"TEDExptDifferent":[2,3,4,1],"TEDExptArea":{"ontologyKey":"S_A1","index":1},"TEDExptTopic":{"ontologyKey":"S_A1_T2","index":2},"TEDExptVariable":{"ontologyKey":"S_A1_T2_V1","index":1},"TEDExptRQ":{"ontologyKey":"S_A1_T2_RQ1","index":1},"TEDExptVarNC1":{"ontologyKey":"S_A1_T2_V2","index":2},"TEDExptVarNC2":{"ontologyKey":"S_A1_T2_V3","index":3},"TEDExptVarNC3":{"ontologyKey":"S_A1_T2_V4","index":4},"TEDExptPOSTSequence":[{"ontologyKey":"S_A1_T2_V4","index":4},{"ontologyKey":"S_A1_T2_V1","index":1},{"ontologyKey":"S_A1_T2_V2","index":2},{"ontologyKey":"S_A1_T2_V3","index":3}],"TEDExpt1V1":{"ontologyKey":"S_A1_T2_V1_A","index":1},"TEDExpt2V1":{"ontologyKey":"S_A1_T2_V1_B","index":1},"TEDExpt1V2":{"ontologyKey":"S_A1_T2_V2_A","index":2},"TEDExpt2V2":{"ontologyKey":"S_A1_T2_V2_B","index":2},"TEDExpt1V3":{"ontologyKey":"S_A1_T2_V3_A","index":3},"TEDExpt2V3":{"ontologyKey":"S_A1_T2_V3_B","index":3},"TEDExpt1V4":{"ontologyKey":"S_A1_T2_V4_A","index":4},"TEDExpt2V4":{"ontologyKey":"S_A1_T2_V4_B","index":4},"TEDExptNC1SameDiff":{"ontologyKey":"TED_E1_Q7NC1DIFF","value":"diff","index":2},"TEDExptNC1Confound":{"ontologyKey":"S_A1_T2_V2","index":2},"TEDExptNC2SameDiff":{"ontologyKey":"TED_E1_Q7NC2DIFF","value":"diff","index":3},"TEDExptNC2Confound":{"ontologyKey":"S_A1_T2_V3","index":3},"TEDExptNC3SameDiff":{"ontologyKey":"TED_E1_Q7NC3DIFF","value":"diff","index":4},"TEDExptNC3Confound":{"ontologyKey":"S_A1_T2_V4","index":4},"differentRow":4,"independentVarN":{"row":4,"col":0,"ontologyKey":"S_A1_T2_V4|name","isText":true,"selectedValue":"Amount of CO2","cell":{},"processed":true},"sameRow1":1,"sameRow2":2,"sameRow3":3,"$seq":[{"prop":"selectedArea","value":{"ontologyKey":"S_A1|name","index":1},"time":1554904187015},{"prop":"selectedTopic","value":{"ontologyKey":"S_A1_T2|name","index":2},"time":1554904187015},{"prop":"selectedVariable","value":{"ontologyKey":"S_A1_T2_V4|name","index":4},"time":1554904187015},{"prop":"selectedRQ","value":{"ontologyKey":"S_A1_T2_RQ4"},"time":1554904187015},{"prop":"AreaSelectedID","value":"Sarea1|Sselected","time":1554904187015},{"prop":"AreaButtonID","value":"Sbutton1","time":1554904187015},{"prop":"TopicSelectedID","value":"Stopic2|Sselected","time":1554904187015},{"prop":"TopicButtonID","value":"Sbutton2","time":1554904187015},{"prop":"VariableHighlightID","value":"SbuttonHL4","time":1554904187015},{"prop":"VariableClickMaskID","value":"SclickMask4","time":1554904187015},{"prop":"TEDExptNonTarget","value":[2,3,4],"time":1554904187021},{"prop":"TEDExptConfounds","value":[2,3,4],"time":1554904187021},{"prop":"TEDExptDifferent","value":[2,3,4,1],"time":1554904187021},{"prop":"TEDExptArea","value":{"ontologyKey":"S_A1","index":1},"time":1554904187021},{"prop":"TEDExptTopic","value":{"ontologyKey":"S_A1_T2","index":2},"time":1554904187021},{"prop":"TEDExptVariable","value":{"ontologyKey":"S_A1_T2_V1","index":1},"time":1554904187021},{"prop":"TEDExptRQ","value":{"ontologyKey":"S_A1_T2_RQ1","index":1},"time":1554904187021},{"prop":"TEDExptVarNC1","value":{"ontologyKey":"S_A1_T2_V2","index":2},"time":1554904187021},{"prop":"TEDExptVarNC2","value":{"ontologyKey":"S_A1_T2_V3","index":3},"time":1554904187021},{"prop":"TEDExptVarNC3","value":{"ontologyKey":"S_A1_T2_V4","index":4},"time":1554904187022},{"prop":"TEDExptPOSTSequence","value":[{"ontologyKey":"S_A1_T2_V4","index":4},{"ontologyKey":"S_A1_T2_V1","index":1},{"ontologyKey":"S_A1_T2_V2","index":2},{"ontologyKey":"S_A1_T2_V3","index":3}],"time":1554904187022},{"prop":"TEDExpt1V1","value":{"ontologyKey":"S_A1_T2_V1_A","index":1},"time":1554904187022},{"prop":"TEDExpt2V1","value":{"ontologyKey":"S_A1_T2_V1_A","index":1},"time":1554904187022},{"prop":"TEDExpt1V2","value":{"ontologyKey":"S_A1_T2_V2_A","index":2},"time":1554904187022},{"prop":"TEDExpt2V2","value":{"ontologyKey":"S_A1_T2_V2_A","index":2},"time":1554904187022},{"prop":"TEDExpt1V3","value":{"ontologyKey":"S_A1_T2_V3_A","index":3},"time":1554904187022},{"prop":"TEDExpt2V3","value":{"ontologyKey":"S_A1_T2_V3_A","index":3},"time":1554904187022},{"prop":"TEDExpt1V4","value":{"ontologyKey":"S_A1_T2_V4_A","index":4},"time":1554904187022},{"prop":"TEDExpt2V4","value":{"ontologyKey":"S_A1_T2_V4_A","index":4},"time":1554904187022},{"prop":"TEDExpt2V2","value":{"ontologyKey":"S_A1_T2_V2_B","index":2},"time":1554904187022},{"prop":"TEDExpt2V3","value":{"ontologyKey":"S_A1_T2_V3_B","index":3},"time":1554904187022},{"prop":"TEDExpt2V4","value":{"ontologyKey":"S_A1_T2_V4_B","index":4},"time":1554904187022},{"prop":"TEDExpt2V1","value":{"ontologyKey":"S_A1_T2_V1_B","index":1},"time":1554904187022},{"prop":"TEDExptNC1SameDiff","value":{"ontologyKey":"TED_E1_Q7NC1DIFF","value":"diff","index":2},"time":1554904187022},{"prop":"TEDExptNC1Confound","value":{"ontologyKey":"S_A1_T2_V2","index":2},"time":1554904187022},{"prop":"TEDExptNC2SameDiff","value":{"ontologyKey":"TED_E1_Q7NC2DIFF","value":"diff","index":3},"time":1554904187023},{"prop":"TEDExptNC2Confound","value":{"ontologyKey":"S_A1_T2_V3","index":3},"time":1554904187023},{"prop":"TEDExptNC3SameDiff","value":{"ontologyKey":"TED_E1_Q7NC3DIFF","value":"diff","index":4},"time":1554904187023},{"prop":"TEDExptNC3Confound","value":{"ontologyKey":"S_A1_T2_V4","index":4},"time":1554904187023},{"prop":"Expt1_Q1","value":{"name":"{{$EFO_TED_E1_LISTYN|yes}}","ontologyKey":"TED_E1_LISTYN|yes","index":1,"value":false,"id":"incorrect"},"time":1554904371290},{"prop":"Expt1_Q","value":{"name":"{{$EFO_TED_E1_LISTYN|yes}}","ontologyKey":"TED_E1_LISTYN|yes","index":1,"value":false,"id":"incorrect"},"time":1554904371290},{"prop":"Expt1_Reason","value":{"name":"{{$EFO_TED_E1_LISTQ23|ans2}}","value":"$EFL_efdata.TED.E1.LISTQ23","ontologyKey":"TED_E1_LISTQ23|yes","index":2,"id":"2"},"time":1554904394615},{"prop":"Expt1_Q4","value":{"name":"{{$EFO_TED_E1_LISTYN|no}}","ontologyKey":"TED_E1_LISTYN|no","index":2,"value":true,"id":"correct"},"time":1554904417068},{"prop":"Imagine1","value":{"name":"{{$EFO_TED_E1_LISTYN|no}}","ontologyKey":"TED_E1_LISTYN|no","index":2,"value":true,"id":"correct"},"time":1554904417068},{"prop":"Imagine1_Reason","value":{"name":"{{$EFO_TED_E1_LISTQ56|ans4}}","value":"$EFL_efdata.TED.E1.LISTQ56","ontologyKey":"TED_E1_LISTQ56|yes","index":4,"id":"4"},"time":1554904447040},{"prop":"FFocus:1","value":{"Row-2 Col-3":"Could cause","Row-3 Col-3":"Could Not cause","Row-4 Col-3":"Could cause"},"time":1554904459629},{"prop":"TEDFeatureFocus","value":["","Could cause","Could Not cause","Could cause"],"time":1554904459959},{"prop":"CHG:FFocus:1:Row-2 Col-3","value":"Could cause","time":1554904616151},{"prop":"TEDFeatureFocus","value":["","Could cause","Could Not cause","Could cause"],"time":1554904616151},{"prop":"CHG:FFocus:1:Row-3 Col-3","value":"Could Not cause","time":1554904622416},{"prop":"TEDFeatureFocus","value":["","Could cause","Could Not cause","Could cause"],"time":1554904622416},{"prop":"CHG:FFocus:1:Row-4 Col-3","value":"Could cause","time":1554904630532},{"prop":"TEDFeatureFocus","value":["","Could cause","Could Not cause","Could cause"],"time":1554904630532},{"prop":"FFocus:1_CorrExp:","value":{},"time":1554904685004}],"Expt1_Q1":{"name":"{{$EFO_TED_E1_LISTYN|yes}}","ontologyKey":"TED_E1_LISTYN|yes","index":1,"value":false,"id":"incorrect"},"Expt1_Q":{"name":"{{$EFO_TED_E1_LISTYN|yes}}","ontologyKey":"TED_E1_LISTYN|yes","index":1,"value":false,"id":"incorrect"},"Expt1_Reason":{"name":"{{$EFO_TED_E1_LISTQ23|ans2}}","value":"$EFL_efdata.TED.E1.LISTQ23","ontologyKey":"TED_E1_LISTQ23|yes","index":2,"id":"2"},"Expt1_Q4":{"name":"{{$EFO_TED_E1_LISTYN|no}}","ontologyKey":"TED_E1_LISTYN|no","index":2,"value":true,"id":"correct"},"Imagine1":{"name":"{{$EFO_TED_E1_LISTYN|no}}","ontologyKey":"TED_E1_LISTYN|no","index":2,"value":true,"id":"correct"},"Imagine1_Reason":{"name":"{{$EFO_TED_E1_LISTQ56|ans4}}","value":"$EFL_efdata.TED.E1.LISTQ56","ontologyKey":"TED_E1_LISTQ56|yes","index":4,"id":"4"},"FFocus:1":{"Row-2 Col-3":"Could cause","Row-3 Col-3":"Could Not cause","Row-4 Col-3":"Could cause"},"TEDFeatureFocus":["","Could cause","Could Not cause","Could cause"],"CHG:FFocus:1:Row-2 Col-3":"Could cause","CHG:FFocus:1:Row-3 Col-3":"Could Not cause","CHG:FFocus:1:Row-4 Col-3":"Could cause","FFocus:1_CorrExp:":{}},"tutor":{"experimentalGroup":{"ontologyKey":"EG_A2"},"$seq":[{"prop":"experimentalGroup.ontologyKey","value":"EG_A2","time":1554904187015}]}}