{"scene":{"SNavigator":{},"SScene3":{"complete":true,"$seq":[{"prop":"complete","value":false,"time":1554904187099},{"prop":"complete","value":true,"time":1554904194117}]},"SScene4":{"complete":true,"$seq":[{"prop":"complete","value":false,"time":1554904199738},{"prop":"complete","value":true,"time":1554904211599}]},"SScene5":{"complete":true,"$seq":[{"prop":"complete","value":false,"time":1554904212970},{"prop":"complete","value":true,"time":1554904218876}]},"SScene6":{"complete":true,"$seq":[{"prop":"complete","value":false,"time":1554904220333},{"prop":"complete","value":true,"time":1554904231929}]},"SScene7":{"complete":true,"$seq":[{"prop":"complete","value":false,"time":1554904763983},{"prop":"complete","value":true,"time":1554904774036}]},"SScene8":{"complete":true,"$seq":[{"prop":"complete","value":false,"time":1554904801971},{"prop":"complete","value":true,"time":1554904859037}]},"SScene9":{"complete":false,"$seq":[{"prop":"complete","value":false,"time":1554904861554},{"prop":"complete","value":true,"time":1554904870373},{"prop":"complete","value":false,"time":1554904872673}]},"SScene11":{"complete":true,"$seq":[{"prop":"complete","value":false,"time":1554904377309},{"prop":"complete","value":true,"time":1554904394615}]},"SScene12":{"complete":true,"$seq":[{"prop":"complete","value":false,"time":1554904920326},{"prop":"complete","value":true,"time":1554904928553}]},"SScene12A":{"complete":false,"$seq":[{"prop":"complete","value":false,"time":1554904991344},{"prop":"complete","value":true,"time":1554905002645},{"prop":"complete","value":false,"time":1554905008382},{"prop":"complete","value":false,"time":1554905010988},{"prop":"complete","value":false,"time":1554905012550},{"prop":"complete","value":false,"time":1554905016646},{"prop":"complete","value":false,"time":1554905018164},{"prop":"complete","value":false,"time":1554905019514},{"prop":"complete","value":false,"time":1554905020766}]},"SScene13":{"complete":false,"$seq":[{"prop":"complete","value":false,"time":1554905022128}]},"SScene15":{"complete":true,"$seq":[{"prop":"complete","value":false,"time":1554904459629},{"prop":"complete","value":false,"time":1554904616151},{"prop":"complete","value":false,"time":1554904622416},{"prop":"complete","value":true,"time":1554904630532},{"prop":"complete","value":false,"time":1554904631324},{"prop":"complete","value":false,"time":1554904632462},{"prop":"complete","value":false,"time":1554904633956},{"prop":"complete","value":true,"time":1554904683797}]},"SScene16":{"complete":true,"$seq":[{"prop":"complete","value":false,"time":1554904685004},{"prop":"complete","value":false,"time":1554904692117},{"prop":"complete","value":false,"time":1554904696218},{"prop":"complete","value":true,"time":1554904699952}]},"SScene17":{"complete":true,"$seq":[{"prop":"complete","value":false,"time":1554904700954},{"prop":"complete","value":true,"time":1554904724389},{"prop":"complete","value":true,"time":1554904724389},{"prop":"complete","value":false,"time":1554904725930},{"prop":"complete","value":false,"time":1554904731995},{"prop":"complete","value":false,"time":1554904733308},{"prop":"complete","value":false,"time":1554904736868},{"prop":"complete","value":false,"time":1554904738534},{"prop":"complete","value":false,"time":1554904740632},{"prop":"complete","value":false,"time":1554904741956},{"prop":"complete","value":false,"time":1554904745837},{"prop":"complete","value":false,"time":1554904747531},{"prop":"complete","value":false,"time":1554904749019},{"prop":"complete","value":false,"time":1554904750349},{"prop":"complete","value":false,"time":1554904755635},{"prop":"complete","value":false,"time":1554904756992},{"prop":"complete","value":true,"time":1554904759106}]},"SScene10":{"complete":true,"$seq":[{"prop":"complete","value":false,"time":1554904876561},{"prop":"complete","value":true,"time":1554904918949}]}},"module":{"selectedArea":{"ontologyKey":"S_A1|name","index":1},"selectedTopic":{"ontologyKey":"S_A1_T2|name","index":2},"selectedVariable":{"ontologyKey":"S_A1_T2_V4|name","index":4},"selectedRQ":{"ontologyKey":"S_A1_T2_RQ4"},"AreaSelectedID":"Sarea1|Sselected","AreaButtonID":"Sbutton1","TopicSelectedID":"Stopic2|Sselected","TopicButtonID":"Sbutton2","VariableHighlightID":"SbuttonHL4","VariableClickMaskID":"SclickMask4","RQconfirmation":"UNKNOWN","TEDExptNonTarget":[1,3,4],"TEDExptConfounds":[1],"TEDExptDifferent":[1,2],"TEDExptArea":{"ontologyKey":"S_A1","index":1},"TEDExptTopic":{"ontologyKey":"S_A1_T2","index":2},"TEDExptVariable":{"ontologyKey":"S_A1_T2_V2","index":2},"TEDExptRQ":{"ontologyKey":"S_A1_T2_RQ2","index":2},"TEDExptVarNC1":{"ontologyKey":"S_A1_T2_V1","index":1},"TEDExptVarNC2":{"ontologyKey":"S_A1_T2_V3","index":3},"TEDExptVarNC3":{"ontologyKey":"S_A1_T2_V4","index":4},"TEDExptPOSTSequence":[{"ontologyKey":"S_A1_T2_V4","index":4},{"ontologyKey":"S_A1_T2_V1","index":1},{"ontologyKey":"S_A1_T2_V2","index":2},{"ontologyKey":"S_A1_T2_V3","index":3}],"TEDExpt1V1":{"ontologyKey":"S_A1_T2_V1_A","index":1},"TEDExpt2V1":{"ontologyKey":"S_A1_T2_V1_B","index":1},"TEDExpt1V2":{"ontologyKey":"S_A1_T2_V2_A","index":2},"TEDExpt2V2":{"ontologyKey":"S_A1_T2_V2_B","index":2},"TEDExpt1V3":{"ontologyKey":"S_A1_T2_V3_A","index":3},"TEDExpt2V3":{"ontologyKey":"S_A1_T2_V3_A","index":3},"TEDExpt1V4":{"ontologyKey":"S_A1_T2_V4_A","index":4},"TEDExpt2V4":{"ontologyKey":"S_A1_T2_V4_A","index":4},"TEDExptNC1SameDiff":{"ontologyKey":"TED_E1_Q7NC1DIFF","value":"diff","index":1},"TEDExptNC1Confound":{"ontologyKey":"S_A1_T2_V1","index":1},"TEDExptNC2SameDiff":{"ontologyKey":"TED_E1_Q7NC2SAME","value":"same","index":3},"TEDExptNC2Confound":{"ontologyKey":"S_A1_T2_V3","index":3},"TEDExptNC3SameDiff":{"ontologyKey":"TED_E1_Q7NC3SAME","value":"same","index":4},"TEDExptNC3Confound":{"ontologyKey":"S_A1_T2_V4","index":4},"differentRow":4,"independentVarN":{"row":4,"col":0,"ontologyKey":"S_A1_T2_V4|name","isText":true,"selectedValue":"Amount of CO2","cell":{},"processed":true},"sameRow1":1,"sameRow2":2,"sameRow3":3,"$seq":[{"prop":"selectedArea","value":{"ontologyKey":"S_A1|name","index":1},"time":1554904187015},{"prop":"selectedTopic","value":{"ontologyKey":"S_A1_T2|name","index":2},"time":1554904187015},{"prop":"selectedVariable","value":{"ontologyKey":"S_A1_T2_V4|name","index":4},"time":1554904187015},{"prop":"selectedRQ","value":{"ontologyKey":"S_A1_T2_RQ4"},"time":1554904187015},{"prop":"AreaSelectedID","value":"Sarea1|Sselected","time":1554904187015},{"prop":"AreaButtonID","value":"Sbutton1","time":1554904187015},{"prop":"TopicSelectedID","value":"Stopic2|Sselected","time":1554904187015},{"prop":"TopicButtonID","value":"Sbutton2","time":1554904187015},{"prop":"VariableHighlightID","value":"SbuttonHL4","time":1554904187015},{"prop":"VariableClickMaskID","value":"SclickMask4","time":1554904187015},{"prop":"TEDExptNonTarget","value":[2,3,4],"time":1554904187021},{"prop":"TEDExptConfounds","value":[2,3,4],"time":1554904187021},{"prop":"TEDExptDifferent","value":[2,3,4,1],"time":1554904187021},{"prop":"TEDExptArea","value":{"ontologyKey":"S_A1","index":1},"time":1554904187021},{"prop":"TEDExptTopic","value":{"ontologyKey":"S_A1_T2","index":2},"time":1554904187021},{"prop":"TEDExptVariable","value":{"ontologyKey":"S_A1_T2_V1","index":1},"time":1554904187021},{"prop":"TEDExptRQ","value":{"ontologyKey":"S_A1_T2_RQ1","index":1},"time":1554904187021},{"prop":"TEDExptVarNC1","value":{"ontologyKey":"S_A1_T2_V2","index":2},"time":1554904187021},{"prop":"TEDExptVarNC2","value":{"ontologyKey":"S_A1_T2_V3","index":3},"time":1554904187021},{"prop":"TEDExptVarNC3","value":{"ontologyKey":"S_A1_T2_V4","index":4},"time":1554904187022},{"prop":"TEDExptPOSTSequence","value":[{"ontologyKey":"S_A1_T2_V4","index":4},{"ontologyKey":"S_A1_T2_V1","index":1},{"ontologyKey":"S_A1_T2_V2","index":2},{"ontologyKey":"S_A1_T2_V3","index":3}],"time":1554904187022},{"prop":"TEDExpt1V1","value":{"ontologyKey":"S_A1_T2_V1_A","index":1},"time":1554904187022},{"prop":"TEDExpt2V1","value":{"ontologyKey":"S_A1_T2_V1_A","index":1},"time":1554904187022},{"prop":"TEDExpt1V2","value":{"ontologyKey":"S_A1_T2_V2_A","index":2},"time":1554904187022},{"prop":"TEDExpt2V2","value":{"ontologyKey":"S_A1_T2_V2_A","index":2},"time":1554904187022},{"prop":"TEDExpt1V3","value":{"ontologyKey":"S_A1_T2_V3_A","index":3},"time":1554904187022},{"prop":"TEDExpt2V3","value":{"ontologyKey":"S_A1_T2_V3_A","index":3},"time":1554904187022},{"prop":"TEDExpt1V4","value":{"ontologyKey":"S_A1_T2_V4_A","index":4},"time":1554904187022},{"prop":"TEDExpt2V4","value":{"ontologyKey":"S_A1_T2_V4_A","index":4},"time":1554904187022},{"prop":"TEDExpt2V2","value":{"ontologyKey":"S_A1_T2_V2_B","index":2},"time":1554904187022},{"prop":"TEDExpt2V3","value":{"ontologyKey":"S_A1_T2_V3_B","index":3},"time":1554904187022},{"prop":"TEDExpt2V4","value":{"ontologyKey":"S_A1_T2_V4_B","index":4},"time":1554904187022},{"prop":"TEDExpt2V1","value":{"ontologyKey":"S_A1_T2_V1_B","index":1},"time":1554904187022},{"prop":"TEDExptNC1SameDiff","value":{"ontologyKey":"TED_E1_Q7NC1DIFF","value":"diff","index":2},"time":1554904187022},{"prop":"TEDExptNC1Confound","value":{"ontologyKey":"S_A1_T2_V2","index":2},"time":1554904187022},{"prop":"TEDExptNC2SameDiff","value":{"ontologyKey":"TED_E1_Q7NC2DIFF","value":"diff","index":3},"time":1554904187023},{"prop":"TEDExptNC2Confound","value":{"ontologyKey":"S_A1_T2_V3","index":3},"time":1554904187023},{"prop":"TEDExptNC3SameDiff","value":{"ontologyKey":"TED_E1_Q7NC3DIFF","value":"diff","index":4},"time":1554904187023},{"prop":"TEDExptNC3Confound","value":{"ontologyKey":"S_A1_T2_V4","index":4},"time":1554904187023},{"prop":"Expt1_Q1","value":{"name":"{{$EFO_TED_E1_LISTYN|yes}}","ontologyKey":"TED_E1_LISTYN|yes","index":1,"value":false,"id":"incorrect"},"time":1554904371290},{"prop":"Expt1_Q","value":{"name":"{{$EFO_TED_E1_LISTYN|yes}}","ontologyKey":"TED_E1_LISTYN|yes","index":1,"value":false,"id":"incorrect"},"time":1554904371290},{"prop":"Expt1_Reason","value":{"name":"{{$EFO_TED_E1_LISTQ23|ans2}}","value":"$EFL_efdata.TED.E1.LISTQ23","ontologyKey":"TED_E1_LISTQ23|yes","index":2,"id":"2"},"time":1554904394615},{"prop":"Expt1_Q4","value":{"name":"{{$EFO_TED_E1_LISTYN|no}}","ontologyKey":"TED_E1_LISTYN|no","index":2,"value":true,"id":"correct"},"time":1554904417068},{"prop":"Imagine1","value":{"name":"{{$EFO_TED_E1_LISTYN|no}}","ontologyKey":"TED_E1_LISTYN|no","index":2,"value":true,"id":"correct"},"time":1554904417068},{"prop":"Imagine1_Reason","value":{"name":"{{$EFO_TED_E1_LISTQ56|ans4}}","value":"$EFL_efdata.TED.E1.LISTQ56","ontologyKey":"TED_E1_LISTQ56|yes","index":4,"id":"4"},"time":1554904447040},{"prop":"FFocus:1","value":{"Row-2 Col-3":"Could cause","Row-3 Col-3":"Could Not cause","Row-4 Col-3":"Could cause"},"time":1554904459629},{"prop":"TEDFeatureFocus","value":["","Could cause","Could Not cause","Could cause"],"time":1554904459959},{"prop":"CHG:FFocus:1:Row-2 Col-3","value":"Could cause","time":1554904616151},{"prop":"TEDFeatureFocus","value":["","Could cause","Could Not cause","Could cause"],"time":1554904616151},{"prop":"CHG:FFocus:1:Row-3 Col-3","value":"Could Not cause","time":1554904622416},{"prop":"TEDFeatureFocus","value":["","Could cause","Could Not cause","Could cause"],"time":1554904622416},{"prop":"CHG:FFocus:1:Row-4 Col-3","value":"Could cause","time":1554904630532},{"prop":"TEDFeatureFocus","value":["","Could cause","Could Not cause","Could cause"],"time":1554904630532},{"prop":"FFocus:1_CorrExp:","value":{"Row-2 Col-1":"None","Row-3 Col-2":"Smooth","Row-4 Col-1":"Low"},"time":1554904685004},{"prop":"TEDcorrection","value":3,"time":1554904685341},{"prop":"CHG:FFocus:1_CorrExp::Row-2 Col-1","value":"None","time":1554904692116},{"prop":"TEDcorrection","value":2,"time":1554904692117},{"prop":"CHG:FFocus:1_CorrExp::Row-3 Col-2","value":"Smooth","time":1554904696218},{"prop":"TEDcorrection","value":1,"time":1554904696218},{"prop":"CHG:FFocus:1_CorrExp::Row-4 Col-1","value":"Low","time":1554904699952},{"prop":"TEDcorrection","value":0,"time":1554904699952},{"prop":"FFocus:1_Explain:","value":{"name":"{{$EFO_TED_E1_LISTQ9|ans2}}","value":"$EFL_efdata.TED.E1.LISTQ9","ontologyKey":"TED_E1_LISTQ9|yes","index":2,"id":"2"},"time":1554904724388},{"prop":"TEDExptNonTarget","value":[1,3,4],"time":1554904763969},{"prop":"TEDExptConfounds","value":[1],"time":1554904763969},{"prop":"TEDExptDifferent","value":[1,2],"time":1554904763969},{"prop":"TEDExptArea","value":{"ontologyKey":"S_A1","index":1},"time":1554904763969},{"prop":"TEDExptTopic","value":{"ontologyKey":"S_A1_T2","index":2},"time":1554904763969},{"prop":"TEDExptVariable","value":{"ontologyKey":"S_A1_T2_V2","index":2},"time":1554904763969},{"prop":"TEDExptRQ","value":{"ontologyKey":"S_A1_T2_RQ2","index":2},"time":1554904763969},{"prop":"TEDExptVarNC1","value":{"ontologyKey":"S_A1_T2_V1","index":1},"time":1554904763969},{"prop":"TEDExptVarNC2","value":{"ontologyKey":"S_A1_T2_V3","index":3},"time":1554904763969},{"prop":"TEDExptVarNC3","value":{"ontologyKey":"S_A1_T2_V4","index":4},"time":1554904763969},{"prop":"TEDExptPOSTSequence","value":[{"ontologyKey":"S_A1_T2_V4","index":4},{"ontologyKey":"S_A1_T2_V1","index":1},{"ontologyKey":"S_A1_T2_V2","index":2},{"ontologyKey":"S_A1_T2_V3","index":3}],"time":1554904763969},{"prop":"TEDExpt1V1","value":{"ontologyKey":"S_A1_T2_V1_A","index":1},"time":1554904763969},{"prop":"TEDExpt2V1","value":{"ontologyKey":"S_A1_T2_V1_A","index":1},"time":1554904763969},{"prop":"TEDExpt1V2","value":{"ontologyKey":"S_A1_T2_V2_A","index":2},"time":1554904763969},{"prop":"TEDExpt2V2","value":{"ontologyKey":"S_A1_T2_V2_A","index":2},"time":1554904763969},{"prop":"TEDExpt1V3","value":{"ontologyKey":"S_A1_T2_V3_A","index":3},"time":1554904763969},{"prop":"TEDExpt2V3","value":{"ontologyKey":"S_A1_T2_V3_A","index":3},"time":1554904763969},{"prop":"TEDExpt1V4","value":{"ontologyKey":"S_A1_T2_V4_A","index":4},"time":1554904763969},{"prop":"TEDExpt2V4","value":{"ontologyKey":"S_A1_T2_V4_A","index":4},"time":1554904763969},{"prop":"TEDExpt2V1","value":{"ontologyKey":"S_A1_T2_V1_B","index":1},"time":1554904763969},{"prop":"TEDExpt2V2","value":{"ontologyKey":"S_A1_T2_V2_B","index":2},"time":1554904763970},{"prop":"TEDExptNC1SameDiff","value":{"ontologyKey":"TED_E1_Q7NC1DIFF","value":"diff","index":1},"time":1554904763970},{"prop":"TEDExptNC1Confound","value":{"ontologyKey":"S_A1_T2_V1","index":1},"time":1554904763970},{"prop":"TEDExptNC2SameDiff","value":{"ontologyKey":"TED_E1_Q7NC2SAME","value":"same","index":3},"time":1554904763970},{"prop":"TEDExptNC3SameDiff","value":{"ontologyKey":"TED_E1_Q7NC3SAME","value":"same","index":4},"time":1554904763970},{"prop":"Expt1_Q1","value":{"name":"{{$EFO_TED_E1_LISTYN|no}}","ontologyKey":"TED_E1_LISTYN|no","index":2,"value":true,"id":"correct"},"time":1554904870373},{"prop":"Expt2_Q","value":{"name":"{{$EFO_TED_E1_LISTYN|no}}","ontologyKey":"TED_E1_LISTYN|no","index":2,"value":true,"id":"correct"},"time":1554904870373},{"prop":"Expt2_Reason","value":{"name":"{{$EFO_TED_E1_LISTQ23|ans4}}","value":"$EFL_efdata.TED.E1.LISTQ23","ontologyKey":"TED_E1_LISTQ23|yes","index":4,"id":"4"},"time":1554904918949},{"prop":"Expt1_Q4","value":{"name":"{{$EFO_TED_E1_LISTYN|no}}","ontologyKey":"TED_E1_LISTYN|no","index":2,"value":true,"id":"correct"},"time":1554905002645},{"prop":"Imagine2","value":{"name":"{{$EFO_TED_E1_LISTYN|no}}","ontologyKey":"TED_E1_LISTYN|no","index":2,"value":true,"id":"correct"},"time":1554905002645}],"Expt1_Q1":{"name":"{{$EFO_TED_E1_LISTYN|no}}","ontologyKey":"TED_E1_LISTYN|no","index":2,"value":true,"id":"correct"},"Expt1_Q":{"name":"{{$EFO_TED_E1_LISTYN|yes}}","ontologyKey":"TED_E1_LISTYN|yes","index":1,"value":false,"id":"incorrect"},"Expt1_Reason":{"name":"{{$EFO_TED_E1_LISTQ23|ans2}}","value":"$EFL_efdata.TED.E1.LISTQ23","ontologyKey":"TED_E1_LISTQ23|yes","index":2,"id":"2"},"Expt1_Q4":{"name":"{{$EFO_TED_E1_LISTYN|no}}","ontologyKey":"TED_E1_LISTYN|no","index":2,"value":true,"id":"correct"},"Imagine1":{"name":"{{$EFO_TED_E1_LISTYN|no}}","ontologyKey":"TED_E1_LISTYN|no","index":2,"value":true,"id":"correct"},"Imagine1_Reason":{"name":"{{$EFO_TED_E1_LISTQ56|ans4}}","value":"$EFL_efdata.TED.E1.LISTQ56","ontologyKey":"TED_E1_LISTQ56|yes","index":4,"id":"4"},"FFocus:1":{"Row-2 Col-3":"Could cause","Row-3 Col-3":"Could Not cause","Row-4 Col-3":"Could cause"},"TEDFeatureFocus":["","Could cause","Could Not cause","Could cause"],"CHG:FFocus:1:Row-2 Col-3":"Could cause","CHG:FFocus:1:Row-3 Col-3":"Could Not cause","CHG:FFocus:1:Row-4 Col-3":"Could cause","FFocus:1_CorrExp:":{"Row-2 Col-1":"None","Row-3 Col-2":"Smooth","Row-4 Col-1":"Low"},"TEDcorrection":0,"CHG:FFocus:1_CorrExp::Row-2 Col-1":"None","CHG:FFocus:1_CorrExp::Row-3 Col-2":"Smooth","CHG:FFocus:1_CorrExp::Row-4 Col-1":"Low","FFocus:1_Explain:":{"name":"{{$EFO_TED_E1_LISTQ9|ans2}}","value":"$EFL_efdata.TED.E1.LISTQ9","ontologyKey":"TED_E1_LISTQ9|yes","index":2,"id":"2"},"Expt2_Q":{"name":"{{$EFO_TED_E1_LISTYN|no}}","ontologyKey":"TED_E1_LISTYN|no","index":2,"value":true,"id":"correct"},"Expt2_Reason":{"name":"{{$EFO_TED_E1_LISTQ23|ans4}}","value":"$EFL_efdata.TED.E1.LISTQ23","ontologyKey":"TED_E1_LISTQ23|yes","index":4,"id":"4"},"Imagine2":{"name":"{{$EFO_TED_E1_LISTYN|no}}","ontologyKey":"TED_E1_LISTYN|no","index":2,"value":true,"id":"correct"}},"tutor":{"experimentalGroup":{"ontologyKey":"EG_A2"},"$seq":[{"prop":"experimentalGroup.ontologyKey","value":"EG_A2","time":1554904187015}]}}