{"scene":{"SNavigator":{},"SScene1":{"complete":true,"$seq":[{"prop":"complete","value":false,"time":1557848362401},{"prop":"complete","value":true,"time":1557848409676}]},"SScene2":{"AreaSelected":true,"$seq":[{"prop":"AreaSelected","value":false,"time":1557848446021},{"prop":"AreaSelected","value":true,"time":1557848494745},{"prop":"Area Name:physical and chemical changes","time":1557848494746},{"prop":"Area Index:1","time":1557848494746}]},"SScene3":{"TopicSelected":true,"$seq":[{"prop":"TopicSelected","value":false,"time":1557848497226},{"prop":"TopicSelected","value":true,"time":1557848503424},{"prop":"Topic Index:2","time":1557848503425}]},"SScene4":{"complete":true,"$seq":[{"prop":"complete","value":false,"time":1557848503835},{"prop":"complete","value":true,"time":1557848524067}]},"SScene5":{"complete":true,"$seq":[{"prop":"complete","value":false,"time":1557848526097},{"prop":"complete","value":true,"time":1557848530476}]},"SScene5a":{"complete":true,"$seq":[{"prop":"complete","value":false,"time":1557848533066},{"prop":"complete","value":true,"time":1557848542506}]},"SScene6a":{},"SScene6b":{},"SScene6c":{},"SScene7":{"complete":false,"$seq":[{"prop":"complete","value":false,"time":1557848556298}]}},"module":{"selectedArea":{"ontologyKey":"S_A1|name","index":1},"$seq":[{"prop":"selectedArea.ontologyKey","value":"S_A1|name","time":1557848494745},{"prop":"selectedArea.index","value":1,"time":1557848494745},{"prop":"selectedTopic.ontologyKey","value":"S_A1_T2|name","time":1557848503424},{"prop":"selectedTopic.index","value":2,"time":1557848503424}],"selectedTopic":{"ontologyKey":"S_A1_T2|name","index":2}},"tutor":{"experimentalGroup":{"ontologyKey":"EG_A1"},"$seq":[{"prop":"experimentalGroup.ontologyKey","value":"EG_A1","time":1557848362280}]}}