{"scene":{"SNavigator":{},"SMatsIntro":{"complete":true,"$seq":[{"prop":"complete","value":false,"time":1276457652632},{"prop":"complete","value":true,"time":1276457666015}]},"SMatsPre1":{"complete":true,"$seq":[{"prop":"complete","value":false,"time":1276457669959},{"prop":"Sg3","value":"true","time":1276457686184},{"prop":"PreTest:Sg3","value":"b4","time":1276457686184},{"prop":"complete","value":false,"time":1276457686185},{"prop":"Sg3","value":"true","time":1276457686186},{"prop":"complete","value":false,"time":1276457686186},{"prop":"Sg1","value":"true","time":1276457692035},{"prop":"PreTest:Sg1","value":"b3","time":1276457692036},{"prop":"complete","value":false,"time":1276457692036},{"prop":"Sg1","value":"true","time":1276457692036},{"prop":"complete","value":false,"time":1276457692036},{"prop":"Sg2","value":"true","time":1276457695703},{"prop":"PreTest:Sg2","value":"b3","time":1276457695703},{"prop":"complete","value":false,"time":1276457695703},{"prop":"Sg2","value":"true","time":1276457695704},{"prop":"complete","value":false,"time":1276457695704},{"prop":"Sg4","value":"true","time":1276457701150},{"prop":"PreTest:Sg4","value":"b3","time":1276457701150},{"prop":"complete","value":true,"time":1276457701150},{"prop":"Sg4","value":"true","time":1276457701151},{"prop":"complete","value":true,"time":1276457701151},{"prop":"Sg4","value":"true","time":1276457705098},{"prop":"PreTest:Sg4","value":"b3","time":1276457705098},{"prop":"complete","value":true,"time":1276457705098},{"prop":"Sg4","value":"true","time":1276457705099},{"prop":"complete","value":true,"time":1276457705099},{"prop":"Sg4","value":"true","time":1276457706614},{"prop":"PreTest:Sg4","value":"b3","time":1276457706614},{"prop":"complete","value":true,"time":1276457706614},{"prop":"Sg4","value":"true","time":1276457706614},{"prop":"complete","value":true,"time":1276457706614},{"prop":"Sg4","value":"true","time":1276457707581},{"prop":"PreTest:Sg4","value":"b3","time":1276457707581},{"prop":"complete","value":true,"time":1276457707581},{"prop":"Sg4","value":"true","time":1276457707582},{"prop":"complete","value":true,"time":1276457707582},{"prop":"Sg4","value":"true","time":1276457708382},{"prop":"PreTest:Sg4","value":"b3","time":1276457708382},{"prop":"complete","value":true,"time":1276457708382},{"prop":"Sg4","value":"true","time":1276457708383},{"prop":"complete","value":true,"time":1276457708383},{"prop":"Sg4","value":"true","time":1276457709563},{"prop":"PreTest:Sg4","value":"b3","time":1276457709563},{"prop":"complete","value":true,"time":1276457709563},{"prop":"Sg4","value":"true","time":1276457709563},{"prop":"complete","value":true,"time":1276457709563},{"prop":"Sg4","value":"true","time":1276457710736},{"prop":"PreTest:Sg4","value":"b2","time":1276457710736},{"prop":"complete","value":true,"time":1276457710736},{"prop":"Sg4","value":"true","time":1276457710736},{"prop":"complete","value":true,"time":1276457710736},{"prop":"Sg4","value":"true","time":1276457711172},{"prop":"PreTest:Sg4","value":"b2","time":1276457711172},{"prop":"complete","value":true,"time":1276457711172},{"prop":"Sg4","value":"true","time":1276457711172},{"prop":"complete","value":true,"time":1276457711172}],"Sg3":"true","PreTest:Sg3":"b4","Sg1":"true","PreTest:Sg1":"b3","Sg2":"true","PreTest:Sg2":"b3","Sg4":"true","PreTest:Sg4":"b2"},"SMatsPre2":{"complete":true,"$seq":[{"prop":"complete","value":false,"time":1276457713540},{"prop":"Sg1","value":"true","time":1276457719785},{"prop":"PreTest:Sg1","value":"b2","time":1276457719785},{"prop":"complete","value":false,"time":1276457719785},{"prop":"Sg1","value":"true","time":1276457719786},{"prop":"complete","value":false,"time":1276457719786},{"prop":"Sg2","value":"true","time":1276457725597},{"prop":"PreTest:Sg2","value":"b2","time":1276457725597},{"prop":"complete","value":false,"time":1276457725597},{"prop":"Sg2","value":"true","time":1276457725598},{"prop":"complete","value":false,"time":1276457725598},{"prop":"Sg3","value":"true","time":1276457732558},{"prop":"PreTest:Sg3","value":"b2","time":1276457732558},{"prop":"complete","value":false,"time":1276457732558},{"prop":"Sg3","value":"true","time":1276457732558},{"prop":"complete","value":false,"time":1276457732558},{"prop":"Sg4","value":"true","time":1276457741557},{"prop":"PreTest:Sg4","value":"b3","time":1276457741557},{"prop":"complete","value":true,"time":1276457741557},{"prop":"Sg4","value":"true","time":1276457741558},{"prop":"complete","value":true,"time":1276457741558}],"Sg1":"true","PreTest:Sg1":"b2","Sg2":"true","PreTest:Sg2":"b2","Sg3":"true","PreTest:Sg3":"b2","Sg4":"true","PreTest:Sg4":"b3"},"SMatsPre3":{"complete":true,"$seq":[{"prop":"complete","value":false,"time":1276457747766},{"prop":"Sg1","value":"true","time":1276457752888},{"prop":"PreTest:Sg1","value":"b4","time":1276457752888},{"prop":"complete","value":false,"time":1276457752888},{"prop":"Sg1","value":"true","time":1276457752889},{"prop":"complete","value":false,"time":1276457752889},{"prop":"Sg2","value":"true","time":1276457756053},{"prop":"PreTest:Sg2","value":"b3","time":1276457756053},{"prop":"complete","value":false,"time":1276457756053},{"prop":"Sg2","value":"true","time":1276457756053},{"prop":"complete","value":false,"time":1276457756053},{"prop":"Sg3","value":"true","time":1276457763659},{"prop":"PreTest:Sg3","value":"b3","time":1276457763659},{"prop":"complete","value":false,"time":1276457763659},{"prop":"Sg3","value":"true","time":1276457763659},{"prop":"complete","value":false,"time":1276457763659},{"prop":"Sg4","value":"true","time":1276457769416},{"prop":"PreTest:Sg4","value":"b4","time":1276457769416},{"prop":"complete","value":true,"time":1276457769416},{"prop":"Sg4","value":"true","time":1276457769416},{"prop":"complete","value":true,"time":1276457769417}],"Sg1":"true","PreTest:Sg1":"b4","Sg2":"true","PreTest:Sg2":"b3","Sg3":"true","PreTest:Sg3":"b3","Sg4":"true","PreTest:Sg4":"b4"},"SMatsPre4":{"complete":true,"$seq":[{"prop":"complete","value":false,"time":1276457770811},{"prop":"Sg1","value":"true","time":1276457778837},{"prop":"PreTest:Sg1","value":"b1","time":1276457778838},{"prop":"complete","value":false,"time":1276457778838},{"prop":"Sg1","value":"true","time":1276457778838},{"prop":"complete","value":false,"time":1276457778839},{"prop":"Sg2","value":"true","time":1276457784751},{"prop":"PreTest:Sg2","value":"b2","time":1276457784751},{"prop":"complete","value":true,"time":1276457784751},{"prop":"prompted","value":true,"time":1276457784752},{"prop":"Sg2","value":"true","time":1276457784752},{"prop":"complete","value":true,"time":1276457784752},{"prop":"complete","value":true,"time":1276457792357}],"Sg1":"true","PreTest:Sg1":"b1","Sg2":"true","PreTest:Sg2":"b2","prompted":true},"SSceneEnd":{"complete":false,"$seq":[{"prop":"complete","value":false,"time":1276457792469}]}},"module":{},"tutor":{}}