{"sceneState":{"SNavigator":{},"SScene1":{"rowsComplete":4,"$seq":[{"prop":"rowsComplete","value":0,"time":1276229505710},{"prop":"complete","value":false,"time":1276229506025},{"prop":"currentRow","value":1,"time":1276229512316},{"prop":"correct","value":true,"time":1276229512316},{"prop":"correct","value":false,"time":1276229512332},{"prop":"correct","value":false,"time":1276229517657},{"prop":"correct","value":false,"time":1276229517659},{"prop":"TVSel.col1","value":2,"time":1276229529482},{"prop":"TVSel.col2","value":1,"time":1276229532469},{"prop":"correct","value":true,"time":1276229532469},{"prop":"correct","value":false,"time":1276229532494},{"prop":"rowsComplete","value":1,"time":1276229532497},{"prop":"currentRow","value":0,"time":1276229541685},{"prop":"currentRow","value":2,"time":1276229541685},{"prop":"correct","value":false,"time":1276229541686},{"prop":"VSel.col1","value":null,"time":1276229541687},{"prop":"VSel.col2","value":null,"time":1276229541687},{"prop":"correct","value":false,"time":1276229541688},{"prop":"VSel.col1","value":2,"time":1276229562964},{"prop":"VSel.col2","value":1,"time":1276229564638},{"prop":"correct","value":false,"time":1276229564638},{"prop":"correct","value":false,"time":1276229564685},{"prop":"VSel.col2","value":2,"time":1276229567106},{"prop":"correct","value":true,"time":1276229567106},{"prop":"correct","value":false,"time":1276229567131},{"prop":"rowsComplete","value":2,"time":1276229567134},{"prop":"currentRow","value":3,"time":1276229572556},{"prop":"correct","value":false,"time":1276229572557},{"prop":"VSel.col1","value":null,"time":1276229572557},{"prop":"VSel.col2","value":null,"time":1276229572557},{"prop":"correct","value":false,"time":1276229572558},{"prop":"VSel.col1","value":1,"time":1276229577140},{"prop":"VSel.col2","value":2,"time":1276229578890},{"prop":"correct","value":false,"time":1276229578890},{"prop":"correct","value":false,"time":1276229578938},{"prop":"VSel.col2","value":1,"time":1276229580301},{"prop":"correct","value":true,"time":1276229580301},{"prop":"correct","value":false,"time":1276229580328},{"prop":"rowsComplete","value":3,"time":1276229580329},{"prop":"currentRow","value":4,"time":1276229585703},{"prop":"correct","value":false,"time":1276229585703},{"prop":"VSel.col1","value":null,"time":1276229585703},{"prop":"VSel.col2","value":null,"time":1276229585703},{"prop":"correct","value":false,"time":1276229585704},{"prop":"VSel.col1","value":1,"time":1276229603445},{"prop":"VSel.col2","value":1,"time":1276229606288},{"prop":"correct","value":true,"time":1276229606288},{"prop":"correct","value":false,"time":1276229606327},{"prop":"rowsComplete","value":4,"time":1276229606329},{"prop":"currentRow","value":5,"time":1276229611632},{"prop":"complete","value":true,"time":1276229611632},{"prop":"correct","value":false,"time":1276229611632}],"complete":true,"currentRow":5,"correct":false,"TVSel":{"col1":2,"col2":1},"VSel":{"col1":1,"col2":1}},"SScene2":{"complete":true,"$seq":[{"prop":"complete","value":false,"time":1276229613058},{"prop":"complete","value":true,"time":1276229633357},{"prop":"correct","value":false,"time":1276229634888}],"correct":false},"SSceneEnd":{}},"moduleState":{"selectedArea":{"ontologyKey":"S_A1|name","index":1},"selectedTopic":{"ontologyKey":"S_A1_T1|name","index":1},"selectedVariable":{"ontologyKey":"S_A1_T1_V1|name","index":1},"selectedRQ":{"ontologyKey":"S_A1_T1_RQ1","index":"1"},"RQconfirmation":"UNKNOWN","TEDExptNonTarget":[1,3,4],"TEDExptConfounds":[3,4,1],"TEDExptDifferent":[3,4,1,2],"TEDExptArea":{"ontologyKey":"S_A1","index":1},"TEDExptTopic":{"ontologyKey":"S_A1_T1","index":1},"TEDExptVariable":{"ontologyKey":"S_A1_T1_V2","index":2},"TEDExptRQ":{"ontologyKey":"S_A1_T1_RQ2","index":2},"TEDExptVarNC1":{"ontologyKey":"S_A1_T1_V1","index":1},"TEDExptVarNC2":{"ontologyKey":"S_A1_T1_V3","index":3},"TEDExptVarNC3":{"ontologyKey":"S_A1_T1_V4","index":4},"TEDExptPOSTSequence":[{"ontologyKey":"S_A1_T1_V1","index":1},{"ontologyKey":"S_A1_T1_V2","index":2},{"ontologyKey":"S_A1_T1_V3","index":3},{"ontologyKey":"S_A1_T1_V4","index":4}],"TEDExpt1V1":{"ontologyKey":"S_A1_T1_V1_A","index":1},"TEDExpt2V1":{"ontologyKey":"S_A1_T1_V1_B","index":1},"TEDExpt1V2":{"ontologyKey":"S_A1_T1_V2_A","index":2},"TEDExpt2V2":{"ontologyKey":"S_A1_T1_V2_B","index":2},"TEDExpt1V3":{"ontologyKey":"S_A1_T1_V3_A","index":3},"TEDExpt2V3":{"ontologyKey":"S_A1_T1_V3_B","index":3},"TEDExpt1V4":{"ontologyKey":"S_A1_T1_V4_A","index":4},"TEDExpt2V4":{"ontologyKey":"S_A1_T1_V4_B","index":4},"TEDExptNC1SameDiff":{"ontologyKey":"TED_E1_Q7NC1DIFF","value":"diff","index":1},"TEDExptNC1Confound":{"ontologyKey":"S_A1_T1_V1","index":1},"TEDExptNC2SameDiff":{"ontologyKey":"TED_E1_Q7NC2DIFF","value":"diff","index":3},"TEDExptNC2Confound":{"ontologyKey":"S_A1_T1_V3","index":3},"TEDExptNC3SameDiff":{"ontologyKey":"TED_E1_Q7NC3DIFF","value":"diff","index":4},"TEDExptNC3Confound":{"ontologyKey":"S_A1_T1_V4","index":4},"differentRow":1,"sameRow1":2,"sameRow2":3,"sameRow3":4},"tutorState":{"experimentalGroup":{"ontologyKey":"EG_A1"}},"fFeatures":{"0":true,"FTR_CHOICE":true,"FTR_TED_1_6":true,"FTR_PASS2":true,"FTR_TEDEXP1":true,"FTR_CRYSTAL":true,"FTR_POST1":true,"FTR_IVLAST":true},"featureID":{"varsel":{"FTR_CRYSTAL":true}}}