{"scene":{"SNavigator":{},"SMatsIntro":{"complete":true,"$seq":[{"prop":"complete","value":false,"time":1263596824972},{"prop":"complete","value":true,"time":1263596838778}]},"SMatsPre1":{"complete":true,"$seq":[{"prop":"complete","value":false,"time":1263596839722},{"prop":"Sg1","value":"true","time":1263596844951},{"prop":"PreTest:Sg1","value":"b5","time":1263596844951},{"prop":"complete","value":false,"time":1263596844951},{"prop":"Sg1","value":"true","time":1263596844953},{"prop":"complete","value":false,"time":1263596844953},{"prop":"Sg2","value":"true","time":1263596849979},{"prop":"PreTest:Sg2","value":"b3","time":1263596849979},{"prop":"complete","value":false,"time":1263596849979},{"prop":"Sg2","value":"true","time":1263596849979},{"prop":"complete","value":false,"time":1263596849980},{"prop":"Sg3","value":"true","time":1263596855146},{"prop":"PreTest:Sg3","value":"b4","time":1263596855146},{"prop":"complete","value":false,"time":1263596855147},{"prop":"Sg3","value":"true","time":1263596855147},{"prop":"complete","value":false,"time":1263596855147},{"prop":"Sg3","value":"true","time":1263596856507},{"prop":"PreTest:Sg3","value":"b3","time":1263596856507},{"prop":"complete","value":false,"time":1263596856507},{"prop":"Sg3","value":"true","time":1263596856508},{"prop":"complete","value":false,"time":1263596856508},{"prop":"Sg3","value":"true","time":1263596857192},{"prop":"PreTest:Sg3","value":"b2","time":1263596857192},{"prop":"complete","value":false,"time":1263596857192},{"prop":"Sg3","value":"true","time":1263596857192},{"prop":"complete","value":false,"time":1263596857192},{"prop":"Sg4","value":"true","time":1263596861252},{"prop":"PreTest:Sg4","value":"b2","time":1263596861252},{"prop":"complete","value":true,"time":1263596861252},{"prop":"Sg4","value":"true","time":1263596861253},{"prop":"complete","value":true,"time":1263596861253},{"prop":"Sg4","value":"true","time":1263596863506},{"prop":"PreTest:Sg4","value":"b4","time":1263596863506},{"prop":"complete","value":true,"time":1263596863506},{"prop":"Sg4","value":"true","time":1263596863507},{"prop":"complete","value":true,"time":1263596863507}],"Sg1":"true","PreTest:Sg1":"b5","Sg2":"true","PreTest:Sg2":"b3","Sg3":"true","PreTest:Sg3":"b2","Sg4":"true","PreTest:Sg4":"b4"},"SMatsPre2":{"complete":true,"$seq":[{"prop":"complete","value":false,"time":1263596864728},{"prop":"Sg1","value":"true","time":1263596869884},{"prop":"PreTest:Sg1","value":"b3","time":1263596869885},{"prop":"complete","value":false,"time":1263596869885},{"prop":"Sg1","value":"true","time":1263596869885},{"prop":"complete","value":false,"time":1263596869885},{"prop":"Sg2","value":"true","time":1263596874301},{"prop":"PreTest:Sg2","value":"b4","time":1263596874301},{"prop":"complete","value":false,"time":1263596874301},{"prop":"Sg2","value":"true","time":1263596874301},{"prop":"complete","value":false,"time":1263596874301},{"prop":"Sg3","value":"true","time":1263596877871},{"prop":"PreTest:Sg3","value":"b3","time":1263596877871},{"prop":"complete","value":false,"time":1263596877871},{"prop":"Sg3","value":"true","time":1263596877871},{"prop":"complete","value":false,"time":1263596877871},{"prop":"Sg4","value":"true","time":1263596923367},{"prop":"PreTest:Sg4","value":"b2","time":1263596923367},{"prop":"complete","value":true,"time":1263596923367},{"prop":"Sg4","value":"true","time":1263596923367},{"prop":"complete","value":true,"time":1263596923367}],"Sg1":"true","PreTest:Sg1":"b3","Sg2":"true","PreTest:Sg2":"b4","Sg3":"true","PreTest:Sg3":"b3","Sg4":"true","PreTest:Sg4":"b2"},"SMatsPre3":{"complete":true,"$seq":[{"prop":"complete","value":false,"time":1263596924630},{"prop":"Sg1","value":"true","time":1263596930689},{"prop":"PreTest:Sg1","value":"b4","time":1263596930689},{"prop":"complete","value":false,"time":1263596930689},{"prop":"Sg1","value":"true","time":1263596930689},{"prop":"complete","value":false,"time":1263596930689},{"prop":"Sg2","value":"true","time":1263596933022},{"prop":"PreTest:Sg2","value":"b3","time":1263596933022},{"prop":"complete","value":false,"time":1263596933022},{"prop":"Sg2","value":"true","time":1263596933022},{"prop":"complete","value":false,"time":1263596933022},{"prop":"Sg3","value":"true","time":1263596936981},{"prop":"PreTest:Sg3","value":"b4","time":1263596936981},{"prop":"complete","value":false,"time":1263596936981},{"prop":"Sg3","value":"true","time":1263596936982},{"prop":"complete","value":false,"time":1263596936982},{"prop":"Sg4","value":"true","time":1263596942359},{"prop":"PreTest:Sg4","value":"b4","time":1263596942359},{"prop":"complete","value":true,"time":1263596942359},{"prop":"Sg4","value":"true","time":1263596942359},{"prop":"complete","value":true,"time":1263596942359},{"prop":"Sg4","value":"true","time":1263596942739},{"prop":"PreTest:Sg4","value":"b4","time":1263596942739},{"prop":"complete","value":true,"time":1263596942739},{"prop":"Sg4","value":"true","time":1263596942740},{"prop":"complete","value":true,"time":1263596942740}],"Sg1":"true","PreTest:Sg1":"b4","Sg2":"true","PreTest:Sg2":"b3","Sg3":"true","PreTest:Sg3":"b4","Sg4":"true","PreTest:Sg4":"b4"},"SMatsPre4":{"complete":true,"$seq":[{"prop":"complete","value":false,"time":1263596943464},{"prop":"Sg1","value":"true","time":1263596956438},{"prop":"PreTest:Sg1","value":"b2","time":1263596956438},{"prop":"complete","value":false,"time":1263596956438},{"prop":"Sg1","value":"true","time":1263596956439},{"prop":"complete","value":false,"time":1263596956439},{"prop":"Sg2","value":"true","time":1263596965456},{"prop":"PreTest:Sg2","value":"b1","time":1263596965456},{"prop":"complete","value":true,"time":1263596965456},{"prop":"prompted","value":true,"time":1263596965457},{"prop":"Sg2","value":"true","time":1263596965457},{"prop":"complete","value":true,"time":1263596965457},{"prop":"complete","value":true,"time":1263596966506}],"Sg1":"true","PreTest:Sg1":"b2","Sg2":"true","PreTest:Sg2":"b1","prompted":true},"SSceneEnd":{"complete":false,"$seq":[{"prop":"complete","value":false,"time":1263596966620}]}},"module":{},"tutor":{}}