{"scene":{"SNavigator":{},"SScene1":{"complete":true,"$seq":[{"prop":"complete","value":false,"time":1543860107952},{"prop":"complete","value":true,"time":1543860160875}]},"SScene2":{"AreaSelected":true,"$seq":[{"prop":"AreaSelected","value":false,"time":1543860165501},{"prop":"AreaSelected","value":true,"time":1543860224935},{"prop":"Area Name:physical and chemical changes","time":1543860224937},{"prop":"Area Index:1","time":1543860224937}]},"SScene3":{"TopicSelected":true,"$seq":[{"prop":"TopicSelected","value":false,"time":1543860227947},{"prop":"TopicSelected","value":true,"time":1543860240682},{"prop":"Topic Index:2","time":1543860240684}]},"SScene4":{"complete":true,"$seq":[{"prop":"complete","value":false,"time":1543860241079},{"prop":"complete","value":true,"time":1543860261714}]},"SScene5":{"complete":true,"$seq":[{"prop":"complete","value":false,"time":1543860265375},{"prop":"complete","value":true,"time":1543860270017}]},"SScene5a":{"complete":false,"$seq":[{"prop":"complete","value":false,"time":1543860271997}]}},"module":{"selectedArea":{"ontologyKey":"S_A1|name","index":1},"$seq":[{"prop":"selectedArea.ontologyKey","value":"S_A1|name","time":1543860224935},{"prop":"selectedArea.index","value":1,"time":1543860224935},{"prop":"selectedTopic.ontologyKey","value":"S_A1_T2|name","time":1543860240682},{"prop":"selectedTopic.index","value":2,"time":1543860240682}],"selectedTopic":{"ontologyKey":"S_A1_T2|name","index":2}},"tutor":{"experimentalGroup":{"ontologyKey":"EG_A1"},"$seq":[{"prop":"experimentalGroup.ontologyKey","value":"EG_A1","time":1543860107847}]}}