{"scene":{"SNavigator":{},"SScene1":{"complete":true,"$seq":[{"prop":"complete","value":false,"time":1543860107952},{"prop":"complete","value":true,"time":1543860160875}]},"SScene2":{"AreaSelected":true,"$seq":[{"prop":"AreaSelected","value":false,"time":1543860165501},{"prop":"AreaSelected","value":true,"time":1543860224935},{"prop":"Area Name:physical and chemical changes","time":1543860224937},{"prop":"Area Index:1","time":1543860224937}]},"SScene3":{"TopicSelected":true,"$seq":[{"prop":"TopicSelected","value":false,"time":1543860227947},{"prop":"TopicSelected","value":true,"time":1543860240682},{"prop":"Topic Index:2","time":1543860240684}]},"SScene4":{"complete":true,"$seq":[{"prop":"complete","value":false,"time":1543860241079},{"prop":"complete","value":true,"time":1543860261714}]},"SScene5":{"complete":true,"$seq":[{"prop":"complete","value":false,"time":1543860265375},{"prop":"complete","value":true,"time":1543860270017}]},"SScene5a":{"complete":true,"$seq":[{"prop":"complete","value":false,"time":1543860271997},{"prop":"complete","value":true,"time":1543860283976}]},"SScene6a":{},"SScene6b":{},"SScene6c":{},"SScene7":{"complete":true,"$seq":[{"prop":"complete","value":false,"time":1543860300523},{"prop":"complete","value":true,"time":1543860324648}]},"SScene8":{"complete":true,"$seq":[{"prop":"complete","value":false,"time":1543860327238},{"prop":"complete","value":true,"time":1543860369548}]},"SScene9":{"RQSelected":true,"$seq":[{"prop":"RQSelected","value":false,"time":1543860371986},{"prop":"RQSelected","value":true,"time":1543860380391},{"prop":"Variable Index:3","time":1543860380392}]},"SScene10":{"RQconfirmed":false,"$seq":[{"prop":"RQconfirmed","value":false,"time":1543860380538}]}},"module":{"selectedArea":{"ontologyKey":"S_A1|name","index":1},"$seq":[{"prop":"selectedArea.ontologyKey","value":"S_A1|name","time":1543860224935},{"prop":"selectedArea.index","value":1,"time":1543860224935},{"prop":"selectedTopic.ontologyKey","value":"S_A1_T2|name","time":1543860240682},{"prop":"selectedTopic.index","value":2,"time":1543860240682},{"prop":"selectedVariable.ontologyKey","value":"S_A1_T2_V3|name","time":1543860380392},{"prop":"selectedVariable.index","value":3,"time":1543860380392},{"prop":"selectedRQ","value":{"ontologyKey":"S_A1_T2_RQ3","index":"3"},"time":1543860380392},{"prop":"RQconfirmation","value":"UNKNOWN","time":1543860380538}],"selectedTopic":{"ontologyKey":"S_A1_T2|name","index":2},"selectedVariable":{"ontologyKey":"S_A1_T2_V3|name","index":3},"selectedRQ":{"ontologyKey":"S_A1_T2_RQ3","index":"3"},"RQconfirmation":"UNKNOWN"},"tutor":{"experimentalGroup":{"ontologyKey":"EG_A1"},"$seq":[{"prop":"experimentalGroup.ontologyKey","value":"EG_A1","time":1543860107847}]}}