{"scene":{"SNavigator":{},"SScene1":{"complete":true,"$seq":[{"prop":"complete","value":false,"time":1554828164077},{"prop":"complete","value":true,"time":1554828216491}]},"SScene2":{"AreaSelected":true,"$seq":[{"prop":"AreaSelected","value":false,"time":1554828220376},{"prop":"AreaSelected","value":true,"time":1554828289285},{"prop":"Area Name:physical and chemical changes","time":1554828289286},{"prop":"Area Index:1","time":1554828289287}]},"SScene3":{"TopicSelected":true,"$seq":[{"prop":"TopicSelected","value":false,"time":1554828293065},{"prop":"TopicSelected","value":true,"time":1554828304631},{"prop":"Topic Index:2","time":1554828304632}]},"SScene4":{"complete":true,"$seq":[{"prop":"complete","value":false,"time":1554828305047},{"prop":"complete","value":true,"time":1554828325919}]},"SScene5":{"complete":true,"$seq":[{"prop":"complete","value":false,"time":1554828327821},{"prop":"complete","value":true,"time":1554828332469}]},"SScene5a":{"complete":false,"$seq":[{"prop":"complete","value":false,"time":1554828334473}]}},"module":{"selectedArea":{"ontologyKey":"S_A1|name","index":1},"$seq":[{"prop":"selectedArea","value":{"ontologyKey":"S_A1|name","index":1},"time":1554828163976},{"prop":"selectedTopic","value":{"ontologyKey":"S_A1_T2|name","index":2},"time":1554828163976},{"prop":"selectedVariable","value":{"ontologyKey":"S_A1_T2_V4|name","index":4},"time":1554828163976},{"prop":"selectedRQ","value":{"ontologyKey":"S_A1_T2_RQ4"},"time":1554828163976},{"prop":"AreaSelectedID","value":"Sarea1|Sselected","time":1554828163976},{"prop":"AreaButtonID","value":"Sbutton1","time":1554828163976},{"prop":"TopicSelectedID","value":"Stopic2|Sselected","time":1554828163976},{"prop":"TopicButtonID","value":"Sbutton2","time":1554828163976},{"prop":"VariableHighlightID","value":"SbuttonHL4","time":1554828163976},{"prop":"VariableClickMaskID","value":"SclickMask4","time":1554828163976},{"prop":"selectedArea.ontologyKey","value":"S_A1|name","time":1554828289285},{"prop":"selectedArea.index","value":1,"time":1554828289285},{"prop":"selectedTopic.ontologyKey","value":"S_A1_T2|name","time":1554828304631},{"prop":"selectedTopic.index","value":2,"time":1554828304631}],"selectedTopic":{"ontologyKey":"S_A1_T2|name","index":2},"selectedVariable":{"ontologyKey":"S_A1_T2_V4|name","index":4},"selectedRQ":{"ontologyKey":"S_A1_T2_RQ4"},"AreaSelectedID":"Sarea1|Sselected","AreaButtonID":"Sbutton1","TopicSelectedID":"Stopic2|Sselected","TopicButtonID":"Sbutton2","VariableHighlightID":"SbuttonHL4","VariableClickMaskID":"SclickMask4"},"tutor":{"experimentalGroup":{"ontologyKey":"EG_A2"},"$seq":[{"prop":"experimentalGroup.ontologyKey","value":"EG_A2","time":1554828163975}]}}