{"scene":{"SNavigator":{},"SScene1":{"rowsComplete":4,"$seq":[{"prop":"rowsComplete","value":0,"time":1542221940822},{"prop":"complete","value":false,"time":1542221941147},{"prop":"currentRow","value":2,"time":1542221951434},{"prop":"correct","value":false,"time":1542221951434},{"prop":"correct","value":false,"time":1542221951452},{"prop":"currentRow","value":3,"time":1542221960423},{"prop":"correct","value":true,"time":1542221960423},{"prop":"correct","value":false,"time":1542221960454},{"prop":"correct","value":false,"time":1542221965955},{"prop":"correct","value":false,"time":1542221965957},{"prop":"TVSel.col1","value":1,"time":1542221980970},{"prop":"TVSel.col2","value":1,"time":1542221984383},{"prop":"correct","value":false,"time":1542221984384},{"prop":"correct","value":false,"time":1542221984419},{"prop":"TVSel.col1","value":2,"time":1542221990357},{"prop":"correct","value":true,"time":1542221990359},{"prop":"correct","value":false,"time":1542221990382},{"prop":"rowsComplete","value":1,"time":1542221990386},{"prop":"currentRow","value":0,"time":1542222000135},{"prop":"currentRow","value":1,"time":1542222000135},{"prop":"correct","value":false,"time":1542222000136},{"prop":"VSel.col1","value":null,"time":1542222000136},{"prop":"VSel.col2","value":null,"time":1542222000136},{"prop":"correct","value":false,"time":1542222000137},{"prop":"VSel.col1","value":2,"time":1542222015852},{"prop":"VSel.col2","value":1,"time":1542222017396},{"prop":"correct","value":false,"time":1542222017396},{"prop":"correct","value":false,"time":1542222017416},{"prop":"VSel.col2","value":2,"time":1542222023189},{"prop":"correct","value":true,"time":1542222023189},{"prop":"correct","value":false,"time":1542222023225},{"prop":"rowsComplete","value":2,"time":1542222023227},{"prop":"currentRow","value":2,"time":1542222028917},{"prop":"correct","value":false,"time":1542222028919},{"prop":"VSel.col1","value":null,"time":1542222028920},{"prop":"VSel.col2","value":null,"time":1542222028920},{"prop":"correct","value":false,"time":1542222028922},{"prop":"VSel.col1","value":2,"time":1542222036604},{"prop":"VSel.col2","value":2,"time":1542222038287},{"prop":"correct","value":true,"time":1542222038287},{"prop":"correct","value":false,"time":1542222038317},{"prop":"rowsComplete","value":3,"time":1542222038320},{"prop":"currentRow","value":4,"time":1542222043988},{"prop":"correct","value":false,"time":1542222043989},{"prop":"VSel.col1","value":null,"time":1542222043990},{"prop":"VSel.col2","value":null,"time":1542222043990},{"prop":"correct","value":false,"time":1542222043991},{"prop":"VSel.col1","value":1,"time":1542222049249},{"prop":"VSel.col2","value":1,"time":1542222051855},{"prop":"correct","value":true,"time":1542222051856},{"prop":"correct","value":false,"time":1542222051905},{"prop":"rowsComplete","value":4,"time":1542222051908},{"prop":"currentRow","value":5,"time":1542222057668},{"prop":"complete","value":true,"time":1542222057668},{"prop":"correct","value":false,"time":1542222057670}],"complete":true,"currentRow":5,"correct":false,"TVSel":{"col1":2,"col2":1},"VSel":{"col1":1,"col2":1}},"SScene2":{"complete":true,"$seq":[{"prop":"complete","value":false,"time":1542222059033},{"prop":"complete","value":true,"time":1542222081206},{"prop":"correct","value":false,"time":1542222082909}],"correct":false},"SScene3":{"complete":true,"$seq":[{"prop":"complete","value":false,"time":1542222082987},{"prop":"complete","value":true,"time":1542222090557}]},"SScene4":{"complete":true,"$seq":[{"prop":"complete","value":false,"time":1542222093198},{"prop":"complete","value":true,"time":1542222105155}]},"SScene5":{"complete":true,"$seq":[{"prop":"complete","value":false,"time":1542222106539},{"prop":"complete","value":true,"time":1542222112426}]},"SScene6":{"complete":true,"$seq":[{"prop":"complete","value":false,"time":1542222113077},{"prop":"complete","value":true,"time":1542222124650}]},"SScene7":{"complete":true,"$seq":[{"prop":"complete","value":false,"time":1542222536494},{"prop":"complete","value":true,"time":1542222546318}]},"SScene8":{"complete":true,"$seq":[{"prop":"complete","value":false,"time":1542222551926},{"prop":"complete","value":true,"time":1542222608985}]},"SScene9":{"complete":false,"$seq":[{"prop":"complete","value":false,"time":1542222622271},{"prop":"complete","value":true,"time":1542222629108},{"prop":"complete","value":false,"time":1542222633407}]},"SScene11":{"complete":true,"$seq":[{"prop":"complete","value":false,"time":1542222227079},{"prop":"complete","value":true,"time":1542222257389}]},"SScene12":{"complete":true,"$seq":[{"prop":"complete","value":false,"time":1542222659960},{"prop":"complete","value":true,"time":1542222667907}]},"SScene12A":{"complete":false,"$seq":[{"prop":"complete","value":false,"time":1542222669572},{"prop":"complete","value":true,"time":1542222690234},{"prop":"complete","value":false,"time":1542222692285},{"prop":"complete","value":false,"time":1542222694831},{"prop":"complete","value":false,"time":1542222696189},{"prop":"complete","value":false,"time":1542222700239},{"prop":"complete","value":false,"time":1542222701661},{"prop":"complete","value":false,"time":1542222703019},{"prop":"complete","value":false,"time":1542222704293}]},"SScene14":{"complete":false,"$seq":[{"prop":"complete","value":true,"time":1542222310318},{"prop":"complete","value":false,"time":1542222312695},{"prop":"complete","value":false,"time":1542222324141}]},"SScene15":{"complete":true,"$seq":[{"prop":"complete","value":false,"time":1542222743866},{"prop":"complete","value":false,"time":1542222771102},{"prop":"complete","value":false,"time":1542222772828},{"prop":"complete","value":true,"time":1542222773964},{"prop":"complete","value":false,"time":1542222775228},{"prop":"complete","value":false,"time":1542222776451},{"prop":"complete","value":false,"time":1542222777950},{"prop":"complete","value":true,"time":1542222823833}]},"SScene16":{"complete":false,"$seq":[{"prop":"complete","value":false,"time":1542222826582}]},"SScene17":{"complete":true,"$seq":[{"prop":"complete","value":false,"time":1542222462838},{"prop":"complete","value":true,"time":1542222491492},{"prop":"complete","value":false,"time":1542222492733},{"prop":"complete","value":false,"time":1542222498803},{"prop":"complete","value":false,"time":1542222500553},{"prop":"complete","value":false,"time":1542222504104},{"prop":"complete","value":false,"time":1542222505843},{"prop":"complete","value":false,"time":1542222507942},{"prop":"complete","value":false,"time":1542222509708},{"prop":"complete","value":false,"time":1542222513577},{"prop":"complete","value":false,"time":1542222515310},{"prop":"complete","value":false,"time":1542222516834},{"prop":"complete","value":false,"time":1542222518610},{"prop":"complete","value":false,"time":1542222523871},{"prop":"complete","value":false,"time":1542222525631},{"prop":"complete","value":true,"time":1542222527716}]},"SScene10":{"complete":true,"$seq":[{"prop":"complete","value":false,"time":1542222636876},{"prop":"complete","value":true,"time":1542222656908}]},"SScene13":{"complete":false,"$seq":[{"prop":"complete","value":false,"time":1542222705616},{"prop":"complete","value":true,"time":1542222732261},{"prop":"complete","value":false,"time":1542222733165}]}},"module":{"EFMod_TEDInstr":{"selectedArea":{"index":1,"ontologyKey":"STBL_A1|name"},"$seq":[{"prop":"selectedArea.index","value":1,"time":1542221940714},{"prop":"selectedArea.ontologyKey","value":"STBL_A1|name","time":1542221940714},{"prop":"selectedTopic.index","value":2,"time":1542221940714},{"prop":"selectedTopic.ontologyKey","value":"STBL_A1_T2|name","time":1542221940714},{"prop":"selectedVariable.index","value":3,"time":1542221940714},{"prop":"selectedVariable.ontologyKey","value":"STBL_A1_T2_V3|name","time":1542221940714},{"prop":"TEDExptNonTarget","value":[1,2,3],"time":1542221940799},{"prop":"TEDExptConfounds","value":[1,2,3],"time":1542221940799},{"prop":"TEDExptDifferent","value":[1,2,3,4],"time":1542221940799},{"prop":"TEDExptArea","value":{"ontologyKey":"STBL_A1","index":1},"time":1542221940799},{"prop":"TEDExptTopic","value":{"ontologyKey":"STBL_A1_T2","index":2},"time":1542221940799},{"prop":"TEDExptVariable","value":{"ontologyKey":"STBL_A1_T2_V4","index":4},"time":1542221940799},{"prop":"TEDExptRQ","value":{"ontologyKey":"S_A1_T2_RQ4","index":4},"time":1542221940799},{"prop":"TEDExptVarNC1","value":{"ontologyKey":"STBL_A1_T2_V1","index":1},"time":1542221940799},{"prop":"TEDExptVarNC2","value":{"ontologyKey":"STBL_A1_T2_V2","index":2},"time":1542221940799},{"prop":"TEDExptVarNC3","value":{"ontologyKey":"STBL_A1_T2_V3","index":3},"time":1542221940799},{"prop":"TEDExptPOSTSequence","value":[{"ontologyKey":"STBL_A1_T2_V3","index":3},{"ontologyKey":"STBL_A1_T2_V4","index":4},{"ontologyKey":"STBL_A1_T2_V1","index":1},{"ontologyKey":"STBL_A1_T2_V2","index":2}],"time":1542221940799},{"prop":"TEDExpt1V1","value":{"ontologyKey":"S_A1_T2_V1_A","index":1},"time":1542221940799},{"prop":"TEDExpt2V1","value":{"ontologyKey":"S_A1_T2_V1_A","index":1},"time":1542221940799},{"prop":"TEDExpt1V2","value":{"ontologyKey":"S_A1_T2_V2_A","index":2},"time":1542221940799},{"prop":"TEDExpt2V2","value":{"ontologyKey":"S_A1_T2_V2_A","index":2},"time":1542221940799},{"prop":"TEDExpt1V3","value":{"ontologyKey":"S_A1_T2_V3_A","index":3},"time":1542221940799},{"prop":"TEDExpt2V3","value":{"ontologyKey":"S_A1_T2_V3_A","index":3},"time":1542221940799},{"prop":"TEDExpt1V4","value":{"ontologyKey":"S_A1_T2_V4_A","index":4},"time":1542221940799},{"prop":"TEDExpt2V4","value":{"ontologyKey":"S_A1_T2_V4_A","index":4},"time":1542221940799},{"prop":"TEDExpt2V1","value":{"ontologyKey":"S_A1_T2_V1_B","index":1},"time":1542221940799},{"prop":"TEDExpt2V2","value":{"ontologyKey":"S_A1_T2_V2_B","index":2},"time":1542221940799},{"prop":"TEDExpt2V3","value":{"ontologyKey":"S_A1_T2_V3_B","index":3},"time":1542221940799},{"prop":"TEDExpt2V4","value":{"ontologyKey":"S_A1_T2_V4_B","index":4},"time":1542221940799},{"prop":"TEDExptNC1SameDiff","value":{"ontologyKey":"TED_E1_Q7NC1DIFF","value":"diff","index":1},"time":1542221940799},{"prop":"TEDExptNC1Confound","value":{"ontologyKey":"STBL_A1_T2_V1","index":1},"time":1542221940799},{"prop":"TEDExptNC2SameDiff","value":{"ontologyKey":"TED_E1_Q7NC2DIFF","value":"diff","index":2},"time":1542221940799},{"prop":"TEDExptNC2Confound","value":{"ontologyKey":"STBL_A1_T2_V2","index":2},"time":1542221940799},{"prop":"TEDExptNC3SameDiff","value":{"ontologyKey":"TED_E1_Q7NC3DIFF","value":"diff","index":3},"time":1542221940799},{"prop":"TEDExptNC3Confound","value":{"ontologyKey":"STBL_A1_T2_V3","index":3},"time":1542221940799},{"prop":"TEDExptNonTarget","value":[1,2,3],"time":1542221941148},{"prop":"TEDExptConfounds","value":[1,2,3],"time":1542221941148},{"prop":"TEDExptDifferent","value":[1,2,3,4],"time":1542221941148},{"prop":"TEDExptArea","value":{"ontologyKey":"STBL_A1","index":1},"time":1542221941148},{"prop":"TEDExptTopic","value":{"ontologyKey":"STBL_A1_T2","index":2},"time":1542221941148},{"prop":"TEDExptVariable","value":{"ontologyKey":"STBL_A1_T2_V4","index":4},"time":1542221941148},{"prop":"TEDExptRQ","value":{"ontologyKey":"S_A1_T2_RQ4","index":4},"time":1542221941148},{"prop":"TEDExptVarNC1","value":{"ontologyKey":"STBL_A1_T2_V1","index":1},"time":1542221941148},{"prop":"TEDExptVarNC2","value":{"ontologyKey":"STBL_A1_T2_V2","index":2},"time":1542221941148},{"prop":"TEDExptVarNC3","value":{"ontologyKey":"STBL_A1_T2_V3","index":3},"time":1542221941148},{"prop":"TEDExptPOSTSequence","value":[{"ontologyKey":"STBL_A1_T2_V3","index":3},{"ontologyKey":"STBL_A1_T2_V4","index":4},{"ontologyKey":"STBL_A1_T2_V1","index":1},{"ontologyKey":"STBL_A1_T2_V2","index":2}],"time":1542221941148},{"prop":"TEDExpt1V1","value":{"ontologyKey":"S_A1_T2_V1_A","index":1},"time":1542221941148},{"prop":"TEDExpt2V1","value":{"ontologyKey":"S_A1_T2_V1_A","index":1},"time":1542221941148},{"prop":"TEDExpt1V2","value":{"ontologyKey":"S_A1_T2_V2_A","index":2},"time":1542221941148},{"prop":"TEDExpt2V2","value":{"ontologyKey":"S_A1_T2_V2_A","index":2},"time":1542221941148},{"prop":"TEDExpt1V3","value":{"ontologyKey":"S_A1_T2_V3_A","index":3},"time":1542221941148},{"prop":"TEDExpt2V3","value":{"ontologyKey":"S_A1_T2_V3_A","index":3},"time":1542221941148},{"prop":"TEDExpt1V4","value":{"ontologyKey":"S_A1_T2_V4_A","index":4},"time":1542221941148},{"prop":"TEDExpt2V4","value":{"ontologyKey":"S_A1_T2_V4_A","index":4},"time":1542221941148},{"prop":"TEDExpt2V1","value":{"ontologyKey":"S_A1_T2_V1_B","index":1},"time":1542221941148},{"prop":"TEDExpt2V2","value":{"ontologyKey":"S_A1_T2_V2_B","index":2},"time":1542221941148},{"prop":"TEDExpt2V3","value":{"ontologyKey":"S_A1_T2_V3_B","index":3},"time":1542221941148},{"prop":"TEDExpt2V4","value":{"ontologyKey":"S_A1_T2_V4_B","index":4},"time":1542221941148},{"prop":"TEDExptNC1SameDiff","value":{"ontologyKey":"TED_E1_Q7NC1DIFF","value":"diff","index":1},"time":1542221941148},{"prop":"TEDExptNC1Confound","value":{"ontologyKey":"STBL_A1_T2_V1","index":1},"time":1542221941148},{"prop":"TEDExptNC2SameDiff","value":{"ontologyKey":"TED_E1_Q7NC2DIFF","value":"diff","index":2},"time":1542221941148},{"prop":"TEDExptNC2Confound","value":{"ontologyKey":"STBL_A1_T2_V2","index":2},"time":1542221941148},{"prop":"TEDExptNC3SameDiff","value":{"ontologyKey":"TED_E1_Q7NC3DIFF","value":"diff","index":3},"time":1542221941148},{"prop":"TEDExptNC3Confound","value":{"ontologyKey":"STBL_A1_T2_V3","index":3},"time":1542221941148},{"prop":"differentRow","value":3,"time":1542221990386},{"prop":"independentVarN","value":{"row":1,"col":0,"ontologyKey":"STBL_A1_T2_V1|name","isText":true,"selectedValue":"Type of Sweetener","cell":{}},"time":1542222000135},{"prop":"sameRow1","value":1,"time":1542222023227},{"prop":"independentVarN","value":{"row":2,"col":0,"ontologyKey":"STBL_A1_T2_V2|name","isText":true,"selectedValue":"Amount of Caffeine","cell":{}},"time":1542222028918},{"prop":"sameRow2","value":2,"time":1542222038320},{"prop":"independentVarN","value":{"row":4,"col":0,"ontologyKey":"STBL_A1_T2_V4|name","isText":true,"selectedValue":"Amount of CO2","cell":{}},"time":1542222043989},{"prop":"sameRow3","value":4,"time":1542222051908},{"prop":"independentVarN","time":1542222057668},{"prop":"Expt1_Q1","value":{"name":"{{$EFO_TED_E1_LISTYN|yes}}","ontologyKey":"TED_E1_LISTYN|yes","index":1,"value":false,"id":"incorrect"},"time":1542222220910},{"prop":"Expt1_Q3_WRONG","value":{"name":"{{$EFO_TED_E1_LISTQ23|ans2}}","value":"$EFL_efdata.TED.E1.LISTQ23","ontologyKey":"TED_E1_LISTQ23|yes","index":2,"id":"2"},"time":1542222257389},{"prop":"Expt1_Q4","value":{"name":"{{$EFO_TED_E1_LISTYN|yes}}","ontologyKey":"TED_E1_LISTYN|yes","index":1,"value":false,"id":"incorrect"},"time":1542222287438},{"prop":"Expt1_Q4B_WRONG","value":{"name":"{{$EFO_TED_E1_LISTQ56|ans6}}","value":"$EFL_efdata.TED.E1.LISTQ56","ontologyKey":"TED_E1_LISTQ56|yes","index":6,"id":"6"},"time":1542222310318},{"prop":"TEDFeatureFocus","value":["Could Not cause","Could cause","Could cause",""],"time":1542222324450},{"prop":"TEDFeatureFocus","value":["Could Not cause","Could cause","Could cause",""],"time":1542222365308},{"prop":"TEDFeatureFocus","value":["Could Not cause","Could cause","Could cause",""],"time":1542222369171},{"prop":"TEDFeatureFocus","value":["Could Not cause","Could cause","Could cause",""],"time":1542222371153},{"prop":"TEDcorrection","value":3,"time":1542222435800},{"prop":"TEDcorrection","value":2,"time":1542222454788},{"prop":"TEDcorrection","value":1,"time":1542222458906},{"prop":"TEDcorrection","value":0,"time":1542222461243},{"prop":"TEDExptNonTarget","value":[2,3,4],"time":1542222536493},{"prop":"TEDExptConfounds","value":[4],"time":1542222536493},{"prop":"TEDExptDifferent","value":[4,1],"time":1542222536493},{"prop":"TEDExptArea","value":{"ontologyKey":"STBL_A1","index":1},"time":1542222536493},{"prop":"TEDExptTopic","value":{"ontologyKey":"STBL_A1_T2","index":2},"time":1542222536493},{"prop":"TEDExptVariable","value":{"ontologyKey":"STBL_A1_T2_V1","index":1},"time":1542222536493},{"prop":"TEDExptRQ","value":{"ontologyKey":"S_A1_T2_RQ1","index":1},"time":1542222536493},{"prop":"TEDExptVarNC1","value":{"ontologyKey":"STBL_A1_T2_V2","index":2},"time":1542222536493},{"prop":"TEDExptVarNC2","value":{"ontologyKey":"STBL_A1_T2_V3","index":3},"time":1542222536493},{"prop":"TEDExptVarNC3","value":{"ontologyKey":"STBL_A1_T2_V4","index":4},"time":1542222536493},{"prop":"TEDExptPOSTSequence","value":[{"ontologyKey":"STBL_A1_T2_V3","index":3},{"ontologyKey":"STBL_A1_T2_V4","index":4},{"ontologyKey":"STBL_A1_T2_V1","index":1},{"ontologyKey":"STBL_A1_T2_V2","index":2}],"time":1542222536493},{"prop":"TEDExpt1V1","value":{"ontologyKey":"S_A1_T2_V1_A","index":1},"time":1542222536493},{"prop":"TEDExpt2V1","value":{"ontologyKey":"S_A1_T2_V1_A","index":1},"time":1542222536493},{"prop":"TEDExpt1V2","value":{"ontologyKey":"S_A1_T2_V2_A","index":2},"time":1542222536493},{"prop":"TEDExpt2V2","value":{"ontologyKey":"S_A1_T2_V2_A","index":2},"time":1542222536493},{"prop":"TEDExpt1V3","value":{"ontologyKey":"S_A1_T2_V3_A","index":3},"time":1542222536494},{"prop":"TEDExpt2V3","value":{"ontologyKey":"S_A1_T2_V3_A","index":3},"time":1542222536494},{"prop":"TEDExpt1V4","value":{"ontologyKey":"S_A1_T2_V4_A","index":4},"time":1542222536494},{"prop":"TEDExpt2V4","value":{"ontologyKey":"S_A1_T2_V4_A","index":4},"time":1542222536494},{"prop":"TEDExpt2V4","value":{"ontologyKey":"S_A1_T2_V4_B","index":4},"time":1542222536494},{"prop":"TEDExpt2V1","value":{"ontologyKey":"S_A1_T2_V1_B","index":1},"time":1542222536494},{"prop":"TEDExptNC1SameDiff","value":{"ontologyKey":"TED_E1_Q7NC1SAME","value":"same","index":2},"time":1542222536494},{"prop":"TEDExptNC2SameDiff","value":{"ontologyKey":"TED_E1_Q7NC2SAME","value":"same","index":3},"time":1542222536494},{"prop":"TEDExptNC3SameDiff","value":{"ontologyKey":"TED_E1_Q7NC3DIFF","value":"diff","index":4},"time":1542222536494},{"prop":"TEDExptNC1Confound","value":{"ontologyKey":"STBL_A1_T2_V4","index":4},"time":1542222536494},{"prop":"Expt1_Q1","value":{"name":"{{$EFO_TED_E1_LISTYN|no}}","ontologyKey":"TED_E1_LISTYN|no","index":2,"value":true,"id":"correct"},"time":1542222629108},{"prop":"Expt1_Q2_RIGHT","value":{"name":"{{$EFO_TED_E1_LISTQ23|ans2}}","value":"$EFL_efdata.TED.E1.LISTQ23","ontologyKey":"TED_E1_LISTQ23|yes","index":2,"id":"2"},"time":1542222656908},{"prop":"Expt1_Q4","value":{"name":"{{$EFO_TED_E1_LISTYN|no}}","ontologyKey":"TED_E1_LISTYN|no","index":2,"value":true,"id":"correct"},"time":1542222690234},{"prop":"Expt1_Q4A_RIGHT","value":{"name":"{{$EFO_TED_E1_LISTQ56|ans4}}","value":"$EFL_efdata.TED.E1.LISTQ56","ontologyKey":"TED_E1_LISTQ56|yes","index":4,"id":"4"},"time":1542222732261},{"prop":"TEDFeatureFocus","value":["","Could cause","Could cause","Could cause"],"time":1542222744200},{"prop":"TEDFeatureFocus","value":["","Could cause","Could cause","Could cause"],"time":1542222771102},{"prop":"TEDFeatureFocus","value":["","Could cause","Could cause","Could cause"],"time":1542222772828},{"prop":"TEDFeatureFocus","value":["","Could cause","Could cause","Could cause"],"time":1542222773964}],"selectedTopic":{"index":2,"ontologyKey":"STBL_A1_T2|name"},"selectedVariable":{"index":3,"ontologyKey":"STBL_A1_T2_V3|name"},"TEDExptNonTarget":[2,3,4],"TEDExptConfounds":[4],"TEDExptDifferent":[4,1],"TEDExptArea":{"ontologyKey":"STBL_A1","index":1},"TEDExptTopic":{"ontologyKey":"STBL_A1_T2","index":2},"TEDExptVariable":{"ontologyKey":"STBL_A1_T2_V1","index":1},"TEDExptRQ":{"ontologyKey":"S_A1_T2_RQ1","index":1},"TEDExptVarNC1":{"ontologyKey":"STBL_A1_T2_V2","index":2},"TEDExptVarNC2":{"ontologyKey":"STBL_A1_T2_V3","index":3},"TEDExptVarNC3":{"ontologyKey":"STBL_A1_T2_V4","index":4},"TEDExptPOSTSequence":[{"ontologyKey":"STBL_A1_T2_V3","index":3},{"ontologyKey":"STBL_A1_T2_V4","index":4},{"ontologyKey":"STBL_A1_T2_V1","index":1},{"ontologyKey":"STBL_A1_T2_V2","index":2}],"TEDExpt1V1":{"ontologyKey":"S_A1_T2_V1_A","index":1},"TEDExpt2V1":{"ontologyKey":"S_A1_T2_V1_B","index":1},"TEDExpt1V2":{"ontologyKey":"S_A1_T2_V2_A","index":2},"TEDExpt2V2":{"ontologyKey":"S_A1_T2_V2_A","index":2},"TEDExpt1V3":{"ontologyKey":"S_A1_T2_V3_A","index":3},"TEDExpt2V3":{"ontologyKey":"S_A1_T2_V3_A","index":3},"TEDExpt1V4":{"ontologyKey":"S_A1_T2_V4_A","index":4},"TEDExpt2V4":{"ontologyKey":"S_A1_T2_V4_B","index":4},"TEDExptNC1SameDiff":{"ontologyKey":"TED_E1_Q7NC1SAME","value":"same","index":2},"TEDExptNC1Confound":{"ontologyKey":"STBL_A1_T2_V4","index":4},"TEDExptNC2SameDiff":{"ontologyKey":"TED_E1_Q7NC2SAME","value":"same","index":3},"TEDExptNC2Confound":{"ontologyKey":"STBL_A1_T2_V2","index":2},"TEDExptNC3SameDiff":{"ontologyKey":"TED_E1_Q7NC3DIFF","value":"diff","index":4},"TEDExptNC3Confound":{"ontologyKey":"STBL_A1_T2_V3","index":3},"differentRow":3,"sameRow1":1,"sameRow2":2,"sameRow3":4,"Expt1_Q1":{"name":"{{$EFO_TED_E1_LISTYN|no}}","ontologyKey":"TED_E1_LISTYN|no","index":2,"value":true,"id":"correct"},"Expt1_Q3_WRONG":{"name":"{{$EFO_TED_E1_LISTQ23|ans2}}","value":"$EFL_efdata.TED.E1.LISTQ23","ontologyKey":"TED_E1_LISTQ23|yes","index":2,"id":"2"},"Expt1_Q4":{"name":"{{$EFO_TED_E1_LISTYN|no}}","ontologyKey":"TED_E1_LISTYN|no","index":2,"value":true,"id":"correct"},"Expt1_Q4B_WRONG":{"name":"{{$EFO_TED_E1_LISTQ56|ans6}}","value":"$EFL_efdata.TED.E1.LISTQ56","ontologyKey":"TED_E1_LISTQ56|yes","index":6,"id":"6"},"TEDFeatureFocus":["","Could cause","Could cause","Could cause"],"TEDcorrection":0,"Expt1_Q2_RIGHT":{"name":"{{$EFO_TED_E1_LISTQ23|ans2}}","value":"$EFL_efdata.TED.E1.LISTQ23","ontologyKey":"TED_E1_LISTQ23|yes","index":2,"id":"2"},"Expt1_Q4A_RIGHT":{"name":"{{$EFO_TED_E1_LISTQ56|ans4}}","value":"$EFL_efdata.TED.E1.LISTQ56","ontologyKey":"TED_E1_LISTQ56|yes","index":4,"id":"4"}}},"tutor":{"experimentalGroup":{"ontologyKey":"EG_A1"},"$seq":[{"prop":"experimentalGroup.ontologyKey","value":"EG_A1","time":1542221940714}]}}