{"scene":{"SNavigator":{},"SIntro":{"complete":false,"$seq":[{"prop":"complete","value":false,"time":1276216576016}]},"SScene1":{"complete":true,"$seq":[{"prop":"complete","value":false,"time":1276216590505},{"prop":"Sg1","value":"true","time":1276216603723},{"prop":"DR1:Sg1","value":"ans2","time":1276216603723},{"prop":"complete","value":true,"time":1276216603724},{"prop":"Sg1","value":"true","time":1276216603725},{"prop":"complete","value":true,"time":1276216603725}],"Sg1":"true","DR1:Sg1":"ans2"},"SScene2":{"complete":true,"$seq":[{"prop":"complete","value":false,"time":1276216604787},{"prop":"Sg1","value":"true","time":1276216620131},{"prop":"DR2:Sg1","value":"ans1","time":1276216620132},{"prop":"complete","value":true,"time":1276216620132},{"prop":"Sg1","value":"true","time":1276216620132},{"prop":"complete","value":true,"time":1276216620132}],"Sg1":"true","DR2:Sg1":"ans1"},"SScene3":{"complete":true,"$seq":[{"prop":"complete","value":false,"time":1276216622880},{"prop":"Sg1","value":"true","time":1276216702767},{"prop":"DR3:Sg1","value":"ans3","time":1276216702767},{"prop":"complete","value":true,"time":1276216702767},{"prop":"Sg1","value":"true","time":1276216702768},{"prop":"complete","value":true,"time":1276216702768}],"Sg1":"true","DR3:Sg1":"ans3"},"SScene4":{"complete":true,"$seq":[{"prop":"complete","value":false,"time":1276216717556},{"prop":"Sg1","value":"true","time":1276216753314},{"prop":"DR4:Sg1","value":"ans1","time":1276216753314},{"prop":"complete","value":true,"time":1276216753314},{"prop":"Sg1","value":"true","time":1276216753314},{"prop":"complete","value":true,"time":1276216753314}],"Sg1":"true","DR4:Sg1":"ans1"},"SSubmit":{"complete":false,"$seq":[{"prop":"complete","value":false,"time":1276216755096}]}},"module":{},"tutor":{}}