{"scene":{"SNavigator":{},"SScene1":{"complete":true,"$seq":[{"prop":"complete","value":false,"time":1554828134936},{"prop":"complete","value":true,"time":1554828188045}]},"SScene2":{"AreaSelected":true,"$seq":[{"prop":"AreaSelected","value":false,"time":1554828192428},{"prop":"AreaSelected","value":true,"time":1554828253873},{"prop":"Area Name:physical and chemical changes","time":1554828253874},{"prop":"Area Index:1","time":1554828253874}]},"SScene3":{"TopicSelected":true,"$seq":[{"prop":"TopicSelected","value":false,"time":1554828256913},{"prop":"TopicSelected","value":true,"time":1554828269165},{"prop":"Topic Index:2","time":1554828269166}]},"SScene4":{"complete":true,"$seq":[{"prop":"complete","value":false,"time":1554828269571},{"prop":"complete","value":true,"time":1554828290201}]},"SScene5":{"complete":true,"$seq":[{"prop":"complete","value":false,"time":1554828291522},{"prop":"complete","value":true,"time":1554828296206}]},"SScene5a":{"complete":true,"$seq":[{"prop":"complete","value":false,"time":1554828298269},{"prop":"complete","value":true,"time":1554828310346}]},"SScene6a":{},"SScene6b":{},"SScene6c":{},"SScene7":{"complete":true,"$seq":[{"prop":"complete","value":false,"time":1554828323710},{"prop":"complete","value":true,"time":1554828345726}]},"SScene8":{"complete":true,"$seq":[{"prop":"complete","value":false,"time":1554828346916},{"prop":"complete","value":true,"time":1554828389422}]},"SScene9":{"RQSelected":true,"$seq":[{"prop":"RQSelected","value":false,"time":1554828391580},{"prop":"RQSelected","value":true,"time":1554828396123},{"prop":"Variable Index:4","time":1554828396123}]},"SScene11":{"RQconfirmed":false,"$seq":[{"prop":"RQconfirmed","value":false,"time":1554828396245}]}},"module":{"selectedArea":{"ontologyKey":"S_A1|name","index":1},"$seq":[{"prop":"selectedArea","value":{"ontologyKey":"S_A1|name","index":1},"time":1554828134829},{"prop":"selectedTopic","value":{"ontologyKey":"S_A1_T2|name","index":2},"time":1554828134829},{"prop":"selectedVariable","value":{"ontologyKey":"S_A1_T2_V4|name","index":4},"time":1554828134829},{"prop":"selectedRQ","value":{"ontologyKey":"S_A1_T2_RQ4"},"time":1554828134829},{"prop":"AreaSelectedID","value":"Sarea1|Sselected","time":1554828134829},{"prop":"AreaButtonID","value":"Sbutton1","time":1554828134829},{"prop":"TopicSelectedID","value":"Stopic2|Sselected","time":1554828134829},{"prop":"TopicButtonID","value":"Sbutton2","time":1554828134829},{"prop":"VariableHighlightID","value":"SbuttonHL4","time":1554828134829},{"prop":"VariableClickMaskID","value":"SclickMask4","time":1554828134829},{"prop":"selectedArea.ontologyKey","value":"S_A1|name","time":1554828253873},{"prop":"selectedArea.index","value":1,"time":1554828253873},{"prop":"selectedTopic.ontologyKey","value":"S_A1_T2|name","time":1554828269165},{"prop":"selectedTopic.index","value":2,"time":1554828269165},{"prop":"selectedVariable.ontologyKey","value":"S_A1_T2_V4|name","time":1554828396123},{"prop":"selectedVariable.index","value":4,"time":1554828396123},{"prop":"selectedRQ","value":{"ontologyKey":"S_A1_T2_RQ4","index":"4"},"time":1554828396123},{"prop":"RQconfirmation","value":"UNKNOWN","time":1554828396245}],"selectedTopic":{"ontologyKey":"S_A1_T2|name","index":2},"selectedVariable":{"ontologyKey":"S_A1_T2_V4|name","index":4},"selectedRQ":{"ontologyKey":"S_A1_T2_RQ4","index":"4"},"AreaSelectedID":"Sarea1|Sselected","AreaButtonID":"Sbutton1","TopicSelectedID":"Stopic2|Sselected","TopicButtonID":"Sbutton2","VariableHighlightID":"SbuttonHL4","VariableClickMaskID":"SclickMask4","RQconfirmation":"UNKNOWN"},"tutor":{"experimentalGroup":{"ontologyKey":"EG_A2"},"$seq":[{"prop":"experimentalGroup.ontologyKey","value":"EG_A2","time":1554828134829}]}}