{"scene":{"SNavigator":{},"SMatsIntro":{"complete":true,"$seq":[{"prop":"complete","value":false,"time":1556110625527},{"prop":"complete","value":true,"time":1556110639437}]},"SMatsPre1":{"complete":true,"$seq":[{"prop":"complete","value":false,"time":1556110641511},{"prop":"Sg1","value":"true","time":1556110646024},{"prop":"PreTest:Sg1","value":"b4","time":1556110646024},{"prop":"complete","value":false,"time":1556110646025},{"prop":"Sg1","value":"true","time":1556110646027},{"prop":"complete","value":false,"time":1556110646027},{"prop":"Sg2","value":"true","time":1556110648860},{"prop":"PreTest:Sg2","value":"b3","time":1556110648860},{"prop":"complete","value":false,"time":1556110648860},{"prop":"Sg2","value":"true","time":1556110648861},{"prop":"complete","value":false,"time":1556110648861},{"prop":"Sg2","value":"true","time":1556110649830},{"prop":"PreTest:Sg2","value":"b3","time":1556110649830},{"prop":"complete","value":false,"time":1556110649830},{"prop":"Sg2","value":"true","time":1556110649831},{"prop":"complete","value":false,"time":1556110649831},{"prop":"Sg2","value":"true","time":1556110650181},{"prop":"PreTest:Sg2","value":"b3","time":1556110650181},{"prop":"complete","value":false,"time":1556110650181},{"prop":"Sg2","value":"true","time":1556110650181},{"prop":"complete","value":false,"time":1556110650181},{"prop":"Sg2","value":"true","time":1556110651164},{"prop":"PreTest:Sg2","value":"b4","time":1556110651164},{"prop":"complete","value":false,"time":1556110651164},{"prop":"Sg2","value":"true","time":1556110651165},{"prop":"complete","value":false,"time":1556110651165},{"prop":"Sg3","value":"true","time":1556110654364},{"prop":"PreTest:Sg3","value":"b2","time":1556110654364},{"prop":"complete","value":false,"time":1556110654364},{"prop":"Sg3","value":"true","time":1556110654364},{"prop":"complete","value":false,"time":1556110654364},{"prop":"Sg4","value":"true","time":1556110659974},{"prop":"PreTest:Sg4","value":"b5","time":1556110659974},{"prop":"complete","value":true,"time":1556110659974},{"prop":"Sg4","value":"true","time":1556110659974},{"prop":"complete","value":true,"time":1556110659974}],"Sg1":"true","PreTest:Sg1":"b4","Sg2":"true","PreTest:Sg2":"b4","Sg3":"true","PreTest:Sg3":"b2","Sg4":"true","PreTest:Sg4":"b5"},"SMatsPre2":{"complete":true,"$seq":[{"prop":"complete","value":false,"time":1556110662847},{"prop":"Sg1","value":"true","time":1556110666117},{"prop":"PreTest:Sg1","value":"b2","time":1556110666117},{"prop":"complete","value":false,"time":1556110666117},{"prop":"Sg1","value":"true","time":1556110666118},{"prop":"complete","value":false,"time":1556110666118},{"prop":"Sg1","value":"true","time":1556110666597},{"prop":"PreTest:Sg1","value":"b2","time":1556110666597},{"prop":"complete","value":false,"time":1556110666598},{"prop":"Sg1","value":"true","time":1556110666598},{"prop":"complete","value":false,"time":1556110666598},{"prop":"Sg1","value":"true","time":1556110667021},{"prop":"PreTest:Sg1","value":"b2","time":1556110667021},{"prop":"complete","value":false,"time":1556110667021},{"prop":"Sg1","value":"true","time":1556110667021},{"prop":"complete","value":false,"time":1556110667021},{"prop":"Sg2","value":"true","time":1556110669346},{"prop":"PreTest:Sg2","value":"b3","time":1556110669346},{"prop":"complete","value":false,"time":1556110669346},{"prop":"Sg2","value":"true","time":1556110669346},{"prop":"complete","value":false,"time":1556110669346},{"prop":"Sg2","value":"true","time":1556110671246},{"prop":"PreTest:Sg2","value":"b2","time":1556110671246},{"prop":"complete","value":false,"time":1556110671246},{"prop":"Sg2","value":"true","time":1556110671246},{"prop":"complete","value":false,"time":1556110671246},{"prop":"Sg2","value":"true","time":1556110671606},{"prop":"PreTest:Sg2","value":"b2","time":1556110671606},{"prop":"complete","value":false,"time":1556110671606},{"prop":"Sg2","value":"true","time":1556110671606},{"prop":"complete","value":false,"time":1556110671606},{"prop":"Sg3","value":"true","time":1556110674575},{"prop":"PreTest:Sg3","value":"b3","time":1556110674575},{"prop":"complete","value":false,"time":1556110674575},{"prop":"Sg3","value":"true","time":1556110674575},{"prop":"complete","value":false,"time":1556110674575},{"prop":"Sg4","value":"true","time":1556110679695},{"prop":"PreTest:Sg4","value":"b2","time":1556110679695},{"prop":"complete","value":true,"time":1556110679695},{"prop":"Sg4","value":"true","time":1556110679696},{"prop":"complete","value":true,"time":1556110679696},{"prop":"Sg4","value":"true","time":1556110680833},{"prop":"PreTest:Sg4","value":"b1","time":1556110680833},{"prop":"complete","value":true,"time":1556110680833},{"prop":"Sg4","value":"true","time":1556110680834},{"prop":"complete","value":true,"time":1556110680834}],"Sg1":"true","PreTest:Sg1":"b2","Sg2":"true","PreTest:Sg2":"b2","Sg3":"true","PreTest:Sg3":"b3","Sg4":"true","PreTest:Sg4":"b1"},"SMatsPre3":{"complete":true,"$seq":[{"prop":"complete","value":false,"time":1556110684004},{"prop":"Sg1","value":"true","time":1556110687263},{"prop":"PreTest:Sg1","value":"b4","time":1556110687263},{"prop":"complete","value":false,"time":1556110687263},{"prop":"Sg1","value":"true","time":1556110687263},{"prop":"complete","value":false,"time":1556110687263},{"prop":"Sg2","value":"true","time":1556110690980},{"prop":"PreTest:Sg2","value":"b4","time":1556110690980},{"prop":"complete","value":false,"time":1556110690980},{"prop":"Sg2","value":"true","time":1556110690981},{"prop":"complete","value":false,"time":1556110690981},{"prop":"Sg3","value":"true","time":1556110694959},{"prop":"PreTest:Sg3","value":"b4","time":1556110694959},{"prop":"complete","value":false,"time":1556110694959},{"prop":"Sg3","value":"true","time":1556110694959},{"prop":"complete","value":false,"time":1556110694959},{"prop":"Sg4","value":"true","time":1556110697801},{"prop":"PreTest:Sg4","value":"b4","time":1556110697801},{"prop":"complete","value":true,"time":1556110697801},{"prop":"Sg4","value":"true","time":1556110697802},{"prop":"complete","value":true,"time":1556110697802}],"Sg1":"true","PreTest:Sg1":"b4","Sg2":"true","PreTest:Sg2":"b4","Sg3":"true","PreTest:Sg3":"b4","Sg4":"true","PreTest:Sg4":"b4"},"SMatsPre4":{"complete":true,"$seq":[{"prop":"complete","value":false,"time":1556110700004},{"prop":"Sg1","value":"true","time":1556110705422},{"prop":"PreTest:Sg1","value":"b1","time":1556110705422},{"prop":"complete","value":false,"time":1556110705422},{"prop":"Sg1","value":"true","time":1556110705423},{"prop":"complete","value":false,"time":1556110705423},{"prop":"Sg2","value":"true","time":1556110707742},{"prop":"PreTest:Sg2","value":"b1","time":1556110707742},{"prop":"complete","value":true,"time":1556110707742},{"prop":"prompted","value":true,"time":1556110707742},{"prop":"Sg2","value":"true","time":1556110707742},{"prop":"complete","value":true,"time":1556110707743},{"prop":"Sg2","value":"true","time":1556110709386},{"prop":"PreTest:Sg2","value":"b3","time":1556110709386},{"prop":"complete","value":true,"time":1556110709386},{"prop":"Sg2","value":"true","time":1556110709387},{"prop":"complete","value":true,"time":1556110709387},{"prop":"complete","value":true,"time":1556110710343}],"Sg1":"true","PreTest:Sg1":"b1","Sg2":"true","PreTest:Sg2":"b3","prompted":true},"SSceneEnd":{"complete":false,"$seq":[{"prop":"complete","value":false,"time":1556110710450}]}},"module":{},"tutor":{}}