{
    "_LIBRARY": {
        "eflist": {},
        "eftext": {
            "SbreadCrumbs": {
                "src": "$$EFX.html_crumbText"
            },
            "Stitle": {
                "src": "$$EFX.html_text"
            },
            "Squestion1": {
                "src": "$$EFX.html_text"
            },
            "Squestion2": {
                "src": "$$EFX.html_text"
            },
            "Squestion3": {
                "src": "$$EFX.html_text"
            },
            "Squestion4": {
                "src": "$$EFX.html_text"
            }            
        },
        "efinput": {},
        "eftable": {},
        "efdata": {}
    }
}