{"scene":{"SNavigator":{},"SScene1":{"complete":true,"$seq":[{"prop":"complete","value":false,"time":1557848761060},{"prop":"complete","value":true,"time":1557848807974}]},"SScene2":{"AreaSelected":true,"$seq":[{"prop":"AreaSelected","value":false,"time":1557848811219},{"prop":"AreaSelected","value":true,"time":1557848858502},{"prop":"Area Name:physical and chemical changes","time":1557848858503},{"prop":"Area Index:1","time":1557848858503}]},"SScene3":{"TopicSelected":true,"$seq":[{"prop":"TopicSelected","value":false,"time":1557848860976},{"prop":"TopicSelected","value":true,"time":1557848869368},{"prop":"Topic Index:2","time":1557848869370}]},"SScene4":{"complete":true,"$seq":[{"prop":"complete","value":false,"time":1557848869783},{"prop":"complete","value":true,"time":1557848889881}]},"SScene5":{"complete":true,"$seq":[{"prop":"complete","value":false,"time":1557848891536},{"prop":"complete","value":true,"time":1557848895908}]},"SScene5a":{"complete":true,"$seq":[{"prop":"complete","value":false,"time":1557848899454},{"prop":"complete","value":true,"time":1557848908921}]},"SScene6a":{},"SScene6b":{},"SScene6c":{},"SScene7":{"complete":true,"$seq":[{"prop":"complete","value":false,"time":1557848923492},{"prop":"complete","value":true,"time":1557848950580}]},"SScene8":{"complete":true,"$seq":[{"prop":"complete","value":false,"time":1557848953921},{"prop":"complete","value":true,"time":1557848993709}]},"SScene9":{"RQSelected":true,"$seq":[{"prop":"RQSelected","value":false,"time":1557848997401},{"prop":"RQSelected","value":true,"time":1557849008869},{"prop":"Variable Index:4","time":1557849008870}]},"SScene11":{"RQconfirmed":false,"$seq":[{"prop":"RQconfirmed","value":false,"time":1557849008972}]}},"module":{"selectedArea":{"ontologyKey":"S_A1|name","index":1},"$seq":[{"prop":"selectedArea","value":{"ontologyKey":"S_A1|name","index":1},"time":1557848760941},{"prop":"selectedTopic","value":{"ontologyKey":"S_A1_T2|name","index":2},"time":1557848760941},{"prop":"selectedVariable","value":{"ontologyKey":"S_A1_T2_V4|name","index":4},"time":1557848760941},{"prop":"selectedRQ","value":{"ontologyKey":"S_A1_T2_RQ4"},"time":1557848760941},{"prop":"AreaSelectedID","value":"Sarea1|Sselected","time":1557848760941},{"prop":"AreaButtonID","value":"Sbutton1","time":1557848760941},{"prop":"TopicSelectedID","value":"Stopic2|Sselected","time":1557848760941},{"prop":"TopicButtonID","value":"Sbutton2","time":1557848760941},{"prop":"VariableHighlightID","value":"SbuttonHL4","time":1557848760941},{"prop":"VariableClickMaskID","value":"SclickMask4","time":1557848760941},{"prop":"selectedArea.ontologyKey","value":"S_A1|name","time":1557848858502},{"prop":"selectedArea.index","value":1,"time":1557848858502},{"prop":"selectedTopic.ontologyKey","value":"S_A1_T2|name","time":1557848869369},{"prop":"selectedTopic.index","value":2,"time":1557848869369},{"prop":"selectedVariable.ontologyKey","value":"S_A1_T2_V4|name","time":1557849008870},{"prop":"selectedVariable.index","value":4,"time":1557849008870},{"prop":"selectedRQ","value":{"ontologyKey":"S_A1_T2_RQ4","index":"4"},"time":1557849008870},{"prop":"RQconfirmation","value":"UNKNOWN","time":1557849008972}],"selectedTopic":{"ontologyKey":"S_A1_T2|name","index":2},"selectedVariable":{"ontologyKey":"S_A1_T2_V4|name","index":4},"selectedRQ":{"ontologyKey":"S_A1_T2_RQ4","index":"4"},"AreaSelectedID":"Sarea1|Sselected","AreaButtonID":"Sbutton1","TopicSelectedID":"Stopic2|Sselected","TopicButtonID":"Sbutton2","VariableHighlightID":"SbuttonHL4","VariableClickMaskID":"SclickMask4","RQconfirmation":"UNKNOWN"},"tutor":{"experimentalGroup":{"ontologyKey":"EG_A2"},"$seq":[{"prop":"experimentalGroup.ontologyKey","value":"EG_A2","time":1557848760941}]}}