{"scene":{"SNavigator":{},"SMatsIntro":{"complete":true,"$seq":[{"prop":"complete","value":false,"time":1557762008498},{"prop":"complete","value":true,"time":1557762022097}]},"SMatsPre1":{"complete":true,"$seq":[{"prop":"complete","value":false,"time":1557762024387},{"prop":"Sg1","value":"true","time":1557762037781},{"prop":"PreTest:Sg1","value":"b4","time":1557762037781},{"prop":"complete","value":false,"time":1557762037781},{"prop":"Sg1","value":"true","time":1557762037782},{"prop":"complete","value":false,"time":1557762037782},{"prop":"Sg2","value":"true","time":1557762042221},{"prop":"PreTest:Sg2","value":"b4","time":1557762042221},{"prop":"complete","value":false,"time":1557762042221},{"prop":"Sg2","value":"true","time":1557762042222},{"prop":"complete","value":false,"time":1557762042222},{"prop":"Sg3","value":"true","time":1557762050774},{"prop":"PreTest:Sg3","value":"b2","time":1557762050774},{"prop":"complete","value":false,"time":1557762050774},{"prop":"Sg3","value":"true","time":1557762050774},{"prop":"complete","value":false,"time":1557762050774},{"prop":"Sg4","value":"true","time":1557762056132},{"prop":"PreTest:Sg4","value":"b4","time":1557762056132},{"prop":"complete","value":true,"time":1557762056132},{"prop":"Sg4","value":"true","time":1557762056132},{"prop":"complete","value":true,"time":1557762056132}],"Sg1":"true","PreTest:Sg1":"b4","Sg2":"true","PreTest:Sg2":"b4","Sg3":"true","PreTest:Sg3":"b2","Sg4":"true","PreTest:Sg4":"b4"},"SMatsPre2":{"complete":true,"$seq":[{"prop":"complete","value":false,"time":1557762057430},{"prop":"Sg1","value":"true","time":1557762087317},{"prop":"PreTest:Sg1","value":"b2","time":1557762087317},{"prop":"complete","value":false,"time":1557762087318},{"prop":"Sg1","value":"true","time":1557762087318},{"prop":"complete","value":false,"time":1557762087318},{"prop":"Sg2","value":"true","time":1557762099001},{"prop":"PreTest:Sg2","value":"b4","time":1557762099001},{"prop":"complete","value":false,"time":1557762099001},{"prop":"Sg2","value":"true","time":1557762099002},{"prop":"complete","value":false,"time":1557762099002},{"prop":"Sg3","value":"true","time":1557762106988},{"prop":"PreTest:Sg3","value":"b2","time":1557762106988},{"prop":"complete","value":false,"time":1557762106988},{"prop":"Sg3","value":"true","time":1557762106989},{"prop":"complete","value":false,"time":1557762106989},{"prop":"Sg4","value":"true","time":1557762118006},{"prop":"PreTest:Sg4","value":"b2","time":1557762118006},{"prop":"complete","value":true,"time":1557762118007},{"prop":"Sg4","value":"true","time":1557762118007},{"prop":"complete","value":true,"time":1557762118007}],"Sg1":"true","PreTest:Sg1":"b2","Sg2":"true","PreTest:Sg2":"b4","Sg3":"true","PreTest:Sg3":"b2","Sg4":"true","PreTest:Sg4":"b2"},"SMatsPre3":{"complete":false,"$seq":[{"prop":"complete","value":false,"time":1557762119397}]}},"module":{},"tutor":{}}