{"scene":{"SNavigator":{},"SScene1":{"rowsComplete":4,"$seq":[{"prop":"rowsComplete","value":0,"time":1542221955510},{"prop":"complete","value":false,"time":1542221955797},{"prop":"currentRow","value":1,"time":1542221962364},{"prop":"correct","value":true,"time":1542221962364},{"prop":"correct","value":false,"time":1542221962399},{"prop":"correct","value":false,"time":1542221967980},{"prop":"correct","value":false,"time":1542221967982},{"prop":"TVSel.col1","value":2,"time":1542221979479},{"prop":"TVSel.col2","value":2,"time":1542221982045},{"prop":"correct","value":false,"time":1542221982045},{"prop":"correct","value":false,"time":1542221982094},{"prop":"TVSel.col2","value":1,"time":1542221987182},{"prop":"correct","value":true,"time":1542221987182},{"prop":"correct","value":false,"time":1542221987222},{"prop":"rowsComplete","value":1,"time":1542221987228},{"prop":"currentRow","value":0,"time":1542221997010},{"prop":"currentRow","value":2,"time":1542221997011},{"prop":"correct","value":false,"time":1542221997011},{"prop":"VSel.col1","value":null,"time":1542221997011},{"prop":"VSel.col2","value":null,"time":1542221997011},{"prop":"correct","value":false,"time":1542221997012},{"prop":"VSel.col1","value":1,"time":1542221999695},{"prop":"VSel.col2","value":2,"time":1542222001445},{"prop":"correct","value":false,"time":1542222001445},{"prop":"correct","value":false,"time":1542222001500},{"prop":"VSel.col1","value":2,"time":1542222004469},{"prop":"correct","value":true,"time":1542222004469},{"prop":"correct","value":false,"time":1542222004512},{"prop":"rowsComplete","value":2,"time":1542222004514},{"prop":"currentRow","value":3,"time":1542222010153},{"prop":"correct","value":false,"time":1542222010153},{"prop":"VSel.col1","value":null,"time":1542222010154},{"prop":"VSel.col2","value":null,"time":1542222010154},{"prop":"correct","value":false,"time":1542222010155},{"prop":"VSel.col1","value":1,"time":1542222018359},{"prop":"VSel.col2","value":2,"time":1542222019887},{"prop":"correct","value":false,"time":1542222019887},{"prop":"correct","value":false,"time":1542222019926},{"prop":"VSel.col1","value":2,"time":1542222021560},{"prop":"correct","value":true,"time":1542222021560},{"prop":"correct","value":false,"time":1542222021603},{"prop":"rowsComplete","value":3,"time":1542222021606},{"prop":"currentRow","value":4,"time":1542222027243},{"prop":"correct","value":false,"time":1542222027244},{"prop":"VSel.col1","value":null,"time":1542222027244},{"prop":"VSel.col2","value":null,"time":1542222027244},{"prop":"correct","value":false,"time":1542222027245},{"prop":"VSel.col1","value":2,"time":1542222033158},{"prop":"VSel.col2","value":2,"time":1542222036333},{"prop":"correct","value":true,"time":1542222036333},{"prop":"correct","value":false,"time":1542222036367},{"prop":"rowsComplete","value":4,"time":1542222036369},{"prop":"currentRow","value":5,"time":1542222042083},{"prop":"complete","value":true,"time":1542222042083},{"prop":"correct","value":false,"time":1542222042084}],"complete":true,"currentRow":5,"correct":false,"TVSel":{"col1":2,"col2":1},"VSel":{"col1":2,"col2":2}},"SScene2":{"complete":true,"$seq":[{"prop":"complete","value":false,"time":1542222043219},{"prop":"complete","value":true,"time":1542222067045},{"prop":"correct","value":false,"time":1542222069605}],"correct":false},"SScene3":{"complete":true,"$seq":[{"prop":"complete","value":false,"time":1542222069707},{"prop":"complete","value":true,"time":1542222077017}]},"SScene4":{"complete":true,"$seq":[{"prop":"complete","value":false,"time":1542222084284},{"prop":"complete","value":true,"time":1542222096230}]},"SScene5":{"complete":true,"$seq":[{"prop":"complete","value":false,"time":1542222099298},{"prop":"complete","value":true,"time":1542222105027}]},"SScene6":{"complete":true,"$seq":[{"prop":"complete","value":false,"time":1542222106301},{"prop":"complete","value":true,"time":1542222117797}]},"SScene7":{"complete":true,"$seq":[{"prop":"complete","value":false,"time":1542222125047},{"prop":"complete","value":true,"time":1542222138122}]},"SScene8":{"complete":true,"$seq":[{"prop":"complete","value":false,"time":1542222141396},{"prop":"complete","value":true,"time":1542222204541}]},"SScene9":{"complete":false,"$seq":[{"prop":"complete","value":false,"time":1542222206621},{"prop":"complete","value":true,"time":1542222214851},{"prop":"complete","value":false,"time":1542222216121}]},"SScene11":{"complete":true,"$seq":[{"prop":"complete","value":false,"time":1542222220353},{"prop":"complete","value":true,"time":1542222249652}]},"SScene12":{"complete":false,"$seq":[{"prop":"complete","value":false,"time":1542222253156}]}},"module":{"EFMod_TEDInstr":{"selectedArea":{"index":4,"ontologyKey":"STBL_A4|name"},"$seq":[{"prop":"selectedArea.index","value":4,"time":1542221955381},{"prop":"selectedArea.ontologyKey","value":"STBL_A4|name","time":1542221955381},{"prop":"selectedTopic.index","value":1,"time":1542221955381},{"prop":"selectedTopic.ontologyKey","value":"STBL_A4_T1|name","time":1542221955381},{"prop":"selectedVariable.index","value":1,"time":1542221955381},{"prop":"selectedVariable.ontologyKey","value":"STBL_A4_T1_V1|name","time":1542221955381},{"prop":"TEDExptNonTarget","value":[1,3,4],"time":1542221955483},{"prop":"TEDExptConfounds","value":[3,4,1],"time":1542221955483},{"prop":"TEDExptDifferent","value":[3,4,1,2],"time":1542221955483},{"prop":"TEDExptArea","value":{"ontologyKey":"STBL_A4","index":4},"time":1542221955483},{"prop":"TEDExptTopic","value":{"ontologyKey":"STBL_A4_T1","index":1},"time":1542221955483},{"prop":"TEDExptVariable","value":{"ontologyKey":"STBL_A4_T1_V2","index":2},"time":1542221955483},{"prop":"TEDExptRQ","value":{"ontologyKey":"S_A4_T1_RQ2","index":2},"time":1542221955483},{"prop":"TEDExptVarNC1","value":{"ontologyKey":"STBL_A4_T1_V1","index":1},"time":1542221955484},{"prop":"TEDExptVarNC2","value":{"ontologyKey":"STBL_A4_T1_V3","index":3},"time":1542221955484},{"prop":"TEDExptVarNC3","value":{"ontologyKey":"STBL_A4_T1_V4","index":4},"time":1542221955484},{"prop":"TEDExptPOSTSequence","value":[{"ontologyKey":"STBL_A4_T1_V1","index":1},{"ontologyKey":"STBL_A4_T1_V2","index":2},{"ontologyKey":"STBL_A4_T1_V3","index":3},{"ontologyKey":"STBL_A4_T1_V4","index":4}],"time":1542221955484},{"prop":"TEDExpt1V1","value":{"ontologyKey":"S_A4_T1_V1_A","index":1},"time":1542221955484},{"prop":"TEDExpt2V1","value":{"ontologyKey":"S_A4_T1_V1_A","index":1},"time":1542221955484},{"prop":"TEDExpt1V2","value":{"ontologyKey":"S_A4_T1_V2_A","index":2},"time":1542221955484},{"prop":"TEDExpt2V2","value":{"ontologyKey":"S_A4_T1_V2_A","index":2},"time":1542221955484},{"prop":"TEDExpt1V3","value":{"ontologyKey":"S_A4_T1_V3_A","index":3},"time":1542221955484},{"prop":"TEDExpt2V3","value":{"ontologyKey":"S_A4_T1_V3_A","index":3},"time":1542221955484},{"prop":"TEDExpt1V4","value":{"ontologyKey":"S_A4_T1_V4_A","index":4},"time":1542221955484},{"prop":"TEDExpt2V4","value":{"ontologyKey":"S_A4_T1_V4_A","index":4},"time":1542221955484},{"prop":"TEDExpt2V3","value":{"ontologyKey":"S_A4_T1_V3_B","index":3},"time":1542221955484},{"prop":"TEDExpt2V4","value":{"ontologyKey":"S_A4_T1_V4_B","index":4},"time":1542221955484},{"prop":"TEDExpt2V1","value":{"ontologyKey":"S_A4_T1_V1_B","index":1},"time":1542221955484},{"prop":"TEDExpt2V2","value":{"ontologyKey":"S_A4_T1_V2_B","index":2},"time":1542221955484},{"prop":"TEDExptNC1SameDiff","value":{"ontologyKey":"TED_E1_Q7NC1DIFF","value":"diff","index":1},"time":1542221955484},{"prop":"TEDExptNC1Confound","value":{"ontologyKey":"STBL_A4_T1_V1","index":1},"time":1542221955484},{"prop":"TEDExptNC2SameDiff","value":{"ontologyKey":"TED_E1_Q7NC2DIFF","value":"diff","index":3},"time":1542221955484},{"prop":"TEDExptNC2Confound","value":{"ontologyKey":"STBL_A4_T1_V3","index":3},"time":1542221955484},{"prop":"TEDExptNC3SameDiff","value":{"ontologyKey":"TED_E1_Q7NC3DIFF","value":"diff","index":4},"time":1542221955484},{"prop":"TEDExptNC3Confound","value":{"ontologyKey":"STBL_A4_T1_V4","index":4},"time":1542221955484},{"prop":"TEDExptNonTarget","value":[1,3,4],"time":1542221955797},{"prop":"TEDExptConfounds","value":[3,4,1],"time":1542221955797},{"prop":"TEDExptDifferent","value":[3,4,1,2],"time":1542221955797},{"prop":"TEDExptArea","value":{"ontologyKey":"STBL_A4","index":4},"time":1542221955797},{"prop":"TEDExptTopic","value":{"ontologyKey":"STBL_A4_T1","index":1},"time":1542221955798},{"prop":"TEDExptVariable","value":{"ontologyKey":"STBL_A4_T1_V2","index":2},"time":1542221955798},{"prop":"TEDExptRQ","value":{"ontologyKey":"S_A4_T1_RQ2","index":2},"time":1542221955798},{"prop":"TEDExptVarNC1","value":{"ontologyKey":"STBL_A4_T1_V1","index":1},"time":1542221955798},{"prop":"TEDExptVarNC2","value":{"ontologyKey":"STBL_A4_T1_V3","index":3},"time":1542221955798},{"prop":"TEDExptVarNC3","value":{"ontologyKey":"STBL_A4_T1_V4","index":4},"time":1542221955798},{"prop":"TEDExptPOSTSequence","value":[{"ontologyKey":"STBL_A4_T1_V1","index":1},{"ontologyKey":"STBL_A4_T1_V2","index":2},{"ontologyKey":"STBL_A4_T1_V3","index":3},{"ontologyKey":"STBL_A4_T1_V4","index":4}],"time":1542221955798},{"prop":"TEDExpt1V1","value":{"ontologyKey":"S_A4_T1_V1_A","index":1},"time":1542221955798},{"prop":"TEDExpt2V1","value":{"ontologyKey":"S_A4_T1_V1_A","index":1},"time":1542221955798},{"prop":"TEDExpt1V2","value":{"ontologyKey":"S_A4_T1_V2_A","index":2},"time":1542221955798},{"prop":"TEDExpt2V2","value":{"ontologyKey":"S_A4_T1_V2_A","index":2},"time":1542221955798},{"prop":"TEDExpt1V3","value":{"ontologyKey":"S_A4_T1_V3_A","index":3},"time":1542221955798},{"prop":"TEDExpt2V3","value":{"ontologyKey":"S_A4_T1_V3_A","index":3},"time":1542221955798},{"prop":"TEDExpt1V4","value":{"ontologyKey":"S_A4_T1_V4_A","index":4},"time":1542221955798},{"prop":"TEDExpt2V4","value":{"ontologyKey":"S_A4_T1_V4_A","index":4},"time":1542221955798},{"prop":"TEDExpt2V3","value":{"ontologyKey":"S_A4_T1_V3_B","index":3},"time":1542221955798},{"prop":"TEDExpt2V4","value":{"ontologyKey":"S_A4_T1_V4_B","index":4},"time":1542221955798},{"prop":"TEDExpt2V1","value":{"ontologyKey":"S_A4_T1_V1_B","index":1},"time":1542221955798},{"prop":"TEDExpt2V2","value":{"ontologyKey":"S_A4_T1_V2_B","index":2},"time":1542221955798},{"prop":"TEDExptNC1SameDiff","value":{"ontologyKey":"TED_E1_Q7NC1DIFF","value":"diff","index":1},"time":1542221955798},{"prop":"TEDExptNC1Confound","value":{"ontologyKey":"STBL_A4_T1_V1","index":1},"time":1542221955798},{"prop":"TEDExptNC2SameDiff","value":{"ontologyKey":"TED_E1_Q7NC2DIFF","value":"diff","index":3},"time":1542221955798},{"prop":"TEDExptNC2Confound","value":{"ontologyKey":"STBL_A4_T1_V3","index":3},"time":1542221955798},{"prop":"TEDExptNC3SameDiff","value":{"ontologyKey":"TED_E1_Q7NC3DIFF","value":"diff","index":4},"time":1542221955798},{"prop":"TEDExptNC3Confound","value":{"ontologyKey":"STBL_A4_T1_V4","index":4},"time":1542221955798},{"prop":"differentRow","value":1,"time":1542221987228},{"prop":"independentVarN","value":{"row":2,"col":0,"ontologyKey":"STBL_A4_T1_V2|name","isText":true,"selectedValue":"Amount of Sunlight","cell":{}},"time":1542221997011},{"prop":"sameRow1","value":2,"time":1542222004514},{"prop":"independentVarN","value":{"row":3,"col":0,"ontologyKey":"STBL_A4_T1_V3|name","isText":true,"selectedValue":"Amount of Fertilizer","cell":{}},"time":1542222010153},{"prop":"sameRow2","value":3,"time":1542222021606},{"prop":"independentVarN","value":{"row":4,"col":0,"ontologyKey":"STBL_A4_T1_V4|name","isText":true,"selectedValue":"Type of Water","cell":{}},"time":1542222027243},{"prop":"sameRow3","value":4,"time":1542222036369},{"prop":"independentVarN","time":1542222042083},{"prop":"Expt1_Q1","value":{"name":"{{$EFO_TED_E1_LISTYN|yes}}","ontologyKey":"TED_E1_LISTYN|yes","index":1,"value":false,"id":"incorrect"},"time":1542222214851},{"prop":"Expt1_Q3_WRONG","value":{"name":"{{$EFO_TED_E1_LISTQ23|ans4}}","value":"$EFL_efdata.TED.E1.LISTQ23","ontologyKey":"TED_E1_LISTQ23|yes","index":4,"id":"4"},"time":1542222249651}],"selectedTopic":{"index":1,"ontologyKey":"STBL_A4_T1|name"},"selectedVariable":{"index":1,"ontologyKey":"STBL_A4_T1_V1|name"},"TEDExptNonTarget":[1,3,4],"TEDExptConfounds":[3,4,1],"TEDExptDifferent":[3,4,1,2],"TEDExptArea":{"ontologyKey":"STBL_A4","index":4},"TEDExptTopic":{"ontologyKey":"STBL_A4_T1","index":1},"TEDExptVariable":{"ontologyKey":"STBL_A4_T1_V2","index":2},"TEDExptRQ":{"ontologyKey":"S_A4_T1_RQ2","index":2},"TEDExptVarNC1":{"ontologyKey":"STBL_A4_T1_V1","index":1},"TEDExptVarNC2":{"ontologyKey":"STBL_A4_T1_V3","index":3},"TEDExptVarNC3":{"ontologyKey":"STBL_A4_T1_V4","index":4},"TEDExptPOSTSequence":[{"ontologyKey":"STBL_A4_T1_V1","index":1},{"ontologyKey":"STBL_A4_T1_V2","index":2},{"ontologyKey":"STBL_A4_T1_V3","index":3},{"ontologyKey":"STBL_A4_T1_V4","index":4}],"TEDExpt1V1":{"ontologyKey":"S_A4_T1_V1_A","index":1},"TEDExpt2V1":{"ontologyKey":"S_A4_T1_V1_B","index":1},"TEDExpt1V2":{"ontologyKey":"S_A4_T1_V2_A","index":2},"TEDExpt2V2":{"ontologyKey":"S_A4_T1_V2_B","index":2},"TEDExpt1V3":{"ontologyKey":"S_A4_T1_V3_A","index":3},"TEDExpt2V3":{"ontologyKey":"S_A4_T1_V3_B","index":3},"TEDExpt1V4":{"ontologyKey":"S_A4_T1_V4_A","index":4},"TEDExpt2V4":{"ontologyKey":"S_A4_T1_V4_B","index":4},"TEDExptNC1SameDiff":{"ontologyKey":"TED_E1_Q7NC1DIFF","value":"diff","index":1},"TEDExptNC1Confound":{"ontologyKey":"STBL_A4_T1_V1","index":1},"TEDExptNC2SameDiff":{"ontologyKey":"TED_E1_Q7NC2DIFF","value":"diff","index":3},"TEDExptNC2Confound":{"ontologyKey":"STBL_A4_T1_V3","index":3},"TEDExptNC3SameDiff":{"ontologyKey":"TED_E1_Q7NC3DIFF","value":"diff","index":4},"TEDExptNC3Confound":{"ontologyKey":"STBL_A4_T1_V4","index":4},"differentRow":1,"sameRow1":2,"sameRow2":3,"sameRow3":4,"Expt1_Q1":{"name":"{{$EFO_TED_E1_LISTYN|yes}}","ontologyKey":"TED_E1_LISTYN|yes","index":1,"value":false,"id":"incorrect"},"Expt1_Q3_WRONG":{"name":"{{$EFO_TED_E1_LISTQ23|ans4}}","value":"$EFL_efdata.TED.E1.LISTQ23","ontologyKey":"TED_E1_LISTQ23|yes","index":4,"id":"4"}}},"tutor":{"experimentalGroup":{"ontologyKey":"EG_A3"},"$seq":[{"prop":"experimentalGroup.ontologyKey","value":"EG_A3","time":1542221955380}]}}