{"scene":{"SNavigator":{},"SScene1":{"rowsComplete":4,"$seq":[{"prop":"rowsComplete","value":0,"time":1542221955510},{"prop":"complete","value":false,"time":1542221955797},{"prop":"currentRow","value":1,"time":1542221962364},{"prop":"correct","value":true,"time":1542221962364},{"prop":"correct","value":false,"time":1542221962399},{"prop":"correct","value":false,"time":1542221967980},{"prop":"correct","value":false,"time":1542221967982},{"prop":"TVSel.col1","value":2,"time":1542221979479},{"prop":"TVSel.col2","value":2,"time":1542221982045},{"prop":"correct","value":false,"time":1542221982045},{"prop":"correct","value":false,"time":1542221982094},{"prop":"TVSel.col2","value":1,"time":1542221987182},{"prop":"correct","value":true,"time":1542221987182},{"prop":"correct","value":false,"time":1542221987222},{"prop":"rowsComplete","value":1,"time":1542221987228},{"prop":"currentRow","value":0,"time":1542221997010},{"prop":"currentRow","value":2,"time":1542221997011},{"prop":"correct","value":false,"time":1542221997011},{"prop":"VSel.col1","value":null,"time":1542221997011},{"prop":"VSel.col2","value":null,"time":1542221997011},{"prop":"correct","value":false,"time":1542221997012},{"prop":"VSel.col1","value":1,"time":1542221999695},{"prop":"VSel.col2","value":2,"time":1542222001445},{"prop":"correct","value":false,"time":1542222001445},{"prop":"correct","value":false,"time":1542222001500},{"prop":"VSel.col1","value":2,"time":1542222004469},{"prop":"correct","value":true,"time":1542222004469},{"prop":"correct","value":false,"time":1542222004512},{"prop":"rowsComplete","value":2,"time":1542222004514},{"prop":"currentRow","value":3,"time":1542222010153},{"prop":"correct","value":false,"time":1542222010153},{"prop":"VSel.col1","value":null,"time":1542222010154},{"prop":"VSel.col2","value":null,"time":1542222010154},{"prop":"correct","value":false,"time":1542222010155},{"prop":"VSel.col1","value":1,"time":1542222018359},{"prop":"VSel.col2","value":2,"time":1542222019887},{"prop":"correct","value":false,"time":1542222019887},{"prop":"correct","value":false,"time":1542222019926},{"prop":"VSel.col1","value":2,"time":1542222021560},{"prop":"correct","value":true,"time":1542222021560},{"prop":"correct","value":false,"time":1542222021603},{"prop":"rowsComplete","value":3,"time":1542222021606},{"prop":"currentRow","value":4,"time":1542222027243},{"prop":"correct","value":false,"time":1542222027244},{"prop":"VSel.col1","value":null,"time":1542222027244},{"prop":"VSel.col2","value":null,"time":1542222027244},{"prop":"correct","value":false,"time":1542222027245},{"prop":"VSel.col1","value":2,"time":1542222033158},{"prop":"VSel.col2","value":2,"time":1542222036333},{"prop":"correct","value":true,"time":1542222036333},{"prop":"correct","value":false,"time":1542222036367},{"prop":"rowsComplete","value":4,"time":1542222036369},{"prop":"currentRow","value":5,"time":1542222042083},{"prop":"complete","value":true,"time":1542222042083},{"prop":"correct","value":false,"time":1542222042084}],"complete":true,"currentRow":5,"correct":false,"TVSel":{"col1":2,"col2":1},"VSel":{"col1":2,"col2":2}},"SScene2":{"complete":true,"$seq":[{"prop":"complete","value":false,"time":1542222043219},{"prop":"complete","value":true,"time":1542222067045},{"prop":"correct","value":false,"time":1542222069605}],"correct":false},"SScene3":{"complete":true,"$seq":[{"prop":"complete","value":false,"time":1542222069707},{"prop":"complete","value":true,"time":1542222077017}]},"SScene4":{"complete":true,"$seq":[{"prop":"complete","value":false,"time":1542222084284},{"prop":"complete","value":true,"time":1542222096230}]},"SScene5":{"complete":true,"$seq":[{"prop":"complete","value":false,"time":1542222099298},{"prop":"complete","value":true,"time":1542222105027}]},"SScene6":{"complete":true,"$seq":[{"prop":"complete","value":false,"time":1542222106301},{"prop":"complete","value":true,"time":1542222117797}]},"SScene7":{"complete":true,"$seq":[{"prop":"complete","value":false,"time":1542222565729},{"prop":"complete","value":true,"time":1542222577101}]},"SScene8":{"complete":true,"$seq":[{"prop":"complete","value":false,"time":1542222585461},{"prop":"complete","value":true,"time":1542222640674}]},"SScene9":{"complete":false,"$seq":[{"prop":"complete","value":false,"time":1542222664182},{"prop":"complete","value":true,"time":1542222668344},{"prop":"complete","value":false,"time":1542222669109}]},"SScene11":{"complete":true,"$seq":[{"prop":"complete","value":false,"time":1542222220353},{"prop":"complete","value":true,"time":1542222249652}]},"SScene12":{"complete":true,"$seq":[{"prop":"complete","value":false,"time":1542222682650},{"prop":"complete","value":true,"time":1542222692427}]},"SScene12A":{"complete":false,"$seq":[{"prop":"complete","value":false,"time":1542222695666},{"prop":"complete","value":true,"time":1542222712451},{"prop":"complete","value":false,"time":1542222713292},{"prop":"complete","value":false,"time":1542222715838},{"prop":"complete","value":false,"time":1542222717557},{"prop":"complete","value":false,"time":1542222721601},{"prop":"complete","value":false,"time":1542222723321},{"prop":"complete","value":false,"time":1542222724702},{"prop":"complete","value":false,"time":1542222726092}]},"SScene14":{"complete":false,"$seq":[{"prop":"complete","value":true,"time":1542222344774},{"prop":"complete","value":false,"time":1542222345842},{"prop":"complete","value":false,"time":1542222356955}]},"SScene15":{"complete":true,"$seq":[{"prop":"complete","value":false,"time":1542222752260},{"prop":"complete","value":false,"time":1542222780764},{"prop":"complete","value":false,"time":1542222781885},{"prop":"complete","value":false,"time":1542222784077},{"prop":"complete","value":true,"time":1542222785976},{"prop":"complete","value":false,"time":1542222786411},{"prop":"complete","value":false,"time":1542222787667},{"prop":"complete","value":false,"time":1542222789020},{"prop":"complete","value":true,"time":1542222841307}]},"SScene16":{"complete":false,"$seq":[{"prop":"complete","value":false,"time":1542222842144}]},"SScene17":{"complete":true,"$seq":[{"prop":"complete","value":false,"time":1542222510942},{"prop":"complete","value":true,"time":1542222521309},{"prop":"complete","value":false,"time":1542222522479},{"prop":"complete","value":false,"time":1542222528556},{"prop":"complete","value":false,"time":1542222530035},{"prop":"complete","value":false,"time":1542222533579},{"prop":"complete","value":false,"time":1542222537098},{"prop":"complete","value":false,"time":1542222539187},{"prop":"complete","value":false,"time":1542222540628},{"prop":"complete","value":false,"time":1542222544512},{"prop":"complete","value":false,"time":1542222548060},{"prop":"complete","value":false,"time":1542222549541},{"prop":"complete","value":false,"time":1542222551030},{"prop":"complete","value":false,"time":1542222556292},{"prop":"complete","value":false,"time":1542222557744},{"prop":"complete","value":true,"time":1542222559852}]},"SScene10":{"complete":true,"$seq":[{"prop":"complete","value":false,"time":1542222672540},{"prop":"complete","value":true,"time":1542222680924}]},"SScene13":{"complete":false,"$seq":[{"prop":"complete","value":false,"time":1542222727403},{"prop":"complete","value":true,"time":1542222740958},{"prop":"complete","value":false,"time":1542222741718}]}},"module":{"EFMod_TEDInstr":{"selectedArea":{"index":4,"ontologyKey":"STBL_A4|name"},"$seq":[{"prop":"selectedArea.index","value":4,"time":1542221955381},{"prop":"selectedArea.ontologyKey","value":"STBL_A4|name","time":1542221955381},{"prop":"selectedTopic.index","value":1,"time":1542221955381},{"prop":"selectedTopic.ontologyKey","value":"STBL_A4_T1|name","time":1542221955381},{"prop":"selectedVariable.index","value":1,"time":1542221955381},{"prop":"selectedVariable.ontologyKey","value":"STBL_A4_T1_V1|name","time":1542221955381},{"prop":"TEDExptNonTarget","value":[1,3,4],"time":1542221955483},{"prop":"TEDExptConfounds","value":[3,4,1],"time":1542221955483},{"prop":"TEDExptDifferent","value":[3,4,1,2],"time":1542221955483},{"prop":"TEDExptArea","value":{"ontologyKey":"STBL_A4","index":4},"time":1542221955483},{"prop":"TEDExptTopic","value":{"ontologyKey":"STBL_A4_T1","index":1},"time":1542221955483},{"prop":"TEDExptVariable","value":{"ontologyKey":"STBL_A4_T1_V2","index":2},"time":1542221955483},{"prop":"TEDExptRQ","value":{"ontologyKey":"S_A4_T1_RQ2","index":2},"time":1542221955483},{"prop":"TEDExptVarNC1","value":{"ontologyKey":"STBL_A4_T1_V1","index":1},"time":1542221955484},{"prop":"TEDExptVarNC2","value":{"ontologyKey":"STBL_A4_T1_V3","index":3},"time":1542221955484},{"prop":"TEDExptVarNC3","value":{"ontologyKey":"STBL_A4_T1_V4","index":4},"time":1542221955484},{"prop":"TEDExptPOSTSequence","value":[{"ontologyKey":"STBL_A4_T1_V1","index":1},{"ontologyKey":"STBL_A4_T1_V2","index":2},{"ontologyKey":"STBL_A4_T1_V3","index":3},{"ontologyKey":"STBL_A4_T1_V4","index":4}],"time":1542221955484},{"prop":"TEDExpt1V1","value":{"ontologyKey":"S_A4_T1_V1_A","index":1},"time":1542221955484},{"prop":"TEDExpt2V1","value":{"ontologyKey":"S_A4_T1_V1_A","index":1},"time":1542221955484},{"prop":"TEDExpt1V2","value":{"ontologyKey":"S_A4_T1_V2_A","index":2},"time":1542221955484},{"prop":"TEDExpt2V2","value":{"ontologyKey":"S_A4_T1_V2_A","index":2},"time":1542221955484},{"prop":"TEDExpt1V3","value":{"ontologyKey":"S_A4_T1_V3_A","index":3},"time":1542221955484},{"prop":"TEDExpt2V3","value":{"ontologyKey":"S_A4_T1_V3_A","index":3},"time":1542221955484},{"prop":"TEDExpt1V4","value":{"ontologyKey":"S_A4_T1_V4_A","index":4},"time":1542221955484},{"prop":"TEDExpt2V4","value":{"ontologyKey":"S_A4_T1_V4_A","index":4},"time":1542221955484},{"prop":"TEDExpt2V3","value":{"ontologyKey":"S_A4_T1_V3_B","index":3},"time":1542221955484},{"prop":"TEDExpt2V4","value":{"ontologyKey":"S_A4_T1_V4_B","index":4},"time":1542221955484},{"prop":"TEDExpt2V1","value":{"ontologyKey":"S_A4_T1_V1_B","index":1},"time":1542221955484},{"prop":"TEDExpt2V2","value":{"ontologyKey":"S_A4_T1_V2_B","index":2},"time":1542221955484},{"prop":"TEDExptNC1SameDiff","value":{"ontologyKey":"TED_E1_Q7NC1DIFF","value":"diff","index":1},"time":1542221955484},{"prop":"TEDExptNC1Confound","value":{"ontologyKey":"STBL_A4_T1_V1","index":1},"time":1542221955484},{"prop":"TEDExptNC2SameDiff","value":{"ontologyKey":"TED_E1_Q7NC2DIFF","value":"diff","index":3},"time":1542221955484},{"prop":"TEDExptNC2Confound","value":{"ontologyKey":"STBL_A4_T1_V3","index":3},"time":1542221955484},{"prop":"TEDExptNC3SameDiff","value":{"ontologyKey":"TED_E1_Q7NC3DIFF","value":"diff","index":4},"time":1542221955484},{"prop":"TEDExptNC3Confound","value":{"ontologyKey":"STBL_A4_T1_V4","index":4},"time":1542221955484},{"prop":"TEDExptNonTarget","value":[1,3,4],"time":1542221955797},{"prop":"TEDExptConfounds","value":[3,4,1],"time":1542221955797},{"prop":"TEDExptDifferent","value":[3,4,1,2],"time":1542221955797},{"prop":"TEDExptArea","value":{"ontologyKey":"STBL_A4","index":4},"time":1542221955797},{"prop":"TEDExptTopic","value":{"ontologyKey":"STBL_A4_T1","index":1},"time":1542221955798},{"prop":"TEDExptVariable","value":{"ontologyKey":"STBL_A4_T1_V2","index":2},"time":1542221955798},{"prop":"TEDExptRQ","value":{"ontologyKey":"S_A4_T1_RQ2","index":2},"time":1542221955798},{"prop":"TEDExptVarNC1","value":{"ontologyKey":"STBL_A4_T1_V1","index":1},"time":1542221955798},{"prop":"TEDExptVarNC2","value":{"ontologyKey":"STBL_A4_T1_V3","index":3},"time":1542221955798},{"prop":"TEDExptVarNC3","value":{"ontologyKey":"STBL_A4_T1_V4","index":4},"time":1542221955798},{"prop":"TEDExptPOSTSequence","value":[{"ontologyKey":"STBL_A4_T1_V1","index":1},{"ontologyKey":"STBL_A4_T1_V2","index":2},{"ontologyKey":"STBL_A4_T1_V3","index":3},{"ontologyKey":"STBL_A4_T1_V4","index":4}],"time":1542221955798},{"prop":"TEDExpt1V1","value":{"ontologyKey":"S_A4_T1_V1_A","index":1},"time":1542221955798},{"prop":"TEDExpt2V1","value":{"ontologyKey":"S_A4_T1_V1_A","index":1},"time":1542221955798},{"prop":"TEDExpt1V2","value":{"ontologyKey":"S_A4_T1_V2_A","index":2},"time":1542221955798},{"prop":"TEDExpt2V2","value":{"ontologyKey":"S_A4_T1_V2_A","index":2},"time":1542221955798},{"prop":"TEDExpt1V3","value":{"ontologyKey":"S_A4_T1_V3_A","index":3},"time":1542221955798},{"prop":"TEDExpt2V3","value":{"ontologyKey":"S_A4_T1_V3_A","index":3},"time":1542221955798},{"prop":"TEDExpt1V4","value":{"ontologyKey":"S_A4_T1_V4_A","index":4},"time":1542221955798},{"prop":"TEDExpt2V4","value":{"ontologyKey":"S_A4_T1_V4_A","index":4},"time":1542221955798},{"prop":"TEDExpt2V3","value":{"ontologyKey":"S_A4_T1_V3_B","index":3},"time":1542221955798},{"prop":"TEDExpt2V4","value":{"ontologyKey":"S_A4_T1_V4_B","index":4},"time":1542221955798},{"prop":"TEDExpt2V1","value":{"ontologyKey":"S_A4_T1_V1_B","index":1},"time":1542221955798},{"prop":"TEDExpt2V2","value":{"ontologyKey":"S_A4_T1_V2_B","index":2},"time":1542221955798},{"prop":"TEDExptNC1SameDiff","value":{"ontologyKey":"TED_E1_Q7NC1DIFF","value":"diff","index":1},"time":1542221955798},{"prop":"TEDExptNC1Confound","value":{"ontologyKey":"STBL_A4_T1_V1","index":1},"time":1542221955798},{"prop":"TEDExptNC2SameDiff","value":{"ontologyKey":"TED_E1_Q7NC2DIFF","value":"diff","index":3},"time":1542221955798},{"prop":"TEDExptNC2Confound","value":{"ontologyKey":"STBL_A4_T1_V3","index":3},"time":1542221955798},{"prop":"TEDExptNC3SameDiff","value":{"ontologyKey":"TED_E1_Q7NC3DIFF","value":"diff","index":4},"time":1542221955798},{"prop":"TEDExptNC3Confound","value":{"ontologyKey":"STBL_A4_T1_V4","index":4},"time":1542221955798},{"prop":"differentRow","value":1,"time":1542221987228},{"prop":"independentVarN","value":{"row":2,"col":0,"ontologyKey":"STBL_A4_T1_V2|name","isText":true,"selectedValue":"Amount of Sunlight","cell":{}},"time":1542221997011},{"prop":"sameRow1","value":2,"time":1542222004514},{"prop":"independentVarN","value":{"row":3,"col":0,"ontologyKey":"STBL_A4_T1_V3|name","isText":true,"selectedValue":"Amount of Fertilizer","cell":{}},"time":1542222010153},{"prop":"sameRow2","value":3,"time":1542222021606},{"prop":"independentVarN","value":{"row":4,"col":0,"ontologyKey":"STBL_A4_T1_V4|name","isText":true,"selectedValue":"Type of Water","cell":{}},"time":1542222027243},{"prop":"sameRow3","value":4,"time":1542222036369},{"prop":"independentVarN","time":1542222042083},{"prop":"Expt1_Q1","value":{"name":"{{$EFO_TED_E1_LISTYN|yes}}","ontologyKey":"TED_E1_LISTYN|yes","index":1,"value":false,"id":"incorrect"},"time":1542222214851},{"prop":"Expt1_Q3_WRONG","value":{"name":"{{$EFO_TED_E1_LISTQ23|ans4}}","value":"$EFL_efdata.TED.E1.LISTQ23","ontologyKey":"TED_E1_LISTQ23|yes","index":4,"id":"4"},"time":1542222249651},{"prop":"Expt1_Q4","value":{"name":"{{$EFO_TED_E1_LISTYN|yes}}","ontologyKey":"TED_E1_LISTYN|yes","index":1,"value":false,"id":"incorrect"},"time":1542222289711},{"prop":"Expt1_Q4B_WRONG","value":{"name":"{{$EFO_TED_E1_LISTQ56|ans5}}","value":"$EFL_efdata.TED.E1.LISTQ56","ontologyKey":"TED_E1_LISTQ56|yes","index":5,"id":"5"},"time":1542222344774},{"prop":"TEDFeatureFocus","value":["Could cause","","Could Not cause","Could cause"],"time":1542222357305},{"prop":"TEDFeatureFocus","value":["Could cause","","Could Not cause","Could cause"],"time":1542222399945},{"prop":"TEDFeatureFocus","value":["Could cause","","Could Not cause","Could cause"],"time":1542222401926},{"prop":"TEDFeatureFocus","value":["Could cause","","Could Not cause","Could cause"],"time":1542222403837},{"prop":"TEDcorrection","value":3,"time":1542222484525},{"prop":"TEDcorrection","value":2,"time":1542222504509},{"prop":"TEDcorrection","value":1,"time":1542222507371},{"prop":"TEDcorrection","value":0,"time":1542222509391},{"prop":"TEDExptNonTarget","value":[1,2,4],"time":1542222565728},{"prop":"TEDExptConfounds","value":[2],"time":1542222565728},{"prop":"TEDExptDifferent","value":[2,3],"time":1542222565728},{"prop":"TEDExptArea","value":{"ontologyKey":"STBL_A4","index":4},"time":1542222565728},{"prop":"TEDExptTopic","value":{"ontologyKey":"STBL_A4_T1","index":1},"time":1542222565728},{"prop":"TEDExptVariable","value":{"ontologyKey":"STBL_A4_T1_V3","index":3},"time":1542222565728},{"prop":"TEDExptRQ","value":{"ontologyKey":"S_A4_T1_RQ3","index":3},"time":1542222565728},{"prop":"TEDExptVarNC1","value":{"ontologyKey":"STBL_A4_T1_V1","index":1},"time":1542222565728},{"prop":"TEDExptVarNC2","value":{"ontologyKey":"STBL_A4_T1_V2","index":2},"time":1542222565728},{"prop":"TEDExptVarNC3","value":{"ontologyKey":"STBL_A4_T1_V4","index":4},"time":1542222565728},{"prop":"TEDExptPOSTSequence","value":[{"ontologyKey":"STBL_A4_T1_V1","index":1},{"ontologyKey":"STBL_A4_T1_V2","index":2},{"ontologyKey":"STBL_A4_T1_V3","index":3},{"ontologyKey":"STBL_A4_T1_V4","index":4}],"time":1542222565728},{"prop":"TEDExpt1V1","value":{"ontologyKey":"S_A4_T1_V1_A","index":1},"time":1542222565728},{"prop":"TEDExpt2V1","value":{"ontologyKey":"S_A4_T1_V1_A","index":1},"time":1542222565728},{"prop":"TEDExpt1V2","value":{"ontologyKey":"S_A4_T1_V2_A","index":2},"time":1542222565728},{"prop":"TEDExpt2V2","value":{"ontologyKey":"S_A4_T1_V2_A","index":2},"time":1542222565728},{"prop":"TEDExpt1V3","value":{"ontologyKey":"S_A4_T1_V3_A","index":3},"time":1542222565728},{"prop":"TEDExpt2V3","value":{"ontologyKey":"S_A4_T1_V3_A","index":3},"time":1542222565728},{"prop":"TEDExpt1V4","value":{"ontologyKey":"S_A4_T1_V4_A","index":4},"time":1542222565728},{"prop":"TEDExpt2V4","value":{"ontologyKey":"S_A4_T1_V4_A","index":4},"time":1542222565729},{"prop":"TEDExpt2V2","value":{"ontologyKey":"S_A4_T1_V2_B","index":2},"time":1542222565729},{"prop":"TEDExpt2V3","value":{"ontologyKey":"S_A4_T1_V3_B","index":3},"time":1542222565729},{"prop":"TEDExptNC1SameDiff","value":{"ontologyKey":"TED_E1_Q7NC1SAME","value":"same","index":1},"time":1542222565729},{"prop":"TEDExptNC2SameDiff","value":{"ontologyKey":"TED_E1_Q7NC2DIFF","value":"diff","index":2},"time":1542222565729},{"prop":"TEDExptNC1Confound","value":{"ontologyKey":"STBL_A4_T1_V2","index":2},"time":1542222565729},{"prop":"TEDExptNC3SameDiff","value":{"ontologyKey":"TED_E1_Q7NC3SAME","value":"same","index":4},"time":1542222565729},{"prop":"Expt1_Q1","value":{"name":"{{$EFO_TED_E1_LISTYN|no}}","ontologyKey":"TED_E1_LISTYN|no","index":2,"value":true,"id":"correct"},"time":1542222668344},{"prop":"Expt1_Q2_RIGHT","value":{"name":"{{$EFO_TED_E1_LISTQ23|ans4}}","value":"$EFL_efdata.TED.E1.LISTQ23","ontologyKey":"TED_E1_LISTQ23|yes","index":4,"id":"4"},"time":1542222680924},{"prop":"Expt1_Q4","value":{"name":"{{$EFO_TED_E1_LISTYN|no}}","ontologyKey":"TED_E1_LISTYN|no","index":2,"value":true,"id":"correct"},"time":1542222712451},{"prop":"Expt1_Q4A_RIGHT","value":{"name":"{{$EFO_TED_E1_LISTQ56|ans1}}","value":"$EFL_efdata.TED.E1.LISTQ56","ontologyKey":"TED_E1_LISTQ56|yes","index":1,"id":"1"},"time":1542222740958},{"prop":"TEDFeatureFocus","value":["Could cause","Could cause","","Could cause"],"time":1542222752605},{"prop":"TEDFeatureFocus","value":["Could cause","Could cause","","Could cause"],"time":1542222780764},{"prop":"TEDFeatureFocus","value":["Could cause","Could cause","","Could cause"],"time":1542222781885},{"prop":"TEDFeatureFocus","value":["Could cause","Could cause","","Could cause"],"time":1542222784077},{"prop":"TEDFeatureFocus","value":["Could cause","Could cause","","Could cause"],"time":1542222785976}],"selectedTopic":{"index":1,"ontologyKey":"STBL_A4_T1|name"},"selectedVariable":{"index":1,"ontologyKey":"STBL_A4_T1_V1|name"},"TEDExptNonTarget":[1,2,4],"TEDExptConfounds":[2],"TEDExptDifferent":[2,3],"TEDExptArea":{"ontologyKey":"STBL_A4","index":4},"TEDExptTopic":{"ontologyKey":"STBL_A4_T1","index":1},"TEDExptVariable":{"ontologyKey":"STBL_A4_T1_V3","index":3},"TEDExptRQ":{"ontologyKey":"S_A4_T1_RQ3","index":3},"TEDExptVarNC1":{"ontologyKey":"STBL_A4_T1_V1","index":1},"TEDExptVarNC2":{"ontologyKey":"STBL_A4_T1_V2","index":2},"TEDExptVarNC3":{"ontologyKey":"STBL_A4_T1_V4","index":4},"TEDExptPOSTSequence":[{"ontologyKey":"STBL_A4_T1_V1","index":1},{"ontologyKey":"STBL_A4_T1_V2","index":2},{"ontologyKey":"STBL_A4_T1_V3","index":3},{"ontologyKey":"STBL_A4_T1_V4","index":4}],"TEDExpt1V1":{"ontologyKey":"S_A4_T1_V1_A","index":1},"TEDExpt2V1":{"ontologyKey":"S_A4_T1_V1_A","index":1},"TEDExpt1V2":{"ontologyKey":"S_A4_T1_V2_A","index":2},"TEDExpt2V2":{"ontologyKey":"S_A4_T1_V2_B","index":2},"TEDExpt1V3":{"ontologyKey":"S_A4_T1_V3_A","index":3},"TEDExpt2V3":{"ontologyKey":"S_A4_T1_V3_B","index":3},"TEDExpt1V4":{"ontologyKey":"S_A4_T1_V4_A","index":4},"TEDExpt2V4":{"ontologyKey":"S_A4_T1_V4_A","index":4},"TEDExptNC1SameDiff":{"ontologyKey":"TED_E1_Q7NC1SAME","value":"same","index":1},"TEDExptNC1Confound":{"ontologyKey":"STBL_A4_T1_V2","index":2},"TEDExptNC2SameDiff":{"ontologyKey":"TED_E1_Q7NC2DIFF","value":"diff","index":2},"TEDExptNC2Confound":{"ontologyKey":"STBL_A4_T1_V3","index":3},"TEDExptNC3SameDiff":{"ontologyKey":"TED_E1_Q7NC3SAME","value":"same","index":4},"TEDExptNC3Confound":{"ontologyKey":"STBL_A4_T1_V4","index":4},"differentRow":1,"sameRow1":2,"sameRow2":3,"sameRow3":4,"Expt1_Q1":{"name":"{{$EFO_TED_E1_LISTYN|no}}","ontologyKey":"TED_E1_LISTYN|no","index":2,"value":true,"id":"correct"},"Expt1_Q3_WRONG":{"name":"{{$EFO_TED_E1_LISTQ23|ans4}}","value":"$EFL_efdata.TED.E1.LISTQ23","ontologyKey":"TED_E1_LISTQ23|yes","index":4,"id":"4"},"Expt1_Q4":{"name":"{{$EFO_TED_E1_LISTYN|no}}","ontologyKey":"TED_E1_LISTYN|no","index":2,"value":true,"id":"correct"},"Expt1_Q4B_WRONG":{"name":"{{$EFO_TED_E1_LISTQ56|ans5}}","value":"$EFL_efdata.TED.E1.LISTQ56","ontologyKey":"TED_E1_LISTQ56|yes","index":5,"id":"5"},"TEDFeatureFocus":["Could cause","Could cause","","Could cause"],"TEDcorrection":0,"Expt1_Q2_RIGHT":{"name":"{{$EFO_TED_E1_LISTQ23|ans4}}","value":"$EFL_efdata.TED.E1.LISTQ23","ontologyKey":"TED_E1_LISTQ23|yes","index":4,"id":"4"},"Expt1_Q4A_RIGHT":{"name":"{{$EFO_TED_E1_LISTQ56|ans1}}","value":"$EFL_efdata.TED.E1.LISTQ56","ontologyKey":"TED_E1_LISTQ56|yes","index":1,"id":"1"}}},"tutor":{"experimentalGroup":{"ontologyKey":"EG_A3"},"$seq":[{"prop":"experimentalGroup.ontologyKey","value":"EG_A3","time":1542221955380}]}}