{"sceneState":{"SNavigator":{},"SMatsIntro":{"complete":true,"$seq":[{"prop":"complete","value":false,"time":1557762000239},{"prop":"complete","value":true,"time":1557762013369}]},"SMatsPre1":{"complete":true,"$seq":[{"prop":"complete","value":false,"time":1557762022398},{"prop":"Sg1","value":"true","time":1557762026446},{"prop":"PreTest:Sg1","value":"b3","time":1557762026446},{"prop":"complete","value":false,"time":1557762026447},{"prop":"Sg1","value":"true","time":1557762026447},{"prop":"complete","value":false,"time":1557762026447},{"prop":"Sg4","value":"true","time":1557762031231},{"prop":"PreTest:Sg4","value":"b5","time":1557762031231},{"prop":"complete","value":false,"time":1557762031231},{"prop":"Sg4","value":"true","time":1557762031232},{"prop":"complete","value":false,"time":1557762031232},{"prop":"Sg4","value":"true","time":1557762032077},{"prop":"PreTest:Sg4","value":"b5","time":1557762032077},{"prop":"complete","value":false,"time":1557762032077},{"prop":"Sg4","value":"true","time":1557762032078},{"prop":"complete","value":false,"time":1557762032078},{"prop":"Sg4","value":"true","time":1557762035313},{"prop":"PreTest:Sg4","value":"b4","time":1557762035313},{"prop":"complete","value":false,"time":1557762035313},{"prop":"Sg4","value":"true","time":1557762035314},{"prop":"complete","value":false,"time":1557762035314},{"prop":"Sg4","value":"true","time":1557762035656},{"prop":"PreTest:Sg4","value":"b4","time":1557762035656},{"prop":"complete","value":false,"time":1557762035656},{"prop":"Sg4","value":"true","time":1557762035657},{"prop":"complete","value":false,"time":1557762035657},{"prop":"Sg3","value":"true","time":1557762040534},{"prop":"PreTest:Sg3","value":"b2","time":1557762040534},{"prop":"complete","value":false,"time":1557762040534},{"prop":"Sg3","value":"true","time":1557762040534},{"prop":"complete","value":false,"time":1557762040534},{"prop":"Sg2","value":"true","time":1557762048990},{"prop":"PreTest:Sg2","value":"b5","time":1557762048990},{"prop":"complete","value":true,"time":1557762048990},{"prop":"Sg2","value":"true","time":1557762048990},{"prop":"complete","value":true,"time":1557762048990}],"Sg1":"true","PreTest:Sg1":"b3","Sg4":"true","PreTest:Sg4":"b4","Sg3":"true","PreTest:Sg3":"b2","Sg2":"true","PreTest:Sg2":"b5"},"SMatsPre2":{"complete":true,"$seq":[{"prop":"complete","value":false,"time":1557762050008},{"prop":"Sg1","value":"true","time":1557762056475},{"prop":"PreTest:Sg1","value":"b1","time":1557762056475},{"prop":"complete","value":false,"time":1557762056475},{"prop":"Sg1","value":"true","time":1557762056475},{"prop":"complete","value":false,"time":1557762056475},{"prop":"Sg2","value":"true","time":1557762059539},{"prop":"PreTest:Sg2","value":"b4","time":1557762059539},{"prop":"complete","value":false,"time":1557762059539},{"prop":"Sg2","value":"true","time":1557762059539},{"prop":"complete","value":false,"time":1557762059539},{"prop":"Sg3","value":"true","time":1557762063548},{"prop":"PreTest:Sg3","value":"b2","time":1557762063548},{"prop":"complete","value":false,"time":1557762063548},{"prop":"Sg3","value":"true","time":1557762063549},{"prop":"complete","value":false,"time":1557762063549},{"prop":"Sg3","value":"true","time":1557762064218},{"prop":"PreTest:Sg3","value":"b3","time":1557762064218},{"prop":"complete","value":false,"time":1557762064218},{"prop":"Sg3","value":"true","time":1557762064218},{"prop":"complete","value":false,"time":1557762064218},{"prop":"Sg4","value":"true","time":1557762075625},{"prop":"PreTest:Sg4","value":"b2","time":1557762075625},{"prop":"complete","value":true,"time":1557762075625},{"prop":"Sg4","value":"true","time":1557762075625},{"prop":"complete","value":true,"time":1557762075625}],"Sg1":"true","PreTest:Sg1":"b1","Sg2":"true","PreTest:Sg2":"b4","Sg3":"true","PreTest:Sg3":"b3","Sg4":"true","PreTest:Sg4":"b2"},"SMatsPre3":{"complete":true,"$seq":[{"prop":"complete","value":false,"time":1557762076639},{"prop":"Sg1","value":"true","time":1557762079846},{"prop":"PreTest:Sg1","value":"b4","time":1557762079846},{"prop":"complete","value":false,"time":1557762079846},{"prop":"Sg1","value":"true","time":1557762079847},{"prop":"complete","value":false,"time":1557762079847},{"prop":"Sg2","value":"true","time":1557762084159},{"prop":"PreTest:Sg2","value":"b2","time":1557762084159},{"prop":"complete","value":false,"time":1557762084159},{"prop":"Sg2","value":"true","time":1557762084160},{"prop":"complete","value":false,"time":1557762084160},{"prop":"Sg2","value":"true","time":1557762084991},{"prop":"PreTest:Sg2","value":"b3","time":1557762084992},{"prop":"complete","value":false,"time":1557762084992},{"prop":"Sg2","value":"true","time":1557762084992},{"prop":"complete","value":false,"time":1557762084992},{"prop":"Sg3","value":"true","time":1557762086645},{"prop":"PreTest:Sg3","value":"b3","time":1557762086645},{"prop":"complete","value":false,"time":1557762086645},{"prop":"Sg3","value":"true","time":1557762086645},{"prop":"complete","value":false,"time":1557762086645},{"prop":"Sg3","value":"true","time":1557762090111},{"prop":"PreTest:Sg3","value":"b4","time":1557762090111},{"prop":"complete","value":false,"time":1557762090111},{"prop":"Sg3","value":"true","time":1557762090111},{"prop":"complete","value":false,"time":1557762090111},{"prop":"Sg4","value":"true","time":1557762093435},{"prop":"PreTest:Sg4","value":"b4","time":1557762093435},{"prop":"complete","value":true,"time":1557762093435},{"prop":"Sg4","value":"true","time":1557762093436},{"prop":"complete","value":true,"time":1557762093436}],"Sg1":"true","PreTest:Sg1":"b4","Sg2":"true","PreTest:Sg2":"b3","Sg3":"true","PreTest:Sg3":"b4","Sg4":"true","PreTest:Sg4":"b4"},"SMatsPre4":{"complete":true,"$seq":[{"prop":"complete","value":false,"time":1557762094443},{"prop":"Sg1","value":"true","time":1557762100580},{"prop":"PreTest:Sg1","value":"b2","time":1557762100581},{"prop":"complete","value":false,"time":1557762100581},{"prop":"Sg1","value":"true","time":1557762100581},{"prop":"complete","value":false,"time":1557762100581},{"prop":"Sg2","value":"true","time":1557762105056},{"prop":"PreTest:Sg2","value":"b2","time":1557762105056},{"prop":"complete","value":true,"time":1557762105056},{"prop":"prompted","value":true,"time":1557762105057},{"prop":"Sg2","value":"true","time":1557762105057},{"prop":"complete","value":true,"time":1557762105057},{"prop":"complete","value":true,"time":1557762112878}],"Sg1":"true","PreTest:Sg1":"b2","Sg2":"true","PreTest:Sg2":"b2","prompted":true},"SSceneEnd":{"complete":false,"$seq":[{"prop":"complete","value":false,"time":1557762113004}]}},"moduleState":{},"tutorState":{},"fFeatures":{"0":true,"FTR_PRE":true,"FTR_PROMPTED":true},"featureID":{}}