{"sceneState":{"SNavigator":{},"SIntro":{"complete":false,"$seq":[{"prop":"complete","value":false,"time":1557762113888}]},"SScene1":{"complete":true,"$seq":[{"prop":"complete","value":false,"time":1557762128087},{"prop":"Sg1","value":"true","time":1557762140148},{"prop":"DR1:Sg1","value":"ans1","time":1557762140148},{"prop":"complete","value":true,"time":1557762140148},{"prop":"Sg1","value":"true","time":1557762140149},{"prop":"complete","value":true,"time":1557762140149}],"Sg1":"true","DR1:Sg1":"ans1"},"SScene2":{"complete":true,"$seq":[{"prop":"complete","value":false,"time":1557762141806},{"prop":"Sg1","value":"true","time":1557762210914},{"prop":"DR2:Sg1","value":"ans4","time":1557762210914},{"prop":"complete","value":true,"time":1557762210914},{"prop":"Sg1","value":"true","time":1557762210915},{"prop":"complete","value":true,"time":1557762210915}],"Sg1":"true","DR2:Sg1":"ans4"},"SScene3":{"complete":true,"$seq":[{"prop":"complete","value":false,"time":1557762212716},{"prop":"Sg1","value":"true","time":1557762307247},{"prop":"DR3:Sg1","value":"ans4","time":1557762307247},{"prop":"complete","value":true,"time":1557762307247},{"prop":"Sg1","value":"true","time":1557762307248},{"prop":"complete","value":true,"time":1557762307248}],"Sg1":"true","DR3:Sg1":"ans4"},"SScene4":{"complete":true,"$seq":[{"prop":"complete","value":false,"time":1557762309070},{"prop":"Sg1","value":"true","time":1557762339413},{"prop":"DR4:Sg1","value":"ans4","time":1557762339413},{"prop":"complete","value":true,"time":1557762339413},{"prop":"Sg1","value":"true","time":1557762339414},{"prop":"complete","value":true,"time":1557762339414}],"Sg1":"true","DR4:Sg1":"ans4"},"SSubmit":{"complete":false,"$seq":[{"prop":"complete","value":false,"time":1557762340341}]},"SSceneEnd":{"complete":false,"$seq":[{"prop":"complete","value":false,"time":1557762342091}]}},"moduleState":{},"tutorState":{},"fFeatures":{"0":true},"featureID":{}}