{
	"SScene1": {
		"tracks": {
			"track1": {
				"en": {
					"html": "<p>Welcome. You are about to begin the TED Tutor.</p>",
					"text": "Welcome. You are about to begin the TED Tutor.",
					"cueSet": "..............................................",
					"segments": [],
					"timedSet": [],
					"templates": {},
					"trim": [
						0
					],
					"volume": [
						1
					]
				}
			},
			"track2": {
				"en": {
					"html": "<p>With it, you will learn a procedure for how to design good science experiments.</p>",
					"text": "With it, you will learn a procedure for how to design good science experiments.",
					"cueSet": "..........................................................................................",
					"segments": [],
					"timedSet": [],
					"templates": {},
					"trim": [
						0
					],
					"volume": [
						1
					]
				}
			},
			"track3": {
				"en": {
					"html": "<p>This procedure is called the control of variables strategy or vary one thing at a time.</p>",
					"text": "This procedure is called the control of variables strategy or vary one thing at a time.",
					"cueSet": "......................................................................................",
					"segments": [],
					"timedSet": [],
					"templates": {},
					"trim": [
						0
					],
					"volume": [
						1
					]
				}
			},
			"track4": {
				"en": {
					"html": "<p>TED is a computer tutor. Like a real teacher, TED provides instruction and feedback.</p>",
					"text": "TED is a computer tutor. Like a real teacher, TED provides instruction and feedback.",
					"cueSet": "....................................................................................",
					"segments": [],
					"timedSet": [],
					"templates": {},
					"trim": [
						0
					],
					"volume": [
						1
					]
				}
			},
			"track5": {
				"en": {
					"html": "<p>Also like a real teacher, TED looks at your answers to see how well you are learning how to design good experiments.</p>",
					"text": "Also like a real teacher, TED looks at your answers to see how well you are learning how to design good experiments.",
					"cueSet": "....................................................................................",
					"segments": [],
					"timedSet": [],
					"templates": {},
					"trim": [
						0
					],
					"volume": [
						1
					]
				}
			},
			"track6": {
				"en": {
					"html": "<p>If you answer TED's questions correctly, it will assume that you have learned the material and are ready to advance.</p>",
					"text": "If you answer TED's questions correctly, it will assume that you have learned the material and are ready to advance.",
					"cueSet": "....................................................................................................................",
					"segments": [],
					"timedSet": [],
					"templates": {},
					"trim": [
						0
					],
					"volume": [
						1
					]
				}
			},
			"track7": {
				"en": {
					"html": "<p>If you answered TED's questions incorrectly, it will assume that you need extra help and more practice.</p>",
					"text": "If you answered TED's questions incorrectly, it will assume that you need extra help and more practice.",
					"cueSet": ".......................................................................................................",
					"segments": [],
					"timedSet": [],
					"templates": {},
					"trim": [
						0
					],
					"volume": [
						1
					]
				}
			},
			"track8": {
				"en": {
					"html": "<p>You will move through TED's instruction at your own pace.</p>",
					"text": "You will move through TED's instruction at your own pace.",
					"cueSet": ".........................................................",
					"segments": [],
					"timedSet": [],
					"templates": {},
					"trim": [
						0
					],
					"volume": [
						1
					]
				}
			},
			"track9": {
				"en": {
					"html": "<p>You may find that sometimes you go backwards and repeat questions.</p>",
					"text": "You may find that sometimes you go backwards and repeat questions.",
					"cueSet": "..................................................................",
					"segments": [],
					"timedSet": [],
					"templates": {},
					"trim": [
						0
					],
					"volume": [
						1
					]
				}
			},
			"track10": {
				"en": {
					"html": "<p>This is because TED has determined, based on your answers, that you need more practice before you can move forward.</p>",
					"text": "This is because TED has determined, based on your answers, that you need more practice before you can move forward.",
					"cueSet": "...................................................................................................................",
					"segments": [],
					"timedSet": [],
					"templates": {},
					"trim": [
						0
					],
					"volume": [
						1
					]
				}
			},
			"track11": {
				"en": {
					"html": "<p>The only way for TED to know how much you are learning is through your answers to its questions.</p>",
					"text": "The only way for TED to know how much you are learning is through your answers to its questions.",
					"cueSet": "................................................................................................",
					"segments": [],
					"timedSet": [],
					"templates": {},
					"trim": [
						0
					],
					"volume": [
						1
					]
				}
			},
			"track12": {
				"en": {
					"html": "<p>For this reason, it's important to make sure you understand what each question is asking and to answer carefully.</p>",
					"text": "For this reason, it's important to make sure you understand what each question is asking and to answer carefully.",
					"cueSet": ".................................................................................................................",
					"segments": [],
					"timedSet": [],
					"templates": {},
					"trim": [
						0
					],
					"volume": [
						1
					]
				}
			},
			"track13": {
				"en": {
					"html": "<p>Let's begin.</p>",
					"text": "Let's begin.",
					"cueSet": "............",
					"segments": [],
					"timedSet": [],
					"templates": {},
					"trim": [
						0
					],
					"volume": [
						1
					]
				}
			}
		}
	}
}