{
	"SScene1": {
		"tracks": {
			"track1": {
				"en": {
					"html": "<p>Welcome. You are about to begin the TED Tutor.</p>",
					"text": "Welcome. You are about to begin the TED Tutor.",
					"cueSet": "..............................................",
					"segments": [
						{
							"templateVar": "__novar",
							"__novar": {
								"fileid": "0",
								"SSML": "Welcome. You are about to begin the TED Tutor.",
								"cues": [],
								"duration": 2778.2916666666665,
								"trim": 0,
								"volume": 1
							}
						}
					],
					"timedSet": [],
					"templates": {},
					"trim": [
						0
					],
					"volume": [
						1
					]
				}
			},
			"track2": {
				"en": {
					"html": "<p>With it, you will learn a procedure for how to design good science experiments.</p>",
					"text": "With it, you will learn a procedure for how to design good science experiments.",
					"cueSet": "..........................................................................................",
					"segments": [
						{
							"templateVar": "__novar",
							"__novar": {
								"fileid": "0",
								"SSML": "With it, you will learn a procedure for how to design good science experiments.",
								"cues": [],
								"duration": 4056.1666666666665,
								"trim": 0,
								"volume": 1
							}
						}
					],
					"timedSet": [],
					"templates": {},
					"trim": [
						0
					],
					"volume": [
						1
					]
				}
			},
			"track3": {
				"en": {
					"html": "<p>This procedure is called the control of variables strategy or vary one thing at a time.</p>",
					"text": "This procedure is called the control of variables strategy or vary one thing at a time.",
					"cueSet": "......................................................................................",
					"segments": [
						{
							"templateVar": "__novar",
							"__novar": {
								"fileid": "0",
								"SSML": "This procedure is called the control of variables strategy or vary one thing at a time.",
								"cues": [],
								"duration": 4747.458333333333,
								"trim": 0,
								"volume": 1
							}
						}
					],
					"timedSet": [],
					"templates": {},
					"trim": [
						0
					],
					"volume": [
						1
					]
				}
			},
			"track4": {
				"en": {
					"html": "<p>TED is a computer tutor. Like a real teacher, TED provides instruction and feedback.</p>",
					"text": "TED is a computer tutor. Like a real teacher, TED provides instruction and feedback.",
					"cueSet": "....................................................................................",
					"segments": [
						{
							"templateVar": "__novar",
							"__novar": {
								"fileid": "0",
								"SSML": "TED is a computer tutor. Like a real teacher, TED provides instruction and feedback.",
								"cues": [],
								"duration": 5173.208333333333,
								"trim": 0,
								"volume": 1
							}
						}
					],
					"timedSet": [],
					"templates": {},
					"trim": [
						0
					],
					"volume": [
						1
					]
				}
			},
			"track5": {
				"en": {
					"html": "<p>Also like a real teacher, TED looks at your answers to see how well you are learning how to design good experiments.</p>",
					"text": "Also like a real teacher, TED looks at your answers to see how well you are learning how to design good experiments.",
					"cueSet": "....................................................................................",
					"segments": [
						{
							"templateVar": "__novar",
							"__novar": {
								"fileid": "0",
								"SSML": "Also like a real teacher, TED looks at your answers to see how well you are learning how to design good experiments.",
								"cues": [],
								"duration": 6034.375,
								"trim": 0,
								"volume": 1
							}
						}
					],
					"timedSet": [],
					"templates": {},
					"trim": [
						0
					],
					"volume": [
						1
					]
				}
			},
			"track6": {
				"en": {
					"html": "<p>If you answer TED's questions correctly, it will assume that you have learned the material and are ready to advance.</p>",
					"text": "If you answer TED's questions correctly, it will assume that you have learned the material and are ready to advance.",
					"cueSet": "....................................................................................................................",
					"segments": [
						{
							"templateVar": "__novar",
							"__novar": {
								"fileid": "0",
								"SSML": "If you answer TED's questions correctly, it will assume that you have learned the material and are ready to advance.",
								"cues": [],
								"duration": 5659.333333333333,
								"trim": 0,
								"volume": 1
							}
						}
					],
					"timedSet": [],
					"templates": {},
					"trim": [
						0
					],
					"volume": [
						1
					]
				}
			},
			"track7": {
				"en": {
					"html": "<p>If you answered TED's questions incorrectly, it will assume that you need extra help and more practice.</p>",
					"text": "If you answered TED's questions incorrectly, it will assume that you need extra help and more practice.",
					"cueSet": ".......................................................................................................",
					"segments": [
						{
							"templateVar": "__novar",
							"__novar": {
								"fileid": "0",
								"SSML": "If you answered TED's questions incorrectly, it will assume that you need extra help and more practice.",
								"cues": [],
								"duration": 5248.375,
								"trim": 0,
								"volume": 1
							}
						}
					],
					"timedSet": [],
					"templates": {},
					"trim": [
						0
					],
					"volume": [
						1
					]
				}
			},
			"track8": {
				"en": {
					"html": "<p>You will move through TED's instruction at your own pace.</p>",
					"text": "You will move through TED's instruction at your own pace.",
					"cueSet": ".........................................................",
					"segments": [
						{
							"templateVar": "__novar",
							"__novar": {
								"fileid": "0",
								"SSML": "You will move through TED's instruction at your own pace.",
								"cues": [],
								"duration": 2633.9166666666665,
								"trim": 0,
								"volume": 1
							}
						}
					],
					"timedSet": [],
					"templates": {},
					"trim": [
						0
					],
					"volume": [
						1
					]
				}
			},
			"track9": {
				"en": {
					"html": "<p>You may find that sometimes you go backwards and repeat questions.</p>",
					"text": "You may find that sometimes you go backwards and repeat questions.",
					"cueSet": "..................................................................",
					"segments": [
						{
							"templateVar": "__novar",
							"__novar": {
								"fileid": "0",
								"SSML": "You may find that sometimes you go backwards and repeat questions.",
								"cues": [],
								"duration": 3501.75,
								"trim": 0,
								"volume": 1
							}
						}
					],
					"timedSet": [],
					"templates": {},
					"trim": [
						0
					],
					"volume": [
						1
					]
				}
			},
			"track10": {
				"en": {
					"html": "<p>This is because TED has determined, based on your answers, that you need more practice before you can move forward.</p>",
					"text": "This is because TED has determined, based on your answers, that you need more practice before you can move forward.",
					"cueSet": "...................................................................................................................",
					"segments": [
						{
							"templateVar": "__novar",
							"__novar": {
								"fileid": "0",
								"SSML": "This is because TED has determined, based on your answers, that you need more practice before you can move forward.",
								"cues": [],
								"duration": 5611.416666666667,
								"trim": 0,
								"volume": 1
							}
						}
					],
					"timedSet": [],
					"templates": {},
					"trim": [
						0
					],
					"volume": [
						1
					]
				}
			},
			"track11": {
				"en": {
					"html": "<p>The only way for TED to know how much you are learning is through your answers to its questions.</p>",
					"text": "The only way for TED to know how much you are learning is through your answers to its questions.",
					"cueSet": "................................................................................................",
					"segments": [
						{
							"templateVar": "__novar",
							"__novar": {
								"fileid": "0",
								"SSML": "The only way for TED to know how much you are learning is through your answers to its questions.",
								"cues": [],
								"duration": 4514.458333333333,
								"trim": 0,
								"volume": 1
							}
						}
					],
					"timedSet": [],
					"templates": {},
					"trim": [
						0
					],
					"volume": [
						1
					]
				}
			},
			"track12": {
				"en": {
					"html": "<p>For this reason, it's important to make sure you understand what each question is asking and to answer carefully.</p>",
					"text": "For this reason, it's important to make sure you understand what each question is asking and to answer carefully.",
					"cueSet": ".................................................................................................................",
					"segments": [
						{
							"templateVar": "__novar",
							"__novar": {
								"fileid": "0",
								"SSML": "For this reason, it's important to make sure you understand what each question is asking and to answer carefully.",
								"cues": [],
								"duration": 5472.708333333333,
								"trim": 0,
								"volume": 1
							}
						}
					],
					"timedSet": [],
					"templates": {},
					"trim": [
						0
					],
					"volume": [
						1
					]
				}
			},
			"track13": {
				"en": {
					"html": "<p>Let's begin.</p>",
					"text": "Let's begin.",
					"cueSet": "............",
					"segments": [
						{
							"templateVar": "__novar",
							"__novar": {
								"fileid": "0",
								"SSML": "Let's begin.",
								"cues": [],
								"duration": 890.5416666666666,
								"trim": 0,
								"volume": 1
							}
						}
					],
					"timedSet": [],
					"templates": {},
					"trim": [
						0
					],
					"volume": [
						1
					]
				}
			}
		}
	},
	"SSoundCheck": {
		"tracks": {
			"track1": {
				"en": {
					"html": "<p>Please use this time to adjust your volume to a comfortable level.  If your volume is at a good level, click on the circle then on the triangle to begin.</p>",
					"text": "Please use this time to adjust your volume to a comfortable level. If your volume is at a good level, click on the circle then on the triangle to begin.",
					"cueSet": "..............................................",
					"segments": [
						{
							"templateVar": "__novar",
							"__novar": {
								"fileid": "0",
								"SSML": "Please use this time to adjust your volume to a comfortable level. If your volume is at a good level, click on the circle then on the triangle to begin.",
								"cues": [],
								"duration": 8313.458333333334,
								"trim": 0,
								"volume": 1
							}
						}
					],
					"timedSet": [],
					"templates": {},
					"trim": [
						0
					],
					"volume": [
						1
					]
				}
			}
		}
	}
}