{"scene":{"SNavigator":{},"SScene1":{"rowsComplete":4,"$seq":[{"prop":"rowsComplete","value":0,"time":1556197808320},{"prop":"complete","value":false,"time":1556197808627},{"prop":"currentRow","value":2,"time":1556197814059},{"prop":"correct","value":true,"time":1556197814060},{"prop":"correct","value":false,"time":1556197814082},{"prop":"correct","value":false,"time":1556197819705},{"prop":"correct","value":false,"time":1556197819706},{"prop":"TVSel.col1","value":1,"time":1556197823406},{"prop":"TVSel.col2","value":2,"time":1556197825302},{"prop":"correct","value":true,"time":1556197825302},{"prop":"correct","value":false,"time":1556197825341},{"prop":"rowsComplete","value":1,"time":1556197825348},{"prop":"currentRow","value":0,"time":1556197834932},{"prop":"currentRow","value":1,"time":1556197834932},{"prop":"correct","value":false,"time":1556197834932},{"prop":"VSel.col1","value":null,"time":1556197834933},{"prop":"VSel.col2","value":null,"time":1556197834933},{"prop":"correct","value":false,"time":1556197834936},{"prop":"VSel.col1","value":2,"time":1556197839546},{"prop":"VSel.col2","value":1,"time":1556197841009},{"prop":"correct","value":false,"time":1556197841009},{"prop":"correct","value":false,"time":1556197841057},{"prop":"VSel.col1","value":1,"time":1556197845404},{"prop":"correct","value":true,"time":1556197845404},{"prop":"correct","value":false,"time":1556197845438},{"prop":"rowsComplete","value":2,"time":1556197845441},{"prop":"currentRow","value":3,"time":1556197851045},{"prop":"correct","value":false,"time":1556197851046},{"prop":"VSel.col1","value":null,"time":1556197851046},{"prop":"VSel.col2","value":null,"time":1556197851046},{"prop":"correct","value":false,"time":1556197851048},{"prop":"VSel.col1","value":2,"time":1556197853603},{"prop":"VSel.col2","value":2,"time":1556197855142},{"prop":"correct","value":true,"time":1556197855142},{"prop":"correct","value":false,"time":1556197855147},{"prop":"rowsComplete","value":3,"time":1556197855152},{"prop":"currentRow","value":4,"time":1556197860781},{"prop":"correct","value":false,"time":1556197860783},{"prop":"VSel.col1","value":null,"time":1556197860783},{"prop":"VSel.col2","value":null,"time":1556197860783},{"prop":"correct","value":false,"time":1556197860785},{"prop":"VSel.col1","value":1,"time":1556197870894},{"prop":"VSel.col2","value":1,"time":1556197872174},{"prop":"correct","value":true,"time":1556197872174},{"prop":"correct","value":false,"time":1556197872207},{"prop":"rowsComplete","value":4,"time":1556197872211},{"prop":"currentRow","value":5,"time":1556197877872},{"prop":"complete","value":true,"time":1556197877872},{"prop":"correct","value":false,"time":1556197877873}],"complete":true,"currentRow":5,"correct":false,"TVSel":{"col1":1,"col2":2},"VSel":{"col1":1,"col2":1}},"SScene2":{"complete":true,"$seq":[{"prop":"complete","value":false,"time":1556197880166},{"prop":"complete","value":true,"time":1556197899953},{"prop":"correct","value":false,"time":1556197901305}],"correct":false},"SScene3":{"complete":true,"$seq":[{"prop":"complete","value":false,"time":1556197901381},{"prop":"complete","value":true,"time":1556197908872}]},"SScene4":{"complete":true,"$seq":[{"prop":"complete","value":false,"time":1556197912078},{"prop":"complete","value":true,"time":1556197924153}]},"SScene5":{"complete":true,"$seq":[{"prop":"complete","value":false,"time":1556197925029},{"prop":"complete","value":true,"time":1556197931005}]},"SScene6":{"complete":true,"$seq":[{"prop":"complete","value":false,"time":1556197933046},{"prop":"complete","value":true,"time":1556197944822}]},"SScene7":{"complete":true,"$seq":[{"prop":"complete","value":false,"time":1556197947671},{"prop":"complete","value":true,"time":1556197957348}]},"SScene8":{"complete":true,"$seq":[{"prop":"complete","value":false,"time":1556197959012},{"prop":"complete","value":true,"time":1556198005097}]},"SScene9":{"complete":false,"$seq":[{"prop":"complete","value":false,"time":1556198009595},{"prop":"complete","value":true,"time":1556198014184},{"prop":"complete","value":false,"time":1556198015579}]},"SScene10":{"complete":true,"$seq":[{"prop":"complete","value":false,"time":1556198019624},{"prop":"complete","value":true,"time":1556198048941}]},"SScene12":{"complete":true,"$seq":[{"prop":"complete","value":false,"time":1556198050618},{"prop":"complete","value":true,"time":1556198057875}]},"SScene12A":{"complete":false,"$seq":[{"prop":"complete","value":false,"time":1556198059672},{"prop":"complete","value":true,"time":1556198069594},{"prop":"complete","value":false,"time":1556198072316}]},"SScene13":{"complete":false,"$seq":[{"prop":"complete","value":false,"time":1556198082676}]}},"module":{"selectedArea":{"ontologyKey":"S_A1|name","index":1},"selectedTopic":{"ontologyKey":"S_A1_T2|name","index":2},"selectedVariable":{"ontologyKey":"S_A1_T2_V2|name","index":2},"selectedRQ":{"ontologyKey":"S_A1_T2_RQ2","index":"2"},"RQconfirmation":"UNKNOWN","TEDExptNonTarget":[1,2,4],"$seq":[{"prop":"TEDExptNonTarget","value":[1,2,4],"time":1556197808222},{"prop":"TEDExptConfounds","value":[4,1,2],"time":1556197808222},{"prop":"TEDExptDifferent","value":[4,1,2,3],"time":1556197808222},{"prop":"TEDExptArea","value":{"ontologyKey":"S_A1","index":1},"time":1556197808223},{"prop":"TEDExptTopic","value":{"ontologyKey":"S_A1_T2","index":2},"time":1556197808223},{"prop":"TEDExptVariable","value":{"ontologyKey":"S_A1_T2_V3","index":3},"time":1556197808223},{"prop":"TEDExptRQ","value":{"ontologyKey":"S_A1_T2_RQ3","index":3},"time":1556197808223},{"prop":"TEDExptVarNC1","value":{"ontologyKey":"S_A1_T2_V1","index":1},"time":1556197808223},{"prop":"TEDExptVarNC2","value":{"ontologyKey":"S_A1_T2_V2","index":2},"time":1556197808223},{"prop":"TEDExptVarNC3","value":{"ontologyKey":"S_A1_T2_V4","index":4},"time":1556197808223},{"prop":"TEDExptPOSTSequence","value":[{"ontologyKey":"S_A1_T2_V2","index":2},{"ontologyKey":"S_A1_T2_V3","index":3},{"ontologyKey":"S_A1_T2_V4","index":4},{"ontologyKey":"S_A1_T2_V1","index":1}],"time":1556197808223},{"prop":"TEDExpt1V1","value":{"ontologyKey":"S_A1_T2_V1_A","index":1},"time":1556197808223},{"prop":"TEDExpt2V1","value":{"ontologyKey":"S_A1_T2_V1_A","index":1},"time":1556197808223},{"prop":"TEDExpt1V2","value":{"ontologyKey":"S_A1_T2_V2_A","index":2},"time":1556197808223},{"prop":"TEDExpt2V2","value":{"ontologyKey":"S_A1_T2_V2_A","index":2},"time":1556197808223},{"prop":"TEDExpt1V3","value":{"ontologyKey":"S_A1_T2_V3_A","index":3},"time":1556197808223},{"prop":"TEDExpt2V3","value":{"ontologyKey":"S_A1_T2_V3_A","index":3},"time":1556197808223},{"prop":"TEDExpt1V4","value":{"ontologyKey":"S_A1_T2_V4_A","index":4},"time":1556197808223},{"prop":"TEDExpt2V4","value":{"ontologyKey":"S_A1_T2_V4_A","index":4},"time":1556197808223},{"prop":"TEDExpt2V4","value":{"ontologyKey":"S_A1_T2_V4_B","index":4},"time":1556197808223},{"prop":"TEDExpt2V1","value":{"ontologyKey":"S_A1_T2_V1_B","index":1},"time":1556197808223},{"prop":"TEDExpt2V2","value":{"ontologyKey":"S_A1_T2_V2_B","index":2},"time":1556197808223},{"prop":"TEDExpt2V3","value":{"ontologyKey":"S_A1_T2_V3_B","index":3},"time":1556197808223},{"prop":"TEDExptNC1SameDiff","value":{"ontologyKey":"TED_E1_Q7NC1DIFF","value":"diff","index":1},"time":1556197808223},{"prop":"TEDExptNC1Confound","value":{"ontologyKey":"S_A1_T2_V1","index":1},"time":1556197808223},{"prop":"TEDExptNC2SameDiff","value":{"ontologyKey":"TED_E1_Q7NC2DIFF","value":"diff","index":2},"time":1556197808223},{"prop":"TEDExptNC2Confound","value":{"ontologyKey":"S_A1_T2_V2","index":2},"time":1556197808223},{"prop":"TEDExptNC3SameDiff","value":{"ontologyKey":"TED_E1_Q7NC3DIFF","value":"diff","index":4},"time":1556197808223},{"prop":"TEDExptNC3Confound","value":{"ontologyKey":"S_A1_T2_V4","index":4},"time":1556197808223},{"prop":"TEDExptNonTarget","value":[1,2,4],"time":1556197808295},{"prop":"TEDExptConfounds","value":[4,1,2],"time":1556197808295},{"prop":"TEDExptDifferent","value":[4,1,2,3],"time":1556197808295},{"prop":"TEDExptArea","value":{"ontologyKey":"S_A1","index":1},"time":1556197808295},{"prop":"TEDExptTopic","value":{"ontologyKey":"S_A1_T2","index":2},"time":1556197808295},{"prop":"TEDExptVariable","value":{"ontologyKey":"S_A1_T2_V3","index":3},"time":1556197808295},{"prop":"TEDExptRQ","value":{"ontologyKey":"S_A1_T2_RQ3","index":3},"time":1556197808295},{"prop":"TEDExptVarNC1","value":{"ontologyKey":"S_A1_T2_V1","index":1},"time":1556197808295},{"prop":"TEDExptVarNC2","value":{"ontologyKey":"S_A1_T2_V2","index":2},"time":1556197808295},{"prop":"TEDExptVarNC3","value":{"ontologyKey":"S_A1_T2_V4","index":4},"time":1556197808295},{"prop":"TEDExptPOSTSequence","value":[{"ontologyKey":"S_A1_T2_V2","index":2},{"ontologyKey":"S_A1_T2_V3","index":3},{"ontologyKey":"S_A1_T2_V4","index":4},{"ontologyKey":"S_A1_T2_V1","index":1}],"time":1556197808295},{"prop":"TEDExpt1V1","value":{"ontologyKey":"S_A1_T2_V1_A","index":1},"time":1556197808295},{"prop":"TEDExpt2V1","value":{"ontologyKey":"S_A1_T2_V1_A","index":1},"time":1556197808295},{"prop":"TEDExpt1V2","value":{"ontologyKey":"S_A1_T2_V2_A","index":2},"time":1556197808295},{"prop":"TEDExpt2V2","value":{"ontologyKey":"S_A1_T2_V2_A","index":2},"time":1556197808295},{"prop":"TEDExpt1V3","value":{"ontologyKey":"S_A1_T2_V3_A","index":3},"time":1556197808295},{"prop":"TEDExpt2V3","value":{"ontologyKey":"S_A1_T2_V3_A","index":3},"time":1556197808295},{"prop":"TEDExpt1V4","value":{"ontologyKey":"S_A1_T2_V4_A","index":4},"time":1556197808295},{"prop":"TEDExpt2V4","value":{"ontologyKey":"S_A1_T2_V4_A","index":4},"time":1556197808295},{"prop":"TEDExpt2V4","value":{"ontologyKey":"S_A1_T2_V4_B","index":4},"time":1556197808295},{"prop":"TEDExpt2V1","value":{"ontologyKey":"S_A1_T2_V1_B","index":1},"time":1556197808295},{"prop":"TEDExpt2V2","value":{"ontologyKey":"S_A1_T2_V2_B","index":2},"time":1556197808295},{"prop":"TEDExpt2V3","value":{"ontologyKey":"S_A1_T2_V3_B","index":3},"time":1556197808295},{"prop":"TEDExptNC1SameDiff","value":{"ontologyKey":"TED_E1_Q7NC1DIFF","value":"diff","index":1},"time":1556197808295},{"prop":"TEDExptNC1Confound","value":{"ontologyKey":"S_A1_T2_V1","index":1},"time":1556197808295},{"prop":"TEDExptNC2SameDiff","value":{"ontologyKey":"TED_E1_Q7NC2DIFF","value":"diff","index":2},"time":1556197808295},{"prop":"TEDExptNC2Confound","value":{"ontologyKey":"S_A1_T2_V2","index":2},"time":1556197808295},{"prop":"TEDExptNC3SameDiff","value":{"ontologyKey":"TED_E1_Q7NC3DIFF","value":"diff","index":4},"time":1556197808295},{"prop":"TEDExptNC3Confound","value":{"ontologyKey":"S_A1_T2_V4","index":4},"time":1556197808295},{"prop":"TEDExptNonTarget","value":[1,2,4],"time":1556197808627},{"prop":"TEDExptConfounds","value":[4,1,2],"time":1556197808627},{"prop":"TEDExptDifferent","value":[4,1,2,3],"time":1556197808627},{"prop":"TEDExptArea","value":{"ontologyKey":"S_A1","index":1},"time":1556197808627},{"prop":"TEDExptTopic","value":{"ontologyKey":"S_A1_T2","index":2},"time":1556197808627},{"prop":"TEDExptVariable","value":{"ontologyKey":"S_A1_T2_V3","index":3},"time":1556197808627},{"prop":"TEDExptRQ","value":{"ontologyKey":"S_A1_T2_RQ3","index":3},"time":1556197808627},{"prop":"TEDExptVarNC1","value":{"ontologyKey":"S_A1_T2_V1","index":1},"time":1556197808627},{"prop":"TEDExptVarNC2","value":{"ontologyKey":"S_A1_T2_V2","index":2},"time":1556197808627},{"prop":"TEDExptVarNC3","value":{"ontologyKey":"S_A1_T2_V4","index":4},"time":1556197808627},{"prop":"TEDExptPOSTSequence","value":[{"ontologyKey":"S_A1_T2_V2","index":2},{"ontologyKey":"S_A1_T2_V3","index":3},{"ontologyKey":"S_A1_T2_V4","index":4},{"ontologyKey":"S_A1_T2_V1","index":1}],"time":1556197808627},{"prop":"TEDExpt1V1","value":{"ontologyKey":"S_A1_T2_V1_A","index":1},"time":1556197808627},{"prop":"TEDExpt2V1","value":{"ontologyKey":"S_A1_T2_V1_A","index":1},"time":1556197808627},{"prop":"TEDExpt1V2","value":{"ontologyKey":"S_A1_T2_V2_A","index":2},"time":1556197808627},{"prop":"TEDExpt2V2","value":{"ontologyKey":"S_A1_T2_V2_A","index":2},"time":1556197808627},{"prop":"TEDExpt1V3","value":{"ontologyKey":"S_A1_T2_V3_A","index":3},"time":1556197808627},{"prop":"TEDExpt2V3","value":{"ontologyKey":"S_A1_T2_V3_A","index":3},"time":1556197808627},{"prop":"TEDExpt1V4","value":{"ontologyKey":"S_A1_T2_V4_A","index":4},"time":1556197808627},{"prop":"TEDExpt2V4","value":{"ontologyKey":"S_A1_T2_V4_A","index":4},"time":1556197808627},{"prop":"TEDExpt2V4","value":{"ontologyKey":"S_A1_T2_V4_B","index":4},"time":1556197808627},{"prop":"TEDExpt2V1","value":{"ontologyKey":"S_A1_T2_V1_B","index":1},"time":1556197808627},{"prop":"TEDExpt2V2","value":{"ontologyKey":"S_A1_T2_V2_B","index":2},"time":1556197808627},{"prop":"TEDExpt2V3","value":{"ontologyKey":"S_A1_T2_V3_B","index":3},"time":1556197808627},{"prop":"TEDExptNC1SameDiff","value":{"ontologyKey":"TED_E1_Q7NC1DIFF","value":"diff","index":1},"time":1556197808627},{"prop":"TEDExptNC1Confound","value":{"ontologyKey":"S_A1_T2_V1","index":1},"time":1556197808627},{"prop":"TEDExptNC2SameDiff","value":{"ontologyKey":"TED_E1_Q7NC2DIFF","value":"diff","index":2},"time":1556197808627},{"prop":"TEDExptNC2Confound","value":{"ontologyKey":"S_A1_T2_V2","index":2},"time":1556197808627},{"prop":"TEDExptNC3SameDiff","value":{"ontologyKey":"TED_E1_Q7NC3DIFF","value":"diff","index":4},"time":1556197808627},{"prop":"TEDExptNC3Confound","value":{"ontologyKey":"S_A1_T2_V4","index":4},"time":1556197808627},{"prop":"differentRow","value":2,"time":1556197825348},{"prop":"independentVarN","value":{"row":1,"col":0,"ontologyKey":"S_A1_T2_V1|name","isText":true,"selectedValue":"Type of Sweetener","cell":{}},"time":1556197834932},{"prop":"sameRow1","value":1,"time":1556197845441},{"prop":"independentVarN","value":{"row":3,"col":0,"ontologyKey":"S_A1_T2_V3|name","isText":true,"selectedValue":"Texture of Mint","cell":{}},"time":1556197851045},{"prop":"sameRow2","value":3,"time":1556197855152},{"prop":"independentVarN","value":{"row":4,"col":0,"ontologyKey":"S_A1_T2_V4|name","isText":true,"selectedValue":"Amount of CO2","cell":{}},"time":1556197860781},{"prop":"sameRow3","value":4,"time":1556197872211},{"prop":"independentVarN","time":1556197877872},{"prop":"Expt1_Q1","value":{"name":"{{$EFO_TED_E1_LISTYN|no}}","ontologyKey":"TED_E1_LISTYN|no","index":2,"value":true,"id":"correct"},"time":1556198014184},{"prop":"Expt1_Q","value":{"name":"{{$EFO_TED_E1_LISTYN|no}}","ontologyKey":"TED_E1_LISTYN|no","index":2,"value":true,"id":"correct"},"time":1556198014184},{"prop":"Expt1_Reason","value":{"name":"{{$EFO_TED_E1_LISTQ23|ans4}}","value":"$EFL_efdata.TED.E1.LISTQ23","ontologyKey":"TED_E1_LISTQ23|yes","index":4,"id":"4"},"time":1556198048941},{"prop":"Expt1_Q4","value":{"name":"{{$EFO_TED_E1_LISTYN|no}}","ontologyKey":"TED_E1_LISTYN|no","index":2,"value":true,"id":"correct"},"time":1556198069594},{"prop":"Imagine1","value":{"name":"{{$EFO_TED_E1_LISTYN|no}}","ontologyKey":"TED_E1_LISTYN|no","index":2,"value":true,"id":"correct"},"time":1556198069594}],"TEDExptConfounds":[4,1,2],"TEDExptDifferent":[4,1,2,3],"TEDExptArea":{"ontologyKey":"S_A1","index":1},"TEDExptTopic":{"ontologyKey":"S_A1_T2","index":2},"TEDExptVariable":{"ontologyKey":"S_A1_T2_V3","index":3},"TEDExptRQ":{"ontologyKey":"S_A1_T2_RQ3","index":3},"TEDExptVarNC1":{"ontologyKey":"S_A1_T2_V1","index":1},"TEDExptVarNC2":{"ontologyKey":"S_A1_T2_V2","index":2},"TEDExptVarNC3":{"ontologyKey":"S_A1_T2_V4","index":4},"TEDExptPOSTSequence":[{"ontologyKey":"S_A1_T2_V2","index":2},{"ontologyKey":"S_A1_T2_V3","index":3},{"ontologyKey":"S_A1_T2_V4","index":4},{"ontologyKey":"S_A1_T2_V1","index":1}],"TEDExpt1V1":{"ontologyKey":"S_A1_T2_V1_A","index":1},"TEDExpt2V1":{"ontologyKey":"S_A1_T2_V1_B","index":1},"TEDExpt1V2":{"ontologyKey":"S_A1_T2_V2_A","index":2},"TEDExpt2V2":{"ontologyKey":"S_A1_T2_V2_B","index":2},"TEDExpt1V3":{"ontologyKey":"S_A1_T2_V3_A","index":3},"TEDExpt2V3":{"ontologyKey":"S_A1_T2_V3_B","index":3},"TEDExpt1V4":{"ontologyKey":"S_A1_T2_V4_A","index":4},"TEDExpt2V4":{"ontologyKey":"S_A1_T2_V4_B","index":4},"TEDExptNC1SameDiff":{"ontologyKey":"TED_E1_Q7NC1DIFF","value":"diff","index":1},"TEDExptNC1Confound":{"ontologyKey":"S_A1_T2_V1","index":1},"TEDExptNC2SameDiff":{"ontologyKey":"TED_E1_Q7NC2DIFF","value":"diff","index":2},"TEDExptNC2Confound":{"ontologyKey":"S_A1_T2_V2","index":2},"TEDExptNC3SameDiff":{"ontologyKey":"TED_E1_Q7NC3DIFF","value":"diff","index":4},"TEDExptNC3Confound":{"ontologyKey":"S_A1_T2_V4","index":4},"differentRow":2,"sameRow1":1,"sameRow2":3,"sameRow3":4,"Expt1_Q1":{"name":"{{$EFO_TED_E1_LISTYN|no}}","ontologyKey":"TED_E1_LISTYN|no","index":2,"value":true,"id":"correct"},"Expt1_Q":{"name":"{{$EFO_TED_E1_LISTYN|no}}","ontologyKey":"TED_E1_LISTYN|no","index":2,"value":true,"id":"correct"},"Expt1_Reason":{"name":"{{$EFO_TED_E1_LISTQ23|ans4}}","value":"$EFL_efdata.TED.E1.LISTQ23","ontologyKey":"TED_E1_LISTQ23|yes","index":4,"id":"4"},"Expt1_Q4":{"name":"{{$EFO_TED_E1_LISTYN|no}}","ontologyKey":"TED_E1_LISTYN|no","index":2,"value":true,"id":"correct"},"Imagine1":{"name":"{{$EFO_TED_E1_LISTYN|no}}","ontologyKey":"TED_E1_LISTYN|no","index":2,"value":true,"id":"correct"}},"tutor":{"experimentalGroup":{"ontologyKey":"EG_A1"},"$seq":[{"prop":"experimentalGroup.ontologyKey","value":"EG_A1","time":1556197808218}]}}