{"scene":{"SNavigator":{},"SIntro":{"complete":false,"$seq":[{"prop":"complete","value":false,"time":1557762177384}]},"SScene1":{"complete":true,"$seq":[{"prop":"complete","value":false,"time":1557762191835},{"prop":"Sg1","value":"true","time":1557762218385},{"prop":"DR1:Sg1","value":"ans4","time":1557762218385},{"prop":"complete","value":true,"time":1557762218385},{"prop":"Sg1","value":"true","time":1557762218387},{"prop":"complete","value":true,"time":1557762218387}],"Sg1":"true","DR1:Sg1":"ans4"},"SScene2":{"complete":true,"$seq":[{"prop":"complete","value":false,"time":1557762219830},{"prop":"Sg1","value":"true","time":1557762275435},{"prop":"DR2:Sg1","value":"ans3","time":1557762275435},{"prop":"complete","value":true,"time":1557762275435},{"prop":"Sg1","value":"true","time":1557762275436},{"prop":"complete","value":true,"time":1557762275436},{"prop":"Sg1","value":"true","time":1557762276846},{"prop":"DR2:Sg1","value":"ans3","time":1557762276846},{"prop":"complete","value":true,"time":1557762276846},{"prop":"Sg1","value":"true","time":1557762276846},{"prop":"complete","value":true,"time":1557762276846},{"prop":"Sg1","value":"true","time":1557762277967},{"prop":"DR2:Sg1","value":"ans3","time":1557762277967},{"prop":"complete","value":true,"time":1557762277967},{"prop":"Sg1","value":"true","time":1557762277967},{"prop":"complete","value":true,"time":1557762277967},{"prop":"Sg1","value":"true","time":1557762278491},{"prop":"DR2:Sg1","value":"ans3","time":1557762278491},{"prop":"complete","value":true,"time":1557762278491},{"prop":"Sg1","value":"true","time":1557762278492},{"prop":"complete","value":true,"time":1557762278492},{"prop":"Sg1","value":"true","time":1557762278918},{"prop":"DR2:Sg1","value":"ans2","time":1557762278918},{"prop":"complete","value":true,"time":1557762278918},{"prop":"Sg1","value":"true","time":1557762278919},{"prop":"complete","value":true,"time":1557762278919},{"prop":"Sg1","value":"true","time":1557762279533},{"prop":"DR2:Sg1","value":"ans1","time":1557762279533},{"prop":"complete","value":true,"time":1557762279533},{"prop":"Sg1","value":"true","time":1557762279534},{"prop":"complete","value":true,"time":1557762279534},{"prop":"Sg1","value":"true","time":1557762289220},{"prop":"DR2:Sg1","value":"ans4","time":1557762289220},{"prop":"complete","value":true,"time":1557762289220},{"prop":"Sg1","value":"true","time":1557762289220},{"prop":"complete","value":true,"time":1557762289220}],"Sg1":"true","DR2:Sg1":"ans4"},"SScene3":{"complete":false,"$seq":[{"prop":"complete","value":false,"time":1557762290196}]}},"module":{},"tutor":{}}