{"scene":{"SNavigator":{},"SScene1":{"complete":true,"$seq":[{"prop":"complete","value":false,"time":1266278975789},{"prop":"complete","value":true,"time":1266279045753}]},"SScene2":{"AreaSelected":true,"$seq":[{"prop":"AreaSelected","value":false,"time":1266279048639},{"prop":"AreaSelected","value":true,"time":1266279129438},{"prop":"Area Name:forces and motion","time":1266279129439},{"prop":"Area Index:3","time":1266279129439}]},"SScene3":{"TopicSelected":true,"$seq":[{"prop":"TopicSelected","value":false,"time":1266279132491},{"prop":"TopicSelected","value":true,"time":1266279139580},{"prop":"Topic Index:2","time":1266279139582}]},"SScene4":{"complete":true,"$seq":[{"prop":"complete","value":false,"time":1266279139730},{"prop":"complete","value":true,"time":1266279158691}]},"SScene5":{"complete":true,"$seq":[{"prop":"complete","value":false,"time":1266279163005},{"prop":"complete","value":true,"time":1266279167608}]},"SScene5a":{"complete":true,"$seq":[{"prop":"complete","value":false,"time":1266279233632},{"prop":"complete","value":true,"time":1266279249053}]},"SScene6a":{},"SScene6b":{},"SScene6c":{},"SScene6d":{},"SScene6e":{},"SScene7":{"complete":true,"$seq":[{"prop":"complete","value":false,"time":1266279266879},{"prop":"complete","value":true,"time":1266279276922}]},"SScene8":{"complete":true,"$seq":[{"prop":"complete","value":false,"time":1266279279718},{"prop":"complete","value":true,"time":1266279320010}]},"SScene9":{"RQSelected":true,"$seq":[{"prop":"RQSelected","value":false,"time":1266279322148},{"prop":"RQSelected","value":true,"time":1266279329266},{"prop":"Variable Index:1","time":1266279329267}]},"SScene10":{"RQconfirmed":true,"$seq":[{"prop":"RQconfirmed","value":false,"time":1266279329394},{"prop":"RQconfirmed","value":true,"time":1266279338833}]},"SScene11":{"RQconfirmed":false,"$seq":[{"prop":"RQconfirmed","value":false,"time":1266279338943},{"prop":"complete","value":true,"time":1266279347778}],"complete":true},"SSceneEnd":{"complete":false,"$seq":[{"prop":"complete","value":false,"time":1266279349544}]}},"module":{"selectedArea":{"ontologyKey":"S_A3|name","index":3},"$seq":[{"prop":"selectedArea.ontologyKey","value":"S_A3|name","time":1266279129438},{"prop":"selectedArea.index","value":3,"time":1266279129438},{"prop":"selectedTopic.ontologyKey","value":"S_A3_T2|name","time":1266279139580},{"prop":"selectedTopic.index","value":2,"time":1266279139580},{"prop":"selectedVariable.ontologyKey","value":"S_A3_T2_V1|name","time":1266279329266},{"prop":"selectedVariable.index","value":1,"time":1266279329266},{"prop":"selectedRQ","value":{"ontologyKey":"S_A3_T2_RQ1","index":"1"},"time":1266279329266},{"prop":"RQconfirmation","value":"UNKNOWN","time":1266279329394},{"prop":"RQconfirmation","value":"OK","time":1266279338833},{"prop":"RQconfirmation","value":"UNKNOWN","time":1266279338943}],"selectedTopic":{"ontologyKey":"S_A3_T2|name","index":2},"selectedVariable":{"ontologyKey":"S_A3_T2_V1|name","index":1},"selectedRQ":{"ontologyKey":"S_A3_T2_RQ1","index":"1"},"RQconfirmation":"UNKNOWN"},"tutor":{"experimentalGroup":{"ontologyKey":"EG_A1"},"$seq":[{"prop":"experimentalGroup.ontologyKey","value":"EG_A1","time":1266278975681}]}}