{"scene":{"SNavigator":{},"SScene1":{"complete":true,"$seq":[{"prop":"complete","value":false,"time":1266278975789},{"prop":"complete","value":true,"time":1266279045753}]},"SScene2":{"AreaSelected":true,"$seq":[{"prop":"AreaSelected","value":false,"time":1266279048639},{"prop":"AreaSelected","value":true,"time":1266279129438},{"prop":"Area Name:forces and motion","time":1266279129439},{"prop":"Area Index:3","time":1266279129439}]},"SScene3":{"TopicSelected":true,"$seq":[{"prop":"TopicSelected","value":false,"time":1266279132491},{"prop":"TopicSelected","value":true,"time":1266279139580},{"prop":"Topic Index:2","time":1266279139582}]},"SScene4":{"complete":true,"$seq":[{"prop":"complete","value":false,"time":1266279139730},{"prop":"complete","value":true,"time":1266279158691}]},"SScene5":{"complete":true,"$seq":[{"prop":"complete","value":false,"time":1266279163005},{"prop":"complete","value":true,"time":1266279167608}]},"SScene5a":{"complete":true,"$seq":[{"prop":"complete","value":false,"time":1266279233632},{"prop":"complete","value":true,"time":1266279249053}]},"SScene6a":{},"SScene6b":{}},"module":{"selectedArea":{"ontologyKey":"S_A3|name","index":3},"$seq":[{"prop":"selectedArea.ontologyKey","value":"S_A3|name","time":1266279129438},{"prop":"selectedArea.index","value":3,"time":1266279129438},{"prop":"selectedTopic.ontologyKey","value":"S_A3_T2|name","time":1266279139580},{"prop":"selectedTopic.index","value":2,"time":1266279139580}],"selectedTopic":{"ontologyKey":"S_A3_T2|name","index":2}},"tutor":{"experimentalGroup":{"ontologyKey":"EG_A1"},"$seq":[{"prop":"experimentalGroup.ontologyKey","value":"EG_A1","time":1266278975681}]}}