{"scene":{"SNavigator":{},"SScene1":{"rowsComplete":4,"$seq":[{"prop":"rowsComplete","value":0,"time":1556199177721},{"prop":"complete","value":false,"time":1556199178056},{"prop":"currentRow","value":1,"time":1556199198893},{"prop":"correct","value":false,"time":1556199198893},{"prop":"correct","value":false,"time":1556199198911},{"prop":"currentRow","value":1,"time":1556199199157},{"prop":"correct","value":false,"time":1556199199157},{"prop":"correct","value":false,"time":1556199199162},{"prop":"currentRow","value":1,"time":1556199199298},{"prop":"correct","value":false,"time":1556199199298},{"prop":"correct","value":false,"time":1556199199335},{"prop":"currentRow","value":2,"time":1556199233553},{"prop":"correct","value":false,"time":1556199233554},{"prop":"correct","value":false,"time":1556199233574},{"prop":"currentRow","value":3,"time":1556199235619},{"prop":"correct","value":false,"time":1556199235619},{"prop":"correct","value":false,"time":1556199235628},{"prop":"currentRow","value":4,"time":1556199236386},{"prop":"correct","value":true,"time":1556199236386},{"prop":"correct","value":false,"time":1556199236408},{"prop":"correct","value":false,"time":1556199241921},{"prop":"correct","value":false,"time":1556199241922},{"prop":"TVSel.col1","value":1,"time":1556199253001},{"prop":"TVSel.col2","value":1,"time":1556199256256},{"prop":"correct","value":false,"time":1556199256257},{"prop":"correct","value":false,"time":1556199256285},{"prop":"TVSel.col2","value":2,"time":1556199259212},{"prop":"correct","value":true,"time":1556199259212},{"prop":"correct","value":false,"time":1556199259251},{"prop":"rowsComplete","value":1,"time":1556199259255},{"prop":"currentRow","value":0,"time":1556199268673},{"prop":"currentRow","value":1,"time":1556199268673},{"prop":"correct","value":false,"time":1556199268674},{"prop":"VSel.col1","value":null,"time":1556199268674},{"prop":"VSel.col2","value":null,"time":1556199268674},{"prop":"correct","value":false,"time":1556199268676},{"prop":"VSel.col2","value":1,"time":1556199306269},{"prop":"VSel.col1","value":2,"time":1556199308613},{"prop":"correct","value":false,"time":1556199308613},{"prop":"correct","value":false,"time":1556199308634},{"prop":"VSel.col1","value":1,"time":1556199310596},{"prop":"correct","value":true,"time":1556199310596},{"prop":"correct","value":false,"time":1556199310632},{"prop":"rowsComplete","value":2,"time":1556199310635},{"prop":"currentRow","value":2,"time":1556199316221},{"prop":"correct","value":false,"time":1556199316222},{"prop":"VSel.col1","value":null,"time":1556199316222},{"prop":"VSel.col2","value":null,"time":1556199316222},{"prop":"correct","value":false,"time":1556199316224},{"prop":"VSel.col1","value":1,"time":1556199394137},{"prop":"VSel.col2","value":2,"time":1556199396081},{"prop":"correct","value":false,"time":1556199396082},{"prop":"correct","value":false,"time":1556199396105},{"prop":"VSel.col2","value":1,"time":1556199397780},{"prop":"correct","value":true,"time":1556199397780},{"prop":"correct","value":false,"time":1556199397806},{"prop":"rowsComplete","value":3,"time":1556199397808},{"prop":"currentRow","value":3,"time":1556199403395},{"prop":"correct","value":false,"time":1556199403396},{"prop":"VSel.col1","value":null,"time":1556199403396},{"prop":"VSel.col2","value":null,"time":1556199403396},{"prop":"correct","value":false,"time":1556199403398},{"prop":"VSel.col1","value":1,"time":1556199407349},{"prop":"VSel.col2","value":2,"time":1556199408732},{"prop":"correct","value":false,"time":1556199408732},{"prop":"correct","value":false,"time":1556199408760},{"prop":"VSel.col2","value":1,"time":1556199410375},{"prop":"correct","value":true,"time":1556199410375},{"prop":"correct","value":false,"time":1556199410408},{"prop":"rowsComplete","value":4,"time":1556199410411},{"prop":"currentRow","value":5,"time":1556199415962},{"prop":"complete","value":true,"time":1556199415962},{"prop":"correct","value":false,"time":1556199415963}],"complete":true,"currentRow":5,"correct":false,"TVSel":{"col1":1,"col2":2},"VSel":{"col1":1,"col2":1}},"SScene2":{"complete":true,"$seq":[{"prop":"complete","value":false,"time":1556199418574},{"prop":"complete","value":true,"time":1556199439244},{"prop":"correct","value":false,"time":1556199441787}],"correct":false},"SScene3":{"complete":true,"$seq":[{"prop":"complete","value":false,"time":1556199441884},{"prop":"complete","value":true,"time":1556199449210}]},"SScene4":{"complete":true,"$seq":[{"prop":"complete","value":false,"time":1556199452891},{"prop":"complete","value":true,"time":1556199464835}]},"SScene5":{"complete":true,"$seq":[{"prop":"complete","value":false,"time":1556199465895},{"prop":"complete","value":true,"time":1556199471913}]},"SScene6":{"complete":true,"$seq":[{"prop":"complete","value":false,"time":1556199483552},{"prop":"complete","value":true,"time":1556199495185}]},"SScene7":{"complete":true,"$seq":[{"prop":"complete","value":false,"time":1556199505301},{"prop":"complete","value":true,"time":1556199515592}]},"SScene8":{"complete":false,"$seq":[{"prop":"complete","value":false,"time":1556199550589}]}},"module":{"selectedArea":{"ontologyKey":"S_A4|name","index":4},"selectedTopic":{"ontologyKey":"S_A4_T2|name","index":2},"selectedVariable":{"ontologyKey":"S_A4_T2_V4|name","index":4},"selectedRQ":{"ontologyKey":"S_A4_T2_RQ4","index":"4"},"RQconfirmation":"OK","TEDExptNonTarget":[2,3,4],"$seq":[{"prop":"TEDExptNonTarget","value":[2,3,4],"time":1556199177616},{"prop":"TEDExptConfounds","value":[2,3,4],"time":1556199177616},{"prop":"TEDExptDifferent","value":[2,3,4,1],"time":1556199177616},{"prop":"TEDExptArea","value":{"ontologyKey":"S_A4","index":4},"time":1556199177616},{"prop":"TEDExptTopic","value":{"ontologyKey":"S_A4_T2","index":2},"time":1556199177616},{"prop":"TEDExptVariable","value":{"ontologyKey":"S_A4_T2_V1","index":1},"time":1556199177616},{"prop":"TEDExptRQ","value":{"ontologyKey":"S_A4_T2_RQ1","index":1},"time":1556199177616},{"prop":"TEDExptVarNC1","value":{"ontologyKey":"S_A4_T2_V2","index":2},"time":1556199177616},{"prop":"TEDExptVarNC2","value":{"ontologyKey":"S_A4_T2_V3","index":3},"time":1556199177616},{"prop":"TEDExptVarNC3","value":{"ontologyKey":"S_A4_T2_V4","index":4},"time":1556199177616},{"prop":"TEDExptPOSTSequence","value":[{"ontologyKey":"S_A4_T2_V4","index":4},{"ontologyKey":"S_A4_T2_V1","index":1},{"ontologyKey":"S_A4_T2_V2","index":2},{"ontologyKey":"S_A4_T2_V3","index":3}],"time":1556199177616},{"prop":"TEDExpt1V1","value":{"ontologyKey":"S_A4_T2_V1_A","index":1},"time":1556199177616},{"prop":"TEDExpt2V1","value":{"ontologyKey":"S_A4_T2_V1_A","index":1},"time":1556199177617},{"prop":"TEDExpt1V2","value":{"ontologyKey":"S_A4_T2_V2_A","index":2},"time":1556199177617},{"prop":"TEDExpt2V2","value":{"ontologyKey":"S_A4_T2_V2_A","index":2},"time":1556199177617},{"prop":"TEDExpt1V3","value":{"ontologyKey":"S_A4_T2_V3_A","index":3},"time":1556199177617},{"prop":"TEDExpt2V3","value":{"ontologyKey":"S_A4_T2_V3_A","index":3},"time":1556199177617},{"prop":"TEDExpt1V4","value":{"ontologyKey":"S_A4_T2_V4_A","index":4},"time":1556199177617},{"prop":"TEDExpt2V4","value":{"ontologyKey":"S_A4_T2_V4_A","index":4},"time":1556199177617},{"prop":"TEDExpt2V2","value":{"ontologyKey":"S_A4_T2_V2_B","index":2},"time":1556199177617},{"prop":"TEDExpt2V3","value":{"ontologyKey":"S_A4_T2_V3_B","index":3},"time":1556199177617},{"prop":"TEDExpt2V4","value":{"ontologyKey":"S_A4_T2_V4_B","index":4},"time":1556199177617},{"prop":"TEDExpt2V1","value":{"ontologyKey":"S_A4_T2_V1_B","index":1},"time":1556199177617},{"prop":"TEDExptNC1SameDiff","value":{"ontologyKey":"TED_E1_Q7NC1DIFF","value":"diff","index":2},"time":1556199177617},{"prop":"TEDExptNC1Confound","value":{"ontologyKey":"S_A4_T2_V2","index":2},"time":1556199177617},{"prop":"TEDExptNC2SameDiff","value":{"ontologyKey":"TED_E1_Q7NC2DIFF","value":"diff","index":3},"time":1556199177617},{"prop":"TEDExptNC2Confound","value":{"ontologyKey":"S_A4_T2_V3","index":3},"time":1556199177617},{"prop":"TEDExptNC3SameDiff","value":{"ontologyKey":"TED_E1_Q7NC3DIFF","value":"diff","index":4},"time":1556199177617},{"prop":"TEDExptNC3Confound","value":{"ontologyKey":"S_A4_T2_V4","index":4},"time":1556199177617},{"prop":"TEDExptNonTarget","value":[2,3,4],"time":1556199177697},{"prop":"TEDExptConfounds","value":[2,3,4],"time":1556199177697},{"prop":"TEDExptDifferent","value":[2,3,4,1],"time":1556199177697},{"prop":"TEDExptArea","value":{"ontologyKey":"S_A4","index":4},"time":1556199177697},{"prop":"TEDExptTopic","value":{"ontologyKey":"S_A4_T2","index":2},"time":1556199177697},{"prop":"TEDExptVariable","value":{"ontologyKey":"S_A4_T2_V1","index":1},"time":1556199177697},{"prop":"TEDExptRQ","value":{"ontologyKey":"S_A4_T2_RQ1","index":1},"time":1556199177697},{"prop":"TEDExptVarNC1","value":{"ontologyKey":"S_A4_T2_V2","index":2},"time":1556199177697},{"prop":"TEDExptVarNC2","value":{"ontologyKey":"S_A4_T2_V3","index":3},"time":1556199177697},{"prop":"TEDExptVarNC3","value":{"ontologyKey":"S_A4_T2_V4","index":4},"time":1556199177697},{"prop":"TEDExptPOSTSequence","value":[{"ontologyKey":"S_A4_T2_V4","index":4},{"ontologyKey":"S_A4_T2_V1","index":1},{"ontologyKey":"S_A4_T2_V2","index":2},{"ontologyKey":"S_A4_T2_V3","index":3}],"time":1556199177697},{"prop":"TEDExpt1V1","value":{"ontologyKey":"S_A4_T2_V1_A","index":1},"time":1556199177697},{"prop":"TEDExpt2V1","value":{"ontologyKey":"S_A4_T2_V1_A","index":1},"time":1556199177697},{"prop":"TEDExpt1V2","value":{"ontologyKey":"S_A4_T2_V2_A","index":2},"time":1556199177698},{"prop":"TEDExpt2V2","value":{"ontologyKey":"S_A4_T2_V2_A","index":2},"time":1556199177698},{"prop":"TEDExpt1V3","value":{"ontologyKey":"S_A4_T2_V3_A","index":3},"time":1556199177698},{"prop":"TEDExpt2V3","value":{"ontologyKey":"S_A4_T2_V3_A","index":3},"time":1556199177698},{"prop":"TEDExpt1V4","value":{"ontologyKey":"S_A4_T2_V4_A","index":4},"time":1556199177698},{"prop":"TEDExpt2V4","value":{"ontologyKey":"S_A4_T2_V4_A","index":4},"time":1556199177698},{"prop":"TEDExpt2V2","value":{"ontologyKey":"S_A4_T2_V2_B","index":2},"time":1556199177698},{"prop":"TEDExpt2V3","value":{"ontologyKey":"S_A4_T2_V3_B","index":3},"time":1556199177698},{"prop":"TEDExpt2V4","value":{"ontologyKey":"S_A4_T2_V4_B","index":4},"time":1556199177698},{"prop":"TEDExpt2V1","value":{"ontologyKey":"S_A4_T2_V1_B","index":1},"time":1556199177698},{"prop":"TEDExptNC1SameDiff","value":{"ontologyKey":"TED_E1_Q7NC1DIFF","value":"diff","index":2},"time":1556199177698},{"prop":"TEDExptNC1Confound","value":{"ontologyKey":"S_A4_T2_V2","index":2},"time":1556199177698},{"prop":"TEDExptNC2SameDiff","value":{"ontologyKey":"TED_E1_Q7NC2DIFF","value":"diff","index":3},"time":1556199177698},{"prop":"TEDExptNC2Confound","value":{"ontologyKey":"S_A4_T2_V3","index":3},"time":1556199177698},{"prop":"TEDExptNC3SameDiff","value":{"ontologyKey":"TED_E1_Q7NC3DIFF","value":"diff","index":4},"time":1556199177698},{"prop":"TEDExptNC3Confound","value":{"ontologyKey":"S_A4_T2_V4","index":4},"time":1556199177698},{"prop":"TEDExptNonTarget","value":[2,3,4],"time":1556199178056},{"prop":"TEDExptConfounds","value":[2,3,4],"time":1556199178057},{"prop":"TEDExptDifferent","value":[2,3,4,1],"time":1556199178057},{"prop":"TEDExptArea","value":{"ontologyKey":"S_A4","index":4},"time":1556199178057},{"prop":"TEDExptTopic","value":{"ontologyKey":"S_A4_T2","index":2},"time":1556199178057},{"prop":"TEDExptVariable","value":{"ontologyKey":"S_A4_T2_V1","index":1},"time":1556199178057},{"prop":"TEDExptRQ","value":{"ontologyKey":"S_A4_T2_RQ1","index":1},"time":1556199178057},{"prop":"TEDExptVarNC1","value":{"ontologyKey":"S_A4_T2_V2","index":2},"time":1556199178057},{"prop":"TEDExptVarNC2","value":{"ontologyKey":"S_A4_T2_V3","index":3},"time":1556199178057},{"prop":"TEDExptVarNC3","value":{"ontologyKey":"S_A4_T2_V4","index":4},"time":1556199178057},{"prop":"TEDExptPOSTSequence","value":[{"ontologyKey":"S_A4_T2_V4","index":4},{"ontologyKey":"S_A4_T2_V1","index":1},{"ontologyKey":"S_A4_T2_V2","index":2},{"ontologyKey":"S_A4_T2_V3","index":3}],"time":1556199178057},{"prop":"TEDExpt1V1","value":{"ontologyKey":"S_A4_T2_V1_A","index":1},"time":1556199178057},{"prop":"TEDExpt2V1","value":{"ontologyKey":"S_A4_T2_V1_A","index":1},"time":1556199178057},{"prop":"TEDExpt1V2","value":{"ontologyKey":"S_A4_T2_V2_A","index":2},"time":1556199178057},{"prop":"TEDExpt2V2","value":{"ontologyKey":"S_A4_T2_V2_A","index":2},"time":1556199178057},{"prop":"TEDExpt1V3","value":{"ontologyKey":"S_A4_T2_V3_A","index":3},"time":1556199178057},{"prop":"TEDExpt2V3","value":{"ontologyKey":"S_A4_T2_V3_A","index":3},"time":1556199178057},{"prop":"TEDExpt1V4","value":{"ontologyKey":"S_A4_T2_V4_A","index":4},"time":1556199178057},{"prop":"TEDExpt2V4","value":{"ontologyKey":"S_A4_T2_V4_A","index":4},"time":1556199178057},{"prop":"TEDExpt2V2","value":{"ontologyKey":"S_A4_T2_V2_B","index":2},"time":1556199178057},{"prop":"TEDExpt2V3","value":{"ontologyKey":"S_A4_T2_V3_B","index":3},"time":1556199178057},{"prop":"TEDExpt2V4","value":{"ontologyKey":"S_A4_T2_V4_B","index":4},"time":1556199178057},{"prop":"TEDExpt2V1","value":{"ontologyKey":"S_A4_T2_V1_B","index":1},"time":1556199178057},{"prop":"TEDExptNC1SameDiff","value":{"ontologyKey":"TED_E1_Q7NC1DIFF","value":"diff","index":2},"time":1556199178057},{"prop":"TEDExptNC1Confound","value":{"ontologyKey":"S_A4_T2_V2","index":2},"time":1556199178057},{"prop":"TEDExptNC2SameDiff","value":{"ontologyKey":"TED_E1_Q7NC2DIFF","value":"diff","index":3},"time":1556199178057},{"prop":"TEDExptNC2Confound","value":{"ontologyKey":"S_A4_T2_V3","index":3},"time":1556199178057},{"prop":"TEDExptNC3SameDiff","value":{"ontologyKey":"TED_E1_Q7NC3DIFF","value":"diff","index":4},"time":1556199178057},{"prop":"TEDExptNC3Confound","value":{"ontologyKey":"S_A4_T2_V4","index":4},"time":1556199178057},{"prop":"differentRow","value":4,"time":1556199259255},{"prop":"independentVarN","value":{"row":1,"col":0,"ontologyKey":"S_A4_T2_V1|name","isText":true,"selectedValue":"Water Temperature","cell":{}},"time":1556199268673},{"prop":"sameRow1","value":1,"time":1556199310635},{"prop":"independentVarN","value":{"row":2,"col":0,"ontologyKey":"S_A4_T2_V2|name","isText":true,"selectedValue":"Amount of Music","cell":{}},"time":1556199316221},{"prop":"sameRow2","value":2,"time":1556199397808},{"prop":"independentVarN","value":{"row":3,"col":0,"ontologyKey":"S_A4_T2_V3|name","isText":true,"selectedValue":"CO2 in Water","cell":{}},"time":1556199403395},{"prop":"sameRow3","value":3,"time":1556199410411},{"prop":"independentVarN","value":{"row":4,"col":0,"ontologyKey":"S_A4_T2_V4|name","isText":true,"selectedValue":"Sunlight Exposure","cell":{},"processed":true},"time":1556199415962}],"TEDExptConfounds":[2,3,4],"TEDExptDifferent":[2,3,4,1],"TEDExptArea":{"ontologyKey":"S_A4","index":4},"TEDExptTopic":{"ontologyKey":"S_A4_T2","index":2},"TEDExptVariable":{"ontologyKey":"S_A4_T2_V1","index":1},"TEDExptRQ":{"ontologyKey":"S_A4_T2_RQ1","index":1},"TEDExptVarNC1":{"ontologyKey":"S_A4_T2_V2","index":2},"TEDExptVarNC2":{"ontologyKey":"S_A4_T2_V3","index":3},"TEDExptVarNC3":{"ontologyKey":"S_A4_T2_V4","index":4},"TEDExptPOSTSequence":[{"ontologyKey":"S_A4_T2_V4","index":4},{"ontologyKey":"S_A4_T2_V1","index":1},{"ontologyKey":"S_A4_T2_V2","index":2},{"ontologyKey":"S_A4_T2_V3","index":3}],"TEDExpt1V1":{"ontologyKey":"S_A4_T2_V1_A","index":1},"TEDExpt2V1":{"ontologyKey":"S_A4_T2_V1_B","index":1},"TEDExpt1V2":{"ontologyKey":"S_A4_T2_V2_A","index":2},"TEDExpt2V2":{"ontologyKey":"S_A4_T2_V2_B","index":2},"TEDExpt1V3":{"ontologyKey":"S_A4_T2_V3_A","index":3},"TEDExpt2V3":{"ontologyKey":"S_A4_T2_V3_B","index":3},"TEDExpt1V4":{"ontologyKey":"S_A4_T2_V4_A","index":4},"TEDExpt2V4":{"ontologyKey":"S_A4_T2_V4_B","index":4},"TEDExptNC1SameDiff":{"ontologyKey":"TED_E1_Q7NC1DIFF","value":"diff","index":2},"TEDExptNC1Confound":{"ontologyKey":"S_A4_T2_V2","index":2},"TEDExptNC2SameDiff":{"ontologyKey":"TED_E1_Q7NC2DIFF","value":"diff","index":3},"TEDExptNC2Confound":{"ontologyKey":"S_A4_T2_V3","index":3},"TEDExptNC3SameDiff":{"ontologyKey":"TED_E1_Q7NC3DIFF","value":"diff","index":4},"TEDExptNC3Confound":{"ontologyKey":"S_A4_T2_V4","index":4},"differentRow":4,"independentVarN":{"row":4,"col":0,"ontologyKey":"S_A4_T2_V4|name","isText":true,"selectedValue":"Sunlight Exposure","cell":{},"processed":true},"sameRow1":1,"sameRow2":2,"sameRow3":3},"tutor":{"experimentalGroup":{"ontologyKey":"EG_A1"},"$seq":[{"prop":"experimentalGroup.ontologyKey","value":"EG_A1","time":1556199177610}]}}