{"scene":{"SNavigator":{},"SIntro":{"complete":false,"$seq":[{"prop":"complete","value":false,"time":1263914369544}]},"SScene1":{"complete":true,"$seq":[{"prop":"complete","value":false,"time":1263914384428},{"prop":"Sg1","value":"true","time":1263914407728},{"prop":"DR1:Sg1","value":"ans1","time":1263914407728},{"prop":"complete","value":true,"time":1263914407728},{"prop":"Sg1","value":"true","time":1263914407731},{"prop":"complete","value":true,"time":1263914407731}],"Sg1":"true","DR1:Sg1":"ans1"},"SScene2":{"complete":true,"$seq":[{"prop":"complete","value":false,"time":1263914413616},{"prop":"Sg1","value":"true","time":1263914473224},{"prop":"DR2:Sg1","value":"ans3","time":1263914473224},{"prop":"complete","value":true,"time":1263914473224},{"prop":"Sg1","value":"true","time":1263914473224},{"prop":"complete","value":true,"time":1263914473224}],"Sg1":"true","DR2:Sg1":"ans3"},"SScene3":{"complete":false,"$seq":[{"prop":"complete","value":false,"time":1263914474395}]}},"module":{},"tutor":{}}