{"scene":{"SNavigator":{},"SIntro":{"complete":false,"$seq":[{"prop":"complete","value":false,"time":1557762341158}]},"SScene1":{"complete":true,"$seq":[{"prop":"complete","value":false,"time":1557762355553},{"prop":"Sg1","value":"true","time":1557762375932},{"prop":"DR1:Sg1","value":"ans1","time":1557762375932},{"prop":"complete","value":true,"time":1557762375932},{"prop":"Sg1","value":"true","time":1557762375933},{"prop":"complete","value":true,"time":1557762375933}],"Sg1":"true","DR1:Sg1":"ans1"},"SScene2":{"complete":true,"$seq":[{"prop":"complete","value":false,"time":1557762377889},{"prop":"Sg1","value":"true","time":1557762407940},{"prop":"DR2:Sg1","value":"ans1","time":1557762407940},{"prop":"complete","value":true,"time":1557762407940},{"prop":"Sg1","value":"true","time":1557762407940},{"prop":"complete","value":true,"time":1557762407940},{"prop":"Sg1","value":"true","time":1557762418005},{"prop":"DR2:Sg1","value":"ans4","time":1557762418005},{"prop":"complete","value":true,"time":1557762418005},{"prop":"Sg1","value":"true","time":1557762418005},{"prop":"complete","value":true,"time":1557762418005}],"Sg1":"true","DR2:Sg1":"ans4"},"SScene3":{"complete":false,"$seq":[{"prop":"complete","value":false,"time":1557762411083}]}},"module":{},"tutor":{}}