{"scene":{"SNavigator":{},"SScene1":{"rowsComplete":4,"$seq":[{"prop":"rowsComplete","value":0,"time":1542221979648},{"prop":"complete","value":false,"time":1542221979929},{"prop":"currentRow","value":1,"time":1542221992157},{"prop":"correct","value":true,"time":1542221992157},{"prop":"correct","value":false,"time":1542221992185},{"prop":"correct","value":false,"time":1542221997644},{"prop":"correct","value":false,"time":1542221997646},{"prop":"TVSel.col1","value":1,"time":1542222004024},{"prop":"TVSel.col2","value":2,"time":1542222005722},{"prop":"correct","value":true,"time":1542222005723},{"prop":"correct","value":false,"time":1542222005759},{"prop":"rowsComplete","value":1,"time":1542222005763},{"prop":"currentRow","value":0,"time":1542222015514},{"prop":"currentRow","value":2,"time":1542222015515},{"prop":"correct","value":false,"time":1542222015515},{"prop":"VSel.col1","value":null,"time":1542222015516},{"prop":"VSel.col2","value":null,"time":1542222015516},{"prop":"correct","value":false,"time":1542222015517},{"prop":"VSel.col1","value":1,"time":1542222018314},{"prop":"VSel.col2","value":1,"time":1542222019976},{"prop":"correct","value":true,"time":1542222019976},{"prop":"correct","value":false,"time":1542222020027},{"prop":"rowsComplete","value":2,"time":1542222020029},{"prop":"currentRow","value":3,"time":1542222025705},{"prop":"correct","value":false,"time":1542222025707},{"prop":"VSel.col1","value":null,"time":1542222025707},{"prop":"VSel.col2","value":null,"time":1542222025707},{"prop":"correct","value":false,"time":1542222025708},{"prop":"VSel.col1","value":2,"time":1542222029414},{"prop":"VSel.col2","value":2,"time":1542222031157},{"prop":"correct","value":true,"time":1542222031157},{"prop":"correct","value":false,"time":1542222031189},{"prop":"rowsComplete","value":3,"time":1542222031191},{"prop":"currentRow","value":4,"time":1542222036860},{"prop":"correct","value":false,"time":1542222036861},{"prop":"VSel.col1","value":null,"time":1542222036861},{"prop":"VSel.col2","value":null,"time":1542222036861},{"prop":"correct","value":false,"time":1542222036862},{"prop":"VSel.col1","value":2,"time":1542222039963},{"prop":"VSel.col2","value":2,"time":1542222041546},{"prop":"correct","value":true,"time":1542222041546},{"prop":"correct","value":false,"time":1542222041596},{"prop":"rowsComplete","value":4,"time":1542222041597},{"prop":"currentRow","value":5,"time":1542222047256},{"prop":"complete","value":true,"time":1542222047256},{"prop":"correct","value":false,"time":1542222047257}],"complete":true,"currentRow":5,"correct":false,"TVSel":{"col1":1,"col2":2},"VSel":{"col1":2,"col2":2}},"SScene2":{"complete":false,"$seq":[{"prop":"complete","value":false,"time":1542222049604}]}},"module":{"EFMod_TEDInstr":{"selectedArea":{"index":4,"ontologyKey":"STBL_A4|name"},"$seq":[{"prop":"selectedArea.index","value":4,"time":1542221979519},{"prop":"selectedArea.ontologyKey","value":"STBL_A4|name","time":1542221979519},{"prop":"selectedTopic.index","value":1,"time":1542221979519},{"prop":"selectedTopic.ontologyKey","value":"STBL_A4_T1|name","time":1542221979519},{"prop":"selectedVariable.index","value":1,"time":1542221979519},{"prop":"selectedVariable.ontologyKey","value":"STBL_A4_T1_V1|name","time":1542221979520},{"prop":"TEDExptNonTarget","value":[1,3,4],"time":1542221979621},{"prop":"TEDExptConfounds","value":[3,4,1],"time":1542221979621},{"prop":"TEDExptDifferent","value":[3,4,1,2],"time":1542221979621},{"prop":"TEDExptArea","value":{"ontologyKey":"STBL_A4","index":4},"time":1542221979621},{"prop":"TEDExptTopic","value":{"ontologyKey":"STBL_A4_T1","index":1},"time":1542221979621},{"prop":"TEDExptVariable","value":{"ontologyKey":"STBL_A4_T1_V2","index":2},"time":1542221979621},{"prop":"TEDExptRQ","value":{"ontologyKey":"S_A4_T1_RQ2","index":2},"time":1542221979622},{"prop":"TEDExptVarNC1","value":{"ontologyKey":"STBL_A4_T1_V1","index":1},"time":1542221979622},{"prop":"TEDExptVarNC2","value":{"ontologyKey":"STBL_A4_T1_V3","index":3},"time":1542221979622},{"prop":"TEDExptVarNC3","value":{"ontologyKey":"STBL_A4_T1_V4","index":4},"time":1542221979622},{"prop":"TEDExptPOSTSequence","value":[{"ontologyKey":"STBL_A4_T1_V1","index":1},{"ontologyKey":"STBL_A4_T1_V2","index":2},{"ontologyKey":"STBL_A4_T1_V3","index":3},{"ontologyKey":"STBL_A4_T1_V4","index":4}],"time":1542221979622},{"prop":"TEDExpt1V1","value":{"ontologyKey":"S_A4_T1_V1_A","index":1},"time":1542221979622},{"prop":"TEDExpt2V1","value":{"ontologyKey":"S_A4_T1_V1_A","index":1},"time":1542221979622},{"prop":"TEDExpt1V2","value":{"ontologyKey":"S_A4_T1_V2_A","index":2},"time":1542221979622},{"prop":"TEDExpt2V2","value":{"ontologyKey":"S_A4_T1_V2_A","index":2},"time":1542221979622},{"prop":"TEDExpt1V3","value":{"ontologyKey":"S_A4_T1_V3_A","index":3},"time":1542221979622},{"prop":"TEDExpt2V3","value":{"ontologyKey":"S_A4_T1_V3_A","index":3},"time":1542221979622},{"prop":"TEDExpt1V4","value":{"ontologyKey":"S_A4_T1_V4_A","index":4},"time":1542221979622},{"prop":"TEDExpt2V4","value":{"ontologyKey":"S_A4_T1_V4_A","index":4},"time":1542221979622},{"prop":"TEDExpt2V3","value":{"ontologyKey":"S_A4_T1_V3_B","index":3},"time":1542221979622},{"prop":"TEDExpt2V4","value":{"ontologyKey":"S_A4_T1_V4_B","index":4},"time":1542221979622},{"prop":"TEDExpt2V1","value":{"ontologyKey":"S_A4_T1_V1_B","index":1},"time":1542221979622},{"prop":"TEDExpt2V2","value":{"ontologyKey":"S_A4_T1_V2_B","index":2},"time":1542221979622},{"prop":"TEDExptNC1SameDiff","value":{"ontologyKey":"TED_E1_Q7NC1DIFF","value":"diff","index":1},"time":1542221979622},{"prop":"TEDExptNC1Confound","value":{"ontologyKey":"STBL_A4_T1_V1","index":1},"time":1542221979622},{"prop":"TEDExptNC2SameDiff","value":{"ontologyKey":"TED_E1_Q7NC2DIFF","value":"diff","index":3},"time":1542221979622},{"prop":"TEDExptNC2Confound","value":{"ontologyKey":"STBL_A4_T1_V3","index":3},"time":1542221979622},{"prop":"TEDExptNC3SameDiff","value":{"ontologyKey":"TED_E1_Q7NC3DIFF","value":"diff","index":4},"time":1542221979622},{"prop":"TEDExptNC3Confound","value":{"ontologyKey":"STBL_A4_T1_V4","index":4},"time":1542221979622},{"prop":"TEDExptNonTarget","value":[1,3,4],"time":1542221979930},{"prop":"TEDExptConfounds","value":[3,4,1],"time":1542221979930},{"prop":"TEDExptDifferent","value":[3,4,1,2],"time":1542221979930},{"prop":"TEDExptArea","value":{"ontologyKey":"STBL_A4","index":4},"time":1542221979930},{"prop":"TEDExptTopic","value":{"ontologyKey":"STBL_A4_T1","index":1},"time":1542221979930},{"prop":"TEDExptVariable","value":{"ontologyKey":"STBL_A4_T1_V2","index":2},"time":1542221979930},{"prop":"TEDExptRQ","value":{"ontologyKey":"S_A4_T1_RQ2","index":2},"time":1542221979930},{"prop":"TEDExptVarNC1","value":{"ontologyKey":"STBL_A4_T1_V1","index":1},"time":1542221979930},{"prop":"TEDExptVarNC2","value":{"ontologyKey":"STBL_A4_T1_V3","index":3},"time":1542221979930},{"prop":"TEDExptVarNC3","value":{"ontologyKey":"STBL_A4_T1_V4","index":4},"time":1542221979930},{"prop":"TEDExptPOSTSequence","value":[{"ontologyKey":"STBL_A4_T1_V1","index":1},{"ontologyKey":"STBL_A4_T1_V2","index":2},{"ontologyKey":"STBL_A4_T1_V3","index":3},{"ontologyKey":"STBL_A4_T1_V4","index":4}],"time":1542221979930},{"prop":"TEDExpt1V1","value":{"ontologyKey":"S_A4_T1_V1_A","index":1},"time":1542221979930},{"prop":"TEDExpt2V1","value":{"ontologyKey":"S_A4_T1_V1_A","index":1},"time":1542221979930},{"prop":"TEDExpt1V2","value":{"ontologyKey":"S_A4_T1_V2_A","index":2},"time":1542221979930},{"prop":"TEDExpt2V2","value":{"ontologyKey":"S_A4_T1_V2_A","index":2},"time":1542221979930},{"prop":"TEDExpt1V3","value":{"ontologyKey":"S_A4_T1_V3_A","index":3},"time":1542221979930},{"prop":"TEDExpt2V3","value":{"ontologyKey":"S_A4_T1_V3_A","index":3},"time":1542221979930},{"prop":"TEDExpt1V4","value":{"ontologyKey":"S_A4_T1_V4_A","index":4},"time":1542221979930},{"prop":"TEDExpt2V4","value":{"ontologyKey":"S_A4_T1_V4_A","index":4},"time":1542221979930},{"prop":"TEDExpt2V3","value":{"ontologyKey":"S_A4_T1_V3_B","index":3},"time":1542221979931},{"prop":"TEDExpt2V4","value":{"ontologyKey":"S_A4_T1_V4_B","index":4},"time":1542221979931},{"prop":"TEDExpt2V1","value":{"ontologyKey":"S_A4_T1_V1_B","index":1},"time":1542221979931},{"prop":"TEDExpt2V2","value":{"ontologyKey":"S_A4_T1_V2_B","index":2},"time":1542221979931},{"prop":"TEDExptNC1SameDiff","value":{"ontologyKey":"TED_E1_Q7NC1DIFF","value":"diff","index":1},"time":1542221979931},{"prop":"TEDExptNC1Confound","value":{"ontologyKey":"STBL_A4_T1_V1","index":1},"time":1542221979931},{"prop":"TEDExptNC2SameDiff","value":{"ontologyKey":"TED_E1_Q7NC2DIFF","value":"diff","index":3},"time":1542221979931},{"prop":"TEDExptNC2Confound","value":{"ontologyKey":"STBL_A4_T1_V3","index":3},"time":1542221979931},{"prop":"TEDExptNC3SameDiff","value":{"ontologyKey":"TED_E1_Q7NC3DIFF","value":"diff","index":4},"time":1542221979931},{"prop":"TEDExptNC3Confound","value":{"ontologyKey":"STBL_A4_T1_V4","index":4},"time":1542221979931},{"prop":"differentRow","value":1,"time":1542222005763},{"prop":"independentVarN","value":{"row":2,"col":0,"ontologyKey":"STBL_A4_T1_V2|name","isText":true,"selectedValue":"Amount of Sunlight","cell":{}},"time":1542222015515},{"prop":"sameRow1","value":2,"time":1542222020029},{"prop":"independentVarN","value":{"row":3,"col":0,"ontologyKey":"STBL_A4_T1_V3|name","isText":true,"selectedValue":"Amount of Fertilizer","cell":{}},"time":1542222025705},{"prop":"sameRow2","value":3,"time":1542222031191},{"prop":"independentVarN","value":{"row":4,"col":0,"ontologyKey":"STBL_A4_T1_V4|name","isText":true,"selectedValue":"Type of Water","cell":{}},"time":1542222036860},{"prop":"sameRow3","value":4,"time":1542222041597},{"prop":"independentVarN","time":1542222047256}],"selectedTopic":{"index":1,"ontologyKey":"STBL_A4_T1|name"},"selectedVariable":{"index":1,"ontologyKey":"STBL_A4_T1_V1|name"},"TEDExptNonTarget":[1,3,4],"TEDExptConfounds":[3,4,1],"TEDExptDifferent":[3,4,1,2],"TEDExptArea":{"ontologyKey":"STBL_A4","index":4},"TEDExptTopic":{"ontologyKey":"STBL_A4_T1","index":1},"TEDExptVariable":{"ontologyKey":"STBL_A4_T1_V2","index":2},"TEDExptRQ":{"ontologyKey":"S_A4_T1_RQ2","index":2},"TEDExptVarNC1":{"ontologyKey":"STBL_A4_T1_V1","index":1},"TEDExptVarNC2":{"ontologyKey":"STBL_A4_T1_V3","index":3},"TEDExptVarNC3":{"ontologyKey":"STBL_A4_T1_V4","index":4},"TEDExptPOSTSequence":[{"ontologyKey":"STBL_A4_T1_V1","index":1},{"ontologyKey":"STBL_A4_T1_V2","index":2},{"ontologyKey":"STBL_A4_T1_V3","index":3},{"ontologyKey":"STBL_A4_T1_V4","index":4}],"TEDExpt1V1":{"ontologyKey":"S_A4_T1_V1_A","index":1},"TEDExpt2V1":{"ontologyKey":"S_A4_T1_V1_B","index":1},"TEDExpt1V2":{"ontologyKey":"S_A4_T1_V2_A","index":2},"TEDExpt2V2":{"ontologyKey":"S_A4_T1_V2_B","index":2},"TEDExpt1V3":{"ontologyKey":"S_A4_T1_V3_A","index":3},"TEDExpt2V3":{"ontologyKey":"S_A4_T1_V3_B","index":3},"TEDExpt1V4":{"ontologyKey":"S_A4_T1_V4_A","index":4},"TEDExpt2V4":{"ontologyKey":"S_A4_T1_V4_B","index":4},"TEDExptNC1SameDiff":{"ontologyKey":"TED_E1_Q7NC1DIFF","value":"diff","index":1},"TEDExptNC1Confound":{"ontologyKey":"STBL_A4_T1_V1","index":1},"TEDExptNC2SameDiff":{"ontologyKey":"TED_E1_Q7NC2DIFF","value":"diff","index":3},"TEDExptNC2Confound":{"ontologyKey":"STBL_A4_T1_V3","index":3},"TEDExptNC3SameDiff":{"ontologyKey":"TED_E1_Q7NC3DIFF","value":"diff","index":4},"TEDExptNC3Confound":{"ontologyKey":"STBL_A4_T1_V4","index":4},"differentRow":1,"sameRow1":2,"sameRow2":3,"sameRow3":4}},"tutor":{"experimentalGroup":{"ontologyKey":"EG_A2"},"$seq":[{"prop":"experimentalGroup.ontologyKey","value":"EG_A2","time":1542221979519}]}}