{"scene":{"SNavigator":{},"SScene1":{"rowsComplete":4,"$seq":[{"prop":"rowsComplete","value":0,"time":1542221979648},{"prop":"complete","value":false,"time":1542221979929},{"prop":"currentRow","value":1,"time":1542221992157},{"prop":"correct","value":true,"time":1542221992157},{"prop":"correct","value":false,"time":1542221992185},{"prop":"correct","value":false,"time":1542221997644},{"prop":"correct","value":false,"time":1542221997646},{"prop":"TVSel.col1","value":1,"time":1542222004024},{"prop":"TVSel.col2","value":2,"time":1542222005722},{"prop":"correct","value":true,"time":1542222005723},{"prop":"correct","value":false,"time":1542222005759},{"prop":"rowsComplete","value":1,"time":1542222005763},{"prop":"currentRow","value":0,"time":1542222015514},{"prop":"currentRow","value":2,"time":1542222015515},{"prop":"correct","value":false,"time":1542222015515},{"prop":"VSel.col1","value":null,"time":1542222015516},{"prop":"VSel.col2","value":null,"time":1542222015516},{"prop":"correct","value":false,"time":1542222015517},{"prop":"VSel.col1","value":1,"time":1542222018314},{"prop":"VSel.col2","value":1,"time":1542222019976},{"prop":"correct","value":true,"time":1542222019976},{"prop":"correct","value":false,"time":1542222020027},{"prop":"rowsComplete","value":2,"time":1542222020029},{"prop":"currentRow","value":3,"time":1542222025705},{"prop":"correct","value":false,"time":1542222025707},{"prop":"VSel.col1","value":null,"time":1542222025707},{"prop":"VSel.col2","value":null,"time":1542222025707},{"prop":"correct","value":false,"time":1542222025708},{"prop":"VSel.col1","value":2,"time":1542222029414},{"prop":"VSel.col2","value":2,"time":1542222031157},{"prop":"correct","value":true,"time":1542222031157},{"prop":"correct","value":false,"time":1542222031189},{"prop":"rowsComplete","value":3,"time":1542222031191},{"prop":"currentRow","value":4,"time":1542222036860},{"prop":"correct","value":false,"time":1542222036861},{"prop":"VSel.col1","value":null,"time":1542222036861},{"prop":"VSel.col2","value":null,"time":1542222036861},{"prop":"correct","value":false,"time":1542222036862},{"prop":"VSel.col1","value":2,"time":1542222039963},{"prop":"VSel.col2","value":2,"time":1542222041546},{"prop":"correct","value":true,"time":1542222041546},{"prop":"correct","value":false,"time":1542222041596},{"prop":"rowsComplete","value":4,"time":1542222041597},{"prop":"currentRow","value":5,"time":1542222047256},{"prop":"complete","value":true,"time":1542222047256},{"prop":"correct","value":false,"time":1542222047257}],"complete":true,"currentRow":5,"correct":false,"TVSel":{"col1":1,"col2":2},"VSel":{"col1":2,"col2":2}},"SScene2":{"complete":true,"$seq":[{"prop":"complete","value":false,"time":1542222049604},{"prop":"complete","value":true,"time":1542222073397},{"prop":"correct","value":false,"time":1542222074812}],"correct":false},"SScene3":{"complete":true,"$seq":[{"prop":"complete","value":false,"time":1542222074901},{"prop":"complete","value":true,"time":1542222082274}]},"SScene4":{"complete":true,"$seq":[{"prop":"complete","value":false,"time":1542222100306},{"prop":"complete","value":true,"time":1542222112271}]},"SScene5":{"complete":true,"$seq":[{"prop":"complete","value":false,"time":1542222114389},{"prop":"complete","value":true,"time":1542222120109}]},"SScene6":{"complete":true,"$seq":[{"prop":"complete","value":false,"time":1542222121432},{"prop":"complete","value":true,"time":1542222132992}]},"SScene7":{"complete":true,"$seq":[{"prop":"complete","value":false,"time":1542222563128},{"prop":"complete","value":true,"time":1542222574477}]},"SScene8":{"complete":false,"$seq":[{"prop":"complete","value":false,"time":1542222578866}]},"SScene9":{"complete":false,"$seq":[{"prop":"complete","value":false,"time":1542222223225},{"prop":"complete","value":true,"time":1542222241661},{"prop":"complete","value":false,"time":1542222245879}]},"SScene11":{"complete":true,"$seq":[{"prop":"complete","value":false,"time":1542222250136},{"prop":"complete","value":true,"time":1542222259586}]},"SScene12":{"complete":true,"$seq":[{"prop":"complete","value":false,"time":1542222262038},{"prop":"complete","value":true,"time":1542222271908}]},"SScene12A":{"complete":false,"$seq":[{"prop":"complete","value":false,"time":1542222277642},{"prop":"complete","value":true,"time":1542222293728},{"prop":"complete","value":false,"time":1542222295490},{"prop":"complete","value":false,"time":1542222298011},{"prop":"complete","value":false,"time":1542222299559},{"prop":"complete","value":false,"time":1542222303595},{"prop":"complete","value":false,"time":1542222305145},{"prop":"complete","value":false,"time":1542222306585},{"prop":"complete","value":false,"time":1542222308074}]},"SScene13":{"complete":false,"$seq":[{"prop":"complete","value":false,"time":1542222309527},{"prop":"complete","value":true,"time":1542222338233},{"prop":"complete","value":false,"time":1542222340817}]},"SScene15":{"complete":true,"$seq":[{"prop":"complete","value":false,"time":1542222351994},{"prop":"complete","value":false,"time":1542222388925},{"prop":"complete","value":false,"time":1542222394040},{"prop":"complete","value":true,"time":1542222397602},{"prop":"complete","value":false,"time":1542222405810},{"prop":"complete","value":false,"time":1542222406921},{"prop":"complete","value":false,"time":1542222408191},{"prop":"complete","value":true,"time":1542222464233}]},"SScene16":{"complete":true,"$seq":[{"prop":"complete","value":false,"time":1542222467761},{"prop":"complete","value":false,"time":1542222501609},{"prop":"complete","value":false,"time":1542222504878},{"prop":"complete","value":true,"time":1542222508279}]},"SScene17":{"complete":true,"$seq":[{"prop":"complete","value":false,"time":1542222509710},{"prop":"complete","value":true,"time":1542222518083},{"prop":"complete","value":false,"time":1542222521076},{"prop":"complete","value":false,"time":1542222527154},{"prop":"complete","value":false,"time":1542222528595},{"prop":"complete","value":false,"time":1542222532179},{"prop":"complete","value":false,"time":1542222535726},{"prop":"complete","value":false,"time":1542222537797},{"prop":"complete","value":false,"time":1542222539286},{"prop":"complete","value":false,"time":1542222543222},{"prop":"complete","value":false,"time":1542222546789},{"prop":"complete","value":false,"time":1542222548248},{"prop":"complete","value":false,"time":1542222549726},{"prop":"complete","value":false,"time":1542222554943},{"prop":"complete","value":false,"time":1542222556399},{"prop":"complete","value":true,"time":1542222558555}]}},"module":{"EFMod_TEDInstr":{"selectedArea":{"index":4,"ontologyKey":"STBL_A4|name"},"$seq":[{"prop":"selectedArea.index","value":4,"time":1542221979519},{"prop":"selectedArea.ontologyKey","value":"STBL_A4|name","time":1542221979519},{"prop":"selectedTopic.index","value":1,"time":1542221979519},{"prop":"selectedTopic.ontologyKey","value":"STBL_A4_T1|name","time":1542221979519},{"prop":"selectedVariable.index","value":1,"time":1542221979519},{"prop":"selectedVariable.ontologyKey","value":"STBL_A4_T1_V1|name","time":1542221979520},{"prop":"TEDExptNonTarget","value":[1,3,4],"time":1542221979621},{"prop":"TEDExptConfounds","value":[3,4,1],"time":1542221979621},{"prop":"TEDExptDifferent","value":[3,4,1,2],"time":1542221979621},{"prop":"TEDExptArea","value":{"ontologyKey":"STBL_A4","index":4},"time":1542221979621},{"prop":"TEDExptTopic","value":{"ontologyKey":"STBL_A4_T1","index":1},"time":1542221979621},{"prop":"TEDExptVariable","value":{"ontologyKey":"STBL_A4_T1_V2","index":2},"time":1542221979621},{"prop":"TEDExptRQ","value":{"ontologyKey":"S_A4_T1_RQ2","index":2},"time":1542221979622},{"prop":"TEDExptVarNC1","value":{"ontologyKey":"STBL_A4_T1_V1","index":1},"time":1542221979622},{"prop":"TEDExptVarNC2","value":{"ontologyKey":"STBL_A4_T1_V3","index":3},"time":1542221979622},{"prop":"TEDExptVarNC3","value":{"ontologyKey":"STBL_A4_T1_V4","index":4},"time":1542221979622},{"prop":"TEDExptPOSTSequence","value":[{"ontologyKey":"STBL_A4_T1_V1","index":1},{"ontologyKey":"STBL_A4_T1_V2","index":2},{"ontologyKey":"STBL_A4_T1_V3","index":3},{"ontologyKey":"STBL_A4_T1_V4","index":4}],"time":1542221979622},{"prop":"TEDExpt1V1","value":{"ontologyKey":"S_A4_T1_V1_A","index":1},"time":1542221979622},{"prop":"TEDExpt2V1","value":{"ontologyKey":"S_A4_T1_V1_A","index":1},"time":1542221979622},{"prop":"TEDExpt1V2","value":{"ontologyKey":"S_A4_T1_V2_A","index":2},"time":1542221979622},{"prop":"TEDExpt2V2","value":{"ontologyKey":"S_A4_T1_V2_A","index":2},"time":1542221979622},{"prop":"TEDExpt1V3","value":{"ontologyKey":"S_A4_T1_V3_A","index":3},"time":1542221979622},{"prop":"TEDExpt2V3","value":{"ontologyKey":"S_A4_T1_V3_A","index":3},"time":1542221979622},{"prop":"TEDExpt1V4","value":{"ontologyKey":"S_A4_T1_V4_A","index":4},"time":1542221979622},{"prop":"TEDExpt2V4","value":{"ontologyKey":"S_A4_T1_V4_A","index":4},"time":1542221979622},{"prop":"TEDExpt2V3","value":{"ontologyKey":"S_A4_T1_V3_B","index":3},"time":1542221979622},{"prop":"TEDExpt2V4","value":{"ontologyKey":"S_A4_T1_V4_B","index":4},"time":1542221979622},{"prop":"TEDExpt2V1","value":{"ontologyKey":"S_A4_T1_V1_B","index":1},"time":1542221979622},{"prop":"TEDExpt2V2","value":{"ontologyKey":"S_A4_T1_V2_B","index":2},"time":1542221979622},{"prop":"TEDExptNC1SameDiff","value":{"ontologyKey":"TED_E1_Q7NC1DIFF","value":"diff","index":1},"time":1542221979622},{"prop":"TEDExptNC1Confound","value":{"ontologyKey":"STBL_A4_T1_V1","index":1},"time":1542221979622},{"prop":"TEDExptNC2SameDiff","value":{"ontologyKey":"TED_E1_Q7NC2DIFF","value":"diff","index":3},"time":1542221979622},{"prop":"TEDExptNC2Confound","value":{"ontologyKey":"STBL_A4_T1_V3","index":3},"time":1542221979622},{"prop":"TEDExptNC3SameDiff","value":{"ontologyKey":"TED_E1_Q7NC3DIFF","value":"diff","index":4},"time":1542221979622},{"prop":"TEDExptNC3Confound","value":{"ontologyKey":"STBL_A4_T1_V4","index":4},"time":1542221979622},{"prop":"TEDExptNonTarget","value":[1,3,4],"time":1542221979930},{"prop":"TEDExptConfounds","value":[3,4,1],"time":1542221979930},{"prop":"TEDExptDifferent","value":[3,4,1,2],"time":1542221979930},{"prop":"TEDExptArea","value":{"ontologyKey":"STBL_A4","index":4},"time":1542221979930},{"prop":"TEDExptTopic","value":{"ontologyKey":"STBL_A4_T1","index":1},"time":1542221979930},{"prop":"TEDExptVariable","value":{"ontologyKey":"STBL_A4_T1_V2","index":2},"time":1542221979930},{"prop":"TEDExptRQ","value":{"ontologyKey":"S_A4_T1_RQ2","index":2},"time":1542221979930},{"prop":"TEDExptVarNC1","value":{"ontologyKey":"STBL_A4_T1_V1","index":1},"time":1542221979930},{"prop":"TEDExptVarNC2","value":{"ontologyKey":"STBL_A4_T1_V3","index":3},"time":1542221979930},{"prop":"TEDExptVarNC3","value":{"ontologyKey":"STBL_A4_T1_V4","index":4},"time":1542221979930},{"prop":"TEDExptPOSTSequence","value":[{"ontologyKey":"STBL_A4_T1_V1","index":1},{"ontologyKey":"STBL_A4_T1_V2","index":2},{"ontologyKey":"STBL_A4_T1_V3","index":3},{"ontologyKey":"STBL_A4_T1_V4","index":4}],"time":1542221979930},{"prop":"TEDExpt1V1","value":{"ontologyKey":"S_A4_T1_V1_A","index":1},"time":1542221979930},{"prop":"TEDExpt2V1","value":{"ontologyKey":"S_A4_T1_V1_A","index":1},"time":1542221979930},{"prop":"TEDExpt1V2","value":{"ontologyKey":"S_A4_T1_V2_A","index":2},"time":1542221979930},{"prop":"TEDExpt2V2","value":{"ontologyKey":"S_A4_T1_V2_A","index":2},"time":1542221979930},{"prop":"TEDExpt1V3","value":{"ontologyKey":"S_A4_T1_V3_A","index":3},"time":1542221979930},{"prop":"TEDExpt2V3","value":{"ontologyKey":"S_A4_T1_V3_A","index":3},"time":1542221979930},{"prop":"TEDExpt1V4","value":{"ontologyKey":"S_A4_T1_V4_A","index":4},"time":1542221979930},{"prop":"TEDExpt2V4","value":{"ontologyKey":"S_A4_T1_V4_A","index":4},"time":1542221979930},{"prop":"TEDExpt2V3","value":{"ontologyKey":"S_A4_T1_V3_B","index":3},"time":1542221979931},{"prop":"TEDExpt2V4","value":{"ontologyKey":"S_A4_T1_V4_B","index":4},"time":1542221979931},{"prop":"TEDExpt2V1","value":{"ontologyKey":"S_A4_T1_V1_B","index":1},"time":1542221979931},{"prop":"TEDExpt2V2","value":{"ontologyKey":"S_A4_T1_V2_B","index":2},"time":1542221979931},{"prop":"TEDExptNC1SameDiff","value":{"ontologyKey":"TED_E1_Q7NC1DIFF","value":"diff","index":1},"time":1542221979931},{"prop":"TEDExptNC1Confound","value":{"ontologyKey":"STBL_A4_T1_V1","index":1},"time":1542221979931},{"prop":"TEDExptNC2SameDiff","value":{"ontologyKey":"TED_E1_Q7NC2DIFF","value":"diff","index":3},"time":1542221979931},{"prop":"TEDExptNC2Confound","value":{"ontologyKey":"STBL_A4_T1_V3","index":3},"time":1542221979931},{"prop":"TEDExptNC3SameDiff","value":{"ontologyKey":"TED_E1_Q7NC3DIFF","value":"diff","index":4},"time":1542221979931},{"prop":"TEDExptNC3Confound","value":{"ontologyKey":"STBL_A4_T1_V4","index":4},"time":1542221979931},{"prop":"differentRow","value":1,"time":1542222005763},{"prop":"independentVarN","value":{"row":2,"col":0,"ontologyKey":"STBL_A4_T1_V2|name","isText":true,"selectedValue":"Amount of Sunlight","cell":{}},"time":1542222015515},{"prop":"sameRow1","value":2,"time":1542222020029},{"prop":"independentVarN","value":{"row":3,"col":0,"ontologyKey":"STBL_A4_T1_V3|name","isText":true,"selectedValue":"Amount of Fertilizer","cell":{}},"time":1542222025705},{"prop":"sameRow2","value":3,"time":1542222031191},{"prop":"independentVarN","value":{"row":4,"col":0,"ontologyKey":"STBL_A4_T1_V4|name","isText":true,"selectedValue":"Type of Water","cell":{}},"time":1542222036860},{"prop":"sameRow3","value":4,"time":1542222041597},{"prop":"independentVarN","time":1542222047256},{"prop":"Expt1_Q1","value":{"name":"{{$EFO_TED_E1_LISTYN|yes}}","ontologyKey":"TED_E1_LISTYN|yes","index":1,"value":false,"id":"incorrect"},"time":1542222241661},{"prop":"Expt1_Q3_WRONG","value":{"name":"{{$EFO_TED_E1_LISTQ23|ans6}}","value":"$EFL_efdata.TED.E1.LISTQ23","ontologyKey":"TED_E1_LISTQ23|yes","index":6,"id":"6"},"time":1542222259586},{"prop":"Expt1_Q4","value":{"name":"{{$EFO_TED_E1_LISTYN|no}}","ontologyKey":"TED_E1_LISTYN|no","index":2,"value":true,"id":"correct"},"time":1542222293728},{"prop":"Expt1_Q4A_RIGHT","value":{"name":"{{$EFO_TED_E1_LISTQ56|ans6}}","value":"$EFL_efdata.TED.E1.LISTQ56","ontologyKey":"TED_E1_LISTQ56|yes","index":6,"id":"6"},"time":1542222338233},{"prop":"TEDFeatureFocus","value":["Could Not cause","","Could cause","Could Not cause"],"time":1542222352325},{"prop":"TEDFeatureFocus","value":["Could Not cause","","Could cause","Could Not cause"],"time":1542222388925},{"prop":"TEDFeatureFocus","value":["Could Not cause","","Could cause","Could Not cause"],"time":1542222394040},{"prop":"TEDFeatureFocus","value":["Could Not cause","","Could cause","Could Not cause"],"time":1542222397602},{"prop":"TEDcorrection","value":3,"time":1542222468109},{"prop":"TEDcorrection","value":2,"time":1542222501609},{"prop":"TEDcorrection","value":1,"time":1542222504878},{"prop":"TEDcorrection","value":0,"time":1542222508279},{"prop":"TEDExptNonTarget","value":[1,2,4],"time":1542222563127},{"prop":"TEDExptConfounds","value":[2],"time":1542222563127},{"prop":"TEDExptDifferent","value":[2,3],"time":1542222563127},{"prop":"TEDExptArea","value":{"ontologyKey":"STBL_A4","index":4},"time":1542222563127},{"prop":"TEDExptTopic","value":{"ontologyKey":"STBL_A4_T1","index":1},"time":1542222563127},{"prop":"TEDExptVariable","value":{"ontologyKey":"STBL_A4_T1_V3","index":3},"time":1542222563127},{"prop":"TEDExptRQ","value":{"ontologyKey":"S_A4_T1_RQ3","index":3},"time":1542222563127},{"prop":"TEDExptVarNC1","value":{"ontologyKey":"STBL_A4_T1_V1","index":1},"time":1542222563127},{"prop":"TEDExptVarNC2","value":{"ontologyKey":"STBL_A4_T1_V2","index":2},"time":1542222563127},{"prop":"TEDExptVarNC3","value":{"ontologyKey":"STBL_A4_T1_V4","index":4},"time":1542222563127},{"prop":"TEDExptPOSTSequence","value":[{"ontologyKey":"STBL_A4_T1_V1","index":1},{"ontologyKey":"STBL_A4_T1_V2","index":2},{"ontologyKey":"STBL_A4_T1_V3","index":3},{"ontologyKey":"STBL_A4_T1_V4","index":4}],"time":1542222563127},{"prop":"TEDExpt1V1","value":{"ontologyKey":"S_A4_T1_V1_A","index":1},"time":1542222563127},{"prop":"TEDExpt2V1","value":{"ontologyKey":"S_A4_T1_V1_A","index":1},"time":1542222563127},{"prop":"TEDExpt1V2","value":{"ontologyKey":"S_A4_T1_V2_A","index":2},"time":1542222563127},{"prop":"TEDExpt2V2","value":{"ontologyKey":"S_A4_T1_V2_A","index":2},"time":1542222563127},{"prop":"TEDExpt1V3","value":{"ontologyKey":"S_A4_T1_V3_A","index":3},"time":1542222563127},{"prop":"TEDExpt2V3","value":{"ontologyKey":"S_A4_T1_V3_A","index":3},"time":1542222563127},{"prop":"TEDExpt1V4","value":{"ontologyKey":"S_A4_T1_V4_A","index":4},"time":1542222563127},{"prop":"TEDExpt2V4","value":{"ontologyKey":"S_A4_T1_V4_A","index":4},"time":1542222563127},{"prop":"TEDExpt2V2","value":{"ontologyKey":"S_A4_T1_V2_B","index":2},"time":1542222563127},{"prop":"TEDExpt2V3","value":{"ontologyKey":"S_A4_T1_V3_B","index":3},"time":1542222563127},{"prop":"TEDExptNC1SameDiff","value":{"ontologyKey":"TED_E1_Q7NC1SAME","value":"same","index":1},"time":1542222563127},{"prop":"TEDExptNC2SameDiff","value":{"ontologyKey":"TED_E1_Q7NC2DIFF","value":"diff","index":2},"time":1542222563127},{"prop":"TEDExptNC1Confound","value":{"ontologyKey":"STBL_A4_T1_V2","index":2},"time":1542222563127},{"prop":"TEDExptNC3SameDiff","value":{"ontologyKey":"TED_E1_Q7NC3SAME","value":"same","index":4},"time":1542222563127}],"selectedTopic":{"index":1,"ontologyKey":"STBL_A4_T1|name"},"selectedVariable":{"index":1,"ontologyKey":"STBL_A4_T1_V1|name"},"TEDExptNonTarget":[1,2,4],"TEDExptConfounds":[2],"TEDExptDifferent":[2,3],"TEDExptArea":{"ontologyKey":"STBL_A4","index":4},"TEDExptTopic":{"ontologyKey":"STBL_A4_T1","index":1},"TEDExptVariable":{"ontologyKey":"STBL_A4_T1_V3","index":3},"TEDExptRQ":{"ontologyKey":"S_A4_T1_RQ3","index":3},"TEDExptVarNC1":{"ontologyKey":"STBL_A4_T1_V1","index":1},"TEDExptVarNC2":{"ontologyKey":"STBL_A4_T1_V2","index":2},"TEDExptVarNC3":{"ontologyKey":"STBL_A4_T1_V4","index":4},"TEDExptPOSTSequence":[{"ontologyKey":"STBL_A4_T1_V1","index":1},{"ontologyKey":"STBL_A4_T1_V2","index":2},{"ontologyKey":"STBL_A4_T1_V3","index":3},{"ontologyKey":"STBL_A4_T1_V4","index":4}],"TEDExpt1V1":{"ontologyKey":"S_A4_T1_V1_A","index":1},"TEDExpt2V1":{"ontologyKey":"S_A4_T1_V1_A","index":1},"TEDExpt1V2":{"ontologyKey":"S_A4_T1_V2_A","index":2},"TEDExpt2V2":{"ontologyKey":"S_A4_T1_V2_B","index":2},"TEDExpt1V3":{"ontologyKey":"S_A4_T1_V3_A","index":3},"TEDExpt2V3":{"ontologyKey":"S_A4_T1_V3_B","index":3},"TEDExpt1V4":{"ontologyKey":"S_A4_T1_V4_A","index":4},"TEDExpt2V4":{"ontologyKey":"S_A4_T1_V4_A","index":4},"TEDExptNC1SameDiff":{"ontologyKey":"TED_E1_Q7NC1SAME","value":"same","index":1},"TEDExptNC1Confound":{"ontologyKey":"STBL_A4_T1_V2","index":2},"TEDExptNC2SameDiff":{"ontologyKey":"TED_E1_Q7NC2DIFF","value":"diff","index":2},"TEDExptNC2Confound":{"ontologyKey":"STBL_A4_T1_V3","index":3},"TEDExptNC3SameDiff":{"ontologyKey":"TED_E1_Q7NC3SAME","value":"same","index":4},"TEDExptNC3Confound":{"ontologyKey":"STBL_A4_T1_V4","index":4},"differentRow":1,"sameRow1":2,"sameRow2":3,"sameRow3":4,"Expt1_Q1":{"name":"{{$EFO_TED_E1_LISTYN|yes}}","ontologyKey":"TED_E1_LISTYN|yes","index":1,"value":false,"id":"incorrect"},"Expt1_Q3_WRONG":{"name":"{{$EFO_TED_E1_LISTQ23|ans6}}","value":"$EFL_efdata.TED.E1.LISTQ23","ontologyKey":"TED_E1_LISTQ23|yes","index":6,"id":"6"},"Expt1_Q4":{"name":"{{$EFO_TED_E1_LISTYN|no}}","ontologyKey":"TED_E1_LISTYN|no","index":2,"value":true,"id":"correct"},"Expt1_Q4A_RIGHT":{"name":"{{$EFO_TED_E1_LISTQ56|ans6}}","value":"$EFL_efdata.TED.E1.LISTQ56","ontologyKey":"TED_E1_LISTQ56|yes","index":6,"id":"6"},"TEDFeatureFocus":["Could Not cause","","Could cause","Could Not cause"],"TEDcorrection":0}},"tutor":{"experimentalGroup":{"ontologyKey":"EG_A2"},"$seq":[{"prop":"experimentalGroup.ontologyKey","value":"EG_A2","time":1542221979519}]}}