{"scene":{"SNavigator":{},"SIntro":{"complete":false,"$seq":[{"prop":"complete","value":false,"time":1263596967488}]},"SScene1":{"complete":true,"$seq":[{"prop":"complete","value":false,"time":1263596982400},{"prop":"Sg1","value":"true","time":1263597027362},{"prop":"DR1:Sg1","value":"ans1","time":1263597027362},{"prop":"complete","value":true,"time":1263597027362},{"prop":"Sg1","value":"true","time":1263597027364},{"prop":"complete","value":true,"time":1263597027364}],"Sg1":"true","DR1:Sg1":"ans1"},"SScene2":{"complete":false,"$seq":[{"prop":"complete","value":false,"time":1263597048899}]}},"module":{},"tutor":{}}