{"scene":{"SNavigator":{},"SIntro":{"complete":false,"$seq":[{"prop":"complete","value":false,"time":1263596967488}]},"SScene1":{"complete":true,"$seq":[{"prop":"complete","value":false,"time":1263596982400},{"prop":"Sg1","value":"true","time":1263597027362},{"prop":"DR1:Sg1","value":"ans1","time":1263597027362},{"prop":"complete","value":true,"time":1263597027362},{"prop":"Sg1","value":"true","time":1263597027364},{"prop":"complete","value":true,"time":1263597027364}],"Sg1":"true","DR1:Sg1":"ans1"},"SScene2":{"complete":true,"$seq":[{"prop":"complete","value":false,"time":1263597048899},{"prop":"Sg1","value":"true","time":1263597083025},{"prop":"DR2:Sg1","value":"ans4","time":1263597083025},{"prop":"complete","value":true,"time":1263597083025},{"prop":"Sg1","value":"true","time":1263597083026},{"prop":"complete","value":true,"time":1263597083026}],"Sg1":"true","DR2:Sg1":"ans4"},"SScene3":{"complete":false,"$seq":[{"prop":"complete","value":false,"time":1263597084141}]}},"module":{},"tutor":{}}