{"scene":{"SNavigator":{},"SIntro":{"complete":false,"$seq":[{"prop":"complete","value":false,"time":1263596967488}]},"SScene1":{"complete":true,"$seq":[{"prop":"complete","value":false,"time":1263596982400},{"prop":"Sg1","value":"true","time":1263597027362},{"prop":"DR1:Sg1","value":"ans1","time":1263597027362},{"prop":"complete","value":true,"time":1263597027362},{"prop":"Sg1","value":"true","time":1263597027364},{"prop":"complete","value":true,"time":1263597027364}],"Sg1":"true","DR1:Sg1":"ans1"},"SScene2":{"complete":true,"$seq":[{"prop":"complete","value":false,"time":1263597048899},{"prop":"Sg1","value":"true","time":1263597083025},{"prop":"DR2:Sg1","value":"ans4","time":1263597083025},{"prop":"complete","value":true,"time":1263597083025},{"prop":"Sg1","value":"true","time":1263597083026},{"prop":"complete","value":true,"time":1263597083026}],"Sg1":"true","DR2:Sg1":"ans4"},"SScene3":{"complete":true,"$seq":[{"prop":"complete","value":false,"time":1263597084141},{"prop":"Sg1","value":"true","time":1263597119203},{"prop":"DR3:Sg1","value":"ans1","time":1263597119203},{"prop":"complete","value":true,"time":1263597119203},{"prop":"Sg1","value":"true","time":1263597119203},{"prop":"complete","value":true,"time":1263597119203},{"prop":"Sg1","value":"true","time":1263597142599},{"prop":"DR3:Sg1","value":"ans3","time":1263597142599},{"prop":"complete","value":true,"time":1263597142599},{"prop":"Sg1","value":"true","time":1263597142600},{"prop":"complete","value":true,"time":1263597142600},{"prop":"Sg1","value":"true","time":1263597156887},{"prop":"DR3:Sg1","value":"ans4","time":1263597156887},{"prop":"complete","value":true,"time":1263597156887},{"prop":"Sg1","value":"true","time":1263597156888},{"prop":"complete","value":true,"time":1263597156888},{"prop":"Sg1","value":"true","time":1263597158650},{"prop":"DR3:Sg1","value":"ans3","time":1263597158650},{"prop":"complete","value":true,"time":1263597158650},{"prop":"Sg1","value":"true","time":1263597158651},{"prop":"complete","value":true,"time":1263597158651},{"prop":"Sg1","value":"true","time":1263597167377},{"prop":"DR3:Sg1","value":"ans2","time":1263597167377},{"prop":"complete","value":true,"time":1263597167377},{"prop":"Sg1","value":"true","time":1263597167377},{"prop":"complete","value":true,"time":1263597167377}],"Sg1":"true","DR3:Sg1":"ans2"},"SScene4":{"complete":true,"$seq":[{"prop":"complete","value":false,"time":1263597168684},{"prop":"Sg1","value":"true","time":1263597188981},{"prop":"DR4:Sg1","value":"ans2","time":1263597188981},{"prop":"complete","value":true,"time":1263597188981},{"prop":"Sg1","value":"true","time":1263597188982},{"prop":"complete","value":true,"time":1263597188982}],"Sg1":"true","DR4:Sg1":"ans2"},"SSubmit":{"complete":false,"$seq":[{"prop":"complete","value":false,"time":1263597189816}]}},"module":{},"tutor":{}}