{"sceneState":{"SNavigator":{},"SScene1":{"rowsComplete":4,"$seq":[{"prop":"rowsComplete","value":0,"time":1554828410348},{"prop":"complete","value":false,"time":1554828410664},{"prop":"currentRow","value":4,"time":1554828422674},{"prop":"correct","value":true,"time":1554828422674},{"prop":"correct","value":false,"time":1554828422702},{"prop":"correct","value":false,"time":1554828428046},{"prop":"correct","value":false,"time":1554828428047},{"prop":"TVSel.col1","value":1,"time":1554828432458},{"prop":"TVSel.col2","value":2,"time":1554828436524},{"prop":"correct","value":true,"time":1554828436524},{"prop":"correct","value":false,"time":1554828436567},{"prop":"rowsComplete","value":1,"time":1554828436572},{"prop":"currentRow","value":0,"time":1554828446348},{"prop":"currentRow","value":1,"time":1554828446349},{"prop":"correct","value":false,"time":1554828446349},{"prop":"VSel.col1","value":null,"time":1554828446349},{"prop":"VSel.col2","value":null,"time":1554828446349},{"prop":"correct","value":false,"time":1554828446352},{"prop":"VSel.col1","value":1,"time":1554828448435},{"prop":"VSel.col2","value":2,"time":1554828450082},{"prop":"correct","value":false,"time":1554828450082},{"prop":"correct","value":false,"time":1554828450096},{"prop":"VSel.col2","value":1,"time":1554828452698},{"prop":"correct","value":true,"time":1554828452698},{"prop":"correct","value":false,"time":1554828452725},{"prop":"rowsComplete","value":2,"time":1554828452728},{"prop":"currentRow","value":2,"time":1554828458441},{"prop":"correct","value":false,"time":1554828458442},{"prop":"VSel.col1","value":null,"time":1554828458442},{"prop":"VSel.col2","value":null,"time":1554828458442},{"prop":"correct","value":false,"time":1554828458444},{"prop":"VSel.col1","value":1,"time":1554828462296},{"prop":"VSel.col2","value":1,"time":1554828463952},{"prop":"correct","value":true,"time":1554828463952},{"prop":"correct","value":false,"time":1554828463968},{"prop":"rowsComplete","value":3,"time":1554828463971},{"prop":"currentRow","value":3,"time":1554828469675},{"prop":"correct","value":false,"time":1554828469675},{"prop":"VSel.col1","value":null,"time":1554828469675},{"prop":"VSel.col2","value":null,"time":1554828469675},{"prop":"correct","value":false,"time":1554828469677},{"prop":"VSel.col1","value":2,"time":1554828473637},{"prop":"VSel.col2","value":2,"time":1554828475141},{"prop":"correct","value":true,"time":1554828475142},{"prop":"correct","value":false,"time":1554828475182},{"prop":"rowsComplete","value":4,"time":1554828475185},{"prop":"currentRow","value":5,"time":1554828480950},{"prop":"complete","value":true,"time":1554828480950},{"prop":"correct","value":false,"time":1554828480950}],"complete":true,"currentRow":5,"correct":false,"TVSel":{"col1":1,"col2":2},"VSel":{"col1":2,"col2":2}},"SScene2":{"complete":true,"$seq":[{"prop":"complete","value":false,"time":1554828483423},{"prop":"complete","value":true,"time":1554828506509},{"prop":"correct","value":false,"time":1554828507596}],"correct":false},"SSceneEnd":{}},"moduleState":{"selectedArea":{"ontologyKey":"S_A1|name","index":1},"selectedTopic":{"ontologyKey":"S_A1_T2|name","index":2},"selectedVariable":{"ontologyKey":"S_A1_T2_V4|name","index":4},"selectedRQ":{"ontologyKey":"S_A1_T2_RQ4"},"AreaSelectedID":"Sarea1|Sselected","AreaButtonID":"Sbutton1","TopicSelectedID":"Stopic2|Sselected","TopicButtonID":"Sbutton2","VariableHighlightID":"SbuttonHL4","VariableClickMaskID":"SclickMask4","RQconfirmation":"UNKNOWN","TEDExptNonTarget":[2,3,4],"TEDExptConfounds":[2,3,4],"TEDExptDifferent":[2,3,4,1],"TEDExptArea":{"ontologyKey":"S_A1","index":1},"TEDExptTopic":{"ontologyKey":"S_A1_T2","index":2},"TEDExptVariable":{"ontologyKey":"S_A1_T2_V1","index":1},"TEDExptRQ":{"ontologyKey":"S_A1_T2_RQ1","index":1},"TEDExptVarNC1":{"ontologyKey":"S_A1_T2_V2","index":2},"TEDExptVarNC2":{"ontologyKey":"S_A1_T2_V3","index":3},"TEDExptVarNC3":{"ontologyKey":"S_A1_T2_V4","index":4},"TEDExptPOSTSequence":[{"ontologyKey":"S_A1_T2_V4","index":4},{"ontologyKey":"S_A1_T2_V1","index":1},{"ontologyKey":"S_A1_T2_V2","index":2},{"ontologyKey":"S_A1_T2_V3","index":3}],"TEDExpt1V1":{"ontologyKey":"S_A1_T2_V1_A","index":1},"TEDExpt2V1":{"ontologyKey":"S_A1_T2_V1_B","index":1},"TEDExpt1V2":{"ontologyKey":"S_A1_T2_V2_A","index":2},"TEDExpt2V2":{"ontologyKey":"S_A1_T2_V2_B","index":2},"TEDExpt1V3":{"ontologyKey":"S_A1_T2_V3_A","index":3},"TEDExpt2V3":{"ontologyKey":"S_A1_T2_V3_B","index":3},"TEDExpt1V4":{"ontologyKey":"S_A1_T2_V4_A","index":4},"TEDExpt2V4":{"ontologyKey":"S_A1_T2_V4_B","index":4},"TEDExptNC1SameDiff":{"ontologyKey":"TED_E1_Q7NC1DIFF","value":"diff","index":2},"TEDExptNC1Confound":{"ontologyKey":"S_A1_T2_V2","index":2},"TEDExptNC2SameDiff":{"ontologyKey":"TED_E1_Q7NC2DIFF","value":"diff","index":3},"TEDExptNC2Confound":{"ontologyKey":"S_A1_T2_V3","index":3},"TEDExptNC3SameDiff":{"ontologyKey":"TED_E1_Q7NC3DIFF","value":"diff","index":4},"TEDExptNC3Confound":{"ontologyKey":"S_A1_T2_V4","index":4},"differentRow":4,"independentVarN":{"row":4,"col":0,"ontologyKey":"S_A1_T2_V4|name","isText":true,"selectedValue":"Amount of CO2","cell":{},"processed":true},"sameRow1":1,"sameRow2":2,"sameRow3":3},"tutorState":{"experimentalGroup":{"ontologyKey":"EG_A2"}},"fFeatures":{"0":true,"FTR_NOCHOICE":true,"FTR_NCSODA":true,"FTR_TED_1_6":true,"FTR_SODA":true,"FTR_PASS2":true,"FTR_TEDEXP1":true,"FTR_POST1":true,"FTR_IVLAST":true},"featureID":{"varsel":{"FTR_SODA":true}}}