{"scene":{"SNavigator":{},"SScene1":{"complete":true,"$seq":[{"prop":"complete","value":false,"time":1273185944690},{"prop":"complete","value":true,"time":1273185996802}]},"SScene2":{"AreaSelected":true,"$seq":[{"prop":"AreaSelected","value":false,"time":1273186001340},{"prop":"AreaSelected","value":true,"time":1273186066014},{"prop":"Area Name:physical and chemical changes","time":1273186066016},{"prop":"Area Index:1","time":1273186066016}]},"SScene3":{"TopicSelected":true,"$seq":[{"prop":"TopicSelected","value":false,"time":1273186069046},{"prop":"TopicSelected","value":true,"time":1273186079097},{"prop":"Topic Index:2","time":1273186079099}]},"SScene4":{"complete":true,"$seq":[{"prop":"complete","value":false,"time":1273186079501},{"prop":"complete","value":true,"time":1273186100528}]},"SScene5":{"complete":true,"$seq":[{"prop":"complete","value":false,"time":1273186194867},{"prop":"complete","value":true,"time":1273186199545}]},"SScene5a":{"complete":true,"$seq":[{"prop":"complete","value":false,"time":1273186200701},{"prop":"complete","value":true,"time":1273186212711}]},"SScene6a":{},"SScene6b":{},"SScene6c":{},"SScene7":{"complete":true,"$seq":[{"prop":"complete","value":false,"time":1273186233308},{"prop":"complete","value":true,"time":1273186256707}]},"SScene8":{"complete":true,"$seq":[{"prop":"complete","value":false,"time":1273186275765},{"prop":"complete","value":true,"time":1273186318188}]},"SScene9":{"RQSelected":true,"$seq":[{"prop":"RQSelected","value":false,"time":1273186323561},{"prop":"RQSelected","value":true,"time":1273186328559},{"prop":"Variable Index:4","time":1273186328559}]},"SScene11":{"RQconfirmed":false,"$seq":[{"prop":"RQconfirmed","value":false,"time":1273186328668}]}},"module":{"selectedArea":{"ontologyKey":"S_A1|name","index":1},"$seq":[{"prop":"selectedArea","value":{"ontologyKey":"S_A1|name","index":1},"time":1273185944580},{"prop":"selectedTopic","value":{"ontologyKey":"S_A1_T2|name","index":2},"time":1273185944580},{"prop":"selectedVariable","value":{"ontologyKey":"S_A1_T2_V4|name","index":4},"time":1273185944580},{"prop":"selectedRQ","value":{"ontologyKey":"S_A1_T2_RQ4"},"time":1273185944580},{"prop":"AreaSelectedID","value":"Sarea1|Sselected","time":1273185944581},{"prop":"AreaButtonID","value":"Sbutton1","time":1273185944581},{"prop":"TopicSelectedID","value":"Stopic2|Sselected","time":1273185944581},{"prop":"TopicButtonID","value":"Sbutton2","time":1273185944581},{"prop":"VariableHighlightID","value":"SbuttonHL4","time":1273185944581},{"prop":"VariableClickMaskID","value":"SclickMask4","time":1273185944581},{"prop":"selectedArea.ontologyKey","value":"S_A1|name","time":1273186066014},{"prop":"selectedArea.index","value":1,"time":1273186066014},{"prop":"selectedTopic.ontologyKey","value":"S_A1_T2|name","time":1273186079097},{"prop":"selectedTopic.index","value":2,"time":1273186079097},{"prop":"selectedVariable.ontologyKey","value":"S_A1_T2_V4|name","time":1273186328559},{"prop":"selectedVariable.index","value":4,"time":1273186328559},{"prop":"selectedRQ","value":{"ontologyKey":"S_A1_T2_RQ4","index":"4"},"time":1273186328559},{"prop":"RQconfirmation","value":"UNKNOWN","time":1273186328668}],"selectedTopic":{"ontologyKey":"S_A1_T2|name","index":2},"selectedVariable":{"ontologyKey":"S_A1_T2_V4|name","index":4},"selectedRQ":{"ontologyKey":"S_A1_T2_RQ4","index":"4"},"AreaSelectedID":"Sarea1|Sselected","AreaButtonID":"Sbutton1","TopicSelectedID":"Stopic2|Sselected","TopicButtonID":"Sbutton2","VariableHighlightID":"SbuttonHL4","VariableClickMaskID":"SclickMask4","RQconfirmation":"UNKNOWN"},"tutor":{"experimentalGroup":{"ontologyKey":"EG_A2"},"$seq":[{"prop":"experimentalGroup.ontologyKey","value":"EG_A2","time":1273185944580}]}}