{"scene":{"SNavigator":{},"SScene1":{"complete":true,"$seq":[{"prop":"complete","value":false,"time":1557848346957},{"prop":"complete","value":true,"time":1557848394210}]},"SScene2":{"AreaSelected":true,"$seq":[{"prop":"AreaSelected","value":false,"time":1557848400121},{"prop":"AreaSelected","value":true,"time":1557848445933},{"prop":"Area Name:physical and chemical changes","time":1557848445935},{"prop":"Area Index:1","time":1557848445935}]},"SScene3":{"TopicSelected":true,"$seq":[{"prop":"TopicSelected","value":false,"time":1557848448380},{"prop":"TopicSelected","value":true,"time":1557848455636},{"prop":"Topic Index:2","time":1557848455640}]},"SScene4":{"complete":false,"$seq":[{"prop":"complete","value":false,"time":1557848456185}]}},"module":{"selectedArea":{"ontologyKey":"S_A1|name","index":1},"$seq":[{"prop":"selectedArea.ontologyKey","value":"S_A1|name","time":1557848445933},{"prop":"selectedArea.index","value":1,"time":1557848445933},{"prop":"selectedTopic.ontologyKey","value":"S_A1_T2|name","time":1557848455636},{"prop":"selectedTopic.index","value":2,"time":1557848455636}],"selectedTopic":{"ontologyKey":"S_A1_T2|name","index":2}},"tutor":{"experimentalGroup":{"ontologyKey":"EG_A1"},"$seq":[{"prop":"experimentalGroup.ontologyKey","value":"EG_A1","time":1557848346845}]}}