{"sceneState":{"SNavigator":{},"SMatsIntro":{"complete":true,"$seq":[{"prop":"complete","value":false,"time":1267586075169},{"prop":"complete","value":true,"time":1267586089225}]},"SMatsPre1":{"complete":true,"$seq":[{"prop":"complete","value":false,"time":1267586129375},{"prop":"Sg1","value":"true","time":1267586137362},{"prop":"PreTest:Sg1","value":"b4","time":1267586137362},{"prop":"complete","value":false,"time":1267586137363},{"prop":"Sg1","value":"true","time":1267586137363},{"prop":"complete","value":false,"time":1267586137364},{"prop":"Sg2","value":"true","time":1267586148214},{"prop":"PreTest:Sg2","value":"b4","time":1267586148215},{"prop":"complete","value":false,"time":1267586148215},{"prop":"Sg2","value":"true","time":1267586148215},{"prop":"complete","value":false,"time":1267586148215},{"prop":"Sg3","value":"true","time":1267586151754},{"prop":"PreTest:Sg3","value":"b3","time":1267586151754},{"prop":"complete","value":false,"time":1267586151754},{"prop":"Sg3","value":"true","time":1267586151755},{"prop":"complete","value":false,"time":1267586151755},{"prop":"Sg4","value":"true","time":1267586155291},{"prop":"PreTest:Sg4","value":"b4","time":1267586155291},{"prop":"complete","value":true,"time":1267586155291},{"prop":"Sg4","value":"true","time":1267586155292},{"prop":"complete","value":true,"time":1267586155292}],"Sg1":"true","PreTest:Sg1":"b4","Sg2":"true","PreTest:Sg2":"b4","Sg3":"true","PreTest:Sg3":"b3","Sg4":"true","PreTest:Sg4":"b4"},"SMatsPre2":{"complete":true,"$seq":[{"prop":"complete","value":false,"time":1267586156441},{"prop":"Sg1","value":"true","time":1267586165429},{"prop":"PreTest:Sg1","value":"b2","time":1267586165429},{"prop":"complete","value":false,"time":1267586165429},{"prop":"Sg1","value":"true","time":1267586165429},{"prop":"complete","value":false,"time":1267586165429},{"prop":"Sg1","value":"true","time":1267586166408},{"prop":"PreTest:Sg1","value":"b1","time":1267586166408},{"prop":"complete","value":false,"time":1267586166408},{"prop":"Sg1","value":"true","time":1267586166408},{"prop":"complete","value":false,"time":1267586166408},{"prop":"Sg2","value":"true","time":1267586169710},{"prop":"PreTest:Sg2","value":"b4","time":1267586169710},{"prop":"complete","value":false,"time":1267586169710},{"prop":"Sg2","value":"true","time":1267586169711},{"prop":"complete","value":false,"time":1267586169711},{"prop":"Sg3","value":"true","time":1267586172904},{"prop":"PreTest:Sg3","value":"b3","time":1267586172904},{"prop":"complete","value":false,"time":1267586172904},{"prop":"Sg3","value":"true","time":1267586172904},{"prop":"complete","value":false,"time":1267586172904},{"prop":"Sg4","value":"true","time":1267586180503},{"prop":"PreTest:Sg4","value":"b3","time":1267586180503},{"prop":"complete","value":true,"time":1267586180503},{"prop":"Sg4","value":"true","time":1267586180503},{"prop":"complete","value":true,"time":1267586180503}],"Sg1":"true","PreTest:Sg1":"b1","Sg2":"true","PreTest:Sg2":"b4","Sg3":"true","PreTest:Sg3":"b3","Sg4":"true","PreTest:Sg4":"b3"},"SMatsPre3":{"complete":true,"$seq":[{"prop":"complete","value":false,"time":1267586181757},{"prop":"Sg1","value":"true","time":1267586187519},{"prop":"PreTest:Sg1","value":"b3","time":1267586187519},{"prop":"complete","value":false,"time":1267586187519},{"prop":"Sg1","value":"true","time":1267586187520},{"prop":"complete","value":false,"time":1267586187520},{"prop":"Sg2","value":"true","time":1267586190959},{"prop":"PreTest:Sg2","value":"b3","time":1267586190959},{"prop":"complete","value":false,"time":1267586190959},{"prop":"Sg2","value":"true","time":1267586190960},{"prop":"complete","value":false,"time":1267586190960},{"prop":"Sg3","value":"true","time":1267586205879},{"prop":"PreTest:Sg3","value":"b3","time":1267586205879},{"prop":"complete","value":false,"time":1267586205879},{"prop":"Sg3","value":"true","time":1267586205880},{"prop":"complete","value":false,"time":1267586205880},{"prop":"Sg4","value":"true","time":1267586209887},{"prop":"PreTest:Sg4","value":"b4","time":1267586209887},{"prop":"complete","value":true,"time":1267586209887},{"prop":"Sg4","value":"true","time":1267586209887},{"prop":"complete","value":true,"time":1267586209887}],"Sg1":"true","PreTest:Sg1":"b3","Sg2":"true","PreTest:Sg2":"b3","Sg3":"true","PreTest:Sg3":"b3","Sg4":"true","PreTest:Sg4":"b4"},"SMatsPre4":{"complete":true,"$seq":[{"prop":"complete","value":false,"time":1267586211019},{"prop":"Sg1","value":"true","time":1267586215667},{"prop":"PreTest:Sg1","value":"b2","time":1267586215667},{"prop":"complete","value":false,"time":1267586215667},{"prop":"Sg1","value":"true","time":1267586215668},{"prop":"complete","value":false,"time":1267586215668},{"prop":"Sg2","value":"true","time":1267586220793},{"prop":"PreTest:Sg2","value":"b3","time":1267586220793},{"prop":"complete","value":true,"time":1267586220793},{"prop":"prompted","value":true,"time":1267586220794},{"prop":"Sg2","value":"true","time":1267586220794},{"prop":"complete","value":true,"time":1267586220794},{"prop":"complete","value":true,"time":1267586221880}],"Sg1":"true","PreTest:Sg1":"b2","Sg2":"true","PreTest:Sg2":"b3","prompted":true},"SSceneEnd":{"complete":false,"$seq":[{"prop":"complete","value":false,"time":1267586222088}]}},"moduleState":{},"tutorState":{},"fFeatures":{"0":true,"FTR_PRE":true,"FTR_PROMPTED":true},"featureID":{}}