{
	"_MODULEDATA": "v1.0.0",
	"SScene1": {
		"SInput1": {
			"layout": "$EFL_efinput.SInput1"
		},
		"SListBox1": {
			"layout": "$EFL_eflist.SListBox1"
		},
		"STextBox1": {
			"layout": "$EFL_eftext.STextBox1"
		},
		"SShape1": {
			"xname": "SShape1"
		},
		"SShape2": {
			"xname": "SShape2"
		}
	},
	"SScene2": {
		"SInput1": {
			"layout": "$EFL_efinput.SInput1"
		},
		"STextBox1": {
			"layout": "$EFL_eftext.STextBox1"
		},
		"SShape1": {
			"xname": "SShape1"
		},
		"SShape2": {
			"xname": "SShape3"
		}
	},
	"SScene3": {},
	"SScene4": {}
}