{"scene":{"SNavigator":{},"SMatsIntro":{"complete":true,"$seq":[{"prop":"complete","value":false,"time":1276142381597},{"prop":"complete","value":true,"time":1276142394903}]},"SMatsPre1":{"complete":true,"$seq":[{"prop":"complete","value":false,"time":1276142396552},{"prop":"Sg1","value":"true","time":1276142408085},{"prop":"PreTest:Sg1","value":"b4","time":1276142408085},{"prop":"complete","value":false,"time":1276142408087},{"prop":"Sg1","value":"true","time":1276142408089},{"prop":"complete","value":false,"time":1276142408089},{"prop":"Sg2","value":"true","time":1276142414029},{"prop":"PreTest:Sg2","value":"b4","time":1276142414029},{"prop":"complete","value":false,"time":1276142414029},{"prop":"Sg2","value":"true","time":1276142414029},{"prop":"complete","value":false,"time":1276142414029},{"prop":"Sg3","value":"true","time":1276142417059},{"prop":"PreTest:Sg3","value":"b1","time":1276142417059},{"prop":"complete","value":false,"time":1276142417059},{"prop":"Sg3","value":"true","time":1276142417060},{"prop":"complete","value":false,"time":1276142417060},{"prop":"Sg4","value":"true","time":1276142425922},{"prop":"PreTest:Sg4","value":"b5","time":1276142425922},{"prop":"complete","value":true,"time":1276142425922},{"prop":"Sg4","value":"true","time":1276142425922},{"prop":"complete","value":true,"time":1276142425922}],"Sg1":"true","PreTest:Sg1":"b4","Sg2":"true","PreTest:Sg2":"b4","Sg3":"true","PreTest:Sg3":"b1","Sg4":"true","PreTest:Sg4":"b5"},"SMatsPre2":{"complete":true,"$seq":[{"prop":"complete","value":false,"time":1276142428277},{"prop":"Sg1","value":"true","time":1276142435983},{"prop":"PreTest:Sg1","value":"b1","time":1276142435983},{"prop":"complete","value":false,"time":1276142435983},{"prop":"Sg1","value":"true","time":1276142435983},{"prop":"complete","value":false,"time":1276142435983},{"prop":"Sg2","value":"true","time":1276142440134},{"prop":"PreTest:Sg2","value":"b4","time":1276142440134},{"prop":"complete","value":false,"time":1276142440134},{"prop":"Sg2","value":"true","time":1276142440135},{"prop":"complete","value":false,"time":1276142440135},{"prop":"Sg3","value":"true","time":1276142446278},{"prop":"PreTest:Sg3","value":"b4","time":1276142446278},{"prop":"complete","value":false,"time":1276142446278},{"prop":"Sg3","value":"true","time":1276142446279},{"prop":"complete","value":false,"time":1276142446279},{"prop":"Sg4","value":"true","time":1276142469639},{"prop":"PreTest:Sg4","value":"b3","time":1276142469639},{"prop":"complete","value":true,"time":1276142469639},{"prop":"Sg4","value":"true","time":1276142469641},{"prop":"complete","value":true,"time":1276142469641}],"Sg1":"true","PreTest:Sg1":"b1","Sg2":"true","PreTest:Sg2":"b4","Sg3":"true","PreTest:Sg3":"b4","Sg4":"true","PreTest:Sg4":"b3"},"SMatsPre3":{"complete":true,"$seq":[{"prop":"complete","value":false,"time":1276142472723},{"prop":"Sg1","value":"true","time":1276142481715},{"prop":"PreTest:Sg1","value":"b4","time":1276142481715},{"prop":"complete","value":false,"time":1276142481715},{"prop":"Sg1","value":"true","time":1276142481715},{"prop":"complete","value":false,"time":1276142481715},{"prop":"Sg2","value":"true","time":1276142482534},{"prop":"PreTest:Sg2","value":"b3","time":1276142482534},{"prop":"complete","value":false,"time":1276142482534},{"prop":"Sg2","value":"true","time":1276142482534},{"prop":"complete","value":false,"time":1276142482535},{"prop":"Sg4","value":"true","time":1276142511709},{"prop":"PreTest:Sg4","value":"b5","time":1276142511709},{"prop":"complete","value":false,"time":1276142511709},{"prop":"Sg4","value":"true","time":1276142511710},{"prop":"complete","value":false,"time":1276142511710},{"prop":"Sg3","value":"true","time":1276142518985},{"prop":"PreTest:Sg3","value":"b3","time":1276142518985},{"prop":"complete","value":true,"time":1276142518985},{"prop":"Sg3","value":"true","time":1276142518986},{"prop":"complete","value":true,"time":1276142518986}],"Sg1":"true","PreTest:Sg1":"b4","Sg2":"true","PreTest:Sg2":"b3","Sg4":"true","PreTest:Sg4":"b5","Sg3":"true","PreTest:Sg3":"b3"},"SMatsPre4":{"complete":false,"$seq":[{"prop":"complete","value":false,"time":1276142521242}]}},"module":{},"tutor":{}}