{"scene":{"SNavigator":{},"SScene1":{"rowsComplete":4,"$seq":[{"prop":"rowsComplete","value":0,"time":1543860352844},{"prop":"complete","value":false,"time":1543860353150},{"prop":"currentRow","value":4,"time":1543860364441},{"prop":"correct","value":true,"time":1543860364441},{"prop":"correct","value":false,"time":1543860364469},{"prop":"correct","value":false,"time":1543860369845},{"prop":"correct","value":false,"time":1543860369847},{"prop":"TVSel.col1","value":1,"time":1543860373574},{"prop":"TVSel.col2","value":1,"time":1543860375057},{"prop":"correct","value":false,"time":1543860375057},{"prop":"correct","value":false,"time":1543860375095},{"prop":"TVSel.col2","value":2,"time":1543860377620},{"prop":"correct","value":true,"time":1543860377620},{"prop":"correct","value":false,"time":1543860377654},{"prop":"rowsComplete","value":1,"time":1543860377657},{"prop":"currentRow","value":0,"time":1543860387372},{"prop":"currentRow","value":1,"time":1543860387372},{"prop":"correct","value":false,"time":1543860387373},{"prop":"VSel.col1","value":null,"time":1543860387374},{"prop":"VSel.col2","value":null,"time":1543860387374},{"prop":"correct","value":false,"time":1543860387375},{"prop":"VSel.col2","value":1,"time":1543860395220},{"prop":"VSel.col1","value":2,"time":1543860400370},{"prop":"correct","value":false,"time":1543860400370},{"prop":"correct","value":false,"time":1543860400401},{"prop":"VSel.col1","value":1,"time":1543860410112},{"prop":"correct","value":true,"time":1543860410112},{"prop":"correct","value":false,"time":1543860410130},{"prop":"rowsComplete","value":2,"time":1543860410134},{"prop":"currentRow","value":2,"time":1543860415906},{"prop":"correct","value":false,"time":1543860415907},{"prop":"VSel.col1","value":null,"time":1543860415907},{"prop":"VSel.col2","value":null,"time":1543860415907},{"prop":"correct","value":false,"time":1543860415910},{"prop":"VSel.col1","value":2,"time":1543860421372},{"prop":"VSel.col2","value":2,"time":1543860422723},{"prop":"correct","value":true,"time":1543860422723},{"prop":"correct","value":false,"time":1543860422768},{"prop":"rowsComplete","value":3,"time":1543860422771},{"prop":"currentRow","value":3,"time":1543860428482},{"prop":"correct","value":false,"time":1543860428483},{"prop":"VSel.col1","value":null,"time":1543860428484},{"prop":"VSel.col2","value":null,"time":1543860428484},{"prop":"correct","value":false,"time":1543860428486},{"prop":"VSel.col1","value":1,"time":1543860430551},{"prop":"VSel.col2","value":1,"time":1543860432591},{"prop":"correct","value":true,"time":1543860432591},{"prop":"correct","value":false,"time":1543860432625},{"prop":"rowsComplete","value":4,"time":1543860432628},{"prop":"currentRow","value":5,"time":1543860438375},{"prop":"complete","value":true,"time":1543860438375},{"prop":"correct","value":false,"time":1543860438377}],"complete":true,"currentRow":5,"correct":false,"TVSel":{"col1":1,"col2":2},"VSel":{"col1":1,"col2":1}},"SScene2":{"complete":true,"$seq":[{"prop":"complete","value":false,"time":1543860441031},{"prop":"complete","value":true,"time":1543860464219},{"prop":"correct","value":false,"time":1543860466776}],"correct":false},"SScene3":{"TopicSelected":true,"$seq":[{"prop":"TopicSelected","value":false,"time":1543860187668},{"prop":"TopicSelected","value":true,"time":1543860195264},{"prop":"Topic Index:2","time":1543860195266}]},"SScene4":{"complete":true,"$seq":[{"prop":"complete","value":false,"time":1543860195706},{"prop":"complete","value":true,"time":1543860216578}]},"SScene5":{"complete":true,"$seq":[{"prop":"complete","value":false,"time":1543860218031},{"prop":"complete","value":true,"time":1543860222754}]},"SScene5a":{"complete":true,"$seq":[{"prop":"complete","value":false,"time":1543860223907},{"prop":"complete","value":true,"time":1543860235896}]},"SScene6a":{},"SScene6b":{},"SScene6c":{},"SScene7":{"complete":true,"$seq":[{"prop":"complete","value":false,"time":1543860252131},{"prop":"complete","value":true,"time":1543860274376}]},"SScene8":{"complete":true,"$seq":[{"prop":"complete","value":false,"time":1543860277475},{"prop":"complete","value":true,"time":1543860320093}]},"SScene9":{"RQSelected":true,"$seq":[{"prop":"RQSelected","value":false,"time":1543860321939},{"prop":"RQSelected","value":true,"time":1543860335355},{"prop":"Variable Index:4","time":1543860335356},{"prop":"RQSelected","value":true,"time":1543860335544},{"prop":"Variable Index:4","time":1543860335545},{"prop":"RQSelected","value":true,"time":1543860335754},{"prop":"Variable Index:4","time":1543860335754}]},"SScene11":{"RQconfirmed":false,"$seq":[{"prop":"RQconfirmed","value":false,"time":1543860335487},{"prop":"complete","value":true,"time":1543860346187}],"complete":true},"SSceneEnd":{}},"module":{"selectedArea":{"ontologyKey":"S_A1|name","index":1},"selectedTopic":{"ontologyKey":"S_A1_T2|name","index":2},"selectedVariable":{"ontologyKey":"S_A1_T2_V4|name","index":4},"selectedRQ":{"ontologyKey":"S_A1_T2_RQ4"},"AreaSelectedID":"Sarea1|Sselected","AreaButtonID":"Sbutton1","TopicSelectedID":"Stopic2|Sselected","TopicButtonID":"Sbutton2","VariableHighlightID":"SbuttonHL4","VariableClickMaskID":"SclickMask4","RQconfirmation":"UNKNOWN","$seq":[{"prop":"selectedArea","value":{"ontologyKey":"S_A1|name","index":1},"time":1543860352738},{"prop":"selectedTopic","value":{"ontologyKey":"S_A1_T2|name","index":2},"time":1543860352738},{"prop":"selectedVariable","value":{"ontologyKey":"S_A1_T2_V4|name","index":4},"time":1543860352738},{"prop":"selectedRQ","value":{"ontologyKey":"S_A1_T2_RQ4"},"time":1543860352738},{"prop":"AreaSelectedID","value":"Sarea1|Sselected","time":1543860352738},{"prop":"AreaButtonID","value":"Sbutton1","time":1543860352738},{"prop":"TopicSelectedID","value":"Stopic2|Sselected","time":1543860352738},{"prop":"TopicButtonID","value":"Sbutton2","time":1543860352738},{"prop":"VariableHighlightID","value":"SbuttonHL4","time":1543860352738},{"prop":"VariableClickMaskID","value":"SclickMask4","time":1543860352739},{"prop":"TEDExptNonTarget","value":[2,3,4],"time":1543860352742},{"prop":"TEDExptConfounds","value":[2,3,4],"time":1543860352742},{"prop":"TEDExptDifferent","value":[2,3,4,1],"time":1543860352742},{"prop":"TEDExptArea","value":{"ontologyKey":"S_A1","index":1},"time":1543860352742},{"prop":"TEDExptTopic","value":{"ontologyKey":"S_A1_T2","index":2},"time":1543860352742},{"prop":"TEDExptVariable","value":{"ontologyKey":"S_A1_T2_V1","index":1},"time":1543860352742},{"prop":"TEDExptRQ","value":{"ontologyKey":"S_A1_T2_RQ1","index":1},"time":1543860352742},{"prop":"TEDExptVarNC1","value":{"ontologyKey":"S_A1_T2_V2","index":2},"time":1543860352742},{"prop":"TEDExptVarNC2","value":{"ontologyKey":"S_A1_T2_V3","index":3},"time":1543860352742},{"prop":"TEDExptVarNC3","value":{"ontologyKey":"S_A1_T2_V4","index":4},"time":1543860352742},{"prop":"TEDExptPOSTSequence","value":[{"ontologyKey":"S_A1_T2_V4","index":4},{"ontologyKey":"S_A1_T2_V1","index":1},{"ontologyKey":"S_A1_T2_V2","index":2},{"ontologyKey":"S_A1_T2_V3","index":3}],"time":1543860352743},{"prop":"TEDExpt1V1","value":{"ontologyKey":"S_A1_T2_V1_A","index":1},"time":1543860352743},{"prop":"TEDExpt2V1","value":{"ontologyKey":"S_A1_T2_V1_A","index":1},"time":1543860352743},{"prop":"TEDExpt1V2","value":{"ontologyKey":"S_A1_T2_V2_A","index":2},"time":1543860352743},{"prop":"TEDExpt2V2","value":{"ontologyKey":"S_A1_T2_V2_A","index":2},"time":1543860352743},{"prop":"TEDExpt1V3","value":{"ontologyKey":"S_A1_T2_V3_A","index":3},"time":1543860352743},{"prop":"TEDExpt2V3","value":{"ontologyKey":"S_A1_T2_V3_A","index":3},"time":1543860352743},{"prop":"TEDExpt1V4","value":{"ontologyKey":"S_A1_T2_V4_A","index":4},"time":1543860352743},{"prop":"TEDExpt2V4","value":{"ontologyKey":"S_A1_T2_V4_A","index":4},"time":1543860352743},{"prop":"TEDExpt2V2","value":{"ontologyKey":"S_A1_T2_V2_B","index":2},"time":1543860352743},{"prop":"TEDExpt2V3","value":{"ontologyKey":"S_A1_T2_V3_B","index":3},"time":1543860352743},{"prop":"TEDExpt2V4","value":{"ontologyKey":"S_A1_T2_V4_B","index":4},"time":1543860352743},{"prop":"TEDExpt2V1","value":{"ontologyKey":"S_A1_T2_V1_B","index":1},"time":1543860352743},{"prop":"TEDExptNC1SameDiff","value":{"ontologyKey":"TED_E1_Q7NC1DIFF","value":"diff","index":2},"time":1543860352743},{"prop":"TEDExptNC1Confound","value":{"ontologyKey":"S_A1_T2_V2","index":2},"time":1543860352743},{"prop":"TEDExptNC2SameDiff","value":{"ontologyKey":"TED_E1_Q7NC2DIFF","value":"diff","index":3},"time":1543860352743},{"prop":"TEDExptNC2Confound","value":{"ontologyKey":"S_A1_T2_V3","index":3},"time":1543860352743},{"prop":"TEDExptNC3SameDiff","value":{"ontologyKey":"TED_E1_Q7NC3DIFF","value":"diff","index":4},"time":1543860352743},{"prop":"TEDExptNC3Confound","value":{"ontologyKey":"S_A1_T2_V4","index":4},"time":1543860352743},{"prop":"TEDExptNonTarget","value":[2,3,4],"time":1543860352819},{"prop":"TEDExptConfounds","value":[2,3,4],"time":1543860352819},{"prop":"TEDExptDifferent","value":[2,3,4,1],"time":1543860352819},{"prop":"TEDExptArea","value":{"ontologyKey":"S_A1","index":1},"time":1543860352819},{"prop":"TEDExptTopic","value":{"ontologyKey":"S_A1_T2","index":2},"time":1543860352819},{"prop":"TEDExptVariable","value":{"ontologyKey":"S_A1_T2_V1","index":1},"time":1543860352819},{"prop":"TEDExptRQ","value":{"ontologyKey":"S_A1_T2_RQ1","index":1},"time":1543860352819},{"prop":"TEDExptVarNC1","value":{"ontologyKey":"S_A1_T2_V2","index":2},"time":1543860352819},{"prop":"TEDExptVarNC2","value":{"ontologyKey":"S_A1_T2_V3","index":3},"time":1543860352819},{"prop":"TEDExptVarNC3","value":{"ontologyKey":"S_A1_T2_V4","index":4},"time":1543860352819},{"prop":"TEDExptPOSTSequence","value":[{"ontologyKey":"S_A1_T2_V4","index":4},{"ontologyKey":"S_A1_T2_V1","index":1},{"ontologyKey":"S_A1_T2_V2","index":2},{"ontologyKey":"S_A1_T2_V3","index":3}],"time":1543860352819},{"prop":"TEDExpt1V1","value":{"ontologyKey":"S_A1_T2_V1_A","index":1},"time":1543860352819},{"prop":"TEDExpt2V1","value":{"ontologyKey":"S_A1_T2_V1_A","index":1},"time":1543860352819},{"prop":"TEDExpt1V2","value":{"ontologyKey":"S_A1_T2_V2_A","index":2},"time":1543860352819},{"prop":"TEDExpt2V2","value":{"ontologyKey":"S_A1_T2_V2_A","index":2},"time":1543860352819},{"prop":"TEDExpt1V3","value":{"ontologyKey":"S_A1_T2_V3_A","index":3},"time":1543860352819},{"prop":"TEDExpt2V3","value":{"ontologyKey":"S_A1_T2_V3_A","index":3},"time":1543860352819},{"prop":"TEDExpt1V4","value":{"ontologyKey":"S_A1_T2_V4_A","index":4},"time":1543860352819},{"prop":"TEDExpt2V4","value":{"ontologyKey":"S_A1_T2_V4_A","index":4},"time":1543860352819},{"prop":"TEDExpt2V2","value":{"ontologyKey":"S_A1_T2_V2_B","index":2},"time":1543860352819},{"prop":"TEDExpt2V3","value":{"ontologyKey":"S_A1_T2_V3_B","index":3},"time":1543860352819},{"prop":"TEDExpt2V4","value":{"ontologyKey":"S_A1_T2_V4_B","index":4},"time":1543860352819},{"prop":"TEDExpt2V1","value":{"ontologyKey":"S_A1_T2_V1_B","index":1},"time":1543860352819},{"prop":"TEDExptNC1SameDiff","value":{"ontologyKey":"TED_E1_Q7NC1DIFF","value":"diff","index":2},"time":1543860352819},{"prop":"TEDExptNC1Confound","value":{"ontologyKey":"S_A1_T2_V2","index":2},"time":1543860352819},{"prop":"TEDExptNC2SameDiff","value":{"ontologyKey":"TED_E1_Q7NC2DIFF","value":"diff","index":3},"time":1543860352819},{"prop":"TEDExptNC2Confound","value":{"ontologyKey":"S_A1_T2_V3","index":3},"time":1543860352819},{"prop":"TEDExptNC3SameDiff","value":{"ontologyKey":"TED_E1_Q7NC3DIFF","value":"diff","index":4},"time":1543860352819},{"prop":"TEDExptNC3Confound","value":{"ontologyKey":"S_A1_T2_V4","index":4},"time":1543860352819},{"prop":"TEDExptNonTarget","value":[2,3,4],"time":1543860353151},{"prop":"TEDExptConfounds","value":[2,3,4],"time":1543860353151},{"prop":"TEDExptDifferent","value":[2,3,4,1],"time":1543860353151},{"prop":"TEDExptArea","value":{"ontologyKey":"S_A1","index":1},"time":1543860353151},{"prop":"TEDExptTopic","value":{"ontologyKey":"S_A1_T2","index":2},"time":1543860353151},{"prop":"TEDExptVariable","value":{"ontologyKey":"S_A1_T2_V1","index":1},"time":1543860353151},{"prop":"TEDExptRQ","value":{"ontologyKey":"S_A1_T2_RQ1","index":1},"time":1543860353151},{"prop":"TEDExptVarNC1","value":{"ontologyKey":"S_A1_T2_V2","index":2},"time":1543860353151},{"prop":"TEDExptVarNC2","value":{"ontologyKey":"S_A1_T2_V3","index":3},"time":1543860353151},{"prop":"TEDExptVarNC3","value":{"ontologyKey":"S_A1_T2_V4","index":4},"time":1543860353151},{"prop":"TEDExptPOSTSequence","value":[{"ontologyKey":"S_A1_T2_V4","index":4},{"ontologyKey":"S_A1_T2_V1","index":1},{"ontologyKey":"S_A1_T2_V2","index":2},{"ontologyKey":"S_A1_T2_V3","index":3}],"time":1543860353151},{"prop":"TEDExpt1V1","value":{"ontologyKey":"S_A1_T2_V1_A","index":1},"time":1543860353151},{"prop":"TEDExpt2V1","value":{"ontologyKey":"S_A1_T2_V1_A","index":1},"time":1543860353151},{"prop":"TEDExpt1V2","value":{"ontologyKey":"S_A1_T2_V2_A","index":2},"time":1543860353151},{"prop":"TEDExpt2V2","value":{"ontologyKey":"S_A1_T2_V2_A","index":2},"time":1543860353151},{"prop":"TEDExpt1V3","value":{"ontologyKey":"S_A1_T2_V3_A","index":3},"time":1543860353151},{"prop":"TEDExpt2V3","value":{"ontologyKey":"S_A1_T2_V3_A","index":3},"time":1543860353151},{"prop":"TEDExpt1V4","value":{"ontologyKey":"S_A1_T2_V4_A","index":4},"time":1543860353151},{"prop":"TEDExpt2V4","value":{"ontologyKey":"S_A1_T2_V4_A","index":4},"time":1543860353151},{"prop":"TEDExpt2V2","value":{"ontologyKey":"S_A1_T2_V2_B","index":2},"time":1543860353151},{"prop":"TEDExpt2V3","value":{"ontologyKey":"S_A1_T2_V3_B","index":3},"time":1543860353151},{"prop":"TEDExpt2V4","value":{"ontologyKey":"S_A1_T2_V4_B","index":4},"time":1543860353151},{"prop":"TEDExpt2V1","value":{"ontologyKey":"S_A1_T2_V1_B","index":1},"time":1543860353151},{"prop":"TEDExptNC1SameDiff","value":{"ontologyKey":"TED_E1_Q7NC1DIFF","value":"diff","index":2},"time":1543860353151},{"prop":"TEDExptNC1Confound","value":{"ontologyKey":"S_A1_T2_V2","index":2},"time":1543860353151},{"prop":"TEDExptNC2SameDiff","value":{"ontologyKey":"TED_E1_Q7NC2DIFF","value":"diff","index":3},"time":1543860353151},{"prop":"TEDExptNC2Confound","value":{"ontologyKey":"S_A1_T2_V3","index":3},"time":1543860353152},{"prop":"TEDExptNC3SameDiff","value":{"ontologyKey":"TED_E1_Q7NC3DIFF","value":"diff","index":4},"time":1543860353152},{"prop":"TEDExptNC3Confound","value":{"ontologyKey":"S_A1_T2_V4","index":4},"time":1543860353152},{"prop":"differentRow","value":4,"time":1543860377657},{"prop":"independentVarN","value":{"row":1,"col":0,"ontologyKey":"S_A1_T2_V1|name","isText":true,"selectedValue":"Type of Sweetener","cell":{}},"time":1543860387373},{"prop":"sameRow1","value":1,"time":1543860410134},{"prop":"independentVarN","value":{"row":2,"col":0,"ontologyKey":"S_A1_T2_V2|name","isText":true,"selectedValue":"Amount of Caffeine","cell":{}},"time":1543860415906},{"prop":"sameRow2","value":2,"time":1543860422771},{"prop":"independentVarN","value":{"row":3,"col":0,"ontologyKey":"S_A1_T2_V3|name","isText":true,"selectedValue":"Texture of Mint","cell":{}},"time":1543860428482},{"prop":"sameRow3","value":3,"time":1543860432628},{"prop":"independentVarN","value":{"row":4,"col":0,"ontologyKey":"S_A1_T2_V4|name","isText":true,"selectedValue":"Amount of CO2","cell":{},"processed":true},"time":1543860438375}],"TEDExptNonTarget":[2,3,4],"TEDExptConfounds":[2,3,4],"TEDExptDifferent":[2,3,4,1],"TEDExptArea":{"ontologyKey":"S_A1","index":1},"TEDExptTopic":{"ontologyKey":"S_A1_T2","index":2},"TEDExptVariable":{"ontologyKey":"S_A1_T2_V1","index":1},"TEDExptRQ":{"ontologyKey":"S_A1_T2_RQ1","index":1},"TEDExptVarNC1":{"ontologyKey":"S_A1_T2_V2","index":2},"TEDExptVarNC2":{"ontologyKey":"S_A1_T2_V3","index":3},"TEDExptVarNC3":{"ontologyKey":"S_A1_T2_V4","index":4},"TEDExptPOSTSequence":[{"ontologyKey":"S_A1_T2_V4","index":4},{"ontologyKey":"S_A1_T2_V1","index":1},{"ontologyKey":"S_A1_T2_V2","index":2},{"ontologyKey":"S_A1_T2_V3","index":3}],"TEDExpt1V1":{"ontologyKey":"S_A1_T2_V1_A","index":1},"TEDExpt2V1":{"ontologyKey":"S_A1_T2_V1_B","index":1},"TEDExpt1V2":{"ontologyKey":"S_A1_T2_V2_A","index":2},"TEDExpt2V2":{"ontologyKey":"S_A1_T2_V2_B","index":2},"TEDExpt1V3":{"ontologyKey":"S_A1_T2_V3_A","index":3},"TEDExpt2V3":{"ontologyKey":"S_A1_T2_V3_B","index":3},"TEDExpt1V4":{"ontologyKey":"S_A1_T2_V4_A","index":4},"TEDExpt2V4":{"ontologyKey":"S_A1_T2_V4_B","index":4},"TEDExptNC1SameDiff":{"ontologyKey":"TED_E1_Q7NC1DIFF","value":"diff","index":2},"TEDExptNC1Confound":{"ontologyKey":"S_A1_T2_V2","index":2},"TEDExptNC2SameDiff":{"ontologyKey":"TED_E1_Q7NC2DIFF","value":"diff","index":3},"TEDExptNC2Confound":{"ontologyKey":"S_A1_T2_V3","index":3},"TEDExptNC3SameDiff":{"ontologyKey":"TED_E1_Q7NC3DIFF","value":"diff","index":4},"TEDExptNC3Confound":{"ontologyKey":"S_A1_T2_V4","index":4},"differentRow":4,"independentVarN":{"row":4,"col":0,"ontologyKey":"S_A1_T2_V4|name","isText":true,"selectedValue":"Amount of CO2","cell":{},"processed":true},"sameRow1":1,"sameRow2":2,"sameRow3":3},"tutor":{"experimentalGroup":{"ontologyKey":"EG_A2"},"$seq":[{"prop":"experimentalGroup.ontologyKey","value":"EG_A2","time":1543860352738}]}}