{"scene":{"SNavigator":{},"SScene1":{"complete":true,"$seq":[{"prop":"complete","value":false,"time":1554817883093},{"prop":"complete","value":true,"time":1554817935675}]},"SScene2":{"AreaSelected":true,"$seq":[{"prop":"AreaSelected","value":false,"time":1554817984922},{"prop":"AreaSelected","value":true,"time":1554818044595},{"prop":"Area Name:physical and chemical changes","time":1554818044597},{"prop":"Area Index:1","time":1554818044597}]},"SScene3":{"TopicSelected":true,"$seq":[{"prop":"TopicSelected","value":false,"time":1554818047578},{"prop":"TopicSelected","value":true,"time":1554818050182},{"prop":"Topic Index:1","time":1554818050183}]},"SScene4":{"complete":true,"$seq":[{"prop":"complete","value":false,"time":1554818050604},{"prop":"complete","value":true,"time":1554818069714}]},"SScene5":{"complete":true,"$seq":[{"prop":"complete","value":false,"time":1554818072581},{"prop":"complete","value":true,"time":1554818077264}]},"SScene5a":{"complete":true,"$seq":[{"prop":"complete","value":false,"time":1554818089007},{"prop":"complete","value":true,"time":1554818114592}]},"SScene6a":{},"SScene6b":{},"SScene6c":{},"SScene6d":{},"SScene6e":{}},"module":{"selectedArea":{"ontologyKey":"S_A1|name","index":1},"$seq":[{"prop":"selectedArea.ontologyKey","value":"S_A1|name","time":1554818044595},{"prop":"selectedArea.index","value":1,"time":1554818044596},{"prop":"selectedTopic.ontologyKey","value":"S_A1_T1|name","time":1554818050182},{"prop":"selectedTopic.index","value":1,"time":1554818050182}],"selectedTopic":{"ontologyKey":"S_A1_T1|name","index":1}},"tutor":{"experimentalGroup":{"ontologyKey":"EG_A1"},"$seq":[{"prop":"experimentalGroup.ontologyKey","value":"EG_A1","time":1554817882966}]}}