{"scene":{"SNavigator":{},"SScene1":{"complete":true,"$seq":[{"prop":"complete","value":false,"time":1554817883093},{"prop":"complete","value":true,"time":1554817935675}]},"SScene2":{"AreaSelected":true,"$seq":[{"prop":"AreaSelected","value":false,"time":1554817984922},{"prop":"AreaSelected","value":true,"time":1554818044595},{"prop":"Area Name:physical and chemical changes","time":1554818044597},{"prop":"Area Index:1","time":1554818044597}]},"SScene3":{"TopicSelected":true,"$seq":[{"prop":"TopicSelected","value":false,"time":1554818047578},{"prop":"TopicSelected","value":true,"time":1554818050182},{"prop":"Topic Index:1","time":1554818050183}]},"SScene4":{"complete":true,"$seq":[{"prop":"complete","value":false,"time":1554818050604},{"prop":"complete","value":true,"time":1554818069714}]},"SScene5":{"complete":true,"$seq":[{"prop":"complete","value":false,"time":1554818072581},{"prop":"complete","value":true,"time":1554818077264}]},"SScene5a":{"complete":true,"$seq":[{"prop":"complete","value":false,"time":1554818089007},{"prop":"complete","value":true,"time":1554818114592}]},"SScene6a":{},"SScene6b":{},"SScene6c":{},"SScene6d":{},"SScene6e":{},"SScene6f":{},"SScene7":{"complete":true,"$seq":[{"prop":"complete","value":false,"time":1554818144449},{"prop":"complete","value":true,"time":1554818195885}]},"SScene8":{"complete":true,"$seq":[{"prop":"complete","value":false,"time":1554818204708},{"prop":"complete","value":true,"time":1554818244822}]},"SScene9":{"RQSelected":true,"$seq":[{"prop":"RQSelected","value":false,"time":1554818247663},{"prop":"RQSelected","value":true,"time":1554818253289},{"prop":"Variable Index:2","time":1554818253290}]},"SScene10":{"RQconfirmed":true,"$seq":[{"prop":"RQconfirmed","value":false,"time":1554818253400},{"prop":"RQconfirmed","value":true,"time":1554818269729}]},"SScene11":{"RQconfirmed":false,"$seq":[{"prop":"RQconfirmed","value":false,"time":1554818269847},{"prop":"complete","value":true,"time":1554818279502}],"complete":true},"SSceneEnd":{"complete":false,"$seq":[{"prop":"complete","value":false,"time":1554818286232}]}},"module":{"selectedArea":{"ontologyKey":"S_A1|name","index":1},"$seq":[{"prop":"selectedArea.ontologyKey","value":"S_A1|name","time":1554818044595},{"prop":"selectedArea.index","value":1,"time":1554818044596},{"prop":"selectedTopic.ontologyKey","value":"S_A1_T1|name","time":1554818050182},{"prop":"selectedTopic.index","value":1,"time":1554818050182},{"prop":"selectedVariable.ontologyKey","value":"S_A1_T1_V2|name","time":1554818253289},{"prop":"selectedVariable.index","value":2,"time":1554818253289},{"prop":"selectedRQ","value":{"ontologyKey":"S_A1_T1_RQ2","index":"2"},"time":1554818253290},{"prop":"RQconfirmation","value":"UNKNOWN","time":1554818253400},{"prop":"RQconfirmation","value":"OK","time":1554818269729},{"prop":"RQconfirmation","value":"UNKNOWN","time":1554818269847}],"selectedTopic":{"ontologyKey":"S_A1_T1|name","index":1},"selectedVariable":{"ontologyKey":"S_A1_T1_V2|name","index":2},"selectedRQ":{"ontologyKey":"S_A1_T1_RQ2","index":"2"},"RQconfirmation":"UNKNOWN"},"tutor":{"experimentalGroup":{"ontologyKey":"EG_A1"},"$seq":[{"prop":"experimentalGroup.ontologyKey","value":"EG_A1","time":1554817882966}]}}