{"sceneState":{"SNavigator":{},"SIntro":{"complete":false,"$seq":[{"prop":"complete","value":false,"time":1554742085083}]},"SScene1":{"complete":true,"$seq":[{"prop":"complete","value":false,"time":1554742099960},{"prop":"Sg1","value":"true","time":1554742112467},{"prop":"DR1:Sg1","value":"ans2","time":1554742112467},{"prop":"complete","value":true,"time":1554742112468},{"prop":"Sg1","value":"true","time":1554742112469},{"prop":"complete","value":true,"time":1554742112469},{"prop":"Sg1","value":"true","time":1554742113144},{"prop":"DR1:Sg1","value":"ans1","time":1554742113144},{"prop":"complete","value":true,"time":1554742113144},{"prop":"Sg1","value":"true","time":1554742113145},{"prop":"complete","value":true,"time":1554742113145},{"prop":"Sg1","value":"true","time":1554742118839},{"prop":"DR1:Sg1","value":"ans4","time":1554742118839},{"prop":"complete","value":true,"time":1554742118839},{"prop":"Sg1","value":"true","time":1554742118839},{"prop":"complete","value":true,"time":1554742118839},{"prop":"Sg1","value":"true","time":1554742120737},{"prop":"DR1:Sg1","value":"ans1","time":1554742120737},{"prop":"complete","value":true,"time":1554742120737},{"prop":"Sg1","value":"true","time":1554742120738},{"prop":"complete","value":true,"time":1554742120738}],"Sg1":"true","DR1:Sg1":"ans1"},"SScene2":{"complete":true,"$seq":[{"prop":"complete","value":false,"time":1554742122360},{"prop":"Sg1","value":"true","time":1554742153469},{"prop":"DR2:Sg1","value":"ans4","time":1554742153469},{"prop":"complete","value":true,"time":1554742153470},{"prop":"Sg1","value":"true","time":1554742153470},{"prop":"complete","value":true,"time":1554742153470},{"prop":"Sg1","value":"true","time":1554742160655},{"prop":"DR2:Sg1","value":"ans1","time":1554742160656},{"prop":"complete","value":true,"time":1554742160656},{"prop":"Sg1","value":"true","time":1554742160656},{"prop":"complete","value":true,"time":1554742160656}],"Sg1":"true","DR2:Sg1":"ans1"},"SScene3":{"complete":true,"$seq":[{"prop":"complete","value":false,"time":1554742161664},{"prop":"Sg1","value":"true","time":1554742200638},{"prop":"DR3:Sg1","value":"ans2","time":1554742200638},{"prop":"complete","value":true,"time":1554742200638},{"prop":"Sg1","value":"true","time":1554742200638},{"prop":"complete","value":true,"time":1554742200638}],"Sg1":"true","DR3:Sg1":"ans2"},"SScene4":{"complete":true,"$seq":[{"prop":"complete","value":false,"time":1554742201959},{"prop":"Sg1","value":"true","time":1554742231146},{"prop":"DR4:Sg1","value":"ans3","time":1554742231146},{"prop":"complete","value":true,"time":1554742231146},{"prop":"Sg1","value":"true","time":1554742231146},{"prop":"complete","value":true,"time":1554742231146}],"Sg1":"true","DR4:Sg1":"ans3"},"SSubmit":{"complete":false,"$seq":[{"prop":"complete","value":false,"time":1554742237454}]},"SSceneEnd":{"complete":false,"$seq":[{"prop":"complete","value":false,"time":1554742239072}]}},"moduleState":{},"tutorState":{},"fFeatures":{"0":true},"featureID":{}}