{"scene":{"SNavigator":{},"SMatsIntro":{"complete":true,"$seq":[{"prop":"complete","value":false,"time":1554728780934},{"prop":"complete","value":true,"time":1554728794881}]},"SMatsPre1":{"complete":true,"$seq":[{"prop":"complete","value":false,"time":1554728796926},{"prop":"Sg1","value":"true","time":1554728804375},{"prop":"PreTest:Sg1","value":"b5","time":1554728804375},{"prop":"complete","value":false,"time":1554728804376},{"prop":"Sg1","value":"true","time":1554728804377},{"prop":"complete","value":false,"time":1554728804377},{"prop":"Sg2","value":"true","time":1554728813488},{"prop":"PreTest:Sg2","value":"b4","time":1554728813488},{"prop":"complete","value":false,"time":1554728813488},{"prop":"Sg2","value":"true","time":1554728813488},{"prop":"complete","value":false,"time":1554728813488},{"prop":"Sg3","value":"true","time":1554728816071},{"prop":"PreTest:Sg3","value":"b2","time":1554728816071},{"prop":"complete","value":false,"time":1554728816071},{"prop":"Sg3","value":"true","time":1554728816071},{"prop":"complete","value":false,"time":1554728816071},{"prop":"Sg3","value":"true","time":1554728816463},{"prop":"PreTest:Sg3","value":"b2","time":1554728816463},{"prop":"complete","value":false,"time":1554728816463},{"prop":"Sg3","value":"true","time":1554728816463},{"prop":"complete","value":false,"time":1554728816463},{"prop":"Sg4","value":"true","time":1554728818425},{"prop":"PreTest:Sg4","value":"b5","time":1554728818425},{"prop":"complete","value":true,"time":1554728818425},{"prop":"Sg4","value":"true","time":1554728818425},{"prop":"complete","value":true,"time":1554728818426}],"Sg1":"true","PreTest:Sg1":"b5","Sg2":"true","PreTest:Sg2":"b4","Sg3":"true","PreTest:Sg3":"b2","Sg4":"true","PreTest:Sg4":"b5"},"SMatsPre2":{"complete":true,"$seq":[{"prop":"complete","value":false,"time":1554728820967},{"prop":"Sg1","value":"true","time":1554728825672},{"prop":"PreTest:Sg1","value":"b1","time":1554728825672},{"prop":"complete","value":false,"time":1554728825672},{"prop":"Sg1","value":"true","time":1554728825673},{"prop":"complete","value":false,"time":1554728825673},{"prop":"Sg2","value":"true","time":1554728829214},{"prop":"PreTest:Sg2","value":"b5","time":1554728829214},{"prop":"complete","value":false,"time":1554728829214},{"prop":"Sg2","value":"true","time":1554728829214},{"prop":"complete","value":false,"time":1554728829214},{"prop":"Sg3","value":"true","time":1554728832059},{"prop":"PreTest:Sg3","value":"b5","time":1554728832059},{"prop":"complete","value":false,"time":1554728832059},{"prop":"Sg3","value":"true","time":1554728832059},{"prop":"complete","value":false,"time":1554728832059},{"prop":"Sg4","value":"true","time":1554728836379},{"prop":"PreTest:Sg4","value":"b1","time":1554728836379},{"prop":"complete","value":true,"time":1554728836379},{"prop":"Sg4","value":"true","time":1554728836380},{"prop":"complete","value":true,"time":1554728836380}],"Sg1":"true","PreTest:Sg1":"b1","Sg2":"true","PreTest:Sg2":"b5","Sg3":"true","PreTest:Sg3":"b5","Sg4":"true","PreTest:Sg4":"b1"},"SMatsPre3":{"complete":true,"$seq":[{"prop":"complete","value":false,"time":1554728837608},{"prop":"Sg1","value":"true","time":1554728841186},{"prop":"PreTest:Sg1","value":"b5","time":1554728841186},{"prop":"complete","value":false,"time":1554728841186},{"prop":"Sg1","value":"true","time":1554728841186},{"prop":"complete","value":false,"time":1554728841186},{"prop":"Sg2","value":"true","time":1554728843475},{"prop":"PreTest:Sg2","value":"b4","time":1554728843475},{"prop":"complete","value":false,"time":1554728843475},{"prop":"Sg2","value":"true","time":1554728843475},{"prop":"complete","value":false,"time":1554728843475},{"prop":"Sg3","value":"true","time":1554728845388},{"prop":"PreTest:Sg3","value":"b5","time":1554728845388},{"prop":"complete","value":false,"time":1554728845389},{"prop":"Sg3","value":"true","time":1554728845389},{"prop":"complete","value":false,"time":1554728845389},{"prop":"Sg3","value":"true","time":1554728845897},{"prop":"PreTest:Sg3","value":"b5","time":1554728845897},{"prop":"complete","value":false,"time":1554728845897},{"prop":"Sg3","value":"true","time":1554728845897},{"prop":"complete","value":false,"time":1554728845897},{"prop":"Sg4","value":"true","time":1554728848063},{"prop":"PreTest:Sg4","value":"b5","time":1554728848063},{"prop":"complete","value":true,"time":1554728848063},{"prop":"Sg4","value":"true","time":1554728848064},{"prop":"complete","value":true,"time":1554728848064}],"Sg1":"true","PreTest:Sg1":"b5","Sg2":"true","PreTest:Sg2":"b4","Sg3":"true","PreTest:Sg3":"b5","Sg4":"true","PreTest:Sg4":"b5"},"SMatsPre4":{"complete":false,"$seq":[{"prop":"complete","value":false,"time":1554728848920}]}},"module":{},"tutor":{}}