{"scene":{"SNavigator":{},"SScene1":{"complete":true,"$seq":[{"prop":"complete","value":false,"time":1543842318631},{"prop":"complete","value":true,"time":1543842372951}]},"SScene2":{"AreaSelected":true,"$seq":[{"prop":"AreaSelected","value":false,"time":1543842376292},{"prop":"AreaSelected","value":true,"time":1543842435291},{"prop":"Area Name:physical and chemical changes","time":1543842435293},{"prop":"Area Index:1","time":1543842435293}]},"SScene3":{"TopicSelected":true,"$seq":[{"prop":"TopicSelected","value":false,"time":1543842438379},{"prop":"TopicSelected","value":true,"time":1543842445621},{"prop":"Topic Index:2","time":1543842445623}]},"SScene4":{"complete":false,"$seq":[{"prop":"complete","value":false,"time":1543842446027}]}},"module":{"selectedArea":{"ontologyKey":"S_A1|name","index":1},"$seq":[{"prop":"selectedArea.ontologyKey","value":"S_A1|name","time":1543842435291},{"prop":"selectedArea.index","value":1,"time":1543842435291},{"prop":"selectedTopic.ontologyKey","value":"S_A1_T2|name","time":1543842445621},{"prop":"selectedTopic.index","value":2,"time":1543842445621}],"selectedTopic":{"ontologyKey":"S_A1_T2|name","index":2}},"tutor":{"experimentalGroup":{"ontologyKey":"EG_A1"},"$seq":[{"prop":"experimentalGroup.ontologyKey","value":"EG_A1","time":1543842318520}]}}