{"scene":{"SNavigator":{},"SScene1":{"complete":true,"$seq":[{"prop":"complete","value":false,"time":1543842318631},{"prop":"complete","value":true,"time":1543842372951}]},"SScene2":{"AreaSelected":true,"$seq":[{"prop":"AreaSelected","value":false,"time":1543842376292},{"prop":"AreaSelected","value":true,"time":1543842435291},{"prop":"Area Name:physical and chemical changes","time":1543842435293},{"prop":"Area Index:1","time":1543842435293}]},"SScene3":{"TopicSelected":true,"$seq":[{"prop":"TopicSelected","value":false,"time":1543842438379},{"prop":"TopicSelected","value":true,"time":1543842445621},{"prop":"Topic Index:2","time":1543842445623}]},"SScene4":{"complete":true,"$seq":[{"prop":"complete","value":false,"time":1543842446027},{"prop":"complete","value":true,"time":1543842467018}]},"SScene5":{"complete":true,"$seq":[{"prop":"complete","value":false,"time":1543842469107},{"prop":"complete","value":true,"time":1543842473744}]},"SScene5a":{"complete":true,"$seq":[{"prop":"complete","value":false,"time":1543842475459},{"prop":"complete","value":true,"time":1543842487556}]},"SScene6a":{},"SScene6b":{},"SScene6c":{},"SScene7":{"complete":true,"$seq":[{"prop":"complete","value":false,"time":1543842501655},{"prop":"complete","value":true,"time":1543842528685}]},"SScene8":{"complete":true,"$seq":[{"prop":"complete","value":false,"time":1543842531046},{"prop":"complete","value":true,"time":1543842573405}]},"SScene9":{"RQSelected":true,"$seq":[{"prop":"RQSelected","value":false,"time":1543842575581},{"prop":"RQSelected","value":true,"time":1543842599287},{"prop":"Variable Index:4","time":1543842599289},{"prop":"RQSelected","value":true,"time":1543842599556},{"prop":"Variable Index:4","time":1543842599557}]},"SScene10":{"RQconfirmed":true,"$seq":[{"prop":"RQconfirmed","value":false,"time":1543842599422},{"prop":"RQconfirmed","value":true,"time":1543842616241}]},"SScene11":{"RQconfirmed":false,"$seq":[{"prop":"RQconfirmed","value":false,"time":1543842616380}]}},"module":{"selectedArea":{"ontologyKey":"S_A1|name","index":1},"$seq":[{"prop":"selectedArea.ontologyKey","value":"S_A1|name","time":1543842435291},{"prop":"selectedArea.index","value":1,"time":1543842435291},{"prop":"selectedTopic.ontologyKey","value":"S_A1_T2|name","time":1543842445621},{"prop":"selectedTopic.index","value":2,"time":1543842445621},{"prop":"selectedVariable.ontologyKey","value":"S_A1_T2_V4|name","time":1543842599288},{"prop":"selectedVariable.index","value":4,"time":1543842599288},{"prop":"selectedRQ","value":{"ontologyKey":"S_A1_T2_RQ4","index":"4"},"time":1543842599289},{"prop":"RQconfirmation","value":"UNKNOWN","time":1543842599422},{"prop":"selectedVariable.ontologyKey","value":"S_A1_T2_V4|name","time":1543842599557},{"prop":"selectedVariable.index","value":4,"time":1543842599557},{"prop":"selectedRQ","value":{"ontologyKey":"S_A1_T2_RQ4","index":"4"},"time":1543842599557},{"prop":"RQconfirmation","value":"OK","time":1543842616241},{"prop":"RQconfirmation","value":"UNKNOWN","time":1543842616380}],"selectedTopic":{"ontologyKey":"S_A1_T2|name","index":2},"selectedVariable":{"ontologyKey":"S_A1_T2_V4|name","index":4},"selectedRQ":{"ontologyKey":"S_A1_T2_RQ4","index":"4"},"RQconfirmation":"UNKNOWN"},"tutor":{"experimentalGroup":{"ontologyKey":"EG_A1"},"$seq":[{"prop":"experimentalGroup.ontologyKey","value":"EG_A1","time":1543842318520}]}}