{"scene":{"SNavigator":{},"SIntro":{"complete":false,"$seq":[{"prop":"complete","value":false,"time":1557762169822}]},"SScene1":{"complete":true,"$seq":[{"prop":"complete","value":false,"time":1557762184079},{"prop":"Sg1","value":"true","time":1557762212509},{"prop":"DR1:Sg1","value":"ans2","time":1557762212509},{"prop":"complete","value":true,"time":1557762212509},{"prop":"Sg1","value":"true","time":1557762212511},{"prop":"complete","value":true,"time":1557762212511},{"prop":"Sg1","value":"true","time":1557762379620},{"prop":"DR1:Sg1","value":"ans1","time":1557762379620},{"prop":"complete","value":true,"time":1557762379620},{"prop":"Sg1","value":"true","time":1557762379621},{"prop":"complete","value":true,"time":1557762379621}],"Sg1":"true","DR1:Sg1":"ans1"},"SScene2":{"complete":true,"$seq":[{"prop":"complete","value":false,"time":1557762213441},{"prop":"Sg1","value":"true","time":1557762239257},{"prop":"DR2:Sg1","value":"ans1","time":1557762239258},{"prop":"complete","value":true,"time":1557762239258},{"prop":"Sg1","value":"true","time":1557762239258},{"prop":"complete","value":true,"time":1557762239258}],"Sg1":"true","DR2:Sg1":"ans1"},"SScene3":{"complete":true,"$seq":[{"prop":"complete","value":false,"time":1557762240267},{"prop":"Sg1","value":"true","time":1557762308516},{"prop":"DR3:Sg1","value":"ans3","time":1557762308516},{"prop":"complete","value":true,"time":1557762308516},{"prop":"Sg1","value":"true","time":1557762308517},{"prop":"complete","value":true,"time":1557762308517}],"Sg1":"true","DR3:Sg1":"ans3"},"SScene4":{"complete":true,"$seq":[{"prop":"complete","value":false,"time":1557762309855},{"prop":"Sg1","value":"true","time":1557762345165},{"prop":"DR4:Sg1","value":"ans1","time":1557762345166},{"prop":"complete","value":true,"time":1557762345166},{"prop":"Sg1","value":"true","time":1557762345167},{"prop":"complete","value":true,"time":1557762345167},{"prop":"Sg1","value":"true","time":1557762357471},{"prop":"DR4:Sg1","value":"ans4","time":1557762357471},{"prop":"complete","value":true,"time":1557762357471},{"prop":"Sg1","value":"true","time":1557762357472},{"prop":"complete","value":true,"time":1557762357472},{"prop":"Sg1","value":"true","time":1557762407108},{"prop":"DR4:Sg1","value":"ans1","time":1557762407108},{"prop":"complete","value":true,"time":1557762407108},{"prop":"Sg1","value":"true","time":1557762407108},{"prop":"complete","value":true,"time":1557762407108},{"prop":"Sg1","value":"true","time":1557762409786},{"prop":"DR4:Sg1","value":"ans1","time":1557762409786},{"prop":"complete","value":true,"time":1557762409786},{"prop":"Sg1","value":"true","time":1557762409786},{"prop":"complete","value":true,"time":1557762409786},{"prop":"Sg1","value":"true","time":1557762410342},{"prop":"DR4:Sg1","value":"ans2","time":1557762410342},{"prop":"complete","value":true,"time":1557762410342},{"prop":"Sg1","value":"true","time":1557762410343},{"prop":"complete","value":true,"time":1557762410343},{"prop":"Sg1","value":"true","time":1557762411083},{"prop":"DR4:Sg1","value":"ans1","time":1557762411083},{"prop":"complete","value":true,"time":1557762411083},{"prop":"Sg1","value":"true","time":1557762411083},{"prop":"complete","value":true,"time":1557762411083}],"Sg1":"true","DR4:Sg1":"ans1"},"SSubmit":{"complete":false,"$seq":[{"prop":"complete","value":false,"time":1557762346349}]}},"module":{},"tutor":{}}