{"sceneState":{"SNavigator":{},"SScene1":{"rowsComplete":4,"$seq":[{"prop":"rowsComplete","value":0,"time":1276228885756},{"prop":"complete","value":false,"time":1276228886078},{"prop":"currentRow","value":4,"time":1276228925506},{"prop":"correct","value":true,"time":1276228925506},{"prop":"correct","value":false,"time":1276228925519},{"prop":"correct","value":false,"time":1276228930810},{"prop":"correct","value":false,"time":1276228930819},{"prop":"TVSel.col1","value":2,"time":1276228946427},{"prop":"TVSel.col2","value":1,"time":1276228948606},{"prop":"correct","value":true,"time":1276228948606},{"prop":"correct","value":false,"time":1276228948631},{"prop":"rowsComplete","value":1,"time":1276228948633},{"prop":"currentRow","value":0,"time":1276228957826},{"prop":"currentRow","value":1,"time":1276228957826},{"prop":"correct","value":false,"time":1276228957826},{"prop":"VSel.col1","value":null,"time":1276228957826},{"prop":"VSel.col2","value":null,"time":1276228957826},{"prop":"correct","value":false,"time":1276228957828},{"prop":"VSel.col1","value":1,"time":1276228962232},{"prop":"VSel.col2","value":2,"time":1276228964020},{"prop":"correct","value":false,"time":1276228964020},{"prop":"correct","value":false,"time":1276228964047},{"prop":"VSel.col1","value":2,"time":1276228966763},{"prop":"correct","value":true,"time":1276228966763},{"prop":"correct","value":false,"time":1276228966785},{"prop":"rowsComplete","value":2,"time":1276228966787},{"prop":"currentRow","value":2,"time":1276228972209},{"prop":"correct","value":false,"time":1276228972210},{"prop":"VSel.col1","value":null,"time":1276228972210},{"prop":"VSel.col2","value":null,"time":1276228972210},{"prop":"correct","value":false,"time":1276228972210},{"prop":"VSel.col1","value":1,"time":1276228980028},{"prop":"VSel.col2","value":2,"time":1276228982312},{"prop":"correct","value":false,"time":1276228982312},{"prop":"correct","value":false,"time":1276228982358},{"prop":"VSel.col2","value":1,"time":1276228984828},{"prop":"correct","value":true,"time":1276228984828},{"prop":"correct","value":false,"time":1276228984871},{"prop":"rowsComplete","value":3,"time":1276228984877},{"prop":"currentRow","value":3,"time":1276228990248},{"prop":"correct","value":false,"time":1276228990248},{"prop":"VSel.col1","value":null,"time":1276228990248},{"prop":"VSel.col2","value":null,"time":1276228990248},{"prop":"correct","value":false,"time":1276228990250},{"prop":"VSel.col1","value":1,"time":1276228993603},{"prop":"VSel.col2","value":2,"time":1276228995774},{"prop":"correct","value":false,"time":1276228995774},{"prop":"correct","value":false,"time":1276228995798},{"prop":"VSel.col2","value":1,"time":1276228997604},{"prop":"correct","value":true,"time":1276228997604},{"prop":"correct","value":false,"time":1276228997643},{"prop":"rowsComplete","value":4,"time":1276228997644},{"prop":"currentRow","value":5,"time":1276229003009},{"prop":"complete","value":true,"time":1276229003009},{"prop":"correct","value":false,"time":1276229003010}],"complete":true,"currentRow":5,"correct":false,"TVSel":{"col1":2,"col2":1},"VSel":{"col1":1,"col2":1}},"SScene2":{"complete":true,"$seq":[{"prop":"complete","value":false,"time":1276229004299},{"prop":"complete","value":true,"time":1276229023526},{"prop":"correct","value":false,"time":1276229024671}],"correct":false},"SSceneEnd":{}},"moduleState":{"selectedArea":{"ontologyKey":"S_A1|name","index":1},"selectedTopic":{"ontologyKey":"S_A1_T2|name","index":2},"selectedVariable":{"ontologyKey":"S_A1_T2_V4|name","index":4},"selectedRQ":{"ontologyKey":"S_A1_T2_RQ4"},"AreaSelectedID":"Sarea1|Sselected","AreaButtonID":"Sbutton1","TopicSelectedID":"Stopic2|Sselected","TopicButtonID":"Sbutton2","VariableHighlightID":"SbuttonHL4","VariableClickMaskID":"SclickMask4","RQconfirmation":"UNKNOWN","TEDExptNonTarget":[2,3,4],"TEDExptConfounds":[2,3,4],"TEDExptDifferent":[2,3,4,1],"TEDExptArea":{"ontologyKey":"S_A1","index":1},"TEDExptTopic":{"ontologyKey":"S_A1_T2","index":2},"TEDExptVariable":{"ontologyKey":"S_A1_T2_V1","index":1},"TEDExptRQ":{"ontologyKey":"S_A1_T2_RQ1","index":1},"TEDExptVarNC1":{"ontologyKey":"S_A1_T2_V2","index":2},"TEDExptVarNC2":{"ontologyKey":"S_A1_T2_V3","index":3},"TEDExptVarNC3":{"ontologyKey":"S_A1_T2_V4","index":4},"TEDExptPOSTSequence":[{"ontologyKey":"S_A1_T2_V4","index":4},{"ontologyKey":"S_A1_T2_V1","index":1},{"ontologyKey":"S_A1_T2_V2","index":2},{"ontologyKey":"S_A1_T2_V3","index":3}],"TEDExpt1V1":{"ontologyKey":"S_A1_T2_V1_A","index":1},"TEDExpt2V1":{"ontologyKey":"S_A1_T2_V1_B","index":1},"TEDExpt1V2":{"ontologyKey":"S_A1_T2_V2_A","index":2},"TEDExpt2V2":{"ontologyKey":"S_A1_T2_V2_B","index":2},"TEDExpt1V3":{"ontologyKey":"S_A1_T2_V3_A","index":3},"TEDExpt2V3":{"ontologyKey":"S_A1_T2_V3_B","index":3},"TEDExpt1V4":{"ontologyKey":"S_A1_T2_V4_A","index":4},"TEDExpt2V4":{"ontologyKey":"S_A1_T2_V4_B","index":4},"TEDExptNC1SameDiff":{"ontologyKey":"TED_E1_Q7NC1DIFF","value":"diff","index":2},"TEDExptNC1Confound":{"ontologyKey":"S_A1_T2_V2","index":2},"TEDExptNC2SameDiff":{"ontologyKey":"TED_E1_Q7NC2DIFF","value":"diff","index":3},"TEDExptNC2Confound":{"ontologyKey":"S_A1_T2_V3","index":3},"TEDExptNC3SameDiff":{"ontologyKey":"TED_E1_Q7NC3DIFF","value":"diff","index":4},"TEDExptNC3Confound":{"ontologyKey":"S_A1_T2_V4","index":4},"differentRow":4,"independentVarN":{"row":4,"col":0,"ontologyKey":"S_A1_T2_V4|name","isText":true,"selectedValue":"Amount of CO2","cell":{},"processed":true},"sameRow1":1,"sameRow2":2,"sameRow3":3},"tutorState":{"experimentalGroup":{"ontologyKey":"EG_A2"}},"fFeatures":{"0":true,"FTR_NOCHOICE":true,"FTR_NCSODA":true,"FTR_TED_1_6":true,"FTR_SODA":true,"FTR_PASS2":true,"FTR_TEDEXP1":true,"FTR_POST1":true,"FTR_IVLAST":true},"featureID":{"varsel":{"FTR_SODA":true}}}