{"scene":{"SNavigator":{},"SSceneBL":{"complete":true,"$seq":[{"prop":"complete","value":false,"time":1543844482329},{"prop":"complete","value":true,"time":1543844491036}]},"SScene4":{"complete":true,"$seq":[{"prop":"complete","value":false,"time":1543844493003},{"prop":"complete","value":true,"time":1543844514106}]},"SScene5":{"complete":true,"$seq":[{"prop":"complete","value":false,"time":1543844516793},{"prop":"complete","value":true,"time":1543844522088}]},"SScene5a":{"complete":true,"$seq":[{"prop":"complete","value":false,"time":1543844524342},{"prop":"complete","value":true,"time":1543844572842}]},"SScene6a":{}},"module":{"selectedArea":{"ontologyKey":"S_A4|name","index":4},"$seq":[{"prop":"selectedArea","value":{"ontologyKey":"S_A4|name","index":4},"time":1543844482264},{"prop":"selectedTopic","value":{"ontologyKey":"S_A4_T1|name","index":1},"time":1543844482264},{"prop":"selectedVariable","value":{"ontologyKey":"S_A4_T1_V1|name","index":1},"time":1543844482264},{"prop":"selectedRQ","value":{"ontologyKey":"S_A4_T1_RQ1"},"time":1543844482264},{"prop":"AreaSelectedID","value":"Sarea4|Sselected","time":1543844482264},{"prop":"AreaButtonID","value":"Sbutton4","time":1543844482264},{"prop":"TopicSelectedID","value":"Stopic1|Sselected","time":1543844482264},{"prop":"TopicButtonID","value":"Sbutton1","time":1543844482264},{"prop":"VariableHighlightID","value":"SbuttonHL1","time":1543844482265},{"prop":"VariableClickMaskID","value":"SclickMask1","time":1543844482265}],"selectedTopic":{"ontologyKey":"S_A4_T1|name","index":1},"selectedVariable":{"ontologyKey":"S_A4_T1_V1|name","index":1},"selectedRQ":{"ontologyKey":"S_A4_T1_RQ1"},"AreaSelectedID":"Sarea4|Sselected","AreaButtonID":"Sbutton4","TopicSelectedID":"Stopic1|Sselected","TopicButtonID":"Sbutton1","VariableHighlightID":"SbuttonHL1","VariableClickMaskID":"SclickMask1"},"tutor":{"experimentalGroup":{"ontologyKey":"EG_A3"},"$seq":[{"prop":"experimentalGroup.ontologyKey","value":"EG_A3","time":1543844482263}]}}