{"scene":{"SNavigator":{},"SSceneBL":{"complete":true,"$seq":[{"prop":"complete","value":false,"time":1543847003667},{"prop":"complete","value":true,"time":1543847012414}]},"SScene4":{"complete":true,"$seq":[{"prop":"complete","value":false,"time":1543847016341},{"prop":"complete","value":true,"time":1543847037037}]},"SScene5":{"complete":true,"$seq":[{"prop":"complete","value":false,"time":1543847037171},{"prop":"complete","value":true,"time":1543847041810}]},"SScene5a":{"complete":false,"$seq":[{"prop":"complete","value":false,"time":1543847044682}]}},"module":{"selectedArea":{"ontologyKey":"S_A1|name","index":1},"$seq":[{"prop":"selectedArea","value":{"ontologyKey":"S_A1|name","index":1},"time":1543847003606},{"prop":"selectedTopic","value":{"ontologyKey":"S_A1_T2|name","index":2},"time":1543847003606},{"prop":"selectedVariable","value":{"ontologyKey":"S_A1_T2_V4|name","index":4},"time":1543847003606},{"prop":"selectedRQ","value":{"ontologyKey":"S_A1_T2_RQ4"},"time":1543847003606},{"prop":"AreaSelectedID","value":"Sarea1|Sselected","time":1543847003606},{"prop":"AreaButtonID","value":"Sbutton1","time":1543847003606},{"prop":"TopicSelectedID","value":"Stopic2|Sselected","time":1543847003606},{"prop":"TopicButtonID","value":"Sbutton2","time":1543847003606},{"prop":"VariableHighlightID","value":"SbuttonHL4","time":1543847003606},{"prop":"VariableClickMaskID","value":"SclickMask4","time":1543847003606}],"selectedTopic":{"ontologyKey":"S_A1_T2|name","index":2},"selectedVariable":{"ontologyKey":"S_A1_T2_V4|name","index":4},"selectedRQ":{"ontologyKey":"S_A1_T2_RQ4"},"AreaSelectedID":"Sarea1|Sselected","AreaButtonID":"Sbutton1","TopicSelectedID":"Stopic2|Sselected","TopicButtonID":"Sbutton2","VariableHighlightID":"SbuttonHL4","VariableClickMaskID":"SclickMask4"},"tutor":{"experimentalGroup":{"ontologyKey":"EG_A3"},"$seq":[{"prop":"experimentalGroup.ontologyKey","value":"EG_A3","time":1543847003606}]}}