{"scene":{"SNavigator":{},"SIntro":{"complete":false,"$seq":[{"prop":"complete","value":false,"time":1556110981493}]},"SScene1":{"complete":true,"$seq":[{"prop":"complete","value":false,"time":1556110996254},{"prop":"Sg1","value":"true","time":1556111016187},{"prop":"DR1:Sg1","value":"ans1","time":1556111016187},{"prop":"complete","value":true,"time":1556111016188},{"prop":"Sg1","value":"true","time":1556111016188},{"prop":"complete","value":true,"time":1556111016188}],"Sg1":"true","DR1:Sg1":"ans1"},"SScene2":{"complete":false,"$seq":[{"prop":"complete","value":false,"time":1556111049892}]}},"module":{},"tutor":{}}