{"scene":{"SNavigator":{},"SScene1":{"complete":true,"$seq":[{"prop":"complete","value":false,"time":1264001471319},{"prop":"complete","value":true,"time":1264001520746}]},"SScene2":{"AreaSelected":true,"$seq":[{"prop":"AreaSelected","value":false,"time":1264001524514},{"prop":"AreaSelected","value":true,"time":1264001572236},{"prop":"Area Name:physical and chemical changes","time":1264001572237},{"prop":"Area Index:1","time":1264001572237}]},"SScene3":{"TopicSelected":true,"$seq":[{"prop":"TopicSelected","value":false,"time":1264001574717},{"prop":"TopicSelected","value":true,"time":1264001577915},{"prop":"Topic Index:2","time":1264001577916}]},"SScene4":{"complete":true,"$seq":[{"prop":"complete","value":false,"time":1264001578328},{"prop":"complete","value":true,"time":1264001599212}]},"SScene5":{"complete":true,"$seq":[{"prop":"complete","value":false,"time":1264001602275},{"prop":"complete","value":true,"time":1264001606715}]},"SScene5a":{"complete":true,"$seq":[{"prop":"complete","value":false,"time":1264001610087},{"prop":"complete","value":true,"time":1264001619788}]},"SScene6a":{},"SScene6b":{}},"module":{"selectedArea":{"ontologyKey":"S_A1|name","index":1},"$seq":[{"prop":"selectedArea","value":{"ontologyKey":"S_A1|name","index":1},"time":1264001471184},{"prop":"selectedTopic","value":{"ontologyKey":"S_A1_T2|name","index":2},"time":1264001471184},{"prop":"selectedVariable","value":{"ontologyKey":"S_A1_T2_V4|name","index":4},"time":1264001471184},{"prop":"selectedRQ","value":{"ontologyKey":"S_A1_T2_RQ4"},"time":1264001471184},{"prop":"AreaSelectedID","value":"Sarea1|Sselected","time":1264001471184},{"prop":"AreaButtonID","value":"Sbutton1","time":1264001471184},{"prop":"TopicSelectedID","value":"Stopic2|Sselected","time":1264001471184},{"prop":"TopicButtonID","value":"Sbutton2","time":1264001471184},{"prop":"VariableHighlightID","value":"SbuttonHL4","time":1264001471184},{"prop":"VariableClickMaskID","value":"SclickMask4","time":1264001471184},{"prop":"selectedArea.ontologyKey","value":"S_A1|name","time":1264001572236},{"prop":"selectedArea.index","value":1,"time":1264001572236},{"prop":"selectedTopic.ontologyKey","value":"S_A1_T2|name","time":1264001577915},{"prop":"selectedTopic.index","value":2,"time":1264001577915}],"selectedTopic":{"ontologyKey":"S_A1_T2|name","index":2},"selectedVariable":{"ontologyKey":"S_A1_T2_V4|name","index":4},"selectedRQ":{"ontologyKey":"S_A1_T2_RQ4"},"AreaSelectedID":"Sarea1|Sselected","AreaButtonID":"Sbutton1","TopicSelectedID":"Stopic2|Sselected","TopicButtonID":"Sbutton2","VariableHighlightID":"SbuttonHL4","VariableClickMaskID":"SclickMask4"},"tutor":{"experimentalGroup":{"ontologyKey":"EG_A2"},"$seq":[{"prop":"experimentalGroup.ontologyKey","value":"EG_A2","time":1264001471184}]}}