{"sceneState":{"SNavigator":{},"SMatsIntro":{"complete":true,"$seq":[{"prop":"complete","value":false,"time":1556124611596},{"prop":"complete","value":true,"time":1556124625581}]},"SMatsPre1":{"complete":true,"$seq":[{"prop":"complete","value":false,"time":1556124628224},{"prop":"Sg1","value":"true","time":1556124632267},{"prop":"PreTest:Sg1","value":"b3","time":1556124632267},{"prop":"complete","value":false,"time":1556124632268},{"prop":"Sg1","value":"true","time":1556124632269},{"prop":"complete","value":false,"time":1556124632269},{"prop":"Sg2","value":"true","time":1556124635219},{"prop":"PreTest:Sg2","value":"b4","time":1556124635219},{"prop":"complete","value":false,"time":1556124635219},{"prop":"Sg2","value":"true","time":1556124635220},{"prop":"complete","value":false,"time":1556124635220},{"prop":"Sg3","value":"true","time":1556124638844},{"prop":"PreTest:Sg3","value":"b2","time":1556124638844},{"prop":"complete","value":false,"time":1556124638844},{"prop":"Sg3","value":"true","time":1556124638845},{"prop":"complete","value":false,"time":1556124638845},{"prop":"Sg4","value":"true","time":1556124641517},{"prop":"PreTest:Sg4","value":"b3","time":1556124641517},{"prop":"complete","value":true,"time":1556124641517},{"prop":"Sg4","value":"true","time":1556124641518},{"prop":"complete","value":true,"time":1556124641518}],"Sg1":"true","PreTest:Sg1":"b3","Sg2":"true","PreTest:Sg2":"b4","Sg3":"true","PreTest:Sg3":"b2","Sg4":"true","PreTest:Sg4":"b3"},"SMatsPre2":{"complete":true,"$seq":[{"prop":"complete","value":false,"time":1556124643119},{"prop":"Sg1","value":"true","time":1556124647965},{"prop":"PreTest:Sg1","value":"b3","time":1556124647965},{"prop":"complete","value":false,"time":1556124647965},{"prop":"Sg1","value":"true","time":1556124647966},{"prop":"complete","value":false,"time":1556124647966},{"prop":"Sg2","value":"true","time":1556124651658},{"prop":"PreTest:Sg2","value":"b3","time":1556124651658},{"prop":"complete","value":false,"time":1556124651658},{"prop":"Sg2","value":"true","time":1556124651659},{"prop":"complete","value":false,"time":1556124651659},{"prop":"Sg3","value":"true","time":1556124655228},{"prop":"PreTest:Sg3","value":"b2","time":1556124655228},{"prop":"complete","value":false,"time":1556124655228},{"prop":"Sg3","value":"true","time":1556124655228},{"prop":"complete","value":false,"time":1556124655228},{"prop":"Sg4","value":"true","time":1556124660294},{"prop":"PreTest:Sg4","value":"b1","time":1556124660295},{"prop":"complete","value":true,"time":1556124660295},{"prop":"Sg4","value":"true","time":1556124660296},{"prop":"complete","value":true,"time":1556124660296}],"Sg1":"true","PreTest:Sg1":"b3","Sg2":"true","PreTest:Sg2":"b3","Sg3":"true","PreTest:Sg3":"b2","Sg4":"true","PreTest:Sg4":"b1"},"SMatsPre3":{"complete":true,"$seq":[{"prop":"complete","value":false,"time":1556124661212},{"prop":"Sg1","value":"true","time":1556124672374},{"prop":"PreTest:Sg1","value":"b4","time":1556124672374},{"prop":"complete","value":false,"time":1556124672374},{"prop":"Sg1","value":"true","time":1556124672375},{"prop":"complete","value":false,"time":1556124672375},{"prop":"Sg2","value":"true","time":1556124676156},{"prop":"PreTest:Sg2","value":"b4","time":1556124676156},{"prop":"complete","value":false,"time":1556124676156},{"prop":"Sg2","value":"true","time":1556124676156},{"prop":"complete","value":false,"time":1556124676156},{"prop":"Sg3","value":"true","time":1556124678458},{"prop":"PreTest:Sg3","value":"b4","time":1556124678458},{"prop":"complete","value":false,"time":1556124678458},{"prop":"Sg3","value":"true","time":1556124678458},{"prop":"complete","value":false,"time":1556124678458},{"prop":"Sg4","value":"true","time":1556124680686},{"prop":"PreTest:Sg4","value":"b4","time":1556124680686},{"prop":"complete","value":true,"time":1556124680686},{"prop":"Sg4","value":"true","time":1556124680686},{"prop":"complete","value":true,"time":1556124680686}],"Sg1":"true","PreTest:Sg1":"b4","Sg2":"true","PreTest:Sg2":"b4","Sg3":"true","PreTest:Sg3":"b4","Sg4":"true","PreTest:Sg4":"b4"},"SMatsPre4":{"complete":true,"$seq":[{"prop":"complete","value":false,"time":1556124683755},{"prop":"Sg1","value":"true","time":1556124688930},{"prop":"PreTest:Sg1","value":"b1","time":1556124688930},{"prop":"complete","value":false,"time":1556124688930},{"prop":"Sg1","value":"true","time":1556124688930},{"prop":"complete","value":false,"time":1556124688930},{"prop":"Sg2","value":"true","time":1556124692180},{"prop":"PreTest:Sg2","value":"b1","time":1556124692180},{"prop":"complete","value":true,"time":1556124692181},{"prop":"prompted","value":true,"time":1556124692182},{"prop":"Sg2","value":"true","time":1556124692182},{"prop":"complete","value":true,"time":1556124692182},{"prop":"complete","value":true,"time":1556124693753}],"Sg1":"true","PreTest:Sg1":"b1","Sg2":"true","PreTest:Sg2":"b1","prompted":true},"SSceneEnd":{"complete":false,"$seq":[{"prop":"complete","value":false,"time":1556124693861}]}},"moduleState":{},"tutorState":{},"fFeatures":{"0":true,"FTR_PRE":true,"FTR_PROMPTED":true},"featureID":{}}