{"scene":{"SNavigator":{},"SMatsIntro":{"complete":true,"$seq":[{"prop":"complete","value":false,"time":1556110534294},{"prop":"complete","value":true,"time":1556110548316}]},"SMatsPre1":{"complete":true,"$seq":[{"prop":"complete","value":false,"time":1556110549771},{"prop":"Sg1","value":"true","time":1556110559771},{"prop":"PreTest:Sg1","value":"b4","time":1556110559771},{"prop":"complete","value":false,"time":1556110559772},{"prop":"Sg1","value":"true","time":1556110559773},{"prop":"complete","value":false,"time":1556110559773},{"prop":"Sg1","value":"true","time":1556110561189},{"prop":"PreTest:Sg1","value":"b3","time":1556110561189},{"prop":"complete","value":false,"time":1556110561189},{"prop":"Sg1","value":"true","time":1556110561189},{"prop":"complete","value":false,"time":1556110561189},{"prop":"Sg2","value":"true","time":1556110564847},{"prop":"PreTest:Sg2","value":"b4","time":1556110564847},{"prop":"complete","value":false,"time":1556110564847},{"prop":"Sg2","value":"true","time":1556110564848},{"prop":"complete","value":false,"time":1556110564848},{"prop":"Sg3","value":"true","time":1556110571044},{"prop":"PreTest:Sg3","value":"b3","time":1556110571044},{"prop":"complete","value":false,"time":1556110571044},{"prop":"Sg3","value":"true","time":1556110571045},{"prop":"complete","value":false,"time":1556110571045},{"prop":"Sg3","value":"true","time":1556110571455},{"prop":"PreTest:Sg3","value":"b3","time":1556110571455},{"prop":"complete","value":false,"time":1556110571455},{"prop":"Sg3","value":"true","time":1556110571456},{"prop":"complete","value":false,"time":1556110571456},{"prop":"Sg4","value":"true","time":1556110577812},{"prop":"PreTest:Sg4","value":"b3","time":1556110577812},{"prop":"complete","value":true,"time":1556110577812},{"prop":"Sg4","value":"true","time":1556110577813},{"prop":"complete","value":true,"time":1556110577813}],"Sg1":"true","PreTest:Sg1":"b3","Sg2":"true","PreTest:Sg2":"b4","Sg3":"true","PreTest:Sg3":"b3","Sg4":"true","PreTest:Sg4":"b3"},"SMatsPre2":{"complete":true,"$seq":[{"prop":"complete","value":false,"time":1556110578989},{"prop":"Sg1","value":"true","time":1556110587314},{"prop":"PreTest:Sg1","value":"b4","time":1556110587314},{"prop":"complete","value":false,"time":1556110587314},{"prop":"Sg1","value":"true","time":1556110587314},{"prop":"complete","value":false,"time":1556110587314},{"prop":"Sg2","value":"true","time":1556110592187},{"prop":"PreTest:Sg2","value":"b2","time":1556110592187},{"prop":"complete","value":false,"time":1556110592187},{"prop":"Sg2","value":"true","time":1556110592188},{"prop":"complete","value":false,"time":1556110592188},{"prop":"Sg3","value":"true","time":1556110597562},{"prop":"PreTest:Sg3","value":"b3","time":1556110597562},{"prop":"complete","value":false,"time":1556110597562},{"prop":"Sg3","value":"true","time":1556110597562},{"prop":"complete","value":false,"time":1556110597562},{"prop":"Sg4","value":"true","time":1556110608223},{"prop":"PreTest:Sg4","value":"b3","time":1556110608223},{"prop":"complete","value":true,"time":1556110608223},{"prop":"Sg4","value":"true","time":1556110608224},{"prop":"complete","value":true,"time":1556110608224}],"Sg1":"true","PreTest:Sg1":"b4","Sg2":"true","PreTest:Sg2":"b2","Sg3":"true","PreTest:Sg3":"b3","Sg4":"true","PreTest:Sg4":"b3"},"SMatsPre3":{"complete":false,"$seq":[{"prop":"complete","value":false,"time":1556110610109}]}},"module":{},"tutor":{}}