{"scene":{"SNavigator":{},"SIntro":{"complete":false,"$seq":[{"prop":"complete","value":false,"time":1556124483937}]},"SScene1":{"complete":true,"$seq":[{"prop":"complete","value":false,"time":1556124498803},{"prop":"Sg1","value":"true","time":1556124511673},{"prop":"DR1:Sg1","value":"ans1","time":1556124511673},{"prop":"complete","value":true,"time":1556124511673},{"prop":"Sg1","value":"true","time":1556124511675},{"prop":"complete","value":true,"time":1556124511675}],"Sg1":"true","DR1:Sg1":"ans1"},"SScene2":{"complete":true,"$seq":[{"prop":"complete","value":false,"time":1556124519204},{"prop":"Sg1","value":"true","time":1556124542460},{"prop":"DR2:Sg1","value":"ans4","time":1556124542460},{"prop":"complete","value":true,"time":1556124542460},{"prop":"Sg1","value":"true","time":1556124542461},{"prop":"complete","value":true,"time":1556124542461}],"Sg1":"true","DR2:Sg1":"ans4"},"SScene3":{"complete":true,"$seq":[{"prop":"complete","value":false,"time":1556124561118},{"prop":"Sg1","value":"true","time":1556124709426},{"prop":"DR3:Sg1","value":"ans4","time":1556124709426},{"prop":"complete","value":true,"time":1556124709426},{"prop":"Sg1","value":"true","time":1556124709427},{"prop":"complete","value":true,"time":1556124709427}],"Sg1":"true","DR3:Sg1":"ans4"},"SScene4":{"complete":true,"$seq":[{"prop":"complete","value":false,"time":1556124714113},{"prop":"Sg1","value":"true","time":1556124882358},{"prop":"DR4:Sg1","value":"ans3","time":1556124882358},{"prop":"complete","value":true,"time":1556124882358},{"prop":"Sg1","value":"true","time":1556124882359},{"prop":"complete","value":true,"time":1556124882359},{"prop":"Sg1","value":"true","time":1556124882697},{"prop":"DR4:Sg1","value":"ans3","time":1556124882697},{"prop":"complete","value":true,"time":1556124882697},{"prop":"Sg1","value":"true","time":1556124882698},{"prop":"complete","value":true,"time":1556124882698}],"Sg1":"true","DR4:Sg1":"ans3"},"SSubmit":{"complete":false,"$seq":[{"prop":"complete","value":false,"time":1556124883906}]},"SSceneEnd":{"complete":false,"$seq":[{"prop":"complete","value":false,"time":1556124888567}]}},"module":{},"tutor":{}}