{"scene":{"SNavigator":{},"SIntro":{"complete":false,"$seq":[{"prop":"complete","value":false,"time":1556124511637}]},"SScene1":{"complete":true,"$seq":[{"prop":"complete","value":false,"time":1556124526633},{"prop":"Sg1","value":"true","time":1556124538045},{"prop":"DR1:Sg1","value":"ans1","time":1556124538045},{"prop":"complete","value":true,"time":1556124538045},{"prop":"Sg1","value":"true","time":1556124538047},{"prop":"complete","value":true,"time":1556124538047},{"prop":"Sg1","value":"true","time":1556124543698},{"prop":"DR1:Sg1","value":"ans4","time":1556124543698},{"prop":"complete","value":true,"time":1556124543698},{"prop":"Sg1","value":"true","time":1556124543699},{"prop":"complete","value":true,"time":1556124543699},{"prop":"Sg1","value":"true","time":1556124544441},{"prop":"DR1:Sg1","value":"ans1","time":1556124544441},{"prop":"complete","value":true,"time":1556124544441},{"prop":"Sg1","value":"true","time":1556124544441},{"prop":"complete","value":true,"time":1556124544442}],"Sg1":"true","DR1:Sg1":"ans1"},"SScene2":{"complete":true,"$seq":[{"prop":"complete","value":false,"time":1556124546068},{"prop":"Sg1","value":"true","time":1556124562104},{"prop":"DR2:Sg1","value":"ans4","time":1556124562104},{"prop":"complete","value":true,"time":1556124562105},{"prop":"Sg1","value":"true","time":1556124562105},{"prop":"complete","value":true,"time":1556124562105}],"Sg1":"true","DR2:Sg1":"ans4"},"SScene3":{"complete":false,"$seq":[{"prop":"complete","value":false,"time":1556124566395}]}},"module":{},"tutor":{}}