{"scene":{"SNavigator":{},"SMatsIntro":{"complete":true,"$seq":[{"prop":"complete","value":false,"time":1556124393683},{"prop":"complete","value":true,"time":1556124407555}]},"SMatsPre1":{"complete":true,"$seq":[{"prop":"complete","value":false,"time":1556124431563},{"prop":"Sg1","value":"true","time":1556124434535},{"prop":"PreTest:Sg1","value":"b4","time":1556124434535},{"prop":"complete","value":false,"time":1556124434536},{"prop":"Sg1","value":"true","time":1556124434537},{"prop":"complete","value":false,"time":1556124434537},{"prop":"Sg2","value":"true","time":1556124437269},{"prop":"PreTest:Sg2","value":"b5","time":1556124437269},{"prop":"complete","value":false,"time":1556124437269},{"prop":"Sg2","value":"true","time":1556124437270},{"prop":"complete","value":false,"time":1556124437270},{"prop":"Sg2","value":"true","time":1556124437878},{"prop":"PreTest:Sg2","value":"b5","time":1556124437878},{"prop":"complete","value":false,"time":1556124437878},{"prop":"Sg2","value":"true","time":1556124437878},{"prop":"complete","value":false,"time":1556124437878},{"prop":"Sg3","value":"true","time":1556124440731},{"prop":"PreTest:Sg3","value":"b2","time":1556124440731},{"prop":"complete","value":false,"time":1556124440731},{"prop":"Sg3","value":"true","time":1556124440731},{"prop":"complete","value":false,"time":1556124440731},{"prop":"Sg4","value":"true","time":1556124443551},{"prop":"PreTest:Sg4","value":"b3","time":1556124443551},{"prop":"complete","value":true,"time":1556124443551},{"prop":"Sg4","value":"true","time":1556124443551},{"prop":"complete","value":true,"time":1556124443551},{"prop":"Sg4","value":"true","time":1556124446895},{"prop":"PreTest:Sg4","value":"b4","time":1556124446895},{"prop":"complete","value":true,"time":1556124446896},{"prop":"Sg4","value":"true","time":1556124446896},{"prop":"complete","value":true,"time":1556124446896},{"prop":"Sg4","value":"true","time":1556124447331},{"prop":"PreTest:Sg4","value":"b4","time":1556124447331},{"prop":"complete","value":true,"time":1556124447331},{"prop":"Sg4","value":"true","time":1556124447331},{"prop":"complete","value":true,"time":1556124447331}],"Sg1":"true","PreTest:Sg1":"b4","Sg2":"true","PreTest:Sg2":"b5","Sg3":"true","PreTest:Sg3":"b2","Sg4":"true","PreTest:Sg4":"b4"},"SMatsPre2":{"complete":true,"$seq":[{"prop":"complete","value":false,"time":1556124448201},{"prop":"Sg1","value":"true","time":1556124454762},{"prop":"PreTest:Sg1","value":"b3","time":1556124454762},{"prop":"complete","value":false,"time":1556124454762},{"prop":"Sg1","value":"true","time":1556124454763},{"prop":"complete","value":false,"time":1556124454763},{"prop":"Sg2","value":"true","time":1556124460531},{"prop":"PreTest:Sg2","value":"b3","time":1556124460531},{"prop":"complete","value":false,"time":1556124460531},{"prop":"Sg2","value":"true","time":1556124460532},{"prop":"complete","value":false,"time":1556124460532},{"prop":"Sg3","value":"true","time":1556124463417},{"prop":"PreTest:Sg3","value":"b3","time":1556124463417},{"prop":"complete","value":false,"time":1556124463417},{"prop":"Sg3","value":"true","time":1556124463418},{"prop":"complete","value":false,"time":1556124463418},{"prop":"Sg4","value":"true","time":1556124468771},{"prop":"PreTest:Sg4","value":"b2","time":1556124468771},{"prop":"complete","value":true,"time":1556124468771},{"prop":"Sg4","value":"true","time":1556124468771},{"prop":"complete","value":true,"time":1556124468771}],"Sg1":"true","PreTest:Sg1":"b3","Sg2":"true","PreTest:Sg2":"b3","Sg3":"true","PreTest:Sg3":"b3","Sg4":"true","PreTest:Sg4":"b2"},"SMatsPre3":{"complete":true,"$seq":[{"prop":"complete","value":false,"time":1556124470227},{"prop":"Sg1","value":"true","time":1556124483858},{"prop":"PreTest:Sg1","value":"b4","time":1556124483858},{"prop":"complete","value":false,"time":1556124483859},{"prop":"Sg1","value":"true","time":1556124483859},{"prop":"complete","value":false,"time":1556124483859},{"prop":"Sg2","value":"true","time":1556124488586},{"prop":"PreTest:Sg2","value":"b3","time":1556124488586},{"prop":"complete","value":false,"time":1556124488586},{"prop":"Sg2","value":"true","time":1556124488586},{"prop":"complete","value":false,"time":1556124488586},{"prop":"Sg3","value":"true","time":1556124493041},{"prop":"PreTest:Sg3","value":"b4","time":1556124493041},{"prop":"complete","value":false,"time":1556124493041},{"prop":"Sg3","value":"true","time":1556124493041},{"prop":"complete","value":false,"time":1556124493041},{"prop":"Sg4","value":"true","time":1556124496645},{"prop":"PreTest:Sg4","value":"b4","time":1556124496645},{"prop":"complete","value":true,"time":1556124496645},{"prop":"Sg4","value":"true","time":1556124496646},{"prop":"complete","value":true,"time":1556124496646}],"Sg1":"true","PreTest:Sg1":"b4","Sg2":"true","PreTest:Sg2":"b3","Sg3":"true","PreTest:Sg3":"b4","Sg4":"true","PreTest:Sg4":"b4"},"SMatsPre4":{"complete":true,"$seq":[{"prop":"complete","value":false,"time":1556124497736},{"prop":"Sg1","value":"true","time":1556124502697},{"prop":"PreTest:Sg1","value":"b3","time":1556124502697},{"prop":"complete","value":false,"time":1556124502697},{"prop":"Sg1","value":"true","time":1556124502698},{"prop":"complete","value":false,"time":1556124502698},{"prop":"Sg1","value":"true","time":1556124503784},{"prop":"PreTest:Sg1","value":"b3","time":1556124503784},{"prop":"complete","value":false,"time":1556124503784},{"prop":"Sg1","value":"true","time":1556124503784},{"prop":"complete","value":false,"time":1556124503784},{"prop":"Sg1","value":"true","time":1556124504161},{"prop":"PreTest:Sg1","value":"b2","time":1556124504161},{"prop":"complete","value":false,"time":1556124504161},{"prop":"Sg1","value":"true","time":1556124504162},{"prop":"complete","value":false,"time":1556124504162},{"prop":"Sg2","value":"true","time":1556124509203},{"prop":"PreTest:Sg2","value":"b2","time":1556124509203},{"prop":"complete","value":true,"time":1556124509203},{"prop":"prompted","value":true,"time":1556124509204},{"prop":"Sg2","value":"true","time":1556124509204},{"prop":"complete","value":true,"time":1556124509205},{"prop":"Sg2","value":"true","time":1556124510005},{"prop":"PreTest:Sg2","value":"b1","time":1556124510005},{"prop":"complete","value":true,"time":1556124510005},{"prop":"Sg2","value":"true","time":1556124510006},{"prop":"complete","value":true,"time":1556124510006},{"prop":"complete","value":true,"time":1556124510764}],"Sg1":"true","PreTest:Sg1":"b2","Sg2":"true","PreTest:Sg2":"b1","prompted":true},"SSceneEnd":{"complete":false,"$seq":[{"prop":"complete","value":false,"time":1556124510876}]}},"module":{},"tutor":{}}