{"scene":{"SNavigator":{},"SMatsIntro":{"complete":true,"$seq":[{"prop":"complete","value":false,"time":1556124393683},{"prop":"complete","value":true,"time":1556124407555}]},"SMatsPre1":{"complete":true,"$seq":[{"prop":"complete","value":false,"time":1556124431563},{"prop":"Sg1","value":"true","time":1556124434535},{"prop":"PreTest:Sg1","value":"b4","time":1556124434535},{"prop":"complete","value":false,"time":1556124434536},{"prop":"Sg1","value":"true","time":1556124434537},{"prop":"complete","value":false,"time":1556124434537},{"prop":"Sg2","value":"true","time":1556124437269},{"prop":"PreTest:Sg2","value":"b5","time":1556124437269},{"prop":"complete","value":false,"time":1556124437269},{"prop":"Sg2","value":"true","time":1556124437270},{"prop":"complete","value":false,"time":1556124437270},{"prop":"Sg2","value":"true","time":1556124437878},{"prop":"PreTest:Sg2","value":"b5","time":1556124437878},{"prop":"complete","value":false,"time":1556124437878},{"prop":"Sg2","value":"true","time":1556124437878},{"prop":"complete","value":false,"time":1556124437878},{"prop":"Sg3","value":"true","time":1556124440731},{"prop":"PreTest:Sg3","value":"b2","time":1556124440731},{"prop":"complete","value":false,"time":1556124440731},{"prop":"Sg3","value":"true","time":1556124440731},{"prop":"complete","value":false,"time":1556124440731},{"prop":"Sg4","value":"true","time":1556124443551},{"prop":"PreTest:Sg4","value":"b3","time":1556124443551},{"prop":"complete","value":true,"time":1556124443551},{"prop":"Sg4","value":"true","time":1556124443551},{"prop":"complete","value":true,"time":1556124443551},{"prop":"Sg4","value":"true","time":1556124446895},{"prop":"PreTest:Sg4","value":"b4","time":1556124446895},{"prop":"complete","value":true,"time":1556124446896},{"prop":"Sg4","value":"true","time":1556124446896},{"prop":"complete","value":true,"time":1556124446896},{"prop":"Sg4","value":"true","time":1556124447331},{"prop":"PreTest:Sg4","value":"b4","time":1556124447331},{"prop":"complete","value":true,"time":1556124447331},{"prop":"Sg4","value":"true","time":1556124447331},{"prop":"complete","value":true,"time":1556124447331}],"Sg1":"true","PreTest:Sg1":"b4","Sg2":"true","PreTest:Sg2":"b5","Sg3":"true","PreTest:Sg3":"b2","Sg4":"true","PreTest:Sg4":"b4"},"SMatsPre2":{"complete":false,"$seq":[{"prop":"complete","value":false,"time":1556124448201}]}},"module":{},"tutor":{}}