{"scene":{"SNavigator":{},"SMatsIntro":{"complete":true,"$seq":[{"prop":"complete","value":false,"time":1267572050423},{"prop":"complete","value":true,"time":1267572064286}]},"SMatsPre1":{"complete":true,"$seq":[{"prop":"complete","value":false,"time":1267572084722},{"prop":"Sg1","value":"true","time":1267572117181},{"prop":"PreTest:Sg1","value":"b3","time":1267572117181},{"prop":"complete","value":false,"time":1267572117182},{"prop":"Sg1","value":"true","time":1267572117183},{"prop":"complete","value":false,"time":1267572117183},{"prop":"Sg2","value":"true","time":1267572122184},{"prop":"PreTest:Sg2","value":"b4","time":1267572122184},{"prop":"complete","value":false,"time":1267572122184},{"prop":"Sg2","value":"true","time":1267572122185},{"prop":"complete","value":false,"time":1267572122185},{"prop":"Sg3","value":"true","time":1267572128799},{"prop":"PreTest:Sg3","value":"b3","time":1267572128799},{"prop":"complete","value":false,"time":1267572128799},{"prop":"Sg3","value":"true","time":1267572128800},{"prop":"complete","value":false,"time":1267572128800},{"prop":"Sg4","value":"true","time":1267572132455},{"prop":"PreTest:Sg4","value":"b2","time":1267572132455},{"prop":"complete","value":true,"time":1267572132455},{"prop":"Sg4","value":"true","time":1267572132456},{"prop":"complete","value":true,"time":1267572132456},{"prop":"Sg4","value":"true","time":1267572142803},{"prop":"PreTest:Sg4","value":"b3","time":1267572142803},{"prop":"complete","value":true,"time":1267572142803},{"prop":"Sg4","value":"true","time":1267572142804},{"prop":"complete","value":true,"time":1267572142804}],"Sg1":"true","PreTest:Sg1":"b3","Sg2":"true","PreTest:Sg2":"b4","Sg3":"true","PreTest:Sg3":"b3","Sg4":"true","PreTest:Sg4":"b3"},"SMatsPre2":{"complete":false,"$seq":[{"prop":"complete","value":false,"time":1267572146575}]}},"module":{},"tutor":{}}