{"sceneState":{"SNavigator":{},"SMatsIntro":{"complete":true,"$seq":[{"prop":"complete","value":false,"time":1267572050423},{"prop":"complete","value":true,"time":1267572064286}]},"SMatsPre1":{"complete":true,"$seq":[{"prop":"complete","value":false,"time":1267572084722},{"prop":"Sg1","value":"true","time":1267572117181},{"prop":"PreTest:Sg1","value":"b3","time":1267572117181},{"prop":"complete","value":false,"time":1267572117182},{"prop":"Sg1","value":"true","time":1267572117183},{"prop":"complete","value":false,"time":1267572117183},{"prop":"Sg2","value":"true","time":1267572122184},{"prop":"PreTest:Sg2","value":"b4","time":1267572122184},{"prop":"complete","value":false,"time":1267572122184},{"prop":"Sg2","value":"true","time":1267572122185},{"prop":"complete","value":false,"time":1267572122185},{"prop":"Sg3","value":"true","time":1267572128799},{"prop":"PreTest:Sg3","value":"b3","time":1267572128799},{"prop":"complete","value":false,"time":1267572128799},{"prop":"Sg3","value":"true","time":1267572128800},{"prop":"complete","value":false,"time":1267572128800},{"prop":"Sg4","value":"true","time":1267572132455},{"prop":"PreTest:Sg4","value":"b2","time":1267572132455},{"prop":"complete","value":true,"time":1267572132455},{"prop":"Sg4","value":"true","time":1267572132456},{"prop":"complete","value":true,"time":1267572132456},{"prop":"Sg4","value":"true","time":1267572142803},{"prop":"PreTest:Sg4","value":"b3","time":1267572142803},{"prop":"complete","value":true,"time":1267572142803},{"prop":"Sg4","value":"true","time":1267572142804},{"prop":"complete","value":true,"time":1267572142804}],"Sg1":"true","PreTest:Sg1":"b3","Sg2":"true","PreTest:Sg2":"b4","Sg3":"true","PreTest:Sg3":"b3","Sg4":"true","PreTest:Sg4":"b3"},"SMatsPre2":{"complete":true,"$seq":[{"prop":"complete","value":false,"time":1267572146575},{"prop":"Sg1","value":"true","time":1267572158229},{"prop":"PreTest:Sg1","value":"b4","time":1267572158229},{"prop":"complete","value":false,"time":1267572158229},{"prop":"Sg1","value":"true","time":1267572158230},{"prop":"complete","value":false,"time":1267572158230},{"prop":"Sg2","value":"true","time":1267572167800},{"prop":"PreTest:Sg2","value":"b2","time":1267572167800},{"prop":"complete","value":false,"time":1267572167800},{"prop":"Sg2","value":"true","time":1267572167801},{"prop":"complete","value":false,"time":1267572167801},{"prop":"Sg3","value":"true","time":1267572173320},{"prop":"PreTest:Sg3","value":"b2","time":1267572173320},{"prop":"complete","value":false,"time":1267572173320},{"prop":"Sg3","value":"true","time":1267572173321},{"prop":"complete","value":false,"time":1267572173321},{"prop":"Sg3","value":"true","time":1267572173785},{"prop":"PreTest:Sg3","value":"b2","time":1267572173785},{"prop":"complete","value":false,"time":1267572173785},{"prop":"Sg3","value":"true","time":1267572173786},{"prop":"complete","value":false,"time":1267572173786},{"prop":"Sg4","value":"true","time":1267572178173},{"prop":"PreTest:Sg4","value":"b2","time":1267572178173},{"prop":"complete","value":true,"time":1267572178173},{"prop":"Sg4","value":"true","time":1267572178173},{"prop":"complete","value":true,"time":1267572178173}],"Sg1":"true","PreTest:Sg1":"b4","Sg2":"true","PreTest:Sg2":"b2","Sg3":"true","PreTest:Sg3":"b2","Sg4":"true","PreTest:Sg4":"b2"},"SMatsPre3":{"complete":true,"$seq":[{"prop":"complete","value":false,"time":1267572179678},{"prop":"Sg1","value":"true","time":1267572188624},{"prop":"PreTest:Sg1","value":"b3","time":1267572188624},{"prop":"complete","value":false,"time":1267572188625},{"prop":"Sg1","value":"true","time":1267572188625},{"prop":"complete","value":false,"time":1267572188625},{"prop":"Sg2","value":"true","time":1267572225404},{"prop":"PreTest:Sg2","value":"b2","time":1267572225404},{"prop":"complete","value":false,"time":1267572225404},{"prop":"Sg2","value":"true","time":1267572225404},{"prop":"complete","value":false,"time":1267572225404},{"prop":"Sg3","value":"true","time":1267572230061},{"prop":"PreTest:Sg3","value":"b4","time":1267572230061},{"prop":"complete","value":false,"time":1267572230061},{"prop":"Sg3","value":"true","time":1267572230062},{"prop":"complete","value":false,"time":1267572230062},{"prop":"Sg4","value":"true","time":1267572232616},{"prop":"PreTest:Sg4","value":"b3","time":1267572232616},{"prop":"complete","value":true,"time":1267572232616},{"prop":"Sg4","value":"true","time":1267572232616},{"prop":"complete","value":true,"time":1267572232616}],"Sg1":"true","PreTest:Sg1":"b3","Sg2":"true","PreTest:Sg2":"b2","Sg3":"true","PreTest:Sg3":"b4","Sg4":"true","PreTest:Sg4":"b3"},"SMatsPre4":{"complete":true,"$seq":[{"prop":"complete","value":false,"time":1267572235588},{"prop":"Sg1","value":"true","time":1267572242559},{"prop":"PreTest:Sg1","value":"b2","time":1267572242559},{"prop":"complete","value":false,"time":1267572242559},{"prop":"Sg1","value":"true","time":1267572242560},{"prop":"complete","value":false,"time":1267572242560},{"prop":"Sg2","value":"true","time":1267572245688},{"prop":"PreTest:Sg2","value":"b3","time":1267572245688},{"prop":"complete","value":true,"time":1267572245688},{"prop":"prompted","value":true,"time":1267572245688},{"prop":"Sg2","value":"true","time":1267572245689},{"prop":"complete","value":true,"time":1267572245689},{"prop":"complete","value":true,"time":1267572250786}],"Sg1":"true","PreTest:Sg1":"b2","Sg2":"true","PreTest:Sg2":"b3","prompted":true},"SSceneEnd":{"complete":false,"$seq":[{"prop":"complete","value":false,"time":1267572250900}]}},"moduleState":{},"tutorState":{},"fFeatures":{"0":true,"FTR_PRE":true,"FTR_PROMPTED":true},"featureID":{}}