{"scene":{"SNavigator":{},"SScene1":{"complete":true,"$seq":[{"prop":"complete","value":false,"time":1554828198038},{"prop":"complete","value":true,"time":1554828251787}]},"SScene2":{"AreaSelected":true,"$seq":[{"prop":"AreaSelected","value":false,"time":1554828257962},{"prop":"AreaSelected","value":true,"time":1554828317395},{"prop":"Area Name:physical and chemical changes","time":1554828317397},{"prop":"Area Index:1","time":1554828317397}]},"SScene3":{"TopicSelected":false,"$seq":[{"prop":"TopicSelected","value":false,"time":1554828320412}]}},"module":{"selectedArea":{"ontologyKey":"S_A1|name","index":1},"$seq":[{"prop":"selectedArea.ontologyKey","value":"S_A1|name","time":1554828317396},{"prop":"selectedArea.index","value":1,"time":1554828317396}]},"tutor":{"experimentalGroup":{"ontologyKey":"EG_A1"},"$seq":[{"prop":"experimentalGroup.ontologyKey","value":"EG_A1","time":1554828197932}]}}