{"scene":{"SNavigator":{},"SScene1":{"complete":true,"$seq":[{"prop":"complete","value":false,"time":1543860064779},{"prop":"complete","value":true,"time":1543860117064}]},"SScene2":{"AreaSelected":true,"$seq":[{"prop":"AreaSelected","value":false,"time":1543860121227},{"prop":"AreaSelected","value":true,"time":1543860184589},{"prop":"Area Name:physical and chemical changes","time":1543860184590},{"prop":"Area Index:1","time":1543860184590}]},"SScene3":{"TopicSelected":true,"$seq":[{"prop":"TopicSelected","value":false,"time":1543860187668},{"prop":"TopicSelected","value":true,"time":1543860195264},{"prop":"Topic Index:2","time":1543860195266}]},"SScene4":{"complete":true,"$seq":[{"prop":"complete","value":false,"time":1543860195706},{"prop":"complete","value":true,"time":1543860216578}]},"SScene5":{"complete":true,"$seq":[{"prop":"complete","value":false,"time":1543860218031},{"prop":"complete","value":true,"time":1543860222754}]},"SScene5a":{"complete":true,"$seq":[{"prop":"complete","value":false,"time":1543860223907},{"prop":"complete","value":true,"time":1543860235896}]},"SScene6a":{},"SScene6b":{},"SScene6c":{},"SScene7":{"complete":true,"$seq":[{"prop":"complete","value":false,"time":1543860252131},{"prop":"complete","value":true,"time":1543860274376}]},"SScene8":{"complete":true,"$seq":[{"prop":"complete","value":false,"time":1543860277475},{"prop":"complete","value":true,"time":1543860320093}]},"SScene9":{"RQSelected":false,"$seq":[{"prop":"RQSelected","value":false,"time":1543860321939}]}},"module":{"selectedArea":{"ontologyKey":"S_A1|name","index":1},"$seq":[{"prop":"selectedArea","value":{"ontologyKey":"S_A1|name","index":1},"time":1543860064674},{"prop":"selectedTopic","value":{"ontologyKey":"S_A1_T2|name","index":2},"time":1543860064674},{"prop":"selectedVariable","value":{"ontologyKey":"S_A1_T2_V4|name","index":4},"time":1543860064674},{"prop":"selectedRQ","value":{"ontologyKey":"S_A1_T2_RQ4"},"time":1543860064674},{"prop":"AreaSelectedID","value":"Sarea1|Sselected","time":1543860064674},{"prop":"AreaButtonID","value":"Sbutton1","time":1543860064674},{"prop":"TopicSelectedID","value":"Stopic2|Sselected","time":1543860064674},{"prop":"TopicButtonID","value":"Sbutton2","time":1543860064674},{"prop":"VariableHighlightID","value":"SbuttonHL4","time":1543860064674},{"prop":"VariableClickMaskID","value":"SclickMask4","time":1543860064674},{"prop":"selectedArea.ontologyKey","value":"S_A1|name","time":1543860184589},{"prop":"selectedArea.index","value":1,"time":1543860184589},{"prop":"selectedTopic.ontologyKey","value":"S_A1_T2|name","time":1543860195264},{"prop":"selectedTopic.index","value":2,"time":1543860195264}],"selectedTopic":{"ontologyKey":"S_A1_T2|name","index":2},"selectedVariable":{"ontologyKey":"S_A1_T2_V4|name","index":4},"selectedRQ":{"ontologyKey":"S_A1_T2_RQ4"},"AreaSelectedID":"Sarea1|Sselected","AreaButtonID":"Sbutton1","TopicSelectedID":"Stopic2|Sselected","TopicButtonID":"Sbutton2","VariableHighlightID":"SbuttonHL4","VariableClickMaskID":"SclickMask4"},"tutor":{"experimentalGroup":{"ontologyKey":"EG_A2"},"$seq":[{"prop":"experimentalGroup.ontologyKey","value":"EG_A2","time":1543860064674}]}}