{"scene":{"SNavigator":{},"SMatsIntro":{"complete":true,"$seq":[{"prop":"complete","value":false,"time":1556124611596},{"prop":"complete","value":true,"time":1556124625581}]},"SMatsPre1":{"complete":true,"$seq":[{"prop":"complete","value":false,"time":1556124628224},{"prop":"Sg1","value":"true","time":1556124632267},{"prop":"PreTest:Sg1","value":"b3","time":1556124632267},{"prop":"complete","value":false,"time":1556124632268},{"prop":"Sg1","value":"true","time":1556124632269},{"prop":"complete","value":false,"time":1556124632269},{"prop":"Sg2","value":"true","time":1556124635219},{"prop":"PreTest:Sg2","value":"b4","time":1556124635219},{"prop":"complete","value":false,"time":1556124635219},{"prop":"Sg2","value":"true","time":1556124635220},{"prop":"complete","value":false,"time":1556124635220},{"prop":"Sg3","value":"true","time":1556124638844},{"prop":"PreTest:Sg3","value":"b2","time":1556124638844},{"prop":"complete","value":false,"time":1556124638844},{"prop":"Sg3","value":"true","time":1556124638845},{"prop":"complete","value":false,"time":1556124638845},{"prop":"Sg4","value":"true","time":1556124641517},{"prop":"PreTest:Sg4","value":"b3","time":1556124641517},{"prop":"complete","value":true,"time":1556124641517},{"prop":"Sg4","value":"true","time":1556124641518},{"prop":"complete","value":true,"time":1556124641518}],"Sg1":"true","PreTest:Sg1":"b3","Sg2":"true","PreTest:Sg2":"b4","Sg3":"true","PreTest:Sg3":"b2","Sg4":"true","PreTest:Sg4":"b3"},"SMatsPre2":{"complete":false,"$seq":[{"prop":"complete","value":false,"time":1556124643119}]}},"module":{},"tutor":{}}