{"scene":{"SNavigator":{},"SMatsIntro":{"complete":true,"$seq":[{"prop":"complete","value":false,"time":1554729029202},{"prop":"complete","value":true,"time":1554729042986}]},"SMatsPre1":{"complete":true,"$seq":[{"prop":"complete","value":false,"time":1554729046824},{"prop":"Sg1","value":"true","time":1554729050599},{"prop":"PreTest:Sg1","value":"b3","time":1554729050599},{"prop":"complete","value":false,"time":1554729050599},{"prop":"Sg1","value":"true","time":1554729050601},{"prop":"complete","value":false,"time":1554729050601},{"prop":"Sg2","value":"true","time":1554729053977},{"prop":"PreTest:Sg2","value":"b4","time":1554729053977},{"prop":"complete","value":false,"time":1554729053977},{"prop":"Sg2","value":"true","time":1554729053978},{"prop":"complete","value":false,"time":1554729053978},{"prop":"Sg3","value":"true","time":1554729070832},{"prop":"PreTest:Sg3","value":"b5","time":1554729070832},{"prop":"complete","value":false,"time":1554729070832},{"prop":"Sg3","value":"true","time":1554729070832},{"prop":"complete","value":false,"time":1554729070832},{"prop":"Sg3","value":"true","time":1554729074145},{"prop":"PreTest:Sg3","value":"b3","time":1554729074145},{"prop":"complete","value":false,"time":1554729074145},{"prop":"Sg3","value":"true","time":1554729074145},{"prop":"complete","value":false,"time":1554729074145},{"prop":"Sg4","value":"true","time":1554729077962},{"prop":"PreTest:Sg4","value":"b5","time":1554729077962},{"prop":"complete","value":true,"time":1554729077962},{"prop":"Sg4","value":"true","time":1554729077962},{"prop":"complete","value":true,"time":1554729077962}],"Sg1":"true","PreTest:Sg1":"b3","Sg2":"true","PreTest:Sg2":"b4","Sg3":"true","PreTest:Sg3":"b3","Sg4":"true","PreTest:Sg4":"b5"},"SMatsPre2":{"complete":true,"$seq":[{"prop":"complete","value":false,"time":1554729078971},{"prop":"Sg1","value":"true","time":1554729082392},{"prop":"PreTest:Sg1","value":"b3","time":1554729082392},{"prop":"complete","value":false,"time":1554729082392},{"prop":"Sg1","value":"true","time":1554729082392},{"prop":"complete","value":false,"time":1554729082392},{"prop":"Sg2","value":"true","time":1554729085003},{"prop":"PreTest:Sg2","value":"b3","time":1554729085004},{"prop":"complete","value":false,"time":1554729085004},{"prop":"Sg2","value":"true","time":1554729085004},{"prop":"complete","value":false,"time":1554729085004},{"prop":"Sg3","value":"true","time":1554729087921},{"prop":"PreTest:Sg3","value":"b4","time":1554729087921},{"prop":"complete","value":false,"time":1554729087921},{"prop":"Sg3","value":"true","time":1554729087921},{"prop":"complete","value":false,"time":1554729087921},{"prop":"Sg4","value":"true","time":1554729090877},{"prop":"PreTest:Sg4","value":"b4","time":1554729090877},{"prop":"complete","value":true,"time":1554729090877},{"prop":"Sg4","value":"true","time":1554729090877},{"prop":"complete","value":true,"time":1554729090877},{"prop":"Sg4","value":"true","time":1554729091726},{"prop":"PreTest:Sg4","value":"b4","time":1554729091726},{"prop":"complete","value":true,"time":1554729091726},{"prop":"Sg4","value":"true","time":1554729091726},{"prop":"complete","value":true,"time":1554729091726},{"prop":"Sg4","value":"true","time":1554729092249},{"prop":"PreTest:Sg4","value":"b4","time":1554729092249},{"prop":"complete","value":true,"time":1554729092249},{"prop":"Sg4","value":"true","time":1554729092250},{"prop":"complete","value":true,"time":1554729092250},{"prop":"Sg4","value":"true","time":1554729092668},{"prop":"PreTest:Sg4","value":"b5","time":1554729092668},{"prop":"complete","value":true,"time":1554729092668},{"prop":"Sg4","value":"true","time":1554729092668},{"prop":"complete","value":true,"time":1554729092668},{"prop":"Sg4","value":"true","time":1554729094171},{"prop":"PreTest:Sg4","value":"b3","time":1554729094171},{"prop":"complete","value":true,"time":1554729094171},{"prop":"Sg4","value":"true","time":1554729094171},{"prop":"complete","value":true,"time":1554729094171}],"Sg1":"true","PreTest:Sg1":"b3","Sg2":"true","PreTest:Sg2":"b3","Sg3":"true","PreTest:Sg3":"b4","Sg4":"true","PreTest:Sg4":"b3"},"SMatsPre3":{"complete":false,"$seq":[{"prop":"complete","value":false,"time":1554729095423}]}},"module":{},"tutor":{}}