{"scene":{"SNavigator":{},"SIntro":{"complete":false,"$seq":[{"prop":"complete","value":false,"time":1554742190919}]},"SScene1":{"complete":true,"$seq":[{"prop":"complete","value":false,"time":1554742205747},{"prop":"Sg1","value":"true","time":1554742216747},{"prop":"DR1:Sg1","value":"ans1","time":1554742216747},{"prop":"complete","value":true,"time":1554742216747},{"prop":"Sg1","value":"true","time":1554742216748},{"prop":"complete","value":true,"time":1554742216749}],"Sg1":"true","DR1:Sg1":"ans1"},"SScene2":{"complete":true,"$seq":[{"prop":"complete","value":false,"time":1554742223587},{"prop":"Sg1","value":"true","time":1554742242293},{"prop":"DR2:Sg1","value":"ans1","time":1554742242293},{"prop":"complete","value":true,"time":1554742242293},{"prop":"Sg1","value":"true","time":1554742242293},{"prop":"complete","value":true,"time":1554742242293}],"Sg1":"true","DR2:Sg1":"ans1"},"SScene3":{"complete":true,"$seq":[{"prop":"complete","value":false,"time":1554742243222},{"prop":"Sg1","value":"true","time":1554742283413},{"prop":"DR3:Sg1","value":"ans3","time":1554742283413},{"prop":"complete","value":true,"time":1554742283413},{"prop":"Sg1","value":"true","time":1554742283414},{"prop":"complete","value":true,"time":1554742283414}],"Sg1":"true","DR3:Sg1":"ans3"},"SScene4":{"complete":true,"$seq":[{"prop":"complete","value":false,"time":1554742286223},{"prop":"Sg1","value":"true","time":1554742359546},{"prop":"DR4:Sg1","value":"ans1","time":1554742359546},{"prop":"complete","value":true,"time":1554742359546},{"prop":"Sg1","value":"true","time":1554742359546},{"prop":"complete","value":true,"time":1554742359546}],"Sg1":"true","DR4:Sg1":"ans1"},"SSubmit":{"complete":false,"$seq":[{"prop":"complete","value":false,"time":1554742363725}]},"SSceneEnd":{"complete":false,"$seq":[{"prop":"complete","value":false,"time":1554742366139}]}},"module":{},"tutor":{}}