{"scene":{"SNavigator":{},"SMatsIntro":{"complete":true,"$seq":[{"prop":"complete","value":false,"time":1269223442218},{"prop":"complete","value":true,"time":1269223455571}]},"SMatsPre1":{"complete":true,"$seq":[{"prop":"complete","value":false,"time":1269223458986},{"prop":"Sg1","value":"true","time":1269223471090},{"prop":"PreTest:Sg1","value":"b3","time":1269223471090},{"prop":"complete","value":false,"time":1269223471090},{"prop":"Sg1","value":"true","time":1269223471092},{"prop":"complete","value":false,"time":1269223471092},{"prop":"Sg1","value":"true","time":1269223471722},{"prop":"PreTest:Sg1","value":"b4","time":1269223471722},{"prop":"complete","value":false,"time":1269223471722},{"prop":"Sg1","value":"true","time":1269223471722},{"prop":"complete","value":false,"time":1269223471722},{"prop":"Sg1","value":"true","time":1269223472751},{"prop":"PreTest:Sg1","value":"b3","time":1269223472751},{"prop":"complete","value":false,"time":1269223472751},{"prop":"Sg1","value":"true","time":1269223472751},{"prop":"complete","value":false,"time":1269223472751},{"prop":"Sg2","value":"true","time":1269223477303},{"prop":"PreTest:Sg2","value":"b4","time":1269223477303},{"prop":"complete","value":false,"time":1269223477303},{"prop":"Sg2","value":"true","time":1269223477304},{"prop":"complete","value":false,"time":1269223477304},{"prop":"Sg3","value":"true","time":1269223484550},{"prop":"PreTest:Sg3","value":"b2","time":1269223484550},{"prop":"complete","value":false,"time":1269223484550},{"prop":"Sg3","value":"true","time":1269223484551},{"prop":"complete","value":false,"time":1269223484551},{"prop":"Sg4","value":"true","time":1269223488774},{"prop":"PreTest:Sg4","value":"b4","time":1269223488774},{"prop":"complete","value":true,"time":1269223488774},{"prop":"Sg4","value":"true","time":1269223488775},{"prop":"complete","value":true,"time":1269223488775}],"Sg1":"true","PreTest:Sg1":"b3","Sg2":"true","PreTest:Sg2":"b4","Sg3":"true","PreTest:Sg3":"b2","Sg4":"true","PreTest:Sg4":"b4"},"SMatsPre2":{"complete":true,"$seq":[{"prop":"complete","value":false,"time":1269223490851},{"prop":"Sg1","value":"true","time":1269223497402},{"prop":"PreTest:Sg1","value":"b2","time":1269223497402},{"prop":"complete","value":false,"time":1269223497402},{"prop":"Sg1","value":"true","time":1269223497403},{"prop":"complete","value":false,"time":1269223497403},{"prop":"Sg2","value":"true","time":1269223500426},{"prop":"PreTest:Sg2","value":"b3","time":1269223500426},{"prop":"complete","value":false,"time":1269223500426},{"prop":"Sg2","value":"true","time":1269223500426},{"prop":"complete","value":false,"time":1269223500426},{"prop":"Sg3","value":"true","time":1269223502475},{"prop":"PreTest:Sg3","value":"b3","time":1269223502475},{"prop":"complete","value":false,"time":1269223502475},{"prop":"Sg3","value":"true","time":1269223502475},{"prop":"complete","value":false,"time":1269223502475},{"prop":"Sg4","value":"true","time":1269223507871},{"prop":"PreTest:Sg4","value":"b2","time":1269223507871},{"prop":"complete","value":true,"time":1269223507871},{"prop":"Sg4","value":"true","time":1269223507871},{"prop":"complete","value":true,"time":1269223507871},{"prop":"Sg4","value":"true","time":1269223510790},{"prop":"PreTest:Sg4","value":"b1","time":1269223510790},{"prop":"complete","value":true,"time":1269223510790},{"prop":"Sg4","value":"true","time":1269223510790},{"prop":"complete","value":true,"time":1269223510790},{"prop":"Sg4","value":"true","time":1269223511175},{"prop":"PreTest:Sg4","value":"b1","time":1269223511175},{"prop":"complete","value":true,"time":1269223511175},{"prop":"Sg4","value":"true","time":1269223511175},{"prop":"complete","value":true,"time":1269223511175}],"Sg1":"true","PreTest:Sg1":"b2","Sg2":"true","PreTest:Sg2":"b3","Sg3":"true","PreTest:Sg3":"b3","Sg4":"true","PreTest:Sg4":"b1"},"SMatsPre3":{"complete":true,"$seq":[{"prop":"complete","value":false,"time":1269223512043},{"prop":"Sg1","value":"true","time":1269223517109},{"prop":"PreTest:Sg1","value":"b4","time":1269223517109},{"prop":"complete","value":false,"time":1269223517109},{"prop":"Sg1","value":"true","time":1269223517109},{"prop":"complete","value":false,"time":1269223517109},{"prop":"Sg2","value":"true","time":1269223520416},{"prop":"PreTest:Sg2","value":"b4","time":1269223520416},{"prop":"complete","value":false,"time":1269223520416},{"prop":"Sg2","value":"true","time":1269223520417},{"prop":"complete","value":false,"time":1269223520417},{"prop":"Sg3","value":"true","time":1269223524494},{"prop":"PreTest:Sg3","value":"b5","time":1269223524494},{"prop":"complete","value":false,"time":1269223524494},{"prop":"Sg3","value":"true","time":1269223524495},{"prop":"complete","value":false,"time":1269223524495},{"prop":"Sg4","value":"true","time":1269223529519},{"prop":"PreTest:Sg4","value":"b4","time":1269223529519},{"prop":"complete","value":true,"time":1269223529519},{"prop":"Sg4","value":"true","time":1269223529521},{"prop":"complete","value":true,"time":1269223529521}],"Sg1":"true","PreTest:Sg1":"b4","Sg2":"true","PreTest:Sg2":"b4","Sg3":"true","PreTest:Sg3":"b5","Sg4":"true","PreTest:Sg4":"b4"},"SMatsPre4":{"complete":true,"$seq":[{"prop":"complete","value":false,"time":1269223530647},{"prop":"Sg1","value":"true","time":1269223552545},{"prop":"PreTest:Sg1","value":"b1","time":1269223552545},{"prop":"complete","value":false,"time":1269223552545},{"prop":"Sg1","value":"true","time":1269223552546},{"prop":"complete","value":false,"time":1269223552546},{"prop":"Sg2","value":"true","time":1269223556560},{"prop":"PreTest:Sg2","value":"b1","time":1269223556560},{"prop":"complete","value":true,"time":1269223556560},{"prop":"prompted","value":true,"time":1269223556561},{"prop":"Sg2","value":"true","time":1269223556561},{"prop":"complete","value":true,"time":1269223556561},{"prop":"complete","value":true,"time":1269223585160}],"Sg1":"true","PreTest:Sg1":"b1","Sg2":"true","PreTest:Sg2":"b1","prompted":true},"SSceneEnd":{"complete":false,"$seq":[{"prop":"complete","value":false,"time":1269223585283}]}},"module":{},"tutor":{}}