{"scene":{"SNavigator":{},"SScene3":{"complete":true,"$seq":[{"prop":"complete","value":false,"time":1262377197978},{"prop":"complete","value":true,"time":1262377204946}]},"SScene4":{"complete":true,"$seq":[{"prop":"complete","value":false,"time":1262377206294},{"prop":"complete","value":true,"time":1262377218264}]},"SScene5":{"complete":true,"$seq":[{"prop":"complete","value":false,"time":1262377218966},{"prop":"complete","value":true,"time":1262377224847}]},"SScene6":{"complete":true,"$seq":[{"prop":"complete","value":false,"time":1262377226564},{"prop":"complete","value":true,"time":1262377238221}]},"SScene7":{"complete":true,"$seq":[{"prop":"complete","value":false,"time":1262377239649},{"prop":"complete","value":true,"time":1262377251007}]},"SScene8":{"complete":true,"$seq":[{"prop":"complete","value":false,"time":1262377253077},{"prop":"complete","value":true,"time":1262377305192}]},"SScene9":{"complete":false,"$seq":[{"prop":"complete","value":false,"time":1262377312168},{"prop":"complete","value":true,"time":1262377317895},{"prop":"complete","value":false,"time":1262377319478}]},"SScene10":{"complete":false,"$seq":[{"prop":"complete","value":false,"time":1262377322985}]}},"module":{"selectedArea":{"ontologyKey":"S_A3|name","index":3},"selectedTopic":{"ontologyKey":"S_A3_T2|name","index":2},"selectedVariable":{"ontologyKey":"S_A3_T2_V1|name","index":1},"selectedRQ":{"ontologyKey":"S_A3_T2_RQ1","index":"1"},"RQconfirmation":"UNKNOWN","TEDExptNonTarget":[1,3,4],"TEDExptConfounds":[3,4,1],"TEDExptDifferent":[3,4,1,2],"TEDExptArea":{"ontologyKey":"S_A3","index":3},"TEDExptTopic":{"ontologyKey":"S_A3_T2","index":2},"TEDExptVariable":{"ontologyKey":"S_A3_T2_V2","index":2},"TEDExptRQ":{"ontologyKey":"S_A3_T2_RQ2","index":2},"TEDExptVarNC1":{"ontologyKey":"S_A3_T2_V1","index":1},"TEDExptVarNC2":{"ontologyKey":"S_A3_T2_V3","index":3},"TEDExptVarNC3":{"ontologyKey":"S_A3_T2_V4","index":4},"TEDExptPOSTSequence":[{"ontologyKey":"S_A3_T2_V1","index":1},{"ontologyKey":"S_A3_T2_V2","index":2},{"ontologyKey":"S_A3_T2_V3","index":3},{"ontologyKey":"S_A3_T2_V4","index":4}],"TEDExpt1V1":{"ontologyKey":"S_A3_T2_V1_A","index":1},"TEDExpt2V1":{"ontologyKey":"S_A3_T2_V1_B","index":1},"TEDExpt1V2":{"ontologyKey":"S_A3_T2_V2_A","index":2},"TEDExpt2V2":{"ontologyKey":"S_A3_T2_V2_B","index":2},"TEDExpt1V3":{"ontologyKey":"S_A3_T2_V3_A","index":3},"TEDExpt2V3":{"ontologyKey":"S_A3_T2_V3_B","index":3},"TEDExpt1V4":{"ontologyKey":"S_A3_T2_V4_A","index":4},"TEDExpt2V4":{"ontologyKey":"S_A3_T2_V4_B","index":4},"TEDExptNC1SameDiff":{"ontologyKey":"TED_E1_Q7NC1DIFF","value":"diff","index":1},"TEDExptNC1Confound":{"ontologyKey":"S_A3_T2_V1","index":1},"TEDExptNC2SameDiff":{"ontologyKey":"TED_E1_Q7NC2DIFF","value":"diff","index":3},"TEDExptNC2Confound":{"ontologyKey":"S_A3_T2_V3","index":3},"TEDExptNC3SameDiff":{"ontologyKey":"TED_E1_Q7NC3DIFF","value":"diff","index":4},"TEDExptNC3Confound":{"ontologyKey":"S_A3_T2_V4","index":4},"differentRow":1,"sameRow1":2,"sameRow2":3,"sameRow3":4,"$seq":[{"prop":"TEDExptNonTarget","value":[1,3,4],"time":1262377197910},{"prop":"TEDExptConfounds","value":[3,4,1],"time":1262377197910},{"prop":"TEDExptDifferent","value":[3,4,1,2],"time":1262377197910},{"prop":"TEDExptArea","value":{"ontologyKey":"S_A3","index":3},"time":1262377197910},{"prop":"TEDExptTopic","value":{"ontologyKey":"S_A3_T2","index":2},"time":1262377197911},{"prop":"TEDExptVariable","value":{"ontologyKey":"S_A3_T2_V2","index":2},"time":1262377197911},{"prop":"TEDExptRQ","value":{"ontologyKey":"S_A3_T2_RQ2","index":2},"time":1262377197911},{"prop":"TEDExptVarNC1","value":{"ontologyKey":"S_A3_T2_V1","index":1},"time":1262377197911},{"prop":"TEDExptVarNC2","value":{"ontologyKey":"S_A3_T2_V3","index":3},"time":1262377197911},{"prop":"TEDExptVarNC3","value":{"ontologyKey":"S_A3_T2_V4","index":4},"time":1262377197911},{"prop":"TEDExptPOSTSequence","value":[{"ontologyKey":"S_A3_T2_V1","index":1},{"ontologyKey":"S_A3_T2_V2","index":2},{"ontologyKey":"S_A3_T2_V3","index":3},{"ontologyKey":"S_A3_T2_V4","index":4}],"time":1262377197911},{"prop":"TEDExpt1V1","value":{"ontologyKey":"S_A3_T2_V1_A","index":1},"time":1262377197911},{"prop":"TEDExpt2V1","value":{"ontologyKey":"S_A3_T2_V1_A","index":1},"time":1262377197911},{"prop":"TEDExpt1V2","value":{"ontologyKey":"S_A3_T2_V2_A","index":2},"time":1262377197911},{"prop":"TEDExpt2V2","value":{"ontologyKey":"S_A3_T2_V2_A","index":2},"time":1262377197911},{"prop":"TEDExpt1V3","value":{"ontologyKey":"S_A3_T2_V3_A","index":3},"time":1262377197911},{"prop":"TEDExpt2V3","value":{"ontologyKey":"S_A3_T2_V3_A","index":3},"time":1262377197911},{"prop":"TEDExpt1V4","value":{"ontologyKey":"S_A3_T2_V4_A","index":4},"time":1262377197911},{"prop":"TEDExpt2V4","value":{"ontologyKey":"S_A3_T2_V4_A","index":4},"time":1262377197911},{"prop":"TEDExpt2V3","value":{"ontologyKey":"S_A3_T2_V3_B","index":3},"time":1262377197911},{"prop":"TEDExpt2V4","value":{"ontologyKey":"S_A3_T2_V4_B","index":4},"time":1262377197911},{"prop":"TEDExpt2V1","value":{"ontologyKey":"S_A3_T2_V1_B","index":1},"time":1262377197911},{"prop":"TEDExpt2V2","value":{"ontologyKey":"S_A3_T2_V2_B","index":2},"time":1262377197911},{"prop":"TEDExptNC1SameDiff","value":{"ontologyKey":"TED_E1_Q7NC1DIFF","value":"diff","index":1},"time":1262377197912},{"prop":"TEDExptNC1Confound","value":{"ontologyKey":"S_A3_T2_V1","index":1},"time":1262377197912},{"prop":"TEDExptNC2SameDiff","value":{"ontologyKey":"TED_E1_Q7NC2DIFF","value":"diff","index":3},"time":1262377197912},{"prop":"TEDExptNC2Confound","value":{"ontologyKey":"S_A3_T2_V3","index":3},"time":1262377197912},{"prop":"TEDExptNC3SameDiff","value":{"ontologyKey":"TED_E1_Q7NC3DIFF","value":"diff","index":4},"time":1262377197912},{"prop":"TEDExptNC3Confound","value":{"ontologyKey":"S_A3_T2_V4","index":4},"time":1262377197912},{"prop":"Expt1_Q1","value":{"name":"{{$EFO_TED_E1_LISTYN|no}}","ontologyKey":"TED_E1_LISTYN|no","index":2,"value":true,"id":"correct"},"time":1262377317895},{"prop":"Expt1_Q","value":{"name":"{{$EFO_TED_E1_LISTYN|no}}","ontologyKey":"TED_E1_LISTYN|no","index":2,"value":true,"id":"correct"},"time":1262377317895}],"Expt1_Q1":{"name":"{{$EFO_TED_E1_LISTYN|no}}","ontologyKey":"TED_E1_LISTYN|no","index":2,"value":true,"id":"correct"},"Expt1_Q":{"name":"{{$EFO_TED_E1_LISTYN|no}}","ontologyKey":"TED_E1_LISTYN|no","index":2,"value":true,"id":"correct"}},"tutor":{"experimentalGroup":{"ontologyKey":"EG_A1"},"$seq":[{"prop":"experimentalGroup.ontologyKey","value":"EG_A1","time":1262377197902}]}}