{"scene":{"SNavigator":{},"SScene3":{"complete":true,"$seq":[{"prop":"complete","value":false,"time":1262377197978},{"prop":"complete","value":true,"time":1262377204946}]},"SScene4":{"complete":true,"$seq":[{"prop":"complete","value":false,"time":1262377206294},{"prop":"complete","value":true,"time":1262377218264}]},"SScene5":{"complete":true,"$seq":[{"prop":"complete","value":false,"time":1262377218966},{"prop":"complete","value":true,"time":1262377224847}]},"SScene6":{"complete":true,"$seq":[{"prop":"complete","value":false,"time":1262377226564},{"prop":"complete","value":true,"time":1262377238221}]},"SScene7":{"complete":true,"$seq":[{"prop":"complete","value":false,"time":1262377585339},{"prop":"complete","value":true,"time":1262377596175}]},"SScene8":{"complete":true,"$seq":[{"prop":"complete","value":false,"time":1262377601119},{"prop":"complete","value":true,"time":1262377652499}]},"SScene9":{"complete":false,"$seq":[{"prop":"complete","value":false,"time":1262377654151},{"prop":"complete","value":true,"time":1262377667452},{"prop":"complete","value":false,"time":1262377668559}]},"SScene10":{"complete":true,"$seq":[{"prop":"complete","value":false,"time":1262377672029},{"prop":"complete","value":true,"time":1262377685466}]},"SScene12":{"complete":true,"$seq":[{"prop":"complete","value":false,"time":1262377687559},{"prop":"complete","value":true,"time":1262377696770}]},"SScene12A":{"complete":false,"$seq":[{"prop":"complete","value":false,"time":1262377700024},{"prop":"complete","value":true,"time":1262377711535},{"prop":"complete","value":false,"time":1262377712702},{"prop":"complete","value":false,"time":1262377715314},{"prop":"complete","value":false,"time":1262377716958},{"prop":"complete","value":false,"time":1262377721084},{"prop":"complete","value":false,"time":1262377722711},{"prop":"complete","value":false,"time":1262377724043},{"prop":"complete","value":false,"time":1262377725358}]},"SScene13":{"complete":false,"$seq":[{"prop":"complete","value":false,"time":1262377726636},{"prop":"complete","value":true,"time":1262377738508},{"prop":"complete","value":false,"time":1262377740299}]},"SScene15":{"complete":true,"$seq":[{"prop":"complete","value":false,"time":1262377750955},{"prop":"complete","value":false,"time":1262377782424},{"prop":"complete","value":false,"time":1262377785250},{"prop":"complete","value":true,"time":1262377792073},{"prop":"complete","value":false,"time":1262377794038},{"prop":"complete","value":false,"time":1262377795171},{"prop":"complete","value":false,"time":1262377796604},{"prop":"complete","value":true,"time":1262377846667}]},"SScene16":{"complete":true,"$seq":[{"prop":"complete","value":false,"time":1262377849676},{"prop":"complete","value":true,"time":1262377855472},{"prop":"complete","value":false,"time":1262377859098},{"prop":"complete","value":true,"time":1262377861144}]},"SScene17":{"complete":true,"$seq":[{"prop":"complete","value":false,"time":1262377861955},{"prop":"complete","value":true,"time":1262377870819},{"prop":"complete","value":true,"time":1262377870819},{"prop":"complete","value":false,"time":1262377871977},{"prop":"complete","value":false,"time":1262377878141},{"prop":"complete","value":false,"time":1262377879715},{"prop":"complete","value":false,"time":1262377883304},{"prop":"complete","value":false,"time":1262377886058},{"prop":"complete","value":false,"time":1262377888190},{"prop":"complete","value":false,"time":1262377889795},{"prop":"complete","value":false,"time":1262377893675},{"prop":"complete","value":false,"time":1262377896472},{"prop":"complete","value":false,"time":1262377898056},{"prop":"complete","value":false,"time":1262377899753},{"prop":"complete","value":false,"time":1262377905055},{"prop":"complete","value":false,"time":1262377906753},{"prop":"complete","value":true,"time":1262377908898}]},"SScene18":{"complete":false,"$seq":[{"prop":"complete","value":false,"time":1262377911314}]}},"module":{"selectedArea":{"ontologyKey":"S_A3|name","index":3},"selectedTopic":{"ontologyKey":"S_A3_T2|name","index":2},"selectedVariable":{"ontologyKey":"S_A3_T2_V1|name","index":1},"selectedRQ":{"ontologyKey":"S_A3_T2_RQ1","index":"1"},"RQconfirmation":"UNKNOWN","TEDExptNonTarget":[1,2,4],"TEDExptConfounds":[2],"TEDExptDifferent":[2,3],"TEDExptArea":{"ontologyKey":"S_A3","index":3},"TEDExptTopic":{"ontologyKey":"S_A3_T2","index":2},"TEDExptVariable":{"ontologyKey":"S_A3_T2_V3","index":3},"TEDExptRQ":{"ontologyKey":"S_A3_T2_RQ3","index":3},"TEDExptVarNC1":{"ontologyKey":"S_A3_T2_V1","index":1},"TEDExptVarNC2":{"ontologyKey":"S_A3_T2_V2","index":2},"TEDExptVarNC3":{"ontologyKey":"S_A3_T2_V4","index":4},"TEDExptPOSTSequence":[{"ontologyKey":"S_A3_T2_V1","index":1},{"ontologyKey":"S_A3_T2_V2","index":2},{"ontologyKey":"S_A3_T2_V3","index":3},{"ontologyKey":"S_A3_T2_V4","index":4}],"TEDExpt1V1":{"ontologyKey":"S_A3_T2_V1_A","index":1},"TEDExpt2V1":{"ontologyKey":"S_A3_T2_V1_A","index":1},"TEDExpt1V2":{"ontologyKey":"S_A3_T2_V2_A","index":2},"TEDExpt2V2":{"ontologyKey":"S_A3_T2_V2_B","index":2},"TEDExpt1V3":{"ontologyKey":"S_A3_T2_V3_A","index":3},"TEDExpt2V3":{"ontologyKey":"S_A3_T2_V3_B","index":3},"TEDExpt1V4":{"ontologyKey":"S_A3_T2_V4_A","index":4},"TEDExpt2V4":{"ontologyKey":"S_A3_T2_V4_A","index":4},"TEDExptNC1SameDiff":{"ontologyKey":"TED_E1_Q7NC1SAME","value":"same","index":1},"TEDExptNC1Confound":{"ontologyKey":"S_A3_T2_V2","index":2},"TEDExptNC2SameDiff":{"ontologyKey":"TED_E1_Q7NC2DIFF","value":"diff","index":2},"TEDExptNC2Confound":{"ontologyKey":"S_A3_T2_V3","index":3},"TEDExptNC3SameDiff":{"ontologyKey":"TED_E1_Q7NC3SAME","value":"same","index":4},"TEDExptNC3Confound":{"ontologyKey":"S_A3_T2_V4","index":4},"differentRow":1,"sameRow1":2,"sameRow2":3,"sameRow3":4,"$seq":[{"prop":"TEDExptNonTarget","value":[1,3,4],"time":1262377197910},{"prop":"TEDExptConfounds","value":[3,4,1],"time":1262377197910},{"prop":"TEDExptDifferent","value":[3,4,1,2],"time":1262377197910},{"prop":"TEDExptArea","value":{"ontologyKey":"S_A3","index":3},"time":1262377197910},{"prop":"TEDExptTopic","value":{"ontologyKey":"S_A3_T2","index":2},"time":1262377197911},{"prop":"TEDExptVariable","value":{"ontologyKey":"S_A3_T2_V2","index":2},"time":1262377197911},{"prop":"TEDExptRQ","value":{"ontologyKey":"S_A3_T2_RQ2","index":2},"time":1262377197911},{"prop":"TEDExptVarNC1","value":{"ontologyKey":"S_A3_T2_V1","index":1},"time":1262377197911},{"prop":"TEDExptVarNC2","value":{"ontologyKey":"S_A3_T2_V3","index":3},"time":1262377197911},{"prop":"TEDExptVarNC3","value":{"ontologyKey":"S_A3_T2_V4","index":4},"time":1262377197911},{"prop":"TEDExptPOSTSequence","value":[{"ontologyKey":"S_A3_T2_V1","index":1},{"ontologyKey":"S_A3_T2_V2","index":2},{"ontologyKey":"S_A3_T2_V3","index":3},{"ontologyKey":"S_A3_T2_V4","index":4}],"time":1262377197911},{"prop":"TEDExpt1V1","value":{"ontologyKey":"S_A3_T2_V1_A","index":1},"time":1262377197911},{"prop":"TEDExpt2V1","value":{"ontologyKey":"S_A3_T2_V1_A","index":1},"time":1262377197911},{"prop":"TEDExpt1V2","value":{"ontologyKey":"S_A3_T2_V2_A","index":2},"time":1262377197911},{"prop":"TEDExpt2V2","value":{"ontologyKey":"S_A3_T2_V2_A","index":2},"time":1262377197911},{"prop":"TEDExpt1V3","value":{"ontologyKey":"S_A3_T2_V3_A","index":3},"time":1262377197911},{"prop":"TEDExpt2V3","value":{"ontologyKey":"S_A3_T2_V3_A","index":3},"time":1262377197911},{"prop":"TEDExpt1V4","value":{"ontologyKey":"S_A3_T2_V4_A","index":4},"time":1262377197911},{"prop":"TEDExpt2V4","value":{"ontologyKey":"S_A3_T2_V4_A","index":4},"time":1262377197911},{"prop":"TEDExpt2V3","value":{"ontologyKey":"S_A3_T2_V3_B","index":3},"time":1262377197911},{"prop":"TEDExpt2V4","value":{"ontologyKey":"S_A3_T2_V4_B","index":4},"time":1262377197911},{"prop":"TEDExpt2V1","value":{"ontologyKey":"S_A3_T2_V1_B","index":1},"time":1262377197911},{"prop":"TEDExpt2V2","value":{"ontologyKey":"S_A3_T2_V2_B","index":2},"time":1262377197911},{"prop":"TEDExptNC1SameDiff","value":{"ontologyKey":"TED_E1_Q7NC1DIFF","value":"diff","index":1},"time":1262377197912},{"prop":"TEDExptNC1Confound","value":{"ontologyKey":"S_A3_T2_V1","index":1},"time":1262377197912},{"prop":"TEDExptNC2SameDiff","value":{"ontologyKey":"TED_E1_Q7NC2DIFF","value":"diff","index":3},"time":1262377197912},{"prop":"TEDExptNC2Confound","value":{"ontologyKey":"S_A3_T2_V3","index":3},"time":1262377197912},{"prop":"TEDExptNC3SameDiff","value":{"ontologyKey":"TED_E1_Q7NC3DIFF","value":"diff","index":4},"time":1262377197912},{"prop":"TEDExptNC3Confound","value":{"ontologyKey":"S_A3_T2_V4","index":4},"time":1262377197912},{"prop":"Expt1_Q1","value":{"name":"{{$EFO_TED_E1_LISTYN|no}}","ontologyKey":"TED_E1_LISTYN|no","index":2,"value":true,"id":"correct"},"time":1262377317895},{"prop":"Expt1_Q","value":{"name":"{{$EFO_TED_E1_LISTYN|no}}","ontologyKey":"TED_E1_LISTYN|no","index":2,"value":true,"id":"correct"},"time":1262377317895},{"prop":"Expt1_Reason","value":{"name":"{{$EFO_TED_E1_LISTQ23|ans2}}","value":"$EFL_efdata.TED.E1.LISTQ23","ontologyKey":"TED_E1_LISTQ23|yes","index":2,"id":"2"},"time":1262377331843},{"prop":"Expt1_Q4","value":{"name":"{{$EFO_TED_E1_LISTYN|no}}","ontologyKey":"TED_E1_LISTYN|no","index":2,"value":true,"id":"correct"},"time":1262377357406},{"prop":"Imagine1","value":{"name":"{{$EFO_TED_E1_LISTYN|no}}","ontologyKey":"TED_E1_LISTYN|no","index":2,"value":true,"id":"correct"},"time":1262377357406},{"prop":"Imagine1_Reason","value":{"name":"{{$EFO_TED_E1_LISTQ56|ans2}}","value":"$EFL_efdata.TED.E1.LISTQ56","ontologyKey":"TED_E1_LISTQ56|yes","index":2,"id":"2"},"time":1262377386670},{"prop":"FFocus:1","value":{"Row-1 Col-3":"Could cause","Row-3 Col-3":"Could cause","Row-4 Col-3":"Could cause"},"time":1262377398927},{"prop":"TEDFeatureFocus","value":["Could cause","","Could cause","Could cause"],"time":1262377399229},{"prop":"CHG:FFocus:1:Row-1 Col-3","value":"Could cause","time":1262377433101},{"prop":"TEDFeatureFocus","value":["Could cause","","Could cause","Could cause"],"time":1262377433101},{"prop":"CHG:FFocus:1:Row-3 Col-3","value":"Could cause","time":1262377435711},{"prop":"TEDFeatureFocus","value":["Could cause","","Could cause","Could cause"],"time":1262377435712},{"prop":"CHG:FFocus:1:Row-4 Col-3","value":"Could cause","time":1262377444437},{"prop":"TEDFeatureFocus","value":["Could cause","","Could cause","Could cause"],"time":1262377444437},{"prop":"FFocus:1_CorrExp:","value":{"Row-1 Col-1":"High","Row-3 Col-1":"Large","Row-4 Col-2":"High"},"time":1262377504460},{"prop":"TEDcorrection","value":3,"time":1262377504801},{"prop":"CHG:FFocus:1_CorrExp::Row-1 Col-1","value":"High","time":1262377509835},{"prop":"TEDcorrection","value":2,"time":1262377509835},{"prop":"CHG:FFocus:1_CorrExp::Row-3 Col-1","value":"Large","time":1262377512137},{"prop":"TEDcorrection","value":1,"time":1262377512137},{"prop":"CHG:FFocus:1_CorrExp::Row-4 Col-2","value":"High","time":1262377515866},{"prop":"TEDcorrection","value":0,"time":1262377515866},{"prop":"FFocus:1_Explain:","value":{"name":"{{$EFO_TED_E1_LISTQ9|ans5}}","value":"$EFL_efdata.TED.E1.LISTQ9","ontologyKey":"TED_E1_LISTQ9|yes","index":5,"id":"5"},"time":1262377538225},{"prop":"FFocus:1_Explain:","value":{"name":"{{$EFO_TED_E1_LISTQ9|ans4}}","value":"$EFL_efdata.TED.E1.LISTQ9","ontologyKey":"TED_E1_LISTQ9|yes","index":4,"id":"4"},"time":1262377543286},{"prop":"TEDExptNonTarget","value":[1,2,4],"time":1262377585327},{"prop":"TEDExptConfounds","value":[2],"time":1262377585328},{"prop":"TEDExptDifferent","value":[2,3],"time":1262377585328},{"prop":"TEDExptArea","value":{"ontologyKey":"S_A3","index":3},"time":1262377585328},{"prop":"TEDExptTopic","value":{"ontologyKey":"S_A3_T2","index":2},"time":1262377585328},{"prop":"TEDExptVariable","value":{"ontologyKey":"S_A3_T2_V3","index":3},"time":1262377585328},{"prop":"TEDExptRQ","value":{"ontologyKey":"S_A3_T2_RQ3","index":3},"time":1262377585328},{"prop":"TEDExptVarNC1","value":{"ontologyKey":"S_A3_T2_V1","index":1},"time":1262377585328},{"prop":"TEDExptVarNC2","value":{"ontologyKey":"S_A3_T2_V2","index":2},"time":1262377585328},{"prop":"TEDExptVarNC3","value":{"ontologyKey":"S_A3_T2_V4","index":4},"time":1262377585328},{"prop":"TEDExptPOSTSequence","value":[{"ontologyKey":"S_A3_T2_V1","index":1},{"ontologyKey":"S_A3_T2_V2","index":2},{"ontologyKey":"S_A3_T2_V3","index":3},{"ontologyKey":"S_A3_T2_V4","index":4}],"time":1262377585328},{"prop":"TEDExpt1V1","value":{"ontologyKey":"S_A3_T2_V1_A","index":1},"time":1262377585328},{"prop":"TEDExpt2V1","value":{"ontologyKey":"S_A3_T2_V1_A","index":1},"time":1262377585328},{"prop":"TEDExpt1V2","value":{"ontologyKey":"S_A3_T2_V2_A","index":2},"time":1262377585328},{"prop":"TEDExpt2V2","value":{"ontologyKey":"S_A3_T2_V2_A","index":2},"time":1262377585328},{"prop":"TEDExpt1V3","value":{"ontologyKey":"S_A3_T2_V3_A","index":3},"time":1262377585328},{"prop":"TEDExpt2V3","value":{"ontologyKey":"S_A3_T2_V3_A","index":3},"time":1262377585328},{"prop":"TEDExpt1V4","value":{"ontologyKey":"S_A3_T2_V4_A","index":4},"time":1262377585328},{"prop":"TEDExpt2V4","value":{"ontologyKey":"S_A3_T2_V4_A","index":4},"time":1262377585328},{"prop":"TEDExpt2V2","value":{"ontologyKey":"S_A3_T2_V2_B","index":2},"time":1262377585328},{"prop":"TEDExpt2V3","value":{"ontologyKey":"S_A3_T2_V3_B","index":3},"time":1262377585328},{"prop":"TEDExptNC1SameDiff","value":{"ontologyKey":"TED_E1_Q7NC1SAME","value":"same","index":1},"time":1262377585329},{"prop":"TEDExptNC2SameDiff","value":{"ontologyKey":"TED_E1_Q7NC2DIFF","value":"diff","index":2},"time":1262377585329},{"prop":"TEDExptNC1Confound","value":{"ontologyKey":"S_A3_T2_V2","index":2},"time":1262377585329},{"prop":"TEDExptNC3SameDiff","value":{"ontologyKey":"TED_E1_Q7NC3SAME","value":"same","index":4},"time":1262377585329},{"prop":"Expt1_Q1","value":{"name":"{{$EFO_TED_E1_LISTYN|no}}","ontologyKey":"TED_E1_LISTYN|no","index":2,"value":true,"id":"correct"},"time":1262377667452},{"prop":"Expt2_Q","value":{"name":"{{$EFO_TED_E1_LISTYN|no}}","ontologyKey":"TED_E1_LISTYN|no","index":2,"value":true,"id":"correct"},"time":1262377667452},{"prop":"Expt2_Reason","value":{"name":"{{$EFO_TED_E1_LISTQ23|ans4}}","value":"$EFL_efdata.TED.E1.LISTQ23","ontologyKey":"TED_E1_LISTQ23|yes","index":4,"id":"4"},"time":1262377685466},{"prop":"Expt1_Q4","value":{"name":"{{$EFO_TED_E1_LISTYN|no}}","ontologyKey":"TED_E1_LISTYN|no","index":2,"value":true,"id":"correct"},"time":1262377711535},{"prop":"Imagine2","value":{"name":"{{$EFO_TED_E1_LISTYN|no}}","ontologyKey":"TED_E1_LISTYN|no","index":2,"value":true,"id":"correct"},"time":1262377711535},{"prop":"Imagine2_Reason","value":{"name":"{{$EFO_TED_E1_LISTQ56|ans2}}","value":"$EFL_efdata.TED.E1.LISTQ56","ontologyKey":"TED_E1_LISTQ56|yes","index":2,"id":"2"},"time":1262377738508},{"prop":"FFocus:2","value":{"Row-1 Col-3":"Could Not cause","Row-2 Col-3":"Could cause","Row-4 Col-3":"Could Not cause"},"time":1262377750955},{"prop":"TEDFeatureFocus","value":["Could Not cause","Could cause","","Could Not cause"],"time":1262377751274},{"prop":"CHG:FFocus:2:Row-1 Col-3","value":"Could Not cause","time":1262377782424},{"prop":"TEDFeatureFocus","value":["Could Not cause","Could cause","","Could Not cause"],"time":1262377782424},{"prop":"CHG:FFocus:2:Row-2 Col-3","value":"Could cause","time":1262377785250},{"prop":"TEDFeatureFocus","value":["Could Not cause","Could cause","","Could Not cause"],"time":1262377785250},{"prop":"CHG:FFocus:2:Row-4 Col-3","value":"Could Not cause","time":1262377792073},{"prop":"TEDFeatureFocus","value":["Could Not cause","Could cause","","Could Not cause"],"time":1262377792073},{"prop":"FFocus:2_CorrExp:","value":{"Row-2 Col-2":"Tear shaped","Row-2 Col-1":"Tear shaped"},"time":1262377849676},{"prop":"TEDcorrection","value":1,"time":1262377850013},{"prop":"CHG:FFocus:2_CorrExp::Row-2 Col-2","value":"Sphere","time":1262377855471},{"prop":"TEDcorrection","value":0,"time":1262377855472},{"prop":"CHG:FFocus:2_CorrExp::Row-2 Col-1","value":"Tear shaped","time":1262377859098},{"prop":"TEDcorrection","value":1,"time":1262377859098},{"prop":"CHG:FFocus:2_CorrExp::Row-2 Col-2","value":"Tear shaped","time":1262377861144},{"prop":"TEDcorrection","value":0,"time":1262377861144},{"prop":"FFocus:2_Explain:","value":{"name":"{{$EFO_TED_E1_LISTQ9|ans2}}","value":"$EFL_efdata.TED.E1.LISTQ9","ontologyKey":"TED_E1_LISTQ9|yes","index":2,"id":"2"},"time":1262377870819}],"Expt1_Q1":{"name":"{{$EFO_TED_E1_LISTYN|no}}","ontologyKey":"TED_E1_LISTYN|no","index":2,"value":true,"id":"correct"},"Expt1_Q":{"name":"{{$EFO_TED_E1_LISTYN|no}}","ontologyKey":"TED_E1_LISTYN|no","index":2,"value":true,"id":"correct"},"Expt1_Reason":{"name":"{{$EFO_TED_E1_LISTQ23|ans2}}","value":"$EFL_efdata.TED.E1.LISTQ23","ontologyKey":"TED_E1_LISTQ23|yes","index":2,"id":"2"},"Expt1_Q4":{"name":"{{$EFO_TED_E1_LISTYN|no}}","ontologyKey":"TED_E1_LISTYN|no","index":2,"value":true,"id":"correct"},"Imagine1":{"name":"{{$EFO_TED_E1_LISTYN|no}}","ontologyKey":"TED_E1_LISTYN|no","index":2,"value":true,"id":"correct"},"Imagine1_Reason":{"name":"{{$EFO_TED_E1_LISTQ56|ans2}}","value":"$EFL_efdata.TED.E1.LISTQ56","ontologyKey":"TED_E1_LISTQ56|yes","index":2,"id":"2"},"FFocus:1":{"Row-1 Col-3":"Could cause","Row-3 Col-3":"Could cause","Row-4 Col-3":"Could cause"},"TEDFeatureFocus":["Could Not cause","Could cause","","Could Not cause"],"CHG:FFocus:1:Row-1 Col-3":"Could cause","CHG:FFocus:1:Row-3 Col-3":"Could cause","CHG:FFocus:1:Row-4 Col-3":"Could cause","FFocus:1_CorrExp:":{"Row-1 Col-1":"High","Row-3 Col-1":"Large","Row-4 Col-2":"High"},"TEDcorrection":0,"CHG:FFocus:1_CorrExp::Row-1 Col-1":"High","CHG:FFocus:1_CorrExp::Row-3 Col-1":"Large","CHG:FFocus:1_CorrExp::Row-4 Col-2":"High","FFocus:1_Explain:":{"name":"{{$EFO_TED_E1_LISTQ9|ans4}}","value":"$EFL_efdata.TED.E1.LISTQ9","ontologyKey":"TED_E1_LISTQ9|yes","index":4,"id":"4"},"Expt2_Q":{"name":"{{$EFO_TED_E1_LISTYN|no}}","ontologyKey":"TED_E1_LISTYN|no","index":2,"value":true,"id":"correct"},"Expt2_Reason":{"name":"{{$EFO_TED_E1_LISTQ23|ans4}}","value":"$EFL_efdata.TED.E1.LISTQ23","ontologyKey":"TED_E1_LISTQ23|yes","index":4,"id":"4"},"Imagine2":{"name":"{{$EFO_TED_E1_LISTYN|no}}","ontologyKey":"TED_E1_LISTYN|no","index":2,"value":true,"id":"correct"},"Imagine2_Reason":{"name":"{{$EFO_TED_E1_LISTQ56|ans2}}","value":"$EFL_efdata.TED.E1.LISTQ56","ontologyKey":"TED_E1_LISTQ56|yes","index":2,"id":"2"},"FFocus:2":{"Row-1 Col-3":"Could Not cause","Row-2 Col-3":"Could cause","Row-4 Col-3":"Could Not cause"},"CHG:FFocus:2:Row-1 Col-3":"Could Not cause","CHG:FFocus:2:Row-2 Col-3":"Could cause","CHG:FFocus:2:Row-4 Col-3":"Could Not cause","FFocus:2_CorrExp:":{"Row-2 Col-2":"Tear shaped","Row-2 Col-1":"Tear shaped"},"CHG:FFocus:2_CorrExp::Row-2 Col-2":"Tear shaped","CHG:FFocus:2_CorrExp::Row-2 Col-1":"Tear shaped","FFocus:2_Explain:":{"name":"{{$EFO_TED_E1_LISTQ9|ans2}}","value":"$EFL_efdata.TED.E1.LISTQ9","ontologyKey":"TED_E1_LISTQ9|yes","index":2,"id":"2"}},"tutor":{"experimentalGroup":{"ontologyKey":"EG_A1"},"$seq":[{"prop":"experimentalGroup.ontologyKey","value":"EG_A1","time":1262377197902}]}}