{"scene":{"SNavigator":{},"SScene1":{"rowsComplete":4,"$seq":[{"prop":"rowsComplete","value":0,"time":1266279351692},{"prop":"complete","value":false,"time":1266279352021},{"prop":"currentRow","value":2,"time":1266279375409},{"prop":"correct","value":false,"time":1266279375409},{"prop":"correct","value":false,"time":1266279375429},{"prop":"currentRow","value":1,"time":1266279375710},{"prop":"correct","value":true,"time":1266279375710},{"prop":"correct","value":false,"time":1266279375717},{"prop":"correct","value":false,"time":1266279381247},{"prop":"correct","value":false,"time":1266279381250},{"prop":"TVSel.col1","value":2,"time":1266279387274},{"prop":"TVSel.col2","value":1,"time":1266279393548},{"prop":"correct","value":true,"time":1266279393548},{"prop":"correct","value":false,"time":1266279393556},{"prop":"rowsComplete","value":1,"time":1266279393563},{"prop":"currentRow","value":0,"time":1266279403371},{"prop":"currentRow","value":2,"time":1266279403372},{"prop":"correct","value":false,"time":1266279403373},{"prop":"VSel.col1","value":null,"time":1266279403373},{"prop":"VSel.col2","value":null,"time":1266279403373},{"prop":"correct","value":false,"time":1266279403375},{"prop":"VSel.col1","value":1,"time":1266279409116},{"prop":"VSel.col2","value":1,"time":1266279410925},{"prop":"correct","value":true,"time":1266279410925},{"prop":"correct","value":false,"time":1266279410946},{"prop":"rowsComplete","value":2,"time":1266279410949},{"prop":"currentRow","value":3,"time":1266279411518},{"prop":"correct","value":false,"time":1266279411519},{"prop":"VSel.col1","value":null,"time":1266279411519},{"prop":"VSel.col2","value":null,"time":1266279411519},{"prop":"correct","value":false,"time":1266279411522},{"prop":"VSel.col1","value":2,"time":1266279418736},{"prop":"VSel.col2","value":2,"time":1266279420774},{"prop":"correct","value":true,"time":1266279420774},{"prop":"correct","value":false,"time":1266279420801},{"prop":"rowsComplete","value":3,"time":1266279420804},{"prop":"currentRow","value":4,"time":1266279426545},{"prop":"correct","value":false,"time":1266279426546},{"prop":"VSel.col1","value":null,"time":1266279426546},{"prop":"VSel.col2","value":null,"time":1266279426546},{"prop":"correct","value":false,"time":1266279426548},{"prop":"VSel.col1","value":2,"time":1266279429292},{"prop":"VSel.col2","value":2,"time":1266279432238},{"prop":"correct","value":true,"time":1266279432238},{"prop":"correct","value":false,"time":1266279432266},{"prop":"rowsComplete","value":4,"time":1266279432270},{"prop":"currentRow","value":5,"time":1266279438015},{"prop":"complete","value":true,"time":1266279438015},{"prop":"correct","value":false,"time":1266279438017}],"complete":true,"currentRow":5,"correct":false,"TVSel":{"col1":2,"col2":1},"VSel":{"col1":2,"col2":2}},"SScene2":{"complete":true,"$seq":[{"prop":"complete","value":false,"time":1266279438766},{"prop":"complete","value":true,"time":1266279462208},{"prop":"correct","value":false,"time":1266279464805}],"correct":false},"SSceneEnd":{}},"module":{"selectedArea":{"ontologyKey":"S_A3|name","index":3},"selectedTopic":{"ontologyKey":"S_A3_T2|name","index":2},"selectedVariable":{"ontologyKey":"S_A3_T2_V1|name","index":1},"selectedRQ":{"ontologyKey":"S_A3_T2_RQ1","index":"1"},"RQconfirmation":"UNKNOWN","TEDExptNonTarget":[1,3,4],"$seq":[{"prop":"TEDExptNonTarget","value":[1,3,4],"time":1266279351598},{"prop":"TEDExptConfounds","value":[3,4,1],"time":1266279351598},{"prop":"TEDExptDifferent","value":[3,4,1,2],"time":1266279351598},{"prop":"TEDExptArea","value":{"ontologyKey":"S_A3","index":3},"time":1266279351599},{"prop":"TEDExptTopic","value":{"ontologyKey":"S_A3_T2","index":2},"time":1266279351599},{"prop":"TEDExptVariable","value":{"ontologyKey":"S_A3_T2_V2","index":2},"time":1266279351599},{"prop":"TEDExptRQ","value":{"ontologyKey":"S_A3_T2_RQ2","index":2},"time":1266279351599},{"prop":"TEDExptVarNC1","value":{"ontologyKey":"S_A3_T2_V1","index":1},"time":1266279351599},{"prop":"TEDExptVarNC2","value":{"ontologyKey":"S_A3_T2_V3","index":3},"time":1266279351599},{"prop":"TEDExptVarNC3","value":{"ontologyKey":"S_A3_T2_V4","index":4},"time":1266279351599},{"prop":"TEDExptPOSTSequence","value":[{"ontologyKey":"S_A3_T2_V1","index":1},{"ontologyKey":"S_A3_T2_V2","index":2},{"ontologyKey":"S_A3_T2_V3","index":3},{"ontologyKey":"S_A3_T2_V4","index":4}],"time":1266279351599},{"prop":"TEDExpt1V1","value":{"ontologyKey":"S_A3_T2_V1_A","index":1},"time":1266279351599},{"prop":"TEDExpt2V1","value":{"ontologyKey":"S_A3_T2_V1_A","index":1},"time":1266279351599},{"prop":"TEDExpt1V2","value":{"ontologyKey":"S_A3_T2_V2_A","index":2},"time":1266279351599},{"prop":"TEDExpt2V2","value":{"ontologyKey":"S_A3_T2_V2_A","index":2},"time":1266279351599},{"prop":"TEDExpt1V3","value":{"ontologyKey":"S_A3_T2_V3_A","index":3},"time":1266279351599},{"prop":"TEDExpt2V3","value":{"ontologyKey":"S_A3_T2_V3_A","index":3},"time":1266279351599},{"prop":"TEDExpt1V4","value":{"ontologyKey":"S_A3_T2_V4_A","index":4},"time":1266279351599},{"prop":"TEDExpt2V4","value":{"ontologyKey":"S_A3_T2_V4_A","index":4},"time":1266279351599},{"prop":"TEDExpt2V3","value":{"ontologyKey":"S_A3_T2_V3_B","index":3},"time":1266279351600},{"prop":"TEDExpt2V4","value":{"ontologyKey":"S_A3_T2_V4_B","index":4},"time":1266279351600},{"prop":"TEDExpt2V1","value":{"ontologyKey":"S_A3_T2_V1_B","index":1},"time":1266279351600},{"prop":"TEDExpt2V2","value":{"ontologyKey":"S_A3_T2_V2_B","index":2},"time":1266279351600},{"prop":"TEDExptNC1SameDiff","value":{"ontologyKey":"TED_E1_Q7NC1DIFF","value":"diff","index":1},"time":1266279351600},{"prop":"TEDExptNC1Confound","value":{"ontologyKey":"S_A3_T2_V1","index":1},"time":1266279351600},{"prop":"TEDExptNC2SameDiff","value":{"ontologyKey":"TED_E1_Q7NC2DIFF","value":"diff","index":3},"time":1266279351600},{"prop":"TEDExptNC2Confound","value":{"ontologyKey":"S_A3_T2_V3","index":3},"time":1266279351600},{"prop":"TEDExptNC3SameDiff","value":{"ontologyKey":"TED_E1_Q7NC3DIFF","value":"diff","index":4},"time":1266279351600},{"prop":"TEDExptNC3Confound","value":{"ontologyKey":"S_A3_T2_V4","index":4},"time":1266279351600},{"prop":"TEDExptNonTarget","value":[1,3,4],"time":1266279351670},{"prop":"TEDExptConfounds","value":[3,4,1],"time":1266279351670},{"prop":"TEDExptDifferent","value":[3,4,1,2],"time":1266279351670},{"prop":"TEDExptArea","value":{"ontologyKey":"S_A3","index":3},"time":1266279351670},{"prop":"TEDExptTopic","value":{"ontologyKey":"S_A3_T2","index":2},"time":1266279351670},{"prop":"TEDExptVariable","value":{"ontologyKey":"S_A3_T2_V2","index":2},"time":1266279351670},{"prop":"TEDExptRQ","value":{"ontologyKey":"S_A3_T2_RQ2","index":2},"time":1266279351670},{"prop":"TEDExptVarNC1","value":{"ontologyKey":"S_A3_T2_V1","index":1},"time":1266279351670},{"prop":"TEDExptVarNC2","value":{"ontologyKey":"S_A3_T2_V3","index":3},"time":1266279351670},{"prop":"TEDExptVarNC3","value":{"ontologyKey":"S_A3_T2_V4","index":4},"time":1266279351670},{"prop":"TEDExptPOSTSequence","value":[{"ontologyKey":"S_A3_T2_V1","index":1},{"ontologyKey":"S_A3_T2_V2","index":2},{"ontologyKey":"S_A3_T2_V3","index":3},{"ontologyKey":"S_A3_T2_V4","index":4}],"time":1266279351670},{"prop":"TEDExpt1V1","value":{"ontologyKey":"S_A3_T2_V1_A","index":1},"time":1266279351670},{"prop":"TEDExpt2V1","value":{"ontologyKey":"S_A3_T2_V1_A","index":1},"time":1266279351670},{"prop":"TEDExpt1V2","value":{"ontologyKey":"S_A3_T2_V2_A","index":2},"time":1266279351670},{"prop":"TEDExpt2V2","value":{"ontologyKey":"S_A3_T2_V2_A","index":2},"time":1266279351670},{"prop":"TEDExpt1V3","value":{"ontologyKey":"S_A3_T2_V3_A","index":3},"time":1266279351670},{"prop":"TEDExpt2V3","value":{"ontologyKey":"S_A3_T2_V3_A","index":3},"time":1266279351670},{"prop":"TEDExpt1V4","value":{"ontologyKey":"S_A3_T2_V4_A","index":4},"time":1266279351670},{"prop":"TEDExpt2V4","value":{"ontologyKey":"S_A3_T2_V4_A","index":4},"time":1266279351670},{"prop":"TEDExpt2V3","value":{"ontologyKey":"S_A3_T2_V3_B","index":3},"time":1266279351670},{"prop":"TEDExpt2V4","value":{"ontologyKey":"S_A3_T2_V4_B","index":4},"time":1266279351670},{"prop":"TEDExpt2V1","value":{"ontologyKey":"S_A3_T2_V1_B","index":1},"time":1266279351670},{"prop":"TEDExpt2V2","value":{"ontologyKey":"S_A3_T2_V2_B","index":2},"time":1266279351670},{"prop":"TEDExptNC1SameDiff","value":{"ontologyKey":"TED_E1_Q7NC1DIFF","value":"diff","index":1},"time":1266279351670},{"prop":"TEDExptNC1Confound","value":{"ontologyKey":"S_A3_T2_V1","index":1},"time":1266279351670},{"prop":"TEDExptNC2SameDiff","value":{"ontologyKey":"TED_E1_Q7NC2DIFF","value":"diff","index":3},"time":1266279351670},{"prop":"TEDExptNC2Confound","value":{"ontologyKey":"S_A3_T2_V3","index":3},"time":1266279351670},{"prop":"TEDExptNC3SameDiff","value":{"ontologyKey":"TED_E1_Q7NC3DIFF","value":"diff","index":4},"time":1266279351670},{"prop":"TEDExptNC3Confound","value":{"ontologyKey":"S_A3_T2_V4","index":4},"time":1266279351670},{"prop":"TEDExptNonTarget","value":[1,3,4],"time":1266279352022},{"prop":"TEDExptConfounds","value":[3,4,1],"time":1266279352022},{"prop":"TEDExptDifferent","value":[3,4,1,2],"time":1266279352022},{"prop":"TEDExptArea","value":{"ontologyKey":"S_A3","index":3},"time":1266279352022},{"prop":"TEDExptTopic","value":{"ontologyKey":"S_A3_T2","index":2},"time":1266279352022},{"prop":"TEDExptVariable","value":{"ontologyKey":"S_A3_T2_V2","index":2},"time":1266279352022},{"prop":"TEDExptRQ","value":{"ontologyKey":"S_A3_T2_RQ2","index":2},"time":1266279352022},{"prop":"TEDExptVarNC1","value":{"ontologyKey":"S_A3_T2_V1","index":1},"time":1266279352022},{"prop":"TEDExptVarNC2","value":{"ontologyKey":"S_A3_T2_V3","index":3},"time":1266279352022},{"prop":"TEDExptVarNC3","value":{"ontologyKey":"S_A3_T2_V4","index":4},"time":1266279352022},{"prop":"TEDExptPOSTSequence","value":[{"ontologyKey":"S_A3_T2_V1","index":1},{"ontologyKey":"S_A3_T2_V2","index":2},{"ontologyKey":"S_A3_T2_V3","index":3},{"ontologyKey":"S_A3_T2_V4","index":4}],"time":1266279352022},{"prop":"TEDExpt1V1","value":{"ontologyKey":"S_A3_T2_V1_A","index":1},"time":1266279352022},{"prop":"TEDExpt2V1","value":{"ontologyKey":"S_A3_T2_V1_A","index":1},"time":1266279352022},{"prop":"TEDExpt1V2","value":{"ontologyKey":"S_A3_T2_V2_A","index":2},"time":1266279352022},{"prop":"TEDExpt2V2","value":{"ontologyKey":"S_A3_T2_V2_A","index":2},"time":1266279352022},{"prop":"TEDExpt1V3","value":{"ontologyKey":"S_A3_T2_V3_A","index":3},"time":1266279352022},{"prop":"TEDExpt2V3","value":{"ontologyKey":"S_A3_T2_V3_A","index":3},"time":1266279352022},{"prop":"TEDExpt1V4","value":{"ontologyKey":"S_A3_T2_V4_A","index":4},"time":1266279352022},{"prop":"TEDExpt2V4","value":{"ontologyKey":"S_A3_T2_V4_A","index":4},"time":1266279352022},{"prop":"TEDExpt2V3","value":{"ontologyKey":"S_A3_T2_V3_B","index":3},"time":1266279352022},{"prop":"TEDExpt2V4","value":{"ontologyKey":"S_A3_T2_V4_B","index":4},"time":1266279352022},{"prop":"TEDExpt2V1","value":{"ontologyKey":"S_A3_T2_V1_B","index":1},"time":1266279352022},{"prop":"TEDExpt2V2","value":{"ontologyKey":"S_A3_T2_V2_B","index":2},"time":1266279352022},{"prop":"TEDExptNC1SameDiff","value":{"ontologyKey":"TED_E1_Q7NC1DIFF","value":"diff","index":1},"time":1266279352022},{"prop":"TEDExptNC1Confound","value":{"ontologyKey":"S_A3_T2_V1","index":1},"time":1266279352022},{"prop":"TEDExptNC2SameDiff","value":{"ontologyKey":"TED_E1_Q7NC2DIFF","value":"diff","index":3},"time":1266279352022},{"prop":"TEDExptNC2Confound","value":{"ontologyKey":"S_A3_T2_V3","index":3},"time":1266279352022},{"prop":"TEDExptNC3SameDiff","value":{"ontologyKey":"TED_E1_Q7NC3DIFF","value":"diff","index":4},"time":1266279352022},{"prop":"TEDExptNC3Confound","value":{"ontologyKey":"S_A3_T2_V4","index":4},"time":1266279352022},{"prop":"differentRow","value":1,"time":1266279393563},{"prop":"independentVarN","value":{"row":2,"col":0,"ontologyKey":"S_A3_T2_V2|name","isText":true,"selectedValue":"Shape of Object","cell":{}},"time":1266279403372},{"prop":"sameRow1","value":2,"time":1266279410949},{"prop":"independentVarN","value":{"row":3,"col":0,"ontologyKey":"S_A3_T2_V3|name","isText":true,"selectedValue":"Volume of Object","cell":{}},"time":1266279411518},{"prop":"sameRow2","value":3,"time":1266279420804},{"prop":"independentVarN","value":{"row":4,"col":0,"ontologyKey":"S_A3_T2_V4|name","isText":true,"selectedValue":"Density of Object","cell":{}},"time":1266279426545},{"prop":"sameRow3","value":4,"time":1266279432270},{"prop":"independentVarN","time":1266279438015}],"TEDExptConfounds":[3,4,1],"TEDExptDifferent":[3,4,1,2],"TEDExptArea":{"ontologyKey":"S_A3","index":3},"TEDExptTopic":{"ontologyKey":"S_A3_T2","index":2},"TEDExptVariable":{"ontologyKey":"S_A3_T2_V2","index":2},"TEDExptRQ":{"ontologyKey":"S_A3_T2_RQ2","index":2},"TEDExptVarNC1":{"ontologyKey":"S_A3_T2_V1","index":1},"TEDExptVarNC2":{"ontologyKey":"S_A3_T2_V3","index":3},"TEDExptVarNC3":{"ontologyKey":"S_A3_T2_V4","index":4},"TEDExptPOSTSequence":[{"ontologyKey":"S_A3_T2_V1","index":1},{"ontologyKey":"S_A3_T2_V2","index":2},{"ontologyKey":"S_A3_T2_V3","index":3},{"ontologyKey":"S_A3_T2_V4","index":4}],"TEDExpt1V1":{"ontologyKey":"S_A3_T2_V1_A","index":1},"TEDExpt2V1":{"ontologyKey":"S_A3_T2_V1_B","index":1},"TEDExpt1V2":{"ontologyKey":"S_A3_T2_V2_A","index":2},"TEDExpt2V2":{"ontologyKey":"S_A3_T2_V2_B","index":2},"TEDExpt1V3":{"ontologyKey":"S_A3_T2_V3_A","index":3},"TEDExpt2V3":{"ontologyKey":"S_A3_T2_V3_B","index":3},"TEDExpt1V4":{"ontologyKey":"S_A3_T2_V4_A","index":4},"TEDExpt2V4":{"ontologyKey":"S_A3_T2_V4_B","index":4},"TEDExptNC1SameDiff":{"ontologyKey":"TED_E1_Q7NC1DIFF","value":"diff","index":1},"TEDExptNC1Confound":{"ontologyKey":"S_A3_T2_V1","index":1},"TEDExptNC2SameDiff":{"ontologyKey":"TED_E1_Q7NC2DIFF","value":"diff","index":3},"TEDExptNC2Confound":{"ontologyKey":"S_A3_T2_V3","index":3},"TEDExptNC3SameDiff":{"ontologyKey":"TED_E1_Q7NC3DIFF","value":"diff","index":4},"TEDExptNC3Confound":{"ontologyKey":"S_A3_T2_V4","index":4},"differentRow":1,"sameRow1":2,"sameRow2":3,"sameRow3":4},"tutor":{"experimentalGroup":{"ontologyKey":"EG_A1"},"$seq":[{"prop":"experimentalGroup.ontologyKey","value":"EG_A1","time":1266279351594}]}}