{"scene":{"SNavigator":{},"SScene3":{"complete":true,"$seq":[{"prop":"complete","value":false,"time":1262377197978},{"prop":"complete","value":true,"time":1262377204946}]},"SScene4":{"complete":true,"$seq":[{"prop":"complete","value":false,"time":1262377206294},{"prop":"complete","value":true,"time":1262377218264}]},"SScene5":{"complete":true,"$seq":[{"prop":"complete","value":false,"time":1262377218966},{"prop":"complete","value":true,"time":1262377224847}]},"SScene6":{"complete":true,"$seq":[{"prop":"complete","value":false,"time":1262377226564},{"prop":"complete","value":true,"time":1262377238221}]},"SScene7":{"complete":true,"$seq":[{"prop":"complete","value":false,"time":1262377585339},{"prop":"complete","value":true,"time":1262377596175}]},"SScene8":{"complete":true,"$seq":[{"prop":"complete","value":false,"time":1262377601119},{"prop":"complete","value":true,"time":1262377652499}]},"SScene9":{"complete":false,"$seq":[{"prop":"complete","value":false,"time":1262377654151},{"prop":"complete","value":true,"time":1262377667452},{"prop":"complete","value":false,"time":1262377668559}]},"SScene10":{"complete":true,"$seq":[{"prop":"complete","value":false,"time":1262377672029},{"prop":"complete","value":true,"time":1262377685466}]},"SScene12":{"complete":true,"$seq":[{"prop":"complete","value":false,"time":1262377687559},{"prop":"complete","value":true,"time":1262377696770}]},"SScene12A":{"complete":false,"$seq":[{"prop":"complete","value":false,"time":1262377700024}]},"SScene13":{"complete":false,"$seq":[{"prop":"complete","value":false,"time":1262377372651},{"prop":"complete","value":true,"time":1262377386670},{"prop":"complete","value":false,"time":1262377388148}]},"SScene15":{"complete":true,"$seq":[{"prop":"complete","value":false,"time":1262377398927},{"prop":"complete","value":false,"time":1262377433101},{"prop":"complete","value":false,"time":1262377435712},{"prop":"complete","value":true,"time":1262377444437},{"prop":"complete","value":false,"time":1262377445279},{"prop":"complete","value":false,"time":1262377446401},{"prop":"complete","value":false,"time":1262377447808},{"prop":"complete","value":true,"time":1262377502455}]},"SScene16":{"complete":true,"$seq":[{"prop":"complete","value":false,"time":1262377504460},{"prop":"complete","value":false,"time":1262377509835},{"prop":"complete","value":false,"time":1262377512137},{"prop":"complete","value":true,"time":1262377515866}]},"SScene17":{"complete":true,"$seq":[{"prop":"complete","value":false,"time":1262377517040},{"prop":"complete","value":true,"time":1262377538225},{"prop":"complete","value":true,"time":1262377538225},{"prop":"complete","value":true,"time":1262377543286},{"prop":"complete","value":true,"time":1262377543286},{"prop":"complete","value":false,"time":1262377546756},{"prop":"complete","value":false,"time":1262377552807},{"prop":"complete","value":false,"time":1262377554244},{"prop":"complete","value":false,"time":1262377557835},{"prop":"complete","value":false,"time":1262377560553},{"prop":"complete","value":false,"time":1262377562656},{"prop":"complete","value":false,"time":1262377564216},{"prop":"complete","value":false,"time":1262377568149},{"prop":"complete","value":false,"time":1262377570953},{"prop":"complete","value":false,"time":1262377572546},{"prop":"complete","value":false,"time":1262377574073},{"prop":"complete","value":false,"time":1262377579381},{"prop":"complete","value":false,"time":1262377580839},{"prop":"complete","value":true,"time":1262377583012}]}},"module":{"selectedArea":{"ontologyKey":"S_A3|name","index":3},"selectedTopic":{"ontologyKey":"S_A3_T2|name","index":2},"selectedVariable":{"ontologyKey":"S_A3_T2_V1|name","index":1},"selectedRQ":{"ontologyKey":"S_A3_T2_RQ1","index":"1"},"RQconfirmation":"UNKNOWN","TEDExptNonTarget":[1,2,4],"TEDExptConfounds":[2],"TEDExptDifferent":[2,3],"TEDExptArea":{"ontologyKey":"S_A3","index":3},"TEDExptTopic":{"ontologyKey":"S_A3_T2","index":2},"TEDExptVariable":{"ontologyKey":"S_A3_T2_V3","index":3},"TEDExptRQ":{"ontologyKey":"S_A3_T2_RQ3","index":3},"TEDExptVarNC1":{"ontologyKey":"S_A3_T2_V1","index":1},"TEDExptVarNC2":{"ontologyKey":"S_A3_T2_V2","index":2},"TEDExptVarNC3":{"ontologyKey":"S_A3_T2_V4","index":4},"TEDExptPOSTSequence":[{"ontologyKey":"S_A3_T2_V1","index":1},{"ontologyKey":"S_A3_T2_V2","index":2},{"ontologyKey":"S_A3_T2_V3","index":3},{"ontologyKey":"S_A3_T2_V4","index":4}],"TEDExpt1V1":{"ontologyKey":"S_A3_T2_V1_A","index":1},"TEDExpt2V1":{"ontologyKey":"S_A3_T2_V1_A","index":1},"TEDExpt1V2":{"ontologyKey":"S_A3_T2_V2_A","index":2},"TEDExpt2V2":{"ontologyKey":"S_A3_T2_V2_B","index":2},"TEDExpt1V3":{"ontologyKey":"S_A3_T2_V3_A","index":3},"TEDExpt2V3":{"ontologyKey":"S_A3_T2_V3_B","index":3},"TEDExpt1V4":{"ontologyKey":"S_A3_T2_V4_A","index":4},"TEDExpt2V4":{"ontologyKey":"S_A3_T2_V4_A","index":4},"TEDExptNC1SameDiff":{"ontologyKey":"TED_E1_Q7NC1SAME","value":"same","index":1},"TEDExptNC1Confound":{"ontologyKey":"S_A3_T2_V2","index":2},"TEDExptNC2SameDiff":{"ontologyKey":"TED_E1_Q7NC2DIFF","value":"diff","index":2},"TEDExptNC2Confound":{"ontologyKey":"S_A3_T2_V3","index":3},"TEDExptNC3SameDiff":{"ontologyKey":"TED_E1_Q7NC3SAME","value":"same","index":4},"TEDExptNC3Confound":{"ontologyKey":"S_A3_T2_V4","index":4},"differentRow":1,"sameRow1":2,"sameRow2":3,"sameRow3":4,"$seq":[{"prop":"TEDExptNonTarget","value":[1,3,4],"time":1262377197910},{"prop":"TEDExptConfounds","value":[3,4,1],"time":1262377197910},{"prop":"TEDExptDifferent","value":[3,4,1,2],"time":1262377197910},{"prop":"TEDExptArea","value":{"ontologyKey":"S_A3","index":3},"time":1262377197910},{"prop":"TEDExptTopic","value":{"ontologyKey":"S_A3_T2","index":2},"time":1262377197911},{"prop":"TEDExptVariable","value":{"ontologyKey":"S_A3_T2_V2","index":2},"time":1262377197911},{"prop":"TEDExptRQ","value":{"ontologyKey":"S_A3_T2_RQ2","index":2},"time":1262377197911},{"prop":"TEDExptVarNC1","value":{"ontologyKey":"S_A3_T2_V1","index":1},"time":1262377197911},{"prop":"TEDExptVarNC2","value":{"ontologyKey":"S_A3_T2_V3","index":3},"time":1262377197911},{"prop":"TEDExptVarNC3","value":{"ontologyKey":"S_A3_T2_V4","index":4},"time":1262377197911},{"prop":"TEDExptPOSTSequence","value":[{"ontologyKey":"S_A3_T2_V1","index":1},{"ontologyKey":"S_A3_T2_V2","index":2},{"ontologyKey":"S_A3_T2_V3","index":3},{"ontologyKey":"S_A3_T2_V4","index":4}],"time":1262377197911},{"prop":"TEDExpt1V1","value":{"ontologyKey":"S_A3_T2_V1_A","index":1},"time":1262377197911},{"prop":"TEDExpt2V1","value":{"ontologyKey":"S_A3_T2_V1_A","index":1},"time":1262377197911},{"prop":"TEDExpt1V2","value":{"ontologyKey":"S_A3_T2_V2_A","index":2},"time":1262377197911},{"prop":"TEDExpt2V2","value":{"ontologyKey":"S_A3_T2_V2_A","index":2},"time":1262377197911},{"prop":"TEDExpt1V3","value":{"ontologyKey":"S_A3_T2_V3_A","index":3},"time":1262377197911},{"prop":"TEDExpt2V3","value":{"ontologyKey":"S_A3_T2_V3_A","index":3},"time":1262377197911},{"prop":"TEDExpt1V4","value":{"ontologyKey":"S_A3_T2_V4_A","index":4},"time":1262377197911},{"prop":"TEDExpt2V4","value":{"ontologyKey":"S_A3_T2_V4_A","index":4},"time":1262377197911},{"prop":"TEDExpt2V3","value":{"ontologyKey":"S_A3_T2_V3_B","index":3},"time":1262377197911},{"prop":"TEDExpt2V4","value":{"ontologyKey":"S_A3_T2_V4_B","index":4},"time":1262377197911},{"prop":"TEDExpt2V1","value":{"ontologyKey":"S_A3_T2_V1_B","index":1},"time":1262377197911},{"prop":"TEDExpt2V2","value":{"ontologyKey":"S_A3_T2_V2_B","index":2},"time":1262377197911},{"prop":"TEDExptNC1SameDiff","value":{"ontologyKey":"TED_E1_Q7NC1DIFF","value":"diff","index":1},"time":1262377197912},{"prop":"TEDExptNC1Confound","value":{"ontologyKey":"S_A3_T2_V1","index":1},"time":1262377197912},{"prop":"TEDExptNC2SameDiff","value":{"ontologyKey":"TED_E1_Q7NC2DIFF","value":"diff","index":3},"time":1262377197912},{"prop":"TEDExptNC2Confound","value":{"ontologyKey":"S_A3_T2_V3","index":3},"time":1262377197912},{"prop":"TEDExptNC3SameDiff","value":{"ontologyKey":"TED_E1_Q7NC3DIFF","value":"diff","index":4},"time":1262377197912},{"prop":"TEDExptNC3Confound","value":{"ontologyKey":"S_A3_T2_V4","index":4},"time":1262377197912},{"prop":"Expt1_Q1","value":{"name":"{{$EFO_TED_E1_LISTYN|no}}","ontologyKey":"TED_E1_LISTYN|no","index":2,"value":true,"id":"correct"},"time":1262377317895},{"prop":"Expt1_Q","value":{"name":"{{$EFO_TED_E1_LISTYN|no}}","ontologyKey":"TED_E1_LISTYN|no","index":2,"value":true,"id":"correct"},"time":1262377317895},{"prop":"Expt1_Reason","value":{"name":"{{$EFO_TED_E1_LISTQ23|ans2}}","value":"$EFL_efdata.TED.E1.LISTQ23","ontologyKey":"TED_E1_LISTQ23|yes","index":2,"id":"2"},"time":1262377331843},{"prop":"Expt1_Q4","value":{"name":"{{$EFO_TED_E1_LISTYN|no}}","ontologyKey":"TED_E1_LISTYN|no","index":2,"value":true,"id":"correct"},"time":1262377357406},{"prop":"Imagine1","value":{"name":"{{$EFO_TED_E1_LISTYN|no}}","ontologyKey":"TED_E1_LISTYN|no","index":2,"value":true,"id":"correct"},"time":1262377357406},{"prop":"Imagine1_Reason","value":{"name":"{{$EFO_TED_E1_LISTQ56|ans2}}","value":"$EFL_efdata.TED.E1.LISTQ56","ontologyKey":"TED_E1_LISTQ56|yes","index":2,"id":"2"},"time":1262377386670},{"prop":"FFocus:1","value":{"Row-1 Col-3":"Could cause","Row-3 Col-3":"Could cause","Row-4 Col-3":"Could cause"},"time":1262377398927},{"prop":"TEDFeatureFocus","value":["Could cause","","Could cause","Could cause"],"time":1262377399229},{"prop":"CHG:FFocus:1:Row-1 Col-3","value":"Could cause","time":1262377433101},{"prop":"TEDFeatureFocus","value":["Could cause","","Could cause","Could cause"],"time":1262377433101},{"prop":"CHG:FFocus:1:Row-3 Col-3","value":"Could cause","time":1262377435711},{"prop":"TEDFeatureFocus","value":["Could cause","","Could cause","Could cause"],"time":1262377435712},{"prop":"CHG:FFocus:1:Row-4 Col-3","value":"Could cause","time":1262377444437},{"prop":"TEDFeatureFocus","value":["Could cause","","Could cause","Could cause"],"time":1262377444437},{"prop":"FFocus:1_CorrExp:","value":{"Row-1 Col-1":"High","Row-3 Col-1":"Large","Row-4 Col-2":"High"},"time":1262377504460},{"prop":"TEDcorrection","value":3,"time":1262377504801},{"prop":"CHG:FFocus:1_CorrExp::Row-1 Col-1","value":"High","time":1262377509835},{"prop":"TEDcorrection","value":2,"time":1262377509835},{"prop":"CHG:FFocus:1_CorrExp::Row-3 Col-1","value":"Large","time":1262377512137},{"prop":"TEDcorrection","value":1,"time":1262377512137},{"prop":"CHG:FFocus:1_CorrExp::Row-4 Col-2","value":"High","time":1262377515866},{"prop":"TEDcorrection","value":0,"time":1262377515866},{"prop":"FFocus:1_Explain:","value":{"name":"{{$EFO_TED_E1_LISTQ9|ans5}}","value":"$EFL_efdata.TED.E1.LISTQ9","ontologyKey":"TED_E1_LISTQ9|yes","index":5,"id":"5"},"time":1262377538225},{"prop":"FFocus:1_Explain:","value":{"name":"{{$EFO_TED_E1_LISTQ9|ans4}}","value":"$EFL_efdata.TED.E1.LISTQ9","ontologyKey":"TED_E1_LISTQ9|yes","index":4,"id":"4"},"time":1262377543286},{"prop":"TEDExptNonTarget","value":[1,2,4],"time":1262377585327},{"prop":"TEDExptConfounds","value":[2],"time":1262377585328},{"prop":"TEDExptDifferent","value":[2,3],"time":1262377585328},{"prop":"TEDExptArea","value":{"ontologyKey":"S_A3","index":3},"time":1262377585328},{"prop":"TEDExptTopic","value":{"ontologyKey":"S_A3_T2","index":2},"time":1262377585328},{"prop":"TEDExptVariable","value":{"ontologyKey":"S_A3_T2_V3","index":3},"time":1262377585328},{"prop":"TEDExptRQ","value":{"ontologyKey":"S_A3_T2_RQ3","index":3},"time":1262377585328},{"prop":"TEDExptVarNC1","value":{"ontologyKey":"S_A3_T2_V1","index":1},"time":1262377585328},{"prop":"TEDExptVarNC2","value":{"ontologyKey":"S_A3_T2_V2","index":2},"time":1262377585328},{"prop":"TEDExptVarNC3","value":{"ontologyKey":"S_A3_T2_V4","index":4},"time":1262377585328},{"prop":"TEDExptPOSTSequence","value":[{"ontologyKey":"S_A3_T2_V1","index":1},{"ontologyKey":"S_A3_T2_V2","index":2},{"ontologyKey":"S_A3_T2_V3","index":3},{"ontologyKey":"S_A3_T2_V4","index":4}],"time":1262377585328},{"prop":"TEDExpt1V1","value":{"ontologyKey":"S_A3_T2_V1_A","index":1},"time":1262377585328},{"prop":"TEDExpt2V1","value":{"ontologyKey":"S_A3_T2_V1_A","index":1},"time":1262377585328},{"prop":"TEDExpt1V2","value":{"ontologyKey":"S_A3_T2_V2_A","index":2},"time":1262377585328},{"prop":"TEDExpt2V2","value":{"ontologyKey":"S_A3_T2_V2_A","index":2},"time":1262377585328},{"prop":"TEDExpt1V3","value":{"ontologyKey":"S_A3_T2_V3_A","index":3},"time":1262377585328},{"prop":"TEDExpt2V3","value":{"ontologyKey":"S_A3_T2_V3_A","index":3},"time":1262377585328},{"prop":"TEDExpt1V4","value":{"ontologyKey":"S_A3_T2_V4_A","index":4},"time":1262377585328},{"prop":"TEDExpt2V4","value":{"ontologyKey":"S_A3_T2_V4_A","index":4},"time":1262377585328},{"prop":"TEDExpt2V2","value":{"ontologyKey":"S_A3_T2_V2_B","index":2},"time":1262377585328},{"prop":"TEDExpt2V3","value":{"ontologyKey":"S_A3_T2_V3_B","index":3},"time":1262377585328},{"prop":"TEDExptNC1SameDiff","value":{"ontologyKey":"TED_E1_Q7NC1SAME","value":"same","index":1},"time":1262377585329},{"prop":"TEDExptNC2SameDiff","value":{"ontologyKey":"TED_E1_Q7NC2DIFF","value":"diff","index":2},"time":1262377585329},{"prop":"TEDExptNC1Confound","value":{"ontologyKey":"S_A3_T2_V2","index":2},"time":1262377585329},{"prop":"TEDExptNC3SameDiff","value":{"ontologyKey":"TED_E1_Q7NC3SAME","value":"same","index":4},"time":1262377585329},{"prop":"Expt1_Q1","value":{"name":"{{$EFO_TED_E1_LISTYN|no}}","ontologyKey":"TED_E1_LISTYN|no","index":2,"value":true,"id":"correct"},"time":1262377667452},{"prop":"Expt2_Q","value":{"name":"{{$EFO_TED_E1_LISTYN|no}}","ontologyKey":"TED_E1_LISTYN|no","index":2,"value":true,"id":"correct"},"time":1262377667452},{"prop":"Expt2_Reason","value":{"name":"{{$EFO_TED_E1_LISTQ23|ans4}}","value":"$EFL_efdata.TED.E1.LISTQ23","ontologyKey":"TED_E1_LISTQ23|yes","index":4,"id":"4"},"time":1262377685466}],"Expt1_Q1":{"name":"{{$EFO_TED_E1_LISTYN|no}}","ontologyKey":"TED_E1_LISTYN|no","index":2,"value":true,"id":"correct"},"Expt1_Q":{"name":"{{$EFO_TED_E1_LISTYN|no}}","ontologyKey":"TED_E1_LISTYN|no","index":2,"value":true,"id":"correct"},"Expt1_Reason":{"name":"{{$EFO_TED_E1_LISTQ23|ans2}}","value":"$EFL_efdata.TED.E1.LISTQ23","ontologyKey":"TED_E1_LISTQ23|yes","index":2,"id":"2"},"Expt1_Q4":{"name":"{{$EFO_TED_E1_LISTYN|no}}","ontologyKey":"TED_E1_LISTYN|no","index":2,"value":true,"id":"correct"},"Imagine1":{"name":"{{$EFO_TED_E1_LISTYN|no}}","ontologyKey":"TED_E1_LISTYN|no","index":2,"value":true,"id":"correct"},"Imagine1_Reason":{"name":"{{$EFO_TED_E1_LISTQ56|ans2}}","value":"$EFL_efdata.TED.E1.LISTQ56","ontologyKey":"TED_E1_LISTQ56|yes","index":2,"id":"2"},"FFocus:1":{"Row-1 Col-3":"Could cause","Row-3 Col-3":"Could cause","Row-4 Col-3":"Could cause"},"TEDFeatureFocus":["Could cause","","Could cause","Could cause"],"CHG:FFocus:1:Row-1 Col-3":"Could cause","CHG:FFocus:1:Row-3 Col-3":"Could cause","CHG:FFocus:1:Row-4 Col-3":"Could cause","FFocus:1_CorrExp:":{"Row-1 Col-1":"High","Row-3 Col-1":"Large","Row-4 Col-2":"High"},"TEDcorrection":0,"CHG:FFocus:1_CorrExp::Row-1 Col-1":"High","CHG:FFocus:1_CorrExp::Row-3 Col-1":"Large","CHG:FFocus:1_CorrExp::Row-4 Col-2":"High","FFocus:1_Explain:":{"name":"{{$EFO_TED_E1_LISTQ9|ans4}}","value":"$EFL_efdata.TED.E1.LISTQ9","ontologyKey":"TED_E1_LISTQ9|yes","index":4,"id":"4"},"Expt2_Q":{"name":"{{$EFO_TED_E1_LISTYN|no}}","ontologyKey":"TED_E1_LISTYN|no","index":2,"value":true,"id":"correct"},"Expt2_Reason":{"name":"{{$EFO_TED_E1_LISTQ23|ans4}}","value":"$EFL_efdata.TED.E1.LISTQ23","ontologyKey":"TED_E1_LISTQ23|yes","index":4,"id":"4"}},"tutor":{"experimentalGroup":{"ontologyKey":"EG_A1"},"$seq":[{"prop":"experimentalGroup.ontologyKey","value":"EG_A1","time":1262377197902}]}}