{"scene":{"SNavigator":{},"SMatsIntro":{"complete":true,"$seq":[{"prop":"complete","value":false,"time":1266190354379},{"prop":"complete","value":true,"time":1266190368332}]},"SMatsPre1":{"complete":true,"$seq":[{"prop":"complete","value":false,"time":1266190369298},{"prop":"Sg1","value":"true","time":1266190372395},{"prop":"PreTest:Sg1","value":"b4","time":1266190372395},{"prop":"complete","value":false,"time":1266190372395},{"prop":"Sg1","value":"true","time":1266190372396},{"prop":"complete","value":false,"time":1266190372396},{"prop":"Sg2","value":"true","time":1266190374619},{"prop":"PreTest:Sg2","value":"b4","time":1266190374619},{"prop":"complete","value":false,"time":1266190374619},{"prop":"Sg2","value":"true","time":1266190374619},{"prop":"complete","value":false,"time":1266190374619},{"prop":"Sg3","value":"true","time":1266190377059},{"prop":"PreTest:Sg3","value":"b5","time":1266190377059},{"prop":"complete","value":false,"time":1266190377059},{"prop":"Sg3","value":"true","time":1266190377060},{"prop":"complete","value":false,"time":1266190377060},{"prop":"Sg3","value":"true","time":1266190377504},{"prop":"PreTest:Sg3","value":"b5","time":1266190377505},{"prop":"complete","value":false,"time":1266190377505},{"prop":"Sg3","value":"true","time":1266190377505},{"prop":"complete","value":false,"time":1266190377505},{"prop":"Sg3","value":"true","time":1266190379111},{"prop":"PreTest:Sg3","value":"b2","time":1266190379111},{"prop":"complete","value":false,"time":1266190379111},{"prop":"Sg3","value":"true","time":1266190379112},{"prop":"complete","value":false,"time":1266190379112},{"prop":"Sg4","value":"true","time":1266190381235},{"prop":"PreTest:Sg4","value":"b5","time":1266190381235},{"prop":"complete","value":true,"time":1266190381235},{"prop":"Sg4","value":"true","time":1266190381236},{"prop":"complete","value":true,"time":1266190381236}],"Sg1":"true","PreTest:Sg1":"b4","Sg2":"true","PreTest:Sg2":"b4","Sg3":"true","PreTest:Sg3":"b2","Sg4":"true","PreTest:Sg4":"b5"},"SMatsPre2":{"complete":true,"$seq":[{"prop":"complete","value":false,"time":1266190381986},{"prop":"Sg1","value":"true","time":1266190385712},{"prop":"PreTest:Sg1","value":"b4","time":1266190385712},{"prop":"complete","value":false,"time":1266190385712},{"prop":"Sg1","value":"true","time":1266190385713},{"prop":"complete","value":false,"time":1266190385713},{"prop":"Sg2","value":"true","time":1266190387021},{"prop":"PreTest:Sg2","value":"b4","time":1266190387021},{"prop":"complete","value":false,"time":1266190387021},{"prop":"Sg2","value":"true","time":1266190387021},{"prop":"complete","value":false,"time":1266190387021},{"prop":"Sg3","value":"true","time":1266190388738},{"prop":"PreTest:Sg3","value":"b5","time":1266190388738},{"prop":"complete","value":false,"time":1266190388738},{"prop":"Sg3","value":"true","time":1266190388738},{"prop":"complete","value":false,"time":1266190388738},{"prop":"Sg4","value":"true","time":1266190398070},{"prop":"PreTest:Sg4","value":"b3","time":1266190398070},{"prop":"complete","value":true,"time":1266190398070},{"prop":"Sg4","value":"true","time":1266190398070},{"prop":"complete","value":true,"time":1266190398070},{"prop":"Sg4","value":"true","time":1266190399045},{"prop":"PreTest:Sg4","value":"b2","time":1266190399045},{"prop":"complete","value":true,"time":1266190399045},{"prop":"Sg4","value":"true","time":1266190399045},{"prop":"complete","value":true,"time":1266190399045},{"prop":"Sg4","value":"true","time":1266190399474},{"prop":"PreTest:Sg4","value":"b2","time":1266190399474},{"prop":"complete","value":true,"time":1266190399474},{"prop":"Sg4","value":"true","time":1266190399475},{"prop":"complete","value":true,"time":1266190399475}],"Sg1":"true","PreTest:Sg1":"b4","Sg2":"true","PreTest:Sg2":"b4","Sg3":"true","PreTest:Sg3":"b5","Sg4":"true","PreTest:Sg4":"b2"},"SMatsPre3":{"complete":false,"$seq":[{"prop":"complete","value":false,"time":1266190400360}]}},"module":{},"tutor":{}}