{"scene":{"SNavigator":{},"SScene1":{"rowsComplete":4,"$seq":[{"prop":"rowsComplete","value":0,"time":1543844775735},{"prop":"complete","value":false,"time":1543844776036},{"prop":"currentRow","value":4,"time":1543844786186},{"prop":"correct","value":true,"time":1543844786186},{"prop":"correct","value":false,"time":1543844786206},{"prop":"correct","value":false,"time":1543844791529},{"prop":"correct","value":false,"time":1543844791535},{"prop":"TVSel.col1","value":1,"time":1543844797211},{"prop":"TVSel.col2","value":2,"time":1543844800690},{"prop":"correct","value":true,"time":1543844800690},{"prop":"correct","value":false,"time":1543844800712},{"prop":"rowsComplete","value":1,"time":1543844800715},{"prop":"currentRow","value":0,"time":1543844810476},{"prop":"currentRow","value":1,"time":1543844810476},{"prop":"correct","value":false,"time":1543844810477},{"prop":"VSel.col1","value":null,"time":1543844810477},{"prop":"VSel.col2","value":null,"time":1543844810477},{"prop":"correct","value":false,"time":1543844810478},{"prop":"VSel.col1","value":1,"time":1543844815272},{"prop":"VSel.col2","value":2,"time":1543844817231},{"prop":"correct","value":false,"time":1543844817231},{"prop":"correct","value":false,"time":1543844817283},{"prop":"VSel.col2","value":1,"time":1543844820419},{"prop":"correct","value":true,"time":1543844820419},{"prop":"correct","value":false,"time":1543844820449},{"prop":"rowsComplete","value":2,"time":1543844820452},{"prop":"currentRow","value":2,"time":1543844826108},{"prop":"correct","value":false,"time":1543844826111},{"prop":"VSel.col1","value":null,"time":1543844826112},{"prop":"VSel.col2","value":null,"time":1543844826112},{"prop":"correct","value":false,"time":1543844826115},{"prop":"VSel.col1","value":1,"time":1543844829698},{"prop":"VSel.col2","value":1,"time":1543844831234},{"prop":"correct","value":true,"time":1543844831234},{"prop":"correct","value":false,"time":1543844831256},{"prop":"rowsComplete","value":3,"time":1543844831259},{"prop":"currentRow","value":3,"time":1543844837038},{"prop":"correct","value":false,"time":1543844837039},{"prop":"VSel.col1","value":null,"time":1543844837040},{"prop":"VSel.col2","value":null,"time":1543844837040},{"prop":"correct","value":false,"time":1543844837042},{"prop":"VSel.col1","value":1,"time":1543844841070},{"prop":"VSel.col2","value":1,"time":1543844842495},{"prop":"correct","value":true,"time":1543844842495},{"prop":"correct","value":false,"time":1543844842532},{"prop":"rowsComplete","value":4,"time":1543844842535},{"prop":"currentRow","value":5,"time":1543844848295},{"prop":"complete","value":true,"time":1543844848296},{"prop":"correct","value":false,"time":1543844848297}],"complete":true,"currentRow":5,"correct":false,"TVSel":{"col1":1,"col2":2},"VSel":{"col1":1,"col2":1}},"SScene2":{"complete":false,"$seq":[{"prop":"complete","value":false,"time":1543844849466}]},"SScene3":{"TopicSelected":true,"$seq":[{"prop":"TopicSelected","value":false,"time":1543844597946},{"prop":"TopicSelected","value":true,"time":1543844599568},{"prop":"Topic Index:2","time":1543844599570}]},"SScene4":{"complete":true,"$seq":[{"prop":"complete","value":false,"time":1543844599973},{"prop":"complete","value":true,"time":1543844620897}]},"SScene5":{"complete":true,"$seq":[{"prop":"complete","value":false,"time":1543844622809},{"prop":"complete","value":true,"time":1543844627557}]},"SScene5a":{"complete":true,"$seq":[{"prop":"complete","value":false,"time":1543844629162},{"prop":"complete","value":true,"time":1543844641171}]},"SScene6a":{},"SScene6b":{},"SScene6c":{},"SScene7":{"complete":true,"$seq":[{"prop":"complete","value":false,"time":1543844656381},{"prop":"complete","value":true,"time":1543844678889}]},"SScene8":{"complete":true,"$seq":[{"prop":"complete","value":false,"time":1543844680357},{"prop":"complete","value":true,"time":1543844722979}]},"SScene9":{"RQSelected":true,"$seq":[{"prop":"RQSelected","value":false,"time":1543844750711},{"prop":"RQSelected","value":true,"time":1543844756615},{"prop":"Variable Index:4","time":1543844756616}]},"SScene10":{"RQconfirmed":true,"$seq":[{"prop":"RQconfirmed","value":false,"time":1543844756735},{"prop":"RQconfirmed","value":true,"time":1543844760374}]},"SScene11":{"RQconfirmed":false,"$seq":[{"prop":"RQconfirmed","value":false,"time":1543844760482},{"prop":"complete","value":true,"time":1543844770887}],"complete":true},"SSceneEnd":{"complete":false,"$seq":[{"prop":"complete","value":false,"time":1543844773660}]}},"module":{"selectedArea":{"ontologyKey":"S_A1|name","index":1},"selectedTopic":{"ontologyKey":"S_A1_T2|name","index":2},"selectedVariable":{"ontologyKey":"S_A1_T2_V4|name","index":4},"selectedRQ":{"ontologyKey":"S_A1_T2_RQ4","index":"4"},"RQconfirmation":"UNKNOWN","TEDExptNonTarget":[2,3,4],"$seq":[{"prop":"TEDExptNonTarget","value":[2,3,4],"time":1543844775642},{"prop":"TEDExptConfounds","value":[2,3,4],"time":1543844775642},{"prop":"TEDExptDifferent","value":[2,3,4,1],"time":1543844775642},{"prop":"TEDExptArea","value":{"ontologyKey":"S_A1","index":1},"time":1543844775642},{"prop":"TEDExptTopic","value":{"ontologyKey":"S_A1_T2","index":2},"time":1543844775642},{"prop":"TEDExptVariable","value":{"ontologyKey":"S_A1_T2_V1","index":1},"time":1543844775642},{"prop":"TEDExptRQ","value":{"ontologyKey":"S_A1_T2_RQ1","index":1},"time":1543844775642},{"prop":"TEDExptVarNC1","value":{"ontologyKey":"S_A1_T2_V2","index":2},"time":1543844775642},{"prop":"TEDExptVarNC2","value":{"ontologyKey":"S_A1_T2_V3","index":3},"time":1543844775642},{"prop":"TEDExptVarNC3","value":{"ontologyKey":"S_A1_T2_V4","index":4},"time":1543844775642},{"prop":"TEDExptPOSTSequence","value":[{"ontologyKey":"S_A1_T2_V4","index":4},{"ontologyKey":"S_A1_T2_V1","index":1},{"ontologyKey":"S_A1_T2_V2","index":2},{"ontologyKey":"S_A1_T2_V3","index":3}],"time":1543844775642},{"prop":"TEDExpt1V1","value":{"ontologyKey":"S_A1_T2_V1_A","index":1},"time":1543844775642},{"prop":"TEDExpt2V1","value":{"ontologyKey":"S_A1_T2_V1_A","index":1},"time":1543844775642},{"prop":"TEDExpt1V2","value":{"ontologyKey":"S_A1_T2_V2_A","index":2},"time":1543844775642},{"prop":"TEDExpt2V2","value":{"ontologyKey":"S_A1_T2_V2_A","index":2},"time":1543844775642},{"prop":"TEDExpt1V3","value":{"ontologyKey":"S_A1_T2_V3_A","index":3},"time":1543844775642},{"prop":"TEDExpt2V3","value":{"ontologyKey":"S_A1_T2_V3_A","index":3},"time":1543844775642},{"prop":"TEDExpt1V4","value":{"ontologyKey":"S_A1_T2_V4_A","index":4},"time":1543844775642},{"prop":"TEDExpt2V4","value":{"ontologyKey":"S_A1_T2_V4_A","index":4},"time":1543844775642},{"prop":"TEDExpt2V2","value":{"ontologyKey":"S_A1_T2_V2_B","index":2},"time":1543844775642},{"prop":"TEDExpt2V3","value":{"ontologyKey":"S_A1_T2_V3_B","index":3},"time":1543844775642},{"prop":"TEDExpt2V4","value":{"ontologyKey":"S_A1_T2_V4_B","index":4},"time":1543844775642},{"prop":"TEDExpt2V1","value":{"ontologyKey":"S_A1_T2_V1_B","index":1},"time":1543844775642},{"prop":"TEDExptNC1SameDiff","value":{"ontologyKey":"TED_E1_Q7NC1DIFF","value":"diff","index":2},"time":1543844775642},{"prop":"TEDExptNC1Confound","value":{"ontologyKey":"S_A1_T2_V2","index":2},"time":1543844775642},{"prop":"TEDExptNC2SameDiff","value":{"ontologyKey":"TED_E1_Q7NC2DIFF","value":"diff","index":3},"time":1543844775642},{"prop":"TEDExptNC2Confound","value":{"ontologyKey":"S_A1_T2_V3","index":3},"time":1543844775642},{"prop":"TEDExptNC3SameDiff","value":{"ontologyKey":"TED_E1_Q7NC3DIFF","value":"diff","index":4},"time":1543844775642},{"prop":"TEDExptNC3Confound","value":{"ontologyKey":"S_A1_T2_V4","index":4},"time":1543844775642},{"prop":"TEDExptNonTarget","value":[2,3,4],"time":1543844775714},{"prop":"TEDExptConfounds","value":[2,3,4],"time":1543844775714},{"prop":"TEDExptDifferent","value":[2,3,4,1],"time":1543844775714},{"prop":"TEDExptArea","value":{"ontologyKey":"S_A1","index":1},"time":1543844775714},{"prop":"TEDExptTopic","value":{"ontologyKey":"S_A1_T2","index":2},"time":1543844775714},{"prop":"TEDExptVariable","value":{"ontologyKey":"S_A1_T2_V1","index":1},"time":1543844775714},{"prop":"TEDExptRQ","value":{"ontologyKey":"S_A1_T2_RQ1","index":1},"time":1543844775714},{"prop":"TEDExptVarNC1","value":{"ontologyKey":"S_A1_T2_V2","index":2},"time":1543844775714},{"prop":"TEDExptVarNC2","value":{"ontologyKey":"S_A1_T2_V3","index":3},"time":1543844775714},{"prop":"TEDExptVarNC3","value":{"ontologyKey":"S_A1_T2_V4","index":4},"time":1543844775714},{"prop":"TEDExptPOSTSequence","value":[{"ontologyKey":"S_A1_T2_V4","index":4},{"ontologyKey":"S_A1_T2_V1","index":1},{"ontologyKey":"S_A1_T2_V2","index":2},{"ontologyKey":"S_A1_T2_V3","index":3}],"time":1543844775714},{"prop":"TEDExpt1V1","value":{"ontologyKey":"S_A1_T2_V1_A","index":1},"time":1543844775714},{"prop":"TEDExpt2V1","value":{"ontologyKey":"S_A1_T2_V1_A","index":1},"time":1543844775714},{"prop":"TEDExpt1V2","value":{"ontologyKey":"S_A1_T2_V2_A","index":2},"time":1543844775714},{"prop":"TEDExpt2V2","value":{"ontologyKey":"S_A1_T2_V2_A","index":2},"time":1543844775714},{"prop":"TEDExpt1V3","value":{"ontologyKey":"S_A1_T2_V3_A","index":3},"time":1543844775714},{"prop":"TEDExpt2V3","value":{"ontologyKey":"S_A1_T2_V3_A","index":3},"time":1543844775714},{"prop":"TEDExpt1V4","value":{"ontologyKey":"S_A1_T2_V4_A","index":4},"time":1543844775714},{"prop":"TEDExpt2V4","value":{"ontologyKey":"S_A1_T2_V4_A","index":4},"time":1543844775714},{"prop":"TEDExpt2V2","value":{"ontologyKey":"S_A1_T2_V2_B","index":2},"time":1543844775714},{"prop":"TEDExpt2V3","value":{"ontologyKey":"S_A1_T2_V3_B","index":3},"time":1543844775714},{"prop":"TEDExpt2V4","value":{"ontologyKey":"S_A1_T2_V4_B","index":4},"time":1543844775714},{"prop":"TEDExpt2V1","value":{"ontologyKey":"S_A1_T2_V1_B","index":1},"time":1543844775714},{"prop":"TEDExptNC1SameDiff","value":{"ontologyKey":"TED_E1_Q7NC1DIFF","value":"diff","index":2},"time":1543844775715},{"prop":"TEDExptNC1Confound","value":{"ontologyKey":"S_A1_T2_V2","index":2},"time":1543844775715},{"prop":"TEDExptNC2SameDiff","value":{"ontologyKey":"TED_E1_Q7NC2DIFF","value":"diff","index":3},"time":1543844775715},{"prop":"TEDExptNC2Confound","value":{"ontologyKey":"S_A1_T2_V3","index":3},"time":1543844775715},{"prop":"TEDExptNC3SameDiff","value":{"ontologyKey":"TED_E1_Q7NC3DIFF","value":"diff","index":4},"time":1543844775715},{"prop":"TEDExptNC3Confound","value":{"ontologyKey":"S_A1_T2_V4","index":4},"time":1543844775715},{"prop":"TEDExptNonTarget","value":[2,3,4],"time":1543844776036},{"prop":"TEDExptConfounds","value":[2,3,4],"time":1543844776036},{"prop":"TEDExptDifferent","value":[2,3,4,1],"time":1543844776036},{"prop":"TEDExptArea","value":{"ontologyKey":"S_A1","index":1},"time":1543844776036},{"prop":"TEDExptTopic","value":{"ontologyKey":"S_A1_T2","index":2},"time":1543844776036},{"prop":"TEDExptVariable","value":{"ontologyKey":"S_A1_T2_V1","index":1},"time":1543844776036},{"prop":"TEDExptRQ","value":{"ontologyKey":"S_A1_T2_RQ1","index":1},"time":1543844776036},{"prop":"TEDExptVarNC1","value":{"ontologyKey":"S_A1_T2_V2","index":2},"time":1543844776036},{"prop":"TEDExptVarNC2","value":{"ontologyKey":"S_A1_T2_V3","index":3},"time":1543844776036},{"prop":"TEDExptVarNC3","value":{"ontologyKey":"S_A1_T2_V4","index":4},"time":1543844776036},{"prop":"TEDExptPOSTSequence","value":[{"ontologyKey":"S_A1_T2_V4","index":4},{"ontologyKey":"S_A1_T2_V1","index":1},{"ontologyKey":"S_A1_T2_V2","index":2},{"ontologyKey":"S_A1_T2_V3","index":3}],"time":1543844776036},{"prop":"TEDExpt1V1","value":{"ontologyKey":"S_A1_T2_V1_A","index":1},"time":1543844776036},{"prop":"TEDExpt2V1","value":{"ontologyKey":"S_A1_T2_V1_A","index":1},"time":1543844776036},{"prop":"TEDExpt1V2","value":{"ontologyKey":"S_A1_T2_V2_A","index":2},"time":1543844776036},{"prop":"TEDExpt2V2","value":{"ontologyKey":"S_A1_T2_V2_A","index":2},"time":1543844776036},{"prop":"TEDExpt1V3","value":{"ontologyKey":"S_A1_T2_V3_A","index":3},"time":1543844776036},{"prop":"TEDExpt2V3","value":{"ontologyKey":"S_A1_T2_V3_A","index":3},"time":1543844776036},{"prop":"TEDExpt1V4","value":{"ontologyKey":"S_A1_T2_V4_A","index":4},"time":1543844776036},{"prop":"TEDExpt2V4","value":{"ontologyKey":"S_A1_T2_V4_A","index":4},"time":1543844776036},{"prop":"TEDExpt2V2","value":{"ontologyKey":"S_A1_T2_V2_B","index":2},"time":1543844776036},{"prop":"TEDExpt2V3","value":{"ontologyKey":"S_A1_T2_V3_B","index":3},"time":1543844776036},{"prop":"TEDExpt2V4","value":{"ontologyKey":"S_A1_T2_V4_B","index":4},"time":1543844776036},{"prop":"TEDExpt2V1","value":{"ontologyKey":"S_A1_T2_V1_B","index":1},"time":1543844776036},{"prop":"TEDExptNC1SameDiff","value":{"ontologyKey":"TED_E1_Q7NC1DIFF","value":"diff","index":2},"time":1543844776036},{"prop":"TEDExptNC1Confound","value":{"ontologyKey":"S_A1_T2_V2","index":2},"time":1543844776036},{"prop":"TEDExptNC2SameDiff","value":{"ontologyKey":"TED_E1_Q7NC2DIFF","value":"diff","index":3},"time":1543844776036},{"prop":"TEDExptNC2Confound","value":{"ontologyKey":"S_A1_T2_V3","index":3},"time":1543844776036},{"prop":"TEDExptNC3SameDiff","value":{"ontologyKey":"TED_E1_Q7NC3DIFF","value":"diff","index":4},"time":1543844776036},{"prop":"TEDExptNC3Confound","value":{"ontologyKey":"S_A1_T2_V4","index":4},"time":1543844776036},{"prop":"differentRow","value":4,"time":1543844800715},{"prop":"independentVarN","value":{"row":1,"col":0,"ontologyKey":"S_A1_T2_V1|name","isText":true,"selectedValue":"Type of Sweetener","cell":{}},"time":1543844810476},{"prop":"sameRow1","value":1,"time":1543844820452},{"prop":"independentVarN","value":{"row":2,"col":0,"ontologyKey":"S_A1_T2_V2|name","isText":true,"selectedValue":"Amount of Caffeine","cell":{}},"time":1543844826108},{"prop":"sameRow2","value":2,"time":1543844831259},{"prop":"independentVarN","value":{"row":3,"col":0,"ontologyKey":"S_A1_T2_V3|name","isText":true,"selectedValue":"Texture of Mint","cell":{}},"time":1543844837038},{"prop":"sameRow3","value":3,"time":1543844842535},{"prop":"independentVarN","value":{"row":4,"col":0,"ontologyKey":"S_A1_T2_V4|name","isText":true,"selectedValue":"Amount of CO2","cell":{},"processed":true},"time":1543844848295}],"TEDExptConfounds":[2,3,4],"TEDExptDifferent":[2,3,4,1],"TEDExptArea":{"ontologyKey":"S_A1","index":1},"TEDExptTopic":{"ontologyKey":"S_A1_T2","index":2},"TEDExptVariable":{"ontologyKey":"S_A1_T2_V1","index":1},"TEDExptRQ":{"ontologyKey":"S_A1_T2_RQ1","index":1},"TEDExptVarNC1":{"ontologyKey":"S_A1_T2_V2","index":2},"TEDExptVarNC2":{"ontologyKey":"S_A1_T2_V3","index":3},"TEDExptVarNC3":{"ontologyKey":"S_A1_T2_V4","index":4},"TEDExptPOSTSequence":[{"ontologyKey":"S_A1_T2_V4","index":4},{"ontologyKey":"S_A1_T2_V1","index":1},{"ontologyKey":"S_A1_T2_V2","index":2},{"ontologyKey":"S_A1_T2_V3","index":3}],"TEDExpt1V1":{"ontologyKey":"S_A1_T2_V1_A","index":1},"TEDExpt2V1":{"ontologyKey":"S_A1_T2_V1_B","index":1},"TEDExpt1V2":{"ontologyKey":"S_A1_T2_V2_A","index":2},"TEDExpt2V2":{"ontologyKey":"S_A1_T2_V2_B","index":2},"TEDExpt1V3":{"ontologyKey":"S_A1_T2_V3_A","index":3},"TEDExpt2V3":{"ontologyKey":"S_A1_T2_V3_B","index":3},"TEDExpt1V4":{"ontologyKey":"S_A1_T2_V4_A","index":4},"TEDExpt2V4":{"ontologyKey":"S_A1_T2_V4_B","index":4},"TEDExptNC1SameDiff":{"ontologyKey":"TED_E1_Q7NC1DIFF","value":"diff","index":2},"TEDExptNC1Confound":{"ontologyKey":"S_A1_T2_V2","index":2},"TEDExptNC2SameDiff":{"ontologyKey":"TED_E1_Q7NC2DIFF","value":"diff","index":3},"TEDExptNC2Confound":{"ontologyKey":"S_A1_T2_V3","index":3},"TEDExptNC3SameDiff":{"ontologyKey":"TED_E1_Q7NC3DIFF","value":"diff","index":4},"TEDExptNC3Confound":{"ontologyKey":"S_A1_T2_V4","index":4},"differentRow":4,"independentVarN":{"row":4,"col":0,"ontologyKey":"S_A1_T2_V4|name","isText":true,"selectedValue":"Amount of CO2","cell":{},"processed":true},"sameRow1":1,"sameRow2":2,"sameRow3":3},"tutor":{"experimentalGroup":{"ontologyKey":"EG_A1"},"$seq":[{"prop":"experimentalGroup.ontologyKey","value":"EG_A1","time":1543844775636}]}}