{"scene":{"SNavigator":{},"SSceneBL":{"complete":true,"$seq":[{"prop":"complete","value":false,"time":1543842296169},{"prop":"complete","value":true,"time":1543842304869}]},"SScene4":{"complete":true,"$seq":[{"prop":"complete","value":false,"time":1543842306054},{"prop":"complete","value":true,"time":1543842327164}]},"SScene5":{"complete":true,"$seq":[{"prop":"complete","value":false,"time":1543842353458},{"prop":"complete","value":true,"time":1543842358679}]},"SScene5a":{"complete":true,"$seq":[{"prop":"complete","value":false,"time":1543842361384},{"prop":"complete","value":true,"time":1543842408758}]},"SScene6a":{},"SScene6b":{}},"module":{"selectedArea":{"ontologyKey":"S_A4|name","index":4},"$seq":[{"prop":"selectedArea","value":{"ontologyKey":"S_A4|name","index":4},"time":1543842296103},{"prop":"selectedTopic","value":{"ontologyKey":"S_A4_T1|name","index":1},"time":1543842296103},{"prop":"selectedVariable","value":{"ontologyKey":"S_A4_T1_V1|name","index":1},"time":1543842296103},{"prop":"selectedRQ","value":{"ontologyKey":"S_A4_T1_RQ1"},"time":1543842296103},{"prop":"AreaSelectedID","value":"Sarea4|Sselected","time":1543842296103},{"prop":"AreaButtonID","value":"Sbutton4","time":1543842296103},{"prop":"TopicSelectedID","value":"Stopic1|Sselected","time":1543842296103},{"prop":"TopicButtonID","value":"Sbutton1","time":1543842296103},{"prop":"VariableHighlightID","value":"SbuttonHL1","time":1543842296103},{"prop":"VariableClickMaskID","value":"SclickMask1","time":1543842296103}],"selectedTopic":{"ontologyKey":"S_A4_T1|name","index":1},"selectedVariable":{"ontologyKey":"S_A4_T1_V1|name","index":1},"selectedRQ":{"ontologyKey":"S_A4_T1_RQ1"},"AreaSelectedID":"Sarea4|Sselected","AreaButtonID":"Sbutton4","TopicSelectedID":"Stopic1|Sselected","TopicButtonID":"Sbutton1","VariableHighlightID":"SbuttonHL1","VariableClickMaskID":"SclickMask1"},"tutor":{"experimentalGroup":{"ontologyKey":"EG_A3"},"$seq":[{"prop":"experimentalGroup.ontologyKey","value":"EG_A3","time":1543842296103}]}}