{"scene":{"SNavigator":{},"SScene3":{"complete":true,"$seq":[{"prop":"complete","value":false,"time":1554914297481},{"prop":"complete","value":true,"time":1554914304459}]},"SScene4":{"complete":true,"$seq":[{"prop":"complete","value":false,"time":1554914323970},{"prop":"complete","value":true,"time":1554914335816}]},"SScene5":{"complete":true,"$seq":[{"prop":"complete","value":false,"time":1554914337370},{"prop":"complete","value":true,"time":1554914343196}]},"SScene6":{"complete":true,"$seq":[{"prop":"complete","value":false,"time":1554914345592},{"prop":"complete","value":true,"time":1554914357085}]},"SScene7":{"complete":true,"$seq":[{"prop":"complete","value":false,"time":1554914699799},{"prop":"complete","value":true,"time":1554914709702}]},"SScene8":{"complete":true,"$seq":[{"prop":"complete","value":false,"time":1554914714990},{"prop":"complete","value":true,"time":1554914771474}]},"SScene9":{"complete":false,"$seq":[{"prop":"complete","value":false,"time":1554914778443},{"prop":"complete","value":true,"time":1554914785965},{"prop":"complete","value":false,"time":1554914786769}]},"SScene10":{"complete":true,"$seq":[{"prop":"complete","value":false,"time":1554914790734},{"prop":"complete","value":true,"time":1554914802224}]},"SScene12":{"complete":true,"$seq":[{"prop":"complete","value":false,"time":1554914803275},{"prop":"complete","value":true,"time":1554914811484}]},"SScene12A":{"complete":false,"$seq":[{"prop":"complete","value":false,"time":1554914814325},{"prop":"complete","value":true,"time":1554914831747},{"prop":"complete","value":false,"time":1554914832960},{"prop":"complete","value":false,"time":1554914835565},{"prop":"complete","value":false,"time":1554914837143},{"prop":"complete","value":false,"time":1554914841264},{"prop":"complete","value":false,"time":1554914842772},{"prop":"complete","value":false,"time":1554914844119},{"prop":"complete","value":false,"time":1554914845331}]},"SScene13":{"complete":false,"$seq":[{"prop":"complete","value":false,"time":1554914846774},{"prop":"complete","value":true,"time":1554914853744},{"prop":"complete","value":false,"time":1554914854628}]},"SScene15":{"complete":true,"$seq":[{"prop":"complete","value":false,"time":1554914865769},{"prop":"complete","value":false,"time":1554914901896},{"prop":"complete","value":false,"time":1554914904074},{"prop":"complete","value":true,"time":1554914909424},{"prop":"complete","value":false,"time":1554914911612},{"prop":"complete","value":false,"time":1554914912732},{"prop":"complete","value":false,"time":1554914914125},{"prop":"complete","value":true,"time":1554914959464}]},"SScene16":{"complete":true,"$seq":[{"prop":"complete","value":false,"time":1554914961294},{"prop":"complete","value":true,"time":1554914982796}]},"SScene17":{"complete":true,"$seq":[{"prop":"complete","value":false,"time":1554914984119},{"prop":"complete","value":true,"time":1554915014315},{"prop":"complete","value":true,"time":1554915014315},{"prop":"complete","value":false,"time":1554915015638},{"prop":"complete","value":false,"time":1554915021693},{"prop":"complete","value":false,"time":1554915023162},{"prop":"complete","value":false,"time":1554915026714},{"prop":"complete","value":false,"time":1554915028473},{"prop":"complete","value":false,"time":1554915030629},{"prop":"complete","value":false,"time":1554915032084},{"prop":"complete","value":false,"time":1554915035959},{"prop":"complete","value":false,"time":1554915037725},{"prop":"complete","value":false,"time":1554915039243},{"prop":"complete","value":false,"time":1554915040729},{"prop":"complete","value":false,"time":1554915046039},{"prop":"complete","value":false,"time":1554915047596},{"prop":"complete","value":true,"time":1554915049691}]},"SScene18":{"complete":true,"$seq":[{"prop":"complete","value":false,"time":1554915052186},{"prop":"complete","value":true,"time":1554915058068}]},"SScene19":{"complete":true,"$seq":[{"prop":"complete","value":false,"time":1554915069748},{"prop":"complete","value":false,"time":1554915085910},{"prop":"complete","value":false,"time":1554915088705},{"prop":"complete","value":false,"time":1554915090039},{"prop":"complete","value":false,"time":1554915091262},{"prop":"complete","value":false,"time":1554915092490},{"prop":"complete","value":false,"time":1554915093765},{"prop":"complete","value":false,"time":1554915095143},{"prop":"complete","value":true,"time":1554915096337}]},"SScene20":{"complete":false,"$seq":[{"prop":"complete","value":false,"time":1554915098528}]}},"module":{"selectedArea":{"ontologyKey":"S_A1|name","index":1},"selectedTopic":{"ontologyKey":"S_A1_T2|name","index":2},"selectedVariable":{"ontologyKey":"S_A1_T2_V4|name","index":4},"selectedRQ":{"ontologyKey":"S_A1_T2_RQ4"},"AreaSelectedID":"Sarea1|Sselected","AreaButtonID":"Sbutton1","TopicSelectedID":"Stopic2|Sselected","TopicButtonID":"Sbutton2","VariableHighlightID":"SbuttonHL4","VariableClickMaskID":"SclickMask4","RQconfirmation":"UNKNOWN","TEDExptNonTarget":[1,3,4],"TEDExptConfounds":[1],"TEDExptDifferent":[1,2],"TEDExptArea":{"ontologyKey":"S_A1","index":1},"TEDExptTopic":{"ontologyKey":"S_A1_T2","index":2},"TEDExptVariable":{"ontologyKey":"S_A1_T2_V2","index":2},"TEDExptRQ":{"ontologyKey":"S_A1_T2_RQ2","index":2},"TEDExptVarNC1":{"ontologyKey":"S_A1_T2_V1","index":1},"TEDExptVarNC2":{"ontologyKey":"S_A1_T2_V3","index":3},"TEDExptVarNC3":{"ontologyKey":"S_A1_T2_V4","index":4},"TEDExptPOSTSequence":[{"ontologyKey":"S_A1_T2_V1","index":1},{"ontologyKey":"S_A1_T2_V2","index":2},{"ontologyKey":"S_A1_T2_V3","index":3}],"TEDExpt1V1":{"ontologyKey":"S_A1_T2_V1_A","index":1},"TEDExpt2V1":{"ontologyKey":"S_A1_T2_V1_B","index":1},"TEDExpt1V2":{"ontologyKey":"S_A1_T2_V2_A","index":2},"TEDExpt2V2":{"ontologyKey":"S_A1_T2_V2_B","index":2},"TEDExpt1V3":{"ontologyKey":"S_A1_T2_V3_A","index":3},"TEDExpt2V3":{"ontologyKey":"S_A1_T2_V3_A","index":3},"TEDExpt1V4":{"ontologyKey":"S_A1_T2_V4_A","index":4},"TEDExpt2V4":{"ontologyKey":"S_A1_T2_V4_A","index":4},"TEDExptNC1SameDiff":{"ontologyKey":"TED_E1_Q7NC1DIFF","value":"diff","index":1},"TEDExptNC1Confound":{"ontologyKey":"S_A1_T2_V1","index":1},"TEDExptNC2SameDiff":{"ontologyKey":"TED_E1_Q7NC2SAME","value":"same","index":3},"TEDExptNC2Confound":{"ontologyKey":"S_A1_T2_V3","index":3},"TEDExptNC3SameDiff":{"ontologyKey":"TED_E1_Q7NC3SAME","value":"same","index":4},"TEDExptNC3Confound":{"ontologyKey":"S_A1_T2_V4","index":4},"differentRow":4,"independentVarN":{"row":4,"col":0,"ontologyKey":"S_A1_T2_V4|name","isText":true,"selectedValue":"Amount of CO2","cell":{},"processed":true},"sameRow1":1,"sameRow2":2,"sameRow3":3,"$seq":[{"prop":"selectedArea","value":{"ontologyKey":"S_A1|name","index":1},"time":1554914297354},{"prop":"selectedTopic","value":{"ontologyKey":"S_A1_T2|name","index":2},"time":1554914297354},{"prop":"selectedVariable","value":{"ontologyKey":"S_A1_T2_V4|name","index":4},"time":1554914297354},{"prop":"selectedRQ","value":{"ontologyKey":"S_A1_T2_RQ4"},"time":1554914297354},{"prop":"AreaSelectedID","value":"Sarea1|Sselected","time":1554914297354},{"prop":"AreaButtonID","value":"Sbutton1","time":1554914297354},{"prop":"TopicSelectedID","value":"Stopic2|Sselected","time":1554914297354},{"prop":"TopicButtonID","value":"Sbutton2","time":1554914297354},{"prop":"VariableHighlightID","value":"SbuttonHL4","time":1554914297354},{"prop":"VariableClickMaskID","value":"SclickMask4","time":1554914297354},{"prop":"TEDExptNonTarget","value":[2,3,4],"time":1554914297358},{"prop":"TEDExptConfounds","value":[2,3,4],"time":1554914297359},{"prop":"TEDExptDifferent","value":[2,3,4,1],"time":1554914297359},{"prop":"TEDExptArea","value":{"ontologyKey":"S_A1","index":1},"time":1554914297359},{"prop":"TEDExptTopic","value":{"ontologyKey":"S_A1_T2","index":2},"time":1554914297359},{"prop":"TEDExptVariable","value":{"ontologyKey":"S_A1_T2_V1","index":1},"time":1554914297359},{"prop":"TEDExptRQ","value":{"ontologyKey":"S_A1_T2_RQ1","index":1},"time":1554914297359},{"prop":"TEDExptVarNC1","value":{"ontologyKey":"S_A1_T2_V2","index":2},"time":1554914297359},{"prop":"TEDExptVarNC2","value":{"ontologyKey":"S_A1_T2_V3","index":3},"time":1554914297359},{"prop":"TEDExptVarNC3","value":{"ontologyKey":"S_A1_T2_V4","index":4},"time":1554914297359},{"prop":"TEDExptPOSTSequence","value":[{"ontologyKey":"S_A1_T2_V4","index":4},{"ontologyKey":"S_A1_T2_V1","index":1},{"ontologyKey":"S_A1_T2_V2","index":2},{"ontologyKey":"S_A1_T2_V3","index":3}],"time":1554914297359},{"prop":"TEDExpt1V1","value":{"ontologyKey":"S_A1_T2_V1_A","index":1},"time":1554914297359},{"prop":"TEDExpt2V1","value":{"ontologyKey":"S_A1_T2_V1_A","index":1},"time":1554914297360},{"prop":"TEDExpt1V2","value":{"ontologyKey":"S_A1_T2_V2_A","index":2},"time":1554914297360},{"prop":"TEDExpt2V2","value":{"ontologyKey":"S_A1_T2_V2_A","index":2},"time":1554914297360},{"prop":"TEDExpt1V3","value":{"ontologyKey":"S_A1_T2_V3_A","index":3},"time":1554914297360},{"prop":"TEDExpt2V3","value":{"ontologyKey":"S_A1_T2_V3_A","index":3},"time":1554914297360},{"prop":"TEDExpt1V4","value":{"ontologyKey":"S_A1_T2_V4_A","index":4},"time":1554914297360},{"prop":"TEDExpt2V4","value":{"ontologyKey":"S_A1_T2_V4_A","index":4},"time":1554914297360},{"prop":"TEDExpt2V2","value":{"ontologyKey":"S_A1_T2_V2_B","index":2},"time":1554914297360},{"prop":"TEDExpt2V3","value":{"ontologyKey":"S_A1_T2_V3_B","index":3},"time":1554914297360},{"prop":"TEDExpt2V4","value":{"ontologyKey":"S_A1_T2_V4_B","index":4},"time":1554914297360},{"prop":"TEDExpt2V1","value":{"ontologyKey":"S_A1_T2_V1_B","index":1},"time":1554914297360},{"prop":"TEDExptNC1SameDiff","value":{"ontologyKey":"TED_E1_Q7NC1DIFF","value":"diff","index":2},"time":1554914297360},{"prop":"TEDExptNC1Confound","value":{"ontologyKey":"S_A1_T2_V2","index":2},"time":1554914297360},{"prop":"TEDExptNC2SameDiff","value":{"ontologyKey":"TED_E1_Q7NC2DIFF","value":"diff","index":3},"time":1554914297360},{"prop":"TEDExptNC2Confound","value":{"ontologyKey":"S_A1_T2_V3","index":3},"time":1554914297360},{"prop":"TEDExptNC3SameDiff","value":{"ontologyKey":"TED_E1_Q7NC3DIFF","value":"diff","index":4},"time":1554914297360},{"prop":"TEDExptNC3Confound","value":{"ontologyKey":"S_A1_T2_V4","index":4},"time":1554914297360},{"prop":"Expt1_Q1","value":{"name":"{{$EFO_TED_E1_LISTYN|no}}","ontologyKey":"TED_E1_LISTYN|no","index":2,"value":true,"id":"correct"},"time":1554914441912},{"prop":"Expt1_Q","value":{"name":"{{$EFO_TED_E1_LISTYN|no}}","ontologyKey":"TED_E1_LISTYN|no","index":2,"value":true,"id":"correct"},"time":1554914441912},{"prop":"Expt1_Reason","value":{"name":"{{$EFO_TED_E1_LISTQ23|ans2}}","value":"$EFL_efdata.TED.E1.LISTQ23","ontologyKey":"TED_E1_LISTQ23|yes","index":2,"id":"2"},"time":1554914477716},{"prop":"Expt1_Q4","value":{"name":"{{$EFO_TED_E1_LISTYN|no}}","ontologyKey":"TED_E1_LISTYN|no","index":2,"value":true,"id":"correct"},"time":1554914499413},{"prop":"Imagine1","value":{"name":"{{$EFO_TED_E1_LISTYN|no}}","ontologyKey":"TED_E1_LISTYN|no","index":2,"value":true,"id":"correct"},"time":1554914499413},{"prop":"Imagine1_Reason","value":{"name":"{{$EFO_TED_E1_LISTQ56|ans2}}","value":"$EFL_efdata.TED.E1.LISTQ56","ontologyKey":"TED_E1_LISTQ56|yes","index":2,"id":"2"},"time":1554914522197},{"prop":"FFocus:1","value":{"Row-2 Col-3":"Could cause","Row-3 Col-3":"Could cause","Row-4 Col-3":"Could cause"},"time":1554914535670},{"prop":"TEDFeatureFocus","value":["","Could cause","Could cause","Could cause"],"time":1554914535940},{"prop":"CHG:FFocus:1:Row-2 Col-3","value":"Could cause","time":1554914565555},{"prop":"TEDFeatureFocus","value":["","Could cause","Could cause","Could cause"],"time":1554914565555},{"prop":"CHG:FFocus:1:Row-3 Col-3","value":"Could cause","time":1554914566937},{"prop":"TEDFeatureFocus","value":["","Could cause","Could cause","Could cause"],"time":1554914566937},{"prop":"CHG:FFocus:1:Row-4 Col-3","value":"Could cause","time":1554914570336},{"prop":"TEDFeatureFocus","value":["","Could cause","Could cause","Could cause"],"time":1554914570336},{"prop":"FFocus:1_CorrExp:","value":{"Row-2 Col-2":"Some","Row-3 Col-1":"Rough","Row-4 Col-2":"High"},"time":1554914628735},{"prop":"TEDcorrection","value":3,"time":1554914628932},{"prop":"CHG:FFocus:1_CorrExp::Row-2 Col-2","value":"Some","time":1554914639386},{"prop":"TEDcorrection","value":2,"time":1554914639386},{"prop":"CHG:FFocus:1_CorrExp::Row-3 Col-1","value":"Rough","time":1554914641931},{"prop":"TEDcorrection","value":1,"time":1554914641931},{"prop":"CHG:FFocus:1_CorrExp::Row-4 Col-2","value":"High","time":1554914643986},{"prop":"TEDcorrection","value":0,"time":1554914643986},{"prop":"FFocus:1_Explain:","value":{"name":"{{$EFO_TED_E1_LISTQ9|ans2}}","value":"$EFL_efdata.TED.E1.LISTQ9","ontologyKey":"TED_E1_LISTQ9|yes","index":2,"id":"2"},"time":1554914654832},{"prop":"TEDExptNonTarget","value":[1,3,4],"time":1554914699713},{"prop":"TEDExptConfounds","value":[1],"time":1554914699713},{"prop":"TEDExptDifferent","value":[1,2],"time":1554914699713},{"prop":"TEDExptArea","value":{"ontologyKey":"S_A1","index":1},"time":1554914699713},{"prop":"TEDExptTopic","value":{"ontologyKey":"S_A1_T2","index":2},"time":1554914699713},{"prop":"TEDExptVariable","value":{"ontologyKey":"S_A1_T2_V2","index":2},"time":1554914699713},{"prop":"TEDExptRQ","value":{"ontologyKey":"S_A1_T2_RQ2","index":2},"time":1554914699713},{"prop":"TEDExptVarNC1","value":{"ontologyKey":"S_A1_T2_V1","index":1},"time":1554914699713},{"prop":"TEDExptVarNC2","value":{"ontologyKey":"S_A1_T2_V3","index":3},"time":1554914699713},{"prop":"TEDExptVarNC3","value":{"ontologyKey":"S_A1_T2_V4","index":4},"time":1554914699713},{"prop":"TEDExptPOSTSequence","value":[{"ontologyKey":"S_A1_T2_V1","index":1},{"ontologyKey":"S_A1_T2_V2","index":2},{"ontologyKey":"S_A1_T2_V3","index":3}],"time":1554914699713},{"prop":"TEDExpt1V1","value":{"ontologyKey":"S_A1_T2_V1_A","index":1},"time":1554914699713},{"prop":"TEDExpt2V1","value":{"ontologyKey":"S_A1_T2_V1_A","index":1},"time":1554914699713},{"prop":"TEDExpt1V2","value":{"ontologyKey":"S_A1_T2_V2_A","index":2},"time":1554914699713},{"prop":"TEDExpt2V2","value":{"ontologyKey":"S_A1_T2_V2_A","index":2},"time":1554914699713},{"prop":"TEDExpt1V3","value":{"ontologyKey":"S_A1_T2_V3_A","index":3},"time":1554914699713},{"prop":"TEDExpt2V3","value":{"ontologyKey":"S_A1_T2_V3_A","index":3},"time":1554914699713},{"prop":"TEDExpt1V4","value":{"ontologyKey":"S_A1_T2_V4_A","index":4},"time":1554914699713},{"prop":"TEDExpt2V4","value":{"ontologyKey":"S_A1_T2_V4_A","index":4},"time":1554914699713},{"prop":"TEDExpt2V1","value":{"ontologyKey":"S_A1_T2_V1_B","index":1},"time":1554914699713},{"prop":"TEDExpt2V2","value":{"ontologyKey":"S_A1_T2_V2_B","index":2},"time":1554914699713},{"prop":"TEDExptNC1SameDiff","value":{"ontologyKey":"TED_E1_Q7NC1DIFF","value":"diff","index":1},"time":1554914699713},{"prop":"TEDExptNC1Confound","value":{"ontologyKey":"S_A1_T2_V1","index":1},"time":1554914699713},{"prop":"TEDExptNC2SameDiff","value":{"ontologyKey":"TED_E1_Q7NC2SAME","value":"same","index":3},"time":1554914699713},{"prop":"TEDExptNC3SameDiff","value":{"ontologyKey":"TED_E1_Q7NC3SAME","value":"same","index":4},"time":1554914699713},{"prop":"Expt1_Q1","value":{"name":"{{$EFO_TED_E1_LISTYN|no}}","ontologyKey":"TED_E1_LISTYN|no","index":2,"value":true,"id":"correct"},"time":1554914785965},{"prop":"Expt2_Q","value":{"name":"{{$EFO_TED_E1_LISTYN|no}}","ontologyKey":"TED_E1_LISTYN|no","index":2,"value":true,"id":"correct"},"time":1554914785965},{"prop":"Expt2_Reason","value":{"name":"{{$EFO_TED_E1_LISTQ23|ans3}}","value":"$EFL_efdata.TED.E1.LISTQ23","ontologyKey":"TED_E1_LISTQ23|yes","index":3,"id":"3"},"time":1554914802224},{"prop":"Expt1_Q4","value":{"name":"{{$EFO_TED_E1_LISTYN|no}}","ontologyKey":"TED_E1_LISTYN|no","index":2,"value":true,"id":"correct"},"time":1554914831747},{"prop":"Imagine2","value":{"name":"{{$EFO_TED_E1_LISTYN|no}}","ontologyKey":"TED_E1_LISTYN|no","index":2,"value":true,"id":"correct"},"time":1554914831747},{"prop":"Imagine2_Reason","value":{"name":"{{$EFO_TED_E1_LISTQ56|ans6}}","value":"$EFL_efdata.TED.E1.LISTQ56","ontologyKey":"TED_E1_LISTQ56|yes","index":6,"id":"6"},"time":1554914853744},{"prop":"FFocus:2","value":{"Row-3 Col-3":"Could cause","Row-4 Col-3":"Could cause","Row-1 Col-3":"Could cause"},"time":1554914865769},{"prop":"TEDFeatureFocus","value":["Could cause","","Could cause","Could cause"],"time":1554914866074},{"prop":"CHG:FFocus:2:Row-3 Col-3","value":"Could cause","time":1554914901896},{"prop":"TEDFeatureFocus","value":["Could cause","","Could cause","Could cause"],"time":1554914901896},{"prop":"CHG:FFocus:2:Row-4 Col-3","value":"Could cause","time":1554914904074},{"prop":"TEDFeatureFocus","value":["Could cause","","Could cause","Could cause"],"time":1554914904074},{"prop":"CHG:FFocus:2:Row-1 Col-3","value":"Could cause","time":1554914909424},{"prop":"TEDFeatureFocus","value":["Could cause","","Could cause","Could cause"],"time":1554914909424},{"prop":"FFocus:2_CorrExp:","value":{"Row-1 Col-2":"Sugar"},"time":1554914961293},{"prop":"TEDcorrection","value":1,"time":1554914961643},{"prop":"CHG:FFocus:2_CorrExp::Row-1 Col-2","value":"Sugar","time":1554914982796},{"prop":"TEDcorrection","value":0,"time":1554914982796},{"prop":"FFocus:2_Explain:","value":{"name":"{{$EFO_TED_E1_LISTQ9|ans3}}","value":"$EFL_efdata.TED.E1.LISTQ9","ontologyKey":"TED_E1_LISTQ9|yes","index":3,"id":"3"},"time":1554915014315},{"prop":"TEDExptPOSTTV","value":{"ontologyKey":"S_A1_T2_V4","index":4},"time":1554915069700},{"prop":"POSTQ:1","value":{"Row-4 Col-1":"High","Row-4 Col-2":"Low","Row-3 Col-2":"Rough","Row-3 Col-1":"Rough","Row-2 Col-2":"Some","Row-2 Col-1":"Some","Row-1 Col-1":"Aspartame","Row-1 Col-2":"Aspartame"},"time":1554915069701},{"prop":"CHG:POSTQ:1:Row-4 Col-1","value":"High","time":1554915085910},{"prop":"CHG:POSTQ:1:Row-4 Col-2","value":"Low","time":1554915088705},{"prop":"CHG:POSTQ:1:Row-3 Col-2","value":"Rough","time":1554915090039},{"prop":"CHG:POSTQ:1:Row-3 Col-1","value":"Rough","time":1554915091262},{"prop":"CHG:POSTQ:1:Row-2 Col-2","value":"Some","time":1554915092490},{"prop":"CHG:POSTQ:1:Row-2 Col-1","value":"Some","time":1554915093765},{"prop":"CHG:POSTQ:1:Row-1 Col-1","value":"Aspartame","time":1554915095143},{"prop":"CHG:POSTQ:1:Row-1 Col-2","value":"Aspartame","time":1554915096337}],"Expt1_Q1":{"name":"{{$EFO_TED_E1_LISTYN|no}}","ontologyKey":"TED_E1_LISTYN|no","index":2,"value":true,"id":"correct"},"Expt1_Q":{"name":"{{$EFO_TED_E1_LISTYN|no}}","ontologyKey":"TED_E1_LISTYN|no","index":2,"value":true,"id":"correct"},"Expt1_Reason":{"name":"{{$EFO_TED_E1_LISTQ23|ans2}}","value":"$EFL_efdata.TED.E1.LISTQ23","ontologyKey":"TED_E1_LISTQ23|yes","index":2,"id":"2"},"Expt1_Q4":{"name":"{{$EFO_TED_E1_LISTYN|no}}","ontologyKey":"TED_E1_LISTYN|no","index":2,"value":true,"id":"correct"},"Imagine1":{"name":"{{$EFO_TED_E1_LISTYN|no}}","ontologyKey":"TED_E1_LISTYN|no","index":2,"value":true,"id":"correct"},"Imagine1_Reason":{"name":"{{$EFO_TED_E1_LISTQ56|ans2}}","value":"$EFL_efdata.TED.E1.LISTQ56","ontologyKey":"TED_E1_LISTQ56|yes","index":2,"id":"2"},"FFocus:1":{"Row-2 Col-3":"Could cause","Row-3 Col-3":"Could cause","Row-4 Col-3":"Could cause"},"TEDFeatureFocus":["Could cause","","Could cause","Could cause"],"CHG:FFocus:1:Row-2 Col-3":"Could cause","CHG:FFocus:1:Row-3 Col-3":"Could cause","CHG:FFocus:1:Row-4 Col-3":"Could cause","FFocus:1_CorrExp:":{"Row-2 Col-2":"Some","Row-3 Col-1":"Rough","Row-4 Col-2":"High"},"TEDcorrection":0,"CHG:FFocus:1_CorrExp::Row-2 Col-2":"Some","CHG:FFocus:1_CorrExp::Row-3 Col-1":"Rough","CHG:FFocus:1_CorrExp::Row-4 Col-2":"High","FFocus:1_Explain:":{"name":"{{$EFO_TED_E1_LISTQ9|ans2}}","value":"$EFL_efdata.TED.E1.LISTQ9","ontologyKey":"TED_E1_LISTQ9|yes","index":2,"id":"2"},"Expt2_Q":{"name":"{{$EFO_TED_E1_LISTYN|no}}","ontologyKey":"TED_E1_LISTYN|no","index":2,"value":true,"id":"correct"},"Expt2_Reason":{"name":"{{$EFO_TED_E1_LISTQ23|ans3}}","value":"$EFL_efdata.TED.E1.LISTQ23","ontologyKey":"TED_E1_LISTQ23|yes","index":3,"id":"3"},"Imagine2":{"name":"{{$EFO_TED_E1_LISTYN|no}}","ontologyKey":"TED_E1_LISTYN|no","index":2,"value":true,"id":"correct"},"Imagine2_Reason":{"name":"{{$EFO_TED_E1_LISTQ56|ans6}}","value":"$EFL_efdata.TED.E1.LISTQ56","ontologyKey":"TED_E1_LISTQ56|yes","index":6,"id":"6"},"FFocus:2":{"Row-3 Col-3":"Could cause","Row-4 Col-3":"Could cause","Row-1 Col-3":"Could cause"},"CHG:FFocus:2:Row-3 Col-3":"Could cause","CHG:FFocus:2:Row-4 Col-3":"Could cause","CHG:FFocus:2:Row-1 Col-3":"Could cause","FFocus:2_CorrExp:":{"Row-1 Col-2":"Sugar"},"CHG:FFocus:2_CorrExp::Row-1 Col-2":"Sugar","FFocus:2_Explain:":{"name":"{{$EFO_TED_E1_LISTQ9|ans3}}","value":"$EFL_efdata.TED.E1.LISTQ9","ontologyKey":"TED_E1_LISTQ9|yes","index":3,"id":"3"},"TEDExptPOSTTV":{"ontologyKey":"S_A1_T2_V4","index":4},"POSTQ:1":{"Row-4 Col-1":"High","Row-4 Col-2":"Low","Row-3 Col-2":"Rough","Row-3 Col-1":"Rough","Row-2 Col-2":"Some","Row-2 Col-1":"Some","Row-1 Col-1":"Aspartame","Row-1 Col-2":"Aspartame"},"CHG:POSTQ:1:Row-4 Col-1":"High","CHG:POSTQ:1:Row-4 Col-2":"Low","CHG:POSTQ:1:Row-3 Col-2":"Rough","CHG:POSTQ:1:Row-3 Col-1":"Rough","CHG:POSTQ:1:Row-2 Col-2":"Some","CHG:POSTQ:1:Row-2 Col-1":"Some","CHG:POSTQ:1:Row-1 Col-1":"Aspartame","CHG:POSTQ:1:Row-1 Col-2":"Aspartame"},"tutor":{"experimentalGroup":{"ontologyKey":"EG_A2"},"$seq":[{"prop":"experimentalGroup.ontologyKey","value":"EG_A2","time":1554914297354}]}}