{"scene":{"SNavigator":{},"SScene3":{"complete":true,"$seq":[{"prop":"complete","value":false,"time":1554914297481},{"prop":"complete","value":true,"time":1554914304459}]},"SScene4":{"complete":true,"$seq":[{"prop":"complete","value":false,"time":1554914323970},{"prop":"complete","value":true,"time":1554914335816}]},"SScene5":{"complete":true,"$seq":[{"prop":"complete","value":false,"time":1554914337370},{"prop":"complete","value":true,"time":1554914343196}]},"SScene6":{"complete":true,"$seq":[{"prop":"complete","value":false,"time":1554914345592},{"prop":"complete","value":true,"time":1554914357085}]},"SScene7":{"complete":true,"$seq":[{"prop":"complete","value":false,"time":1554914360415},{"prop":"complete","value":true,"time":1554914371126}]},"SScene8":{"complete":true,"$seq":[{"prop":"complete","value":false,"time":1554914375303},{"prop":"complete","value":true,"time":1554914433989}]},"SScene9":{"complete":false,"$seq":[{"prop":"complete","value":false,"time":1554914436107},{"prop":"complete","value":true,"time":1554914441912},{"prop":"complete","value":false,"time":1554914443289}]},"SScene10":{"complete":true,"$seq":[{"prop":"complete","value":false,"time":1554914447447},{"prop":"complete","value":true,"time":1554914477716}]},"SScene12":{"complete":true,"$seq":[{"prop":"complete","value":false,"time":1554914479721},{"prop":"complete","value":true,"time":1554914487866}]},"SScene12A":{"complete":false,"$seq":[{"prop":"complete","value":false,"time":1554914489397},{"prop":"complete","value":true,"time":1554914499413},{"prop":"complete","value":false,"time":1554914500331},{"prop":"complete","value":false,"time":1554914503039},{"prop":"complete","value":false,"time":1554914504444},{"prop":"complete","value":false,"time":1554914508512},{"prop":"complete","value":false,"time":1554914509932},{"prop":"complete","value":false,"time":1554914511293},{"prop":"complete","value":false,"time":1554914512587}]},"SScene13":{"complete":false,"$seq":[{"prop":"complete","value":false,"time":1554914514057},{"prop":"complete","value":true,"time":1554914522198},{"prop":"complete","value":false,"time":1554914524325}]},"SScene15":{"complete":true,"$seq":[{"prop":"complete","value":false,"time":1554914535671},{"prop":"complete","value":false,"time":1554914565555},{"prop":"complete","value":false,"time":1554914566937},{"prop":"complete","value":true,"time":1554914570336},{"prop":"complete","value":false,"time":1554914571184},{"prop":"complete","value":false,"time":1554914572322},{"prop":"complete","value":false,"time":1554914573795},{"prop":"complete","value":true,"time":1554914623973}]},"SScene16":{"complete":true,"$seq":[{"prop":"complete","value":false,"time":1554914628735},{"prop":"complete","value":false,"time":1554914639386},{"prop":"complete","value":false,"time":1554914641931},{"prop":"complete","value":true,"time":1554914643986}]},"SScene17":{"complete":false,"$seq":[{"prop":"complete","value":false,"time":1554914647577}]}},"module":{"selectedArea":{"ontologyKey":"S_A1|name","index":1},"selectedTopic":{"ontologyKey":"S_A1_T2|name","index":2},"selectedVariable":{"ontologyKey":"S_A1_T2_V4|name","index":4},"selectedRQ":{"ontologyKey":"S_A1_T2_RQ4"},"AreaSelectedID":"Sarea1|Sselected","AreaButtonID":"Sbutton1","TopicSelectedID":"Stopic2|Sselected","TopicButtonID":"Sbutton2","VariableHighlightID":"SbuttonHL4","VariableClickMaskID":"SclickMask4","RQconfirmation":"UNKNOWN","TEDExptNonTarget":[2,3,4],"TEDExptConfounds":[2,3,4],"TEDExptDifferent":[2,3,4,1],"TEDExptArea":{"ontologyKey":"S_A1","index":1},"TEDExptTopic":{"ontologyKey":"S_A1_T2","index":2},"TEDExptVariable":{"ontologyKey":"S_A1_T2_V1","index":1},"TEDExptRQ":{"ontologyKey":"S_A1_T2_RQ1","index":1},"TEDExptVarNC1":{"ontologyKey":"S_A1_T2_V2","index":2},"TEDExptVarNC2":{"ontologyKey":"S_A1_T2_V3","index":3},"TEDExptVarNC3":{"ontologyKey":"S_A1_T2_V4","index":4},"TEDExptPOSTSequence":[{"ontologyKey":"S_A1_T2_V4","index":4},{"ontologyKey":"S_A1_T2_V1","index":1},{"ontologyKey":"S_A1_T2_V2","index":2},{"ontologyKey":"S_A1_T2_V3","index":3}],"TEDExpt1V1":{"ontologyKey":"S_A1_T2_V1_A","index":1},"TEDExpt2V1":{"ontologyKey":"S_A1_T2_V1_B","index":1},"TEDExpt1V2":{"ontologyKey":"S_A1_T2_V2_A","index":2},"TEDExpt2V2":{"ontologyKey":"S_A1_T2_V2_B","index":2},"TEDExpt1V3":{"ontologyKey":"S_A1_T2_V3_A","index":3},"TEDExpt2V3":{"ontologyKey":"S_A1_T2_V3_B","index":3},"TEDExpt1V4":{"ontologyKey":"S_A1_T2_V4_A","index":4},"TEDExpt2V4":{"ontologyKey":"S_A1_T2_V4_B","index":4},"TEDExptNC1SameDiff":{"ontologyKey":"TED_E1_Q7NC1DIFF","value":"diff","index":2},"TEDExptNC1Confound":{"ontologyKey":"S_A1_T2_V2","index":2},"TEDExptNC2SameDiff":{"ontologyKey":"TED_E1_Q7NC2DIFF","value":"diff","index":3},"TEDExptNC2Confound":{"ontologyKey":"S_A1_T2_V3","index":3},"TEDExptNC3SameDiff":{"ontologyKey":"TED_E1_Q7NC3DIFF","value":"diff","index":4},"TEDExptNC3Confound":{"ontologyKey":"S_A1_T2_V4","index":4},"differentRow":4,"independentVarN":{"row":4,"col":0,"ontologyKey":"S_A1_T2_V4|name","isText":true,"selectedValue":"Amount of CO2","cell":{},"processed":true},"sameRow1":1,"sameRow2":2,"sameRow3":3,"$seq":[{"prop":"selectedArea","value":{"ontologyKey":"S_A1|name","index":1},"time":1554914297354},{"prop":"selectedTopic","value":{"ontologyKey":"S_A1_T2|name","index":2},"time":1554914297354},{"prop":"selectedVariable","value":{"ontologyKey":"S_A1_T2_V4|name","index":4},"time":1554914297354},{"prop":"selectedRQ","value":{"ontologyKey":"S_A1_T2_RQ4"},"time":1554914297354},{"prop":"AreaSelectedID","value":"Sarea1|Sselected","time":1554914297354},{"prop":"AreaButtonID","value":"Sbutton1","time":1554914297354},{"prop":"TopicSelectedID","value":"Stopic2|Sselected","time":1554914297354},{"prop":"TopicButtonID","value":"Sbutton2","time":1554914297354},{"prop":"VariableHighlightID","value":"SbuttonHL4","time":1554914297354},{"prop":"VariableClickMaskID","value":"SclickMask4","time":1554914297354},{"prop":"TEDExptNonTarget","value":[2,3,4],"time":1554914297358},{"prop":"TEDExptConfounds","value":[2,3,4],"time":1554914297359},{"prop":"TEDExptDifferent","value":[2,3,4,1],"time":1554914297359},{"prop":"TEDExptArea","value":{"ontologyKey":"S_A1","index":1},"time":1554914297359},{"prop":"TEDExptTopic","value":{"ontologyKey":"S_A1_T2","index":2},"time":1554914297359},{"prop":"TEDExptVariable","value":{"ontologyKey":"S_A1_T2_V1","index":1},"time":1554914297359},{"prop":"TEDExptRQ","value":{"ontologyKey":"S_A1_T2_RQ1","index":1},"time":1554914297359},{"prop":"TEDExptVarNC1","value":{"ontologyKey":"S_A1_T2_V2","index":2},"time":1554914297359},{"prop":"TEDExptVarNC2","value":{"ontologyKey":"S_A1_T2_V3","index":3},"time":1554914297359},{"prop":"TEDExptVarNC3","value":{"ontologyKey":"S_A1_T2_V4","index":4},"time":1554914297359},{"prop":"TEDExptPOSTSequence","value":[{"ontologyKey":"S_A1_T2_V4","index":4},{"ontologyKey":"S_A1_T2_V1","index":1},{"ontologyKey":"S_A1_T2_V2","index":2},{"ontologyKey":"S_A1_T2_V3","index":3}],"time":1554914297359},{"prop":"TEDExpt1V1","value":{"ontologyKey":"S_A1_T2_V1_A","index":1},"time":1554914297359},{"prop":"TEDExpt2V1","value":{"ontologyKey":"S_A1_T2_V1_A","index":1},"time":1554914297360},{"prop":"TEDExpt1V2","value":{"ontologyKey":"S_A1_T2_V2_A","index":2},"time":1554914297360},{"prop":"TEDExpt2V2","value":{"ontologyKey":"S_A1_T2_V2_A","index":2},"time":1554914297360},{"prop":"TEDExpt1V3","value":{"ontologyKey":"S_A1_T2_V3_A","index":3},"time":1554914297360},{"prop":"TEDExpt2V3","value":{"ontologyKey":"S_A1_T2_V3_A","index":3},"time":1554914297360},{"prop":"TEDExpt1V4","value":{"ontologyKey":"S_A1_T2_V4_A","index":4},"time":1554914297360},{"prop":"TEDExpt2V4","value":{"ontologyKey":"S_A1_T2_V4_A","index":4},"time":1554914297360},{"prop":"TEDExpt2V2","value":{"ontologyKey":"S_A1_T2_V2_B","index":2},"time":1554914297360},{"prop":"TEDExpt2V3","value":{"ontologyKey":"S_A1_T2_V3_B","index":3},"time":1554914297360},{"prop":"TEDExpt2V4","value":{"ontologyKey":"S_A1_T2_V4_B","index":4},"time":1554914297360},{"prop":"TEDExpt2V1","value":{"ontologyKey":"S_A1_T2_V1_B","index":1},"time":1554914297360},{"prop":"TEDExptNC1SameDiff","value":{"ontologyKey":"TED_E1_Q7NC1DIFF","value":"diff","index":2},"time":1554914297360},{"prop":"TEDExptNC1Confound","value":{"ontologyKey":"S_A1_T2_V2","index":2},"time":1554914297360},{"prop":"TEDExptNC2SameDiff","value":{"ontologyKey":"TED_E1_Q7NC2DIFF","value":"diff","index":3},"time":1554914297360},{"prop":"TEDExptNC2Confound","value":{"ontologyKey":"S_A1_T2_V3","index":3},"time":1554914297360},{"prop":"TEDExptNC3SameDiff","value":{"ontologyKey":"TED_E1_Q7NC3DIFF","value":"diff","index":4},"time":1554914297360},{"prop":"TEDExptNC3Confound","value":{"ontologyKey":"S_A1_T2_V4","index":4},"time":1554914297360},{"prop":"Expt1_Q1","value":{"name":"{{$EFO_TED_E1_LISTYN|no}}","ontologyKey":"TED_E1_LISTYN|no","index":2,"value":true,"id":"correct"},"time":1554914441912},{"prop":"Expt1_Q","value":{"name":"{{$EFO_TED_E1_LISTYN|no}}","ontologyKey":"TED_E1_LISTYN|no","index":2,"value":true,"id":"correct"},"time":1554914441912},{"prop":"Expt1_Reason","value":{"name":"{{$EFO_TED_E1_LISTQ23|ans2}}","value":"$EFL_efdata.TED.E1.LISTQ23","ontologyKey":"TED_E1_LISTQ23|yes","index":2,"id":"2"},"time":1554914477716},{"prop":"Expt1_Q4","value":{"name":"{{$EFO_TED_E1_LISTYN|no}}","ontologyKey":"TED_E1_LISTYN|no","index":2,"value":true,"id":"correct"},"time":1554914499413},{"prop":"Imagine1","value":{"name":"{{$EFO_TED_E1_LISTYN|no}}","ontologyKey":"TED_E1_LISTYN|no","index":2,"value":true,"id":"correct"},"time":1554914499413},{"prop":"Imagine1_Reason","value":{"name":"{{$EFO_TED_E1_LISTQ56|ans2}}","value":"$EFL_efdata.TED.E1.LISTQ56","ontologyKey":"TED_E1_LISTQ56|yes","index":2,"id":"2"},"time":1554914522197},{"prop":"FFocus:1","value":{"Row-2 Col-3":"Could cause","Row-3 Col-3":"Could cause","Row-4 Col-3":"Could cause"},"time":1554914535670},{"prop":"TEDFeatureFocus","value":["","Could cause","Could cause","Could cause"],"time":1554914535940},{"prop":"CHG:FFocus:1:Row-2 Col-3","value":"Could cause","time":1554914565555},{"prop":"TEDFeatureFocus","value":["","Could cause","Could cause","Could cause"],"time":1554914565555},{"prop":"CHG:FFocus:1:Row-3 Col-3","value":"Could cause","time":1554914566937},{"prop":"TEDFeatureFocus","value":["","Could cause","Could cause","Could cause"],"time":1554914566937},{"prop":"CHG:FFocus:1:Row-4 Col-3","value":"Could cause","time":1554914570336},{"prop":"TEDFeatureFocus","value":["","Could cause","Could cause","Could cause"],"time":1554914570336},{"prop":"FFocus:1_CorrExp:","value":{"Row-2 Col-2":"Some","Row-3 Col-1":"Rough","Row-4 Col-2":"High"},"time":1554914628735},{"prop":"TEDcorrection","value":3,"time":1554914628932},{"prop":"CHG:FFocus:1_CorrExp::Row-2 Col-2","value":"Some","time":1554914639386},{"prop":"TEDcorrection","value":2,"time":1554914639386},{"prop":"CHG:FFocus:1_CorrExp::Row-3 Col-1","value":"Rough","time":1554914641931},{"prop":"TEDcorrection","value":1,"time":1554914641931},{"prop":"CHG:FFocus:1_CorrExp::Row-4 Col-2","value":"High","time":1554914643986},{"prop":"TEDcorrection","value":0,"time":1554914643986}],"Expt1_Q1":{"name":"{{$EFO_TED_E1_LISTYN|no}}","ontologyKey":"TED_E1_LISTYN|no","index":2,"value":true,"id":"correct"},"Expt1_Q":{"name":"{{$EFO_TED_E1_LISTYN|no}}","ontologyKey":"TED_E1_LISTYN|no","index":2,"value":true,"id":"correct"},"Expt1_Reason":{"name":"{{$EFO_TED_E1_LISTQ23|ans2}}","value":"$EFL_efdata.TED.E1.LISTQ23","ontologyKey":"TED_E1_LISTQ23|yes","index":2,"id":"2"},"Expt1_Q4":{"name":"{{$EFO_TED_E1_LISTYN|no}}","ontologyKey":"TED_E1_LISTYN|no","index":2,"value":true,"id":"correct"},"Imagine1":{"name":"{{$EFO_TED_E1_LISTYN|no}}","ontologyKey":"TED_E1_LISTYN|no","index":2,"value":true,"id":"correct"},"Imagine1_Reason":{"name":"{{$EFO_TED_E1_LISTQ56|ans2}}","value":"$EFL_efdata.TED.E1.LISTQ56","ontologyKey":"TED_E1_LISTQ56|yes","index":2,"id":"2"},"FFocus:1":{"Row-2 Col-3":"Could cause","Row-3 Col-3":"Could cause","Row-4 Col-3":"Could cause"},"TEDFeatureFocus":["","Could cause","Could cause","Could cause"],"CHG:FFocus:1:Row-2 Col-3":"Could cause","CHG:FFocus:1:Row-3 Col-3":"Could cause","CHG:FFocus:1:Row-4 Col-3":"Could cause","FFocus:1_CorrExp:":{"Row-2 Col-2":"Some","Row-3 Col-1":"Rough","Row-4 Col-2":"High"},"TEDcorrection":0,"CHG:FFocus:1_CorrExp::Row-2 Col-2":"Some","CHG:FFocus:1_CorrExp::Row-3 Col-1":"Rough","CHG:FFocus:1_CorrExp::Row-4 Col-2":"High"},"tutor":{"experimentalGroup":{"ontologyKey":"EG_A2"},"$seq":[{"prop":"experimentalGroup.ontologyKey","value":"EG_A2","time":1554914297354}]}}