{
	"SIntro": {
		"tracks": {
			"track1": {
				"en": {
					"html": "{{$EFO_DEDR_INTRO|part1}}",
					"text": "{{$EFO_DEDR_INTRO|part1}}",
					"cueSet": "..............................................",
					"segments": [
						{
							"templateVar": "$EFO_DEDR_INTRO|part1",
							"DEDRINTROpart1": {
								"fileid": "0a",
								"SSML": "You will be shown a series of four different statements, check the box corresponding to the option that must be true according to the given information. You may come back at any point and change your selections prior to submitting your final answers.",
								"cues": [],
								"duration": 12475.166666666666,
								"trim": 0,
								"volume": 1
							}
						}
					],
					"timedSet": [],
					"templates": {
						"$EFO_DEDR_INTRO|part1": {
							"DEDRINTROpart1": "You will be shown a series of four different statements, check the box corresponding to the option that must be true according to the given information. You may come back at any point and change your selections prior to submitting your final answers."
						}
					},
					"trim": [
						0
					],
					"volume": [
						1
					]
				}
			}
		}
	}
}