{"scene":{"SNavigator":{},"SScene1":{"complete":true,"$seq":[{"prop":"complete","value":false,"time":1543847050809},{"prop":"complete","value":true,"time":1543847103265}]},"SScene2":{"AreaSelected":true,"$seq":[{"prop":"AreaSelected","value":false,"time":1543847106720},{"prop":"AreaSelected","value":true,"time":1543847168520},{"prop":"Area Name:physical and chemical changes","time":1543847168521},{"prop":"Area Index:1","time":1543847168521}]},"SScene3":{"TopicSelected":true,"$seq":[{"prop":"TopicSelected","value":false,"time":1543847171505},{"prop":"TopicSelected","value":true,"time":1543847178429},{"prop":"Topic Index:2","time":1543847178431}]},"SScene4":{"complete":true,"$seq":[{"prop":"complete","value":false,"time":1543847178836},{"prop":"complete","value":true,"time":1543847199636}]},"SScene5":{"complete":false,"$seq":[{"prop":"complete","value":false,"time":1543847202598}]}},"module":{"selectedArea":{"ontologyKey":"S_A1|name","index":1},"$seq":[{"prop":"selectedArea","value":{"ontologyKey":"S_A1|name","index":1},"time":1543847050703},{"prop":"selectedTopic","value":{"ontologyKey":"S_A1_T2|name","index":2},"time":1543847050703},{"prop":"selectedVariable","value":{"ontologyKey":"S_A1_T2_V4|name","index":4},"time":1543847050703},{"prop":"selectedRQ","value":{"ontologyKey":"S_A1_T2_RQ4"},"time":1543847050703},{"prop":"AreaSelectedID","value":"Sarea1|Sselected","time":1543847050703},{"prop":"AreaButtonID","value":"Sbutton1","time":1543847050703},{"prop":"TopicSelectedID","value":"Stopic2|Sselected","time":1543847050703},{"prop":"TopicButtonID","value":"Sbutton2","time":1543847050703},{"prop":"VariableHighlightID","value":"SbuttonHL4","time":1543847050703},{"prop":"VariableClickMaskID","value":"SclickMask4","time":1543847050703},{"prop":"selectedArea.ontologyKey","value":"S_A1|name","time":1543847168520},{"prop":"selectedArea.index","value":1,"time":1543847168520},{"prop":"selectedTopic.ontologyKey","value":"S_A1_T2|name","time":1543847178429},{"prop":"selectedTopic.index","value":2,"time":1543847178429}],"selectedTopic":{"ontologyKey":"S_A1_T2|name","index":2},"selectedVariable":{"ontologyKey":"S_A1_T2_V4|name","index":4},"selectedRQ":{"ontologyKey":"S_A1_T2_RQ4"},"AreaSelectedID":"Sarea1|Sselected","AreaButtonID":"Sbutton1","TopicSelectedID":"Stopic2|Sselected","TopicButtonID":"Sbutton2","VariableHighlightID":"SbuttonHL4","VariableClickMaskID":"SclickMask4"},"tutor":{"experimentalGroup":{"ontologyKey":"EG_A2"},"$seq":[{"prop":"experimentalGroup.ontologyKey","value":"EG_A2","time":1543847050703}]}}