{"scene":{"SNavigator":{},"SScene1":{"complete":true,"$seq":[{"prop":"complete","value":false,"time":1543847050809},{"prop":"complete","value":true,"time":1543847103265}]},"SScene2":{"AreaSelected":true,"$seq":[{"prop":"AreaSelected","value":false,"time":1543847106720},{"prop":"AreaSelected","value":true,"time":1543847168520},{"prop":"Area Name:physical and chemical changes","time":1543847168521},{"prop":"Area Index:1","time":1543847168521}]},"SScene3":{"TopicSelected":true,"$seq":[{"prop":"TopicSelected","value":false,"time":1543847171505},{"prop":"TopicSelected","value":true,"time":1543847178429},{"prop":"Topic Index:2","time":1543847178431}]},"SScene4":{"complete":true,"$seq":[{"prop":"complete","value":false,"time":1543847178836},{"prop":"complete","value":true,"time":1543847199636}]},"SScene5":{"complete":true,"$seq":[{"prop":"complete","value":false,"time":1543847202598},{"prop":"complete","value":true,"time":1543847207285}]},"SScene5a":{"complete":true,"$seq":[{"prop":"complete","value":false,"time":1543847214739},{"prop":"complete","value":true,"time":1543847226719}]},"SScene6a":{},"SScene6b":{},"SScene6c":{},"SScene7":{"complete":true,"$seq":[{"prop":"complete","value":false,"time":1543847241306},{"prop":"complete","value":true,"time":1543847263901}]},"SScene8":{"complete":true,"$seq":[{"prop":"complete","value":false,"time":1543847267287},{"prop":"complete","value":true,"time":1543847309612}]},"SScene9":{"RQSelected":true,"$seq":[{"prop":"RQSelected","value":false,"time":1543847310889},{"prop":"RQSelected","value":true,"time":1543847321035},{"prop":"Variable Index:4","time":1543847321035}]},"SScene11":{"RQconfirmed":false,"$seq":[{"prop":"RQconfirmed","value":false,"time":1543847321168}]}},"module":{"selectedArea":{"ontologyKey":"S_A1|name","index":1},"$seq":[{"prop":"selectedArea","value":{"ontologyKey":"S_A1|name","index":1},"time":1543847050703},{"prop":"selectedTopic","value":{"ontologyKey":"S_A1_T2|name","index":2},"time":1543847050703},{"prop":"selectedVariable","value":{"ontologyKey":"S_A1_T2_V4|name","index":4},"time":1543847050703},{"prop":"selectedRQ","value":{"ontologyKey":"S_A1_T2_RQ4"},"time":1543847050703},{"prop":"AreaSelectedID","value":"Sarea1|Sselected","time":1543847050703},{"prop":"AreaButtonID","value":"Sbutton1","time":1543847050703},{"prop":"TopicSelectedID","value":"Stopic2|Sselected","time":1543847050703},{"prop":"TopicButtonID","value":"Sbutton2","time":1543847050703},{"prop":"VariableHighlightID","value":"SbuttonHL4","time":1543847050703},{"prop":"VariableClickMaskID","value":"SclickMask4","time":1543847050703},{"prop":"selectedArea.ontologyKey","value":"S_A1|name","time":1543847168520},{"prop":"selectedArea.index","value":1,"time":1543847168520},{"prop":"selectedTopic.ontologyKey","value":"S_A1_T2|name","time":1543847178429},{"prop":"selectedTopic.index","value":2,"time":1543847178429},{"prop":"selectedVariable.ontologyKey","value":"S_A1_T2_V4|name","time":1543847321035},{"prop":"selectedVariable.index","value":4,"time":1543847321035},{"prop":"selectedRQ","value":{"ontologyKey":"S_A1_T2_RQ4","index":"4"},"time":1543847321035},{"prop":"RQconfirmation","value":"UNKNOWN","time":1543847321169}],"selectedTopic":{"ontologyKey":"S_A1_T2|name","index":2},"selectedVariable":{"ontologyKey":"S_A1_T2_V4|name","index":4},"selectedRQ":{"ontologyKey":"S_A1_T2_RQ4","index":"4"},"AreaSelectedID":"Sarea1|Sselected","AreaButtonID":"Sbutton1","TopicSelectedID":"Stopic2|Sselected","TopicButtonID":"Sbutton2","VariableHighlightID":"SbuttonHL4","VariableClickMaskID":"SclickMask4","RQconfirmation":"UNKNOWN"},"tutor":{"experimentalGroup":{"ontologyKey":"EG_A2"},"$seq":[{"prop":"experimentalGroup.ontologyKey","value":"EG_A2","time":1543847050703}]}}