{"scene":{"SNavigator":{},"SScene1":{"complete":true,"$seq":[{"prop":"complete","value":false,"time":1556197523623},{"prop":"complete","value":true,"time":1556197572779}]},"SScene2":{"AreaSelected":true,"$seq":[{"prop":"AreaSelected","value":false,"time":1556197592839},{"prop":"AreaSelected","value":true,"time":1556197636683},{"prop":"Area Name:physical and chemical changes","time":1556197636685},{"prop":"Area Index:1","time":1556197636685}]},"SScene3":{"TopicSelected":false,"$seq":[{"prop":"TopicSelected","value":false,"time":1556197639245}]}},"module":{"selectedArea":{"ontologyKey":"S_A1|name","index":1},"$seq":[{"prop":"selectedArea.ontologyKey","value":"S_A1|name","time":1556197636683},{"prop":"selectedArea.index","value":1,"time":1556197636683}]},"tutor":{"experimentalGroup":{"ontologyKey":"EG_A1"},"$seq":[{"prop":"experimentalGroup.ontologyKey","value":"EG_A1","time":1556197523513}]}}