{"scene":{"SNavigator":{},"SIntro":{"complete":false,"$seq":[{"prop":"complete","value":false,"time":1557762256065}]},"SScene1":{"complete":true,"$seq":[{"prop":"complete","value":false,"time":1557762270215},{"prop":"Sg1","value":"true","time":1557762291000},{"prop":"DR1:Sg1","value":"ans4","time":1557762291000},{"prop":"complete","value":true,"time":1557762291000},{"prop":"Sg1","value":"true","time":1557762291003},{"prop":"complete","value":true,"time":1557762291003},{"prop":"Sg1","value":"true","time":1557762299744},{"prop":"DR1:Sg1","value":"ans1","time":1557762299744},{"prop":"complete","value":true,"time":1557762299744},{"prop":"Sg1","value":"true","time":1557762299745},{"prop":"complete","value":true,"time":1557762299745}],"Sg1":"true","DR1:Sg1":"ans1"},"SScene2":{"complete":false,"$seq":[{"prop":"complete","value":false,"time":1557762303180}]}},"module":{},"tutor":{}}