{"scene":{"SNavigator":{},"SMatsIntro":{"complete":true,"$seq":[{"prop":"complete","value":false,"time":1557761823026},{"prop":"complete","value":true,"time":1557761836964}]},"SMatsPre1":{"complete":true,"$seq":[{"prop":"complete","value":false,"time":1557761840747},{"prop":"Sg1","value":"true","time":1557761850391},{"prop":"PreTest:Sg1","value":"b4","time":1557761850391},{"prop":"complete","value":false,"time":1557761850391},{"prop":"Sg1","value":"true","time":1557761850393},{"prop":"complete","value":false,"time":1557761850393},{"prop":"Sg2","value":"true","time":1557761860458},{"prop":"PreTest:Sg2","value":"b4","time":1557761860458},{"prop":"complete","value":false,"time":1557761860458},{"prop":"Sg2","value":"true","time":1557761860459},{"prop":"complete","value":false,"time":1557761860459},{"prop":"Sg3","value":"true","time":1557761866999},{"prop":"PreTest:Sg3","value":"b2","time":1557761866999},{"prop":"complete","value":false,"time":1557761866999},{"prop":"Sg3","value":"true","time":1557761866999},{"prop":"complete","value":false,"time":1557761867000},{"prop":"Sg4","value":"true","time":1557761875836},{"prop":"PreTest:Sg4","value":"b5","time":1557761875836},{"prop":"complete","value":true,"time":1557761875836},{"prop":"Sg4","value":"true","time":1557761875836},{"prop":"complete","value":true,"time":1557761875836}],"Sg1":"true","PreTest:Sg1":"b4","Sg2":"true","PreTest:Sg2":"b4","Sg3":"true","PreTest:Sg3":"b2","Sg4":"true","PreTest:Sg4":"b5"},"SMatsPre2":{"complete":true,"$seq":[{"prop":"complete","value":false,"time":1557761878132},{"prop":"Sg1","value":"true","time":1557761884421},{"prop":"PreTest:Sg1","value":"b2","time":1557761884421},{"prop":"complete","value":false,"time":1557761884421},{"prop":"Sg1","value":"true","time":1557761884421},{"prop":"complete","value":false,"time":1557761884421},{"prop":"Sg2","value":"true","time":1557761891105},{"prop":"PreTest:Sg2","value":"b4","time":1557761891105},{"prop":"complete","value":false,"time":1557761891105},{"prop":"Sg2","value":"true","time":1557761891106},{"prop":"complete","value":false,"time":1557761891106},{"prop":"Sg3","value":"true","time":1557761898226},{"prop":"PreTest:Sg3","value":"b4","time":1557761898226},{"prop":"complete","value":false,"time":1557761898226},{"prop":"Sg3","value":"true","time":1557761898226},{"prop":"complete","value":false,"time":1557761898226},{"prop":"Sg4","value":"true","time":1557761906448},{"prop":"PreTest:Sg4","value":"b2","time":1557761906448},{"prop":"complete","value":true,"time":1557761906448},{"prop":"Sg4","value":"true","time":1557761906448},{"prop":"complete","value":true,"time":1557761906448},{"prop":"Sg4","value":"true","time":1557761907404},{"prop":"PreTest:Sg4","value":"b3","time":1557761907404},{"prop":"complete","value":true,"time":1557761907405},{"prop":"Sg4","value":"true","time":1557761907405},{"prop":"complete","value":true,"time":1557761907405}],"Sg1":"true","PreTest:Sg1":"b2","Sg2":"true","PreTest:Sg2":"b4","Sg3":"true","PreTest:Sg3":"b4","Sg4":"true","PreTest:Sg4":"b3"},"SMatsPre3":{"complete":false,"$seq":[{"prop":"complete","value":false,"time":1557761909857}]}},"module":{},"tutor":{}}