{"scene":{"SNavigator":{},"SIntro":{"complete":false,"$seq":[{"prop":"complete","value":false,"time":1554742291749}]},"SScene1":{"complete":true,"$seq":[{"prop":"complete","value":false,"time":1554742306564},{"prop":"Sg1","value":"true","time":1554742352397},{"prop":"DR1:Sg1","value":"ans2","time":1554742352397},{"prop":"complete","value":true,"time":1554742352398},{"prop":"Sg1","value":"true","time":1554742352400},{"prop":"complete","value":true,"time":1554742352400},{"prop":"Sg1","value":"true","time":1554742353529},{"prop":"DR1:Sg1","value":"ans1","time":1554742353529},{"prop":"complete","value":true,"time":1554742353529},{"prop":"Sg1","value":"true","time":1554742353530},{"prop":"complete","value":true,"time":1554742353530},{"prop":"Sg1","value":"true","time":1554742354511},{"prop":"DR1:Sg1","value":"ans2","time":1554742354511},{"prop":"complete","value":true,"time":1554742354511},{"prop":"Sg1","value":"true","time":1554742354511},{"prop":"complete","value":true,"time":1554742354511},{"prop":"Sg1","value":"true","time":1554742359814},{"prop":"DR1:Sg1","value":"ans3","time":1554742359814},{"prop":"complete","value":true,"time":1554742359814},{"prop":"Sg1","value":"true","time":1554742359815},{"prop":"complete","value":true,"time":1554742359815}],"Sg1":"true","DR1:Sg1":"ans3"},"SScene2":{"complete":true,"$seq":[{"prop":"complete","value":false,"time":1554742361413},{"prop":"Sg1","value":"true","time":1554742396838},{"prop":"DR2:Sg1","value":"ans1","time":1554742396838},{"prop":"complete","value":true,"time":1554742396839},{"prop":"Sg1","value":"true","time":1554742396839},{"prop":"complete","value":true,"time":1554742396839}],"Sg1":"true","DR2:Sg1":"ans1"},"SScene3":{"complete":true,"$seq":[{"prop":"complete","value":false,"time":1554742401349},{"prop":"Sg1","value":"true","time":1554742412886},{"prop":"DR3:Sg1","value":"ans3","time":1554742412886},{"prop":"complete","value":true,"time":1554742412886},{"prop":"Sg1","value":"true","time":1554742412886},{"prop":"complete","value":true,"time":1554742412886}],"Sg1":"true","DR3:Sg1":"ans3"},"SScene4":{"complete":true,"$seq":[{"prop":"complete","value":false,"time":1554742413437},{"prop":"Sg1","value":"true","time":1554742415479},{"prop":"DR4:Sg1","value":"ans3","time":1554742415479},{"prop":"complete","value":true,"time":1554742415479},{"prop":"Sg1","value":"true","time":1554742415480},{"prop":"complete","value":true,"time":1554742415480}],"Sg1":"true","DR4:Sg1":"ans3"},"SSubmit":{"complete":false,"$seq":[{"prop":"complete","value":false,"time":1554742416002}]},"SSceneEnd":{"complete":false,"$seq":[{"prop":"complete","value":false,"time":1554742421985}]}},"module":{},"tutor":{}}