{"scene":{"SNavigator":{},"SSceneBL":{"complete":true,"$seq":[{"prop":"complete","value":false,"time":1543844599387},{"prop":"complete","value":true,"time":1543844608157}]},"SScene4":{"complete":true,"$seq":[{"prop":"complete","value":false,"time":1543844608872},{"prop":"complete","value":true,"time":1543844629845}]},"SScene5":{"complete":true,"$seq":[{"prop":"complete","value":false,"time":1543844631590},{"prop":"complete","value":true,"time":1543844636282}]},"SScene5a":{"complete":true,"$seq":[{"prop":"complete","value":false,"time":1543844637319},{"prop":"complete","value":true,"time":1543844649121}]},"SScene6a":{},"SScene6b":{},"SScene6c":{},"SScene7":{"complete":true,"$seq":[{"prop":"complete","value":false,"time":1543844666897},{"prop":"complete","value":true,"time":1543844690078}]},"SScene8":{"complete":true,"$seq":[{"prop":"complete","value":false,"time":1543844696173},{"prop":"complete","value":true,"time":1543844738140}]},"SScene11":{"RQconfirmed":false,"$seq":[{"prop":"RQconfirmed","value":false,"time":1543844740456},{"prop":"complete","value":true,"time":1543844752120}],"complete":true},"SSceneEnd":{},"SScene1":{"rowsComplete":4,"$seq":[{"prop":"rowsComplete","value":0,"time":1543844755389},{"prop":"complete","value":false,"time":1543844755718},{"prop":"currentRow","value":4,"time":1543844761960},{"prop":"correct","value":true,"time":1543844761960},{"prop":"correct","value":false,"time":1543844761972},{"prop":"correct","value":false,"time":1543844767427},{"prop":"correct","value":false,"time":1543844767428},{"prop":"TVSel.col1","value":1,"time":1543844776398},{"prop":"TVSel.col2","value":2,"time":1543844778107},{"prop":"correct","value":true,"time":1543844778108},{"prop":"correct","value":false,"time":1543844778126},{"prop":"rowsComplete","value":1,"time":1543844778129},{"prop":"currentRow","value":0,"time":1543844787930},{"prop":"currentRow","value":1,"time":1543844787930},{"prop":"correct","value":false,"time":1543844787932},{"prop":"VSel.col1","value":null,"time":1543844787932},{"prop":"VSel.col2","value":null,"time":1543844787932},{"prop":"correct","value":false,"time":1543844787933},{"prop":"VSel.col1","value":1,"time":1543844792747},{"prop":"VSel.col2","value":1,"time":1543844796266},{"prop":"correct","value":true,"time":1543844796266},{"prop":"correct","value":false,"time":1543844796324},{"prop":"rowsComplete","value":2,"time":1543844796331},{"prop":"currentRow","value":2,"time":1543844802043},{"prop":"correct","value":false,"time":1543844802046},{"prop":"VSel.col1","value":null,"time":1543844802046},{"prop":"VSel.col2","value":null,"time":1543844802046},{"prop":"correct","value":false,"time":1543844802048},{"prop":"VSel.col2","value":1,"time":1543844805072},{"prop":"VSel.col1","value":1,"time":1543844807635},{"prop":"correct","value":true,"time":1543844807636},{"prop":"correct","value":false,"time":1543844807665},{"prop":"rowsComplete","value":3,"time":1543844807669},{"prop":"currentRow","value":3,"time":1543844813430},{"prop":"correct","value":false,"time":1543844813435},{"prop":"VSel.col1","value":null,"time":1543844813435},{"prop":"VSel.col2","value":null,"time":1543844813435},{"prop":"correct","value":false,"time":1543844813436},{"prop":"VSel.col1","value":1,"time":1543844817192},{"prop":"VSel.col2","value":1,"time":1543844819634},{"prop":"correct","value":true,"time":1543844819634},{"prop":"correct","value":false,"time":1543844819665},{"prop":"rowsComplete","value":4,"time":1543844819668},{"prop":"currentRow","value":5,"time":1543844825439},{"prop":"complete","value":true,"time":1543844825439},{"prop":"correct","value":false,"time":1543844825440}],"complete":true,"currentRow":5,"correct":false,"TVSel":{"col1":1,"col2":2},"VSel":{"col1":1,"col2":1}},"SScene2":{"complete":true,"$seq":[{"prop":"complete","value":false,"time":1543844827329},{"prop":"complete","value":true,"time":1543844850402},{"prop":"correct","value":false,"time":1543844851948}],"correct":false}},"module":{"selectedArea":{"ontologyKey":"S_A1|name","index":1},"selectedTopic":{"ontologyKey":"S_A1_T2|name","index":2},"selectedVariable":{"ontologyKey":"S_A1_T2_V4|name","index":4},"selectedRQ":{"ontologyKey":"S_A1_T2_RQ4"},"AreaSelectedID":"Sarea1|Sselected","AreaButtonID":"Sbutton1","TopicSelectedID":"Stopic2|Sselected","TopicButtonID":"Sbutton2","VariableHighlightID":"SbuttonHL4","VariableClickMaskID":"SclickMask4","RQconfirmation":"UNKNOWN","$seq":[{"prop":"selectedArea","value":{"ontologyKey":"S_A1|name","index":1},"time":1543844755286},{"prop":"selectedTopic","value":{"ontologyKey":"S_A1_T2|name","index":2},"time":1543844755286},{"prop":"selectedVariable","value":{"ontologyKey":"S_A1_T2_V4|name","index":4},"time":1543844755286},{"prop":"selectedRQ","value":{"ontologyKey":"S_A1_T2_RQ4"},"time":1543844755286},{"prop":"AreaSelectedID","value":"Sarea1|Sselected","time":1543844755286},{"prop":"AreaButtonID","value":"Sbutton1","time":1543844755286},{"prop":"TopicSelectedID","value":"Stopic2|Sselected","time":1543844755286},{"prop":"TopicButtonID","value":"Sbutton2","time":1543844755286},{"prop":"VariableHighlightID","value":"SbuttonHL4","time":1543844755286},{"prop":"VariableClickMaskID","value":"SclickMask4","time":1543844755286},{"prop":"TEDExptNonTarget","value":[2,3,4],"time":1543844755289},{"prop":"TEDExptConfounds","value":[2,3,4],"time":1543844755289},{"prop":"TEDExptDifferent","value":[2,3,4,1],"time":1543844755289},{"prop":"TEDExptArea","value":{"ontologyKey":"S_A1","index":1},"time":1543844755289},{"prop":"TEDExptTopic","value":{"ontologyKey":"S_A1_T2","index":2},"time":1543844755289},{"prop":"TEDExptVariable","value":{"ontologyKey":"S_A1_T2_V1","index":1},"time":1543844755289},{"prop":"TEDExptRQ","value":{"ontologyKey":"S_A1_T2_RQ1","index":1},"time":1543844755289},{"prop":"TEDExptVarNC1","value":{"ontologyKey":"S_A1_T2_V2","index":2},"time":1543844755289},{"prop":"TEDExptVarNC2","value":{"ontologyKey":"S_A1_T2_V3","index":3},"time":1543844755289},{"prop":"TEDExptVarNC3","value":{"ontologyKey":"S_A1_T2_V4","index":4},"time":1543844755289},{"prop":"TEDExptPOSTSequence","value":[{"ontologyKey":"S_A1_T2_V4","index":4},{"ontologyKey":"S_A1_T2_V1","index":1},{"ontologyKey":"S_A1_T2_V2","index":2},{"ontologyKey":"S_A1_T2_V3","index":3}],"time":1543844755290},{"prop":"TEDExpt1V1","value":{"ontologyKey":"S_A1_T2_V1_A","index":1},"time":1543844755290},{"prop":"TEDExpt2V1","value":{"ontologyKey":"S_A1_T2_V1_A","index":1},"time":1543844755290},{"prop":"TEDExpt1V2","value":{"ontologyKey":"S_A1_T2_V2_A","index":2},"time":1543844755290},{"prop":"TEDExpt2V2","value":{"ontologyKey":"S_A1_T2_V2_A","index":2},"time":1543844755290},{"prop":"TEDExpt1V3","value":{"ontologyKey":"S_A1_T2_V3_A","index":3},"time":1543844755290},{"prop":"TEDExpt2V3","value":{"ontologyKey":"S_A1_T2_V3_A","index":3},"time":1543844755290},{"prop":"TEDExpt1V4","value":{"ontologyKey":"S_A1_T2_V4_A","index":4},"time":1543844755290},{"prop":"TEDExpt2V4","value":{"ontologyKey":"S_A1_T2_V4_A","index":4},"time":1543844755290},{"prop":"TEDExpt2V2","value":{"ontologyKey":"S_A1_T2_V2_B","index":2},"time":1543844755290},{"prop":"TEDExpt2V3","value":{"ontologyKey":"S_A1_T2_V3_B","index":3},"time":1543844755290},{"prop":"TEDExpt2V4","value":{"ontologyKey":"S_A1_T2_V4_B","index":4},"time":1543844755290},{"prop":"TEDExpt2V1","value":{"ontologyKey":"S_A1_T2_V1_B","index":1},"time":1543844755290},{"prop":"TEDExptNC1SameDiff","value":{"ontologyKey":"TED_E1_Q7NC1DIFF","value":"diff","index":2},"time":1543844755290},{"prop":"TEDExptNC1Confound","value":{"ontologyKey":"S_A1_T2_V2","index":2},"time":1543844755290},{"prop":"TEDExptNC2SameDiff","value":{"ontologyKey":"TED_E1_Q7NC2DIFF","value":"diff","index":3},"time":1543844755290},{"prop":"TEDExptNC2Confound","value":{"ontologyKey":"S_A1_T2_V3","index":3},"time":1543844755290},{"prop":"TEDExptNC3SameDiff","value":{"ontologyKey":"TED_E1_Q7NC3DIFF","value":"diff","index":4},"time":1543844755290},{"prop":"TEDExptNC3Confound","value":{"ontologyKey":"S_A1_T2_V4","index":4},"time":1543844755290},{"prop":"TEDExptNonTarget","value":[2,3,4],"time":1543844755367},{"prop":"TEDExptConfounds","value":[2,3,4],"time":1543844755367},{"prop":"TEDExptDifferent","value":[2,3,4,1],"time":1543844755367},{"prop":"TEDExptArea","value":{"ontologyKey":"S_A1","index":1},"time":1543844755367},{"prop":"TEDExptTopic","value":{"ontologyKey":"S_A1_T2","index":2},"time":1543844755367},{"prop":"TEDExptVariable","value":{"ontologyKey":"S_A1_T2_V1","index":1},"time":1543844755367},{"prop":"TEDExptRQ","value":{"ontologyKey":"S_A1_T2_RQ1","index":1},"time":1543844755367},{"prop":"TEDExptVarNC1","value":{"ontologyKey":"S_A1_T2_V2","index":2},"time":1543844755367},{"prop":"TEDExptVarNC2","value":{"ontologyKey":"S_A1_T2_V3","index":3},"time":1543844755367},{"prop":"TEDExptVarNC3","value":{"ontologyKey":"S_A1_T2_V4","index":4},"time":1543844755367},{"prop":"TEDExptPOSTSequence","value":[{"ontologyKey":"S_A1_T2_V4","index":4},{"ontologyKey":"S_A1_T2_V1","index":1},{"ontologyKey":"S_A1_T2_V2","index":2},{"ontologyKey":"S_A1_T2_V3","index":3}],"time":1543844755367},{"prop":"TEDExpt1V1","value":{"ontologyKey":"S_A1_T2_V1_A","index":1},"time":1543844755367},{"prop":"TEDExpt2V1","value":{"ontologyKey":"S_A1_T2_V1_A","index":1},"time":1543844755367},{"prop":"TEDExpt1V2","value":{"ontologyKey":"S_A1_T2_V2_A","index":2},"time":1543844755367},{"prop":"TEDExpt2V2","value":{"ontologyKey":"S_A1_T2_V2_A","index":2},"time":1543844755367},{"prop":"TEDExpt1V3","value":{"ontologyKey":"S_A1_T2_V3_A","index":3},"time":1543844755367},{"prop":"TEDExpt2V3","value":{"ontologyKey":"S_A1_T2_V3_A","index":3},"time":1543844755367},{"prop":"TEDExpt1V4","value":{"ontologyKey":"S_A1_T2_V4_A","index":4},"time":1543844755367},{"prop":"TEDExpt2V4","value":{"ontologyKey":"S_A1_T2_V4_A","index":4},"time":1543844755367},{"prop":"TEDExpt2V2","value":{"ontologyKey":"S_A1_T2_V2_B","index":2},"time":1543844755367},{"prop":"TEDExpt2V3","value":{"ontologyKey":"S_A1_T2_V3_B","index":3},"time":1543844755367},{"prop":"TEDExpt2V4","value":{"ontologyKey":"S_A1_T2_V4_B","index":4},"time":1543844755367},{"prop":"TEDExpt2V1","value":{"ontologyKey":"S_A1_T2_V1_B","index":1},"time":1543844755367},{"prop":"TEDExptNC1SameDiff","value":{"ontologyKey":"TED_E1_Q7NC1DIFF","value":"diff","index":2},"time":1543844755367},{"prop":"TEDExptNC1Confound","value":{"ontologyKey":"S_A1_T2_V2","index":2},"time":1543844755367},{"prop":"TEDExptNC2SameDiff","value":{"ontologyKey":"TED_E1_Q7NC2DIFF","value":"diff","index":3},"time":1543844755367},{"prop":"TEDExptNC2Confound","value":{"ontologyKey":"S_A1_T2_V3","index":3},"time":1543844755367},{"prop":"TEDExptNC3SameDiff","value":{"ontologyKey":"TED_E1_Q7NC3DIFF","value":"diff","index":4},"time":1543844755367},{"prop":"TEDExptNC3Confound","value":{"ontologyKey":"S_A1_T2_V4","index":4},"time":1543844755367},{"prop":"TEDExptNonTarget","value":[2,3,4],"time":1543844755718},{"prop":"TEDExptConfounds","value":[2,3,4],"time":1543844755718},{"prop":"TEDExptDifferent","value":[2,3,4,1],"time":1543844755718},{"prop":"TEDExptArea","value":{"ontologyKey":"S_A1","index":1},"time":1543844755718},{"prop":"TEDExptTopic","value":{"ontologyKey":"S_A1_T2","index":2},"time":1543844755718},{"prop":"TEDExptVariable","value":{"ontologyKey":"S_A1_T2_V1","index":1},"time":1543844755718},{"prop":"TEDExptRQ","value":{"ontologyKey":"S_A1_T2_RQ1","index":1},"time":1543844755718},{"prop":"TEDExptVarNC1","value":{"ontologyKey":"S_A1_T2_V2","index":2},"time":1543844755718},{"prop":"TEDExptVarNC2","value":{"ontologyKey":"S_A1_T2_V3","index":3},"time":1543844755718},{"prop":"TEDExptVarNC3","value":{"ontologyKey":"S_A1_T2_V4","index":4},"time":1543844755718},{"prop":"TEDExptPOSTSequence","value":[{"ontologyKey":"S_A1_T2_V4","index":4},{"ontologyKey":"S_A1_T2_V1","index":1},{"ontologyKey":"S_A1_T2_V2","index":2},{"ontologyKey":"S_A1_T2_V3","index":3}],"time":1543844755718},{"prop":"TEDExpt1V1","value":{"ontologyKey":"S_A1_T2_V1_A","index":1},"time":1543844755718},{"prop":"TEDExpt2V1","value":{"ontologyKey":"S_A1_T2_V1_A","index":1},"time":1543844755718},{"prop":"TEDExpt1V2","value":{"ontologyKey":"S_A1_T2_V2_A","index":2},"time":1543844755718},{"prop":"TEDExpt2V2","value":{"ontologyKey":"S_A1_T2_V2_A","index":2},"time":1543844755718},{"prop":"TEDExpt1V3","value":{"ontologyKey":"S_A1_T2_V3_A","index":3},"time":1543844755718},{"prop":"TEDExpt2V3","value":{"ontologyKey":"S_A1_T2_V3_A","index":3},"time":1543844755718},{"prop":"TEDExpt1V4","value":{"ontologyKey":"S_A1_T2_V4_A","index":4},"time":1543844755718},{"prop":"TEDExpt2V4","value":{"ontologyKey":"S_A1_T2_V4_A","index":4},"time":1543844755718},{"prop":"TEDExpt2V2","value":{"ontologyKey":"S_A1_T2_V2_B","index":2},"time":1543844755718},{"prop":"TEDExpt2V3","value":{"ontologyKey":"S_A1_T2_V3_B","index":3},"time":1543844755718},{"prop":"TEDExpt2V4","value":{"ontologyKey":"S_A1_T2_V4_B","index":4},"time":1543844755718},{"prop":"TEDExpt2V1","value":{"ontologyKey":"S_A1_T2_V1_B","index":1},"time":1543844755718},{"prop":"TEDExptNC1SameDiff","value":{"ontologyKey":"TED_E1_Q7NC1DIFF","value":"diff","index":2},"time":1543844755718},{"prop":"TEDExptNC1Confound","value":{"ontologyKey":"S_A1_T2_V2","index":2},"time":1543844755718},{"prop":"TEDExptNC2SameDiff","value":{"ontologyKey":"TED_E1_Q7NC2DIFF","value":"diff","index":3},"time":1543844755718},{"prop":"TEDExptNC2Confound","value":{"ontologyKey":"S_A1_T2_V3","index":3},"time":1543844755718},{"prop":"TEDExptNC3SameDiff","value":{"ontologyKey":"TED_E1_Q7NC3DIFF","value":"diff","index":4},"time":1543844755718},{"prop":"TEDExptNC3Confound","value":{"ontologyKey":"S_A1_T2_V4","index":4},"time":1543844755719},{"prop":"differentRow","value":4,"time":1543844778129},{"prop":"independentVarN","value":{"row":1,"col":0,"ontologyKey":"S_A1_T2_V1|name","isText":true,"selectedValue":"Type of Sweetener","cell":{}},"time":1543844787930},{"prop":"sameRow1","value":1,"time":1543844796331},{"prop":"independentVarN","value":{"row":2,"col":0,"ontologyKey":"S_A1_T2_V2|name","isText":true,"selectedValue":"Amount of Caffeine","cell":{}},"time":1543844802043},{"prop":"sameRow2","value":2,"time":1543844807668},{"prop":"independentVarN","value":{"row":3,"col":0,"ontologyKey":"S_A1_T2_V3|name","isText":true,"selectedValue":"Texture of Mint","cell":{}},"time":1543844813430},{"prop":"sameRow3","value":3,"time":1543844819667},{"prop":"independentVarN","value":{"row":4,"col":0,"ontologyKey":"S_A1_T2_V4|name","isText":true,"selectedValue":"Amount of CO2","cell":{},"processed":true},"time":1543844825439}],"TEDExptNonTarget":[2,3,4],"TEDExptConfounds":[2,3,4],"TEDExptDifferent":[2,3,4,1],"TEDExptArea":{"ontologyKey":"S_A1","index":1},"TEDExptTopic":{"ontologyKey":"S_A1_T2","index":2},"TEDExptVariable":{"ontologyKey":"S_A1_T2_V1","index":1},"TEDExptRQ":{"ontologyKey":"S_A1_T2_RQ1","index":1},"TEDExptVarNC1":{"ontologyKey":"S_A1_T2_V2","index":2},"TEDExptVarNC2":{"ontologyKey":"S_A1_T2_V3","index":3},"TEDExptVarNC3":{"ontologyKey":"S_A1_T2_V4","index":4},"TEDExptPOSTSequence":[{"ontologyKey":"S_A1_T2_V4","index":4},{"ontologyKey":"S_A1_T2_V1","index":1},{"ontologyKey":"S_A1_T2_V2","index":2},{"ontologyKey":"S_A1_T2_V3","index":3}],"TEDExpt1V1":{"ontologyKey":"S_A1_T2_V1_A","index":1},"TEDExpt2V1":{"ontologyKey":"S_A1_T2_V1_B","index":1},"TEDExpt1V2":{"ontologyKey":"S_A1_T2_V2_A","index":2},"TEDExpt2V2":{"ontologyKey":"S_A1_T2_V2_B","index":2},"TEDExpt1V3":{"ontologyKey":"S_A1_T2_V3_A","index":3},"TEDExpt2V3":{"ontologyKey":"S_A1_T2_V3_B","index":3},"TEDExpt1V4":{"ontologyKey":"S_A1_T2_V4_A","index":4},"TEDExpt2V4":{"ontologyKey":"S_A1_T2_V4_B","index":4},"TEDExptNC1SameDiff":{"ontologyKey":"TED_E1_Q7NC1DIFF","value":"diff","index":2},"TEDExptNC1Confound":{"ontologyKey":"S_A1_T2_V2","index":2},"TEDExptNC2SameDiff":{"ontologyKey":"TED_E1_Q7NC2DIFF","value":"diff","index":3},"TEDExptNC2Confound":{"ontologyKey":"S_A1_T2_V3","index":3},"TEDExptNC3SameDiff":{"ontologyKey":"TED_E1_Q7NC3DIFF","value":"diff","index":4},"TEDExptNC3Confound":{"ontologyKey":"S_A1_T2_V4","index":4},"differentRow":4,"independentVarN":{"row":4,"col":0,"ontologyKey":"S_A1_T2_V4|name","isText":true,"selectedValue":"Amount of CO2","cell":{},"processed":true},"sameRow1":1,"sameRow2":2,"sameRow3":3},"tutor":{"experimentalGroup":{"ontologyKey":"EG_A3"},"$seq":[{"prop":"experimentalGroup.ontologyKey","value":"EG_A3","time":1543844755286}]}}