{"scene":{"SNavigator":{},"SScene1":{"complete":true,"$seq":[{"prop":"complete","value":false,"time":1543847072598},{"prop":"complete","value":true,"time":1543847125131}]},"SScene2":{"AreaSelected":true,"$seq":[{"prop":"AreaSelected","value":false,"time":1543847129221},{"prop":"AreaSelected","value":true,"time":1543847189720},{"prop":"Area Name:physical and chemical changes","time":1543847189721},{"prop":"Area Index:1","time":1543847189721}]},"SScene3":{"TopicSelected":true,"$seq":[{"prop":"TopicSelected","value":false,"time":1543847192777},{"prop":"TopicSelected","value":true,"time":1543847203290},{"prop":"Topic Index:2","time":1543847203292}]},"SScene4":{"complete":true,"$seq":[{"prop":"complete","value":false,"time":1543847203692},{"prop":"complete","value":true,"time":1543847224512}]},"SScene5":{"complete":true,"$seq":[{"prop":"complete","value":false,"time":1543847227492},{"prop":"complete","value":true,"time":1543847232130}]},"SScene5a":{"complete":true,"$seq":[{"prop":"complete","value":false,"time":1543847233587},{"prop":"complete","value":true,"time":1543847245623}]},"SScene6a":{},"SScene6b":{},"SScene6c":{},"SScene7":{"complete":true,"$seq":[{"prop":"complete","value":false,"time":1543847260038},{"prop":"complete","value":true,"time":1543847282261}]},"SScene8":{"complete":false,"$seq":[{"prop":"complete","value":false,"time":1543847284620}]}},"module":{"selectedArea":{"ontologyKey":"S_A1|name","index":1},"$seq":[{"prop":"selectedArea","value":{"ontologyKey":"S_A1|name","index":1},"time":1543847072491},{"prop":"selectedTopic","value":{"ontologyKey":"S_A1_T2|name","index":2},"time":1543847072491},{"prop":"selectedVariable","value":{"ontologyKey":"S_A1_T2_V4|name","index":4},"time":1543847072491},{"prop":"selectedRQ","value":{"ontologyKey":"S_A1_T2_RQ4"},"time":1543847072491},{"prop":"AreaSelectedID","value":"Sarea1|Sselected","time":1543847072491},{"prop":"AreaButtonID","value":"Sbutton1","time":1543847072491},{"prop":"TopicSelectedID","value":"Stopic2|Sselected","time":1543847072491},{"prop":"TopicButtonID","value":"Sbutton2","time":1543847072491},{"prop":"VariableHighlightID","value":"SbuttonHL4","time":1543847072491},{"prop":"VariableClickMaskID","value":"SclickMask4","time":1543847072491},{"prop":"selectedArea.ontologyKey","value":"S_A1|name","time":1543847189720},{"prop":"selectedArea.index","value":1,"time":1543847189720},{"prop":"selectedTopic.ontologyKey","value":"S_A1_T2|name","time":1543847203290},{"prop":"selectedTopic.index","value":2,"time":1543847203290}],"selectedTopic":{"ontologyKey":"S_A1_T2|name","index":2},"selectedVariable":{"ontologyKey":"S_A1_T2_V4|name","index":4},"selectedRQ":{"ontologyKey":"S_A1_T2_RQ4"},"AreaSelectedID":"Sarea1|Sselected","AreaButtonID":"Sbutton1","TopicSelectedID":"Stopic2|Sselected","TopicButtonID":"Sbutton2","VariableHighlightID":"SbuttonHL4","VariableClickMaskID":"SclickMask4"},"tutor":{"experimentalGroup":{"ontologyKey":"EG_A2"},"$seq":[{"prop":"experimentalGroup.ontologyKey","value":"EG_A2","time":1543847072491}]}}