{"scene":{"SNavigator":{},"SIntro":{"complete":false,"$seq":[{"prop":"complete","value":false,"time":1556124458784}]},"SScene1":{"complete":true,"$seq":[{"prop":"complete","value":false,"time":1556124473690},{"prop":"Sg1","value":"true","time":1556124496513},{"prop":"DR1:Sg1","value":"ans1","time":1556124496513},{"prop":"complete","value":true,"time":1556124496514},{"prop":"Sg1","value":"true","time":1556124496516},{"prop":"complete","value":true,"time":1556124496516}],"Sg1":"true","DR1:Sg1":"ans1"},"SScene2":{"complete":false,"$seq":[{"prop":"complete","value":false,"time":1556124501631}]}},"module":{},"tutor":{}}