{"scene":{"SNavigator":{},"SMatsIntro":{"complete":true,"$seq":[{"prop":"complete","value":false,"time":1554741985316},{"prop":"complete","value":true,"time":1554741999176}]},"SMatsPre1":{"complete":true,"$seq":[{"prop":"complete","value":false,"time":1554742003849},{"prop":"Sg1","value":"true","time":1554742017484},{"prop":"PreTest:Sg1","value":"b2","time":1554742017484},{"prop":"complete","value":false,"time":1554742017484},{"prop":"Sg1","value":"true","time":1554742017485},{"prop":"complete","value":false,"time":1554742017485},{"prop":"Sg1","value":"true","time":1554742018783},{"prop":"PreTest:Sg1","value":"b2","time":1554742018783},{"prop":"complete","value":false,"time":1554742018783},{"prop":"Sg1","value":"true","time":1554742018784},{"prop":"complete","value":false,"time":1554742018784},{"prop":"Sg1","value":"true","time":1554742019396},{"prop":"PreTest:Sg1","value":"b3","time":1554742019396},{"prop":"complete","value":false,"time":1554742019396},{"prop":"Sg1","value":"true","time":1554742019397},{"prop":"complete","value":false,"time":1554742019397},{"prop":"Sg2","value":"true","time":1554742027820},{"prop":"PreTest:Sg2","value":"b2","time":1554742027820},{"prop":"complete","value":false,"time":1554742027820},{"prop":"Sg2","value":"true","time":1554742027820},{"prop":"complete","value":false,"time":1554742027820},{"prop":"Sg3","value":"true","time":1554742031540},{"prop":"PreTest:Sg3","value":"b2","time":1554742031540},{"prop":"complete","value":false,"time":1554742031540},{"prop":"Sg3","value":"true","time":1554742031540},{"prop":"complete","value":false,"time":1554742031540},{"prop":"Sg4","value":"true","time":1554742035980},{"prop":"PreTest:Sg4","value":"b3","time":1554742035980},{"prop":"complete","value":true,"time":1554742035981},{"prop":"Sg4","value":"true","time":1554742035982},{"prop":"complete","value":true,"time":1554742035982}],"Sg1":"true","PreTest:Sg1":"b3","Sg2":"true","PreTest:Sg2":"b2","Sg3":"true","PreTest:Sg3":"b2","Sg4":"true","PreTest:Sg4":"b3"},"SMatsPre2":{"complete":false,"$seq":[{"prop":"complete","value":false,"time":1554742037184}]}},"module":{},"tutor":{}}