{"scene":{"SNavigator":{},"SMatsIntro":{"complete":true,"$seq":[{"prop":"complete","value":false,"time":1554741985316},{"prop":"complete","value":true,"time":1554741999176}]},"SMatsPre1":{"complete":true,"$seq":[{"prop":"complete","value":false,"time":1554742003849},{"prop":"Sg1","value":"true","time":1554742017484},{"prop":"PreTest:Sg1","value":"b2","time":1554742017484},{"prop":"complete","value":false,"time":1554742017484},{"prop":"Sg1","value":"true","time":1554742017485},{"prop":"complete","value":false,"time":1554742017485},{"prop":"Sg1","value":"true","time":1554742018783},{"prop":"PreTest:Sg1","value":"b2","time":1554742018783},{"prop":"complete","value":false,"time":1554742018783},{"prop":"Sg1","value":"true","time":1554742018784},{"prop":"complete","value":false,"time":1554742018784},{"prop":"Sg1","value":"true","time":1554742019396},{"prop":"PreTest:Sg1","value":"b3","time":1554742019396},{"prop":"complete","value":false,"time":1554742019396},{"prop":"Sg1","value":"true","time":1554742019397},{"prop":"complete","value":false,"time":1554742019397},{"prop":"Sg2","value":"true","time":1554742027820},{"prop":"PreTest:Sg2","value":"b2","time":1554742027820},{"prop":"complete","value":false,"time":1554742027820},{"prop":"Sg2","value":"true","time":1554742027820},{"prop":"complete","value":false,"time":1554742027820},{"prop":"Sg3","value":"true","time":1554742031540},{"prop":"PreTest:Sg3","value":"b2","time":1554742031540},{"prop":"complete","value":false,"time":1554742031540},{"prop":"Sg3","value":"true","time":1554742031540},{"prop":"complete","value":false,"time":1554742031540},{"prop":"Sg4","value":"true","time":1554742035980},{"prop":"PreTest:Sg4","value":"b3","time":1554742035980},{"prop":"complete","value":true,"time":1554742035981},{"prop":"Sg4","value":"true","time":1554742035982},{"prop":"complete","value":true,"time":1554742035982}],"Sg1":"true","PreTest:Sg1":"b3","Sg2":"true","PreTest:Sg2":"b2","Sg3":"true","PreTest:Sg3":"b2","Sg4":"true","PreTest:Sg4":"b3"},"SMatsPre2":{"complete":true,"$seq":[{"prop":"complete","value":false,"time":1554742037184},{"prop":"Sg1","value":"true","time":1554742047396},{"prop":"PreTest:Sg1","value":"b5","time":1554742047396},{"prop":"complete","value":false,"time":1554742047396},{"prop":"Sg1","value":"true","time":1554742047397},{"prop":"complete","value":false,"time":1554742047397},{"prop":"Sg2","value":"true","time":1554742050982},{"prop":"PreTest:Sg2","value":"b2","time":1554742050982},{"prop":"complete","value":false,"time":1554742050982},{"prop":"Sg2","value":"true","time":1554742050982},{"prop":"complete","value":false,"time":1554742050982},{"prop":"Sg2","value":"true","time":1554742054365},{"prop":"PreTest:Sg2","value":"b1","time":1554742054365},{"prop":"complete","value":false,"time":1554742054365},{"prop":"Sg2","value":"true","time":1554742054365},{"prop":"complete","value":false,"time":1554742054365},{"prop":"Sg2","value":"true","time":1554742054501},{"prop":"PreTest:Sg2","value":"b1","time":1554742054501},{"prop":"complete","value":false,"time":1554742054501},{"prop":"Sg2","value":"true","time":1554742054501},{"prop":"complete","value":false,"time":1554742054501},{"prop":"Sg3","value":"true","time":1554742070262},{"prop":"PreTest:Sg3","value":"b3","time":1554742070262},{"prop":"complete","value":false,"time":1554742070262},{"prop":"Sg3","value":"true","time":1554742070262},{"prop":"complete","value":false,"time":1554742070262},{"prop":"Sg4","value":"true","time":1554742090589},{"prop":"PreTest:Sg4","value":"b2","time":1554742090589},{"prop":"complete","value":true,"time":1554742090589},{"prop":"Sg4","value":"true","time":1554742090589},{"prop":"complete","value":true,"time":1554742090589}],"Sg1":"true","PreTest:Sg1":"b5","Sg2":"true","PreTest:Sg2":"b1","Sg3":"true","PreTest:Sg3":"b3","Sg4":"true","PreTest:Sg4":"b2"},"SMatsPre3":{"complete":true,"$seq":[{"prop":"complete","value":false,"time":1554742091617},{"prop":"Sg1","value":"true","time":1554742094983},{"prop":"PreTest:Sg1","value":"b3","time":1554742094983},{"prop":"complete","value":false,"time":1554742094983},{"prop":"Sg1","value":"true","time":1554742094984},{"prop":"complete","value":false,"time":1554742094984},{"prop":"Sg1","value":"true","time":1554742096956},{"prop":"PreTest:Sg1","value":"b2","time":1554742096956},{"prop":"complete","value":false,"time":1554742096956},{"prop":"Sg1","value":"true","time":1554742096956},{"prop":"complete","value":false,"time":1554742096956},{"prop":"Sg2","value":"true","time":1554742100952},{"prop":"PreTest:Sg2","value":"b4","time":1554742100952},{"prop":"complete","value":false,"time":1554742100952},{"prop":"Sg2","value":"true","time":1554742100953},{"prop":"complete","value":false,"time":1554742100953},{"prop":"Sg3","value":"true","time":1554742108562},{"prop":"PreTest:Sg3","value":"b4","time":1554742108562},{"prop":"complete","value":false,"time":1554742108562},{"prop":"Sg3","value":"true","time":1554742108562},{"prop":"complete","value":false,"time":1554742108562},{"prop":"Sg4","value":"true","time":1554742111391},{"prop":"PreTest:Sg4","value":"b3","time":1554742111391},{"prop":"complete","value":true,"time":1554742111391},{"prop":"Sg4","value":"true","time":1554742111391},{"prop":"complete","value":true,"time":1554742111391}],"Sg1":"true","PreTest:Sg1":"b2","Sg2":"true","PreTest:Sg2":"b4","Sg3":"true","PreTest:Sg3":"b4","Sg4":"true","PreTest:Sg4":"b3"},"SMatsPre4":{"complete":true,"$seq":[{"prop":"complete","value":false,"time":1554742112169},{"prop":"Sg1","value":"true","time":1554742121743},{"prop":"PreTest:Sg1","value":"b4","time":1554742121743},{"prop":"complete","value":false,"time":1554742121743},{"prop":"Sg1","value":"true","time":1554742121743},{"prop":"complete","value":false,"time":1554742121743},{"prop":"Sg2","value":"true","time":1554742136192},{"prop":"PreTest:Sg2","value":"b3","time":1554742136192},{"prop":"complete","value":true,"time":1554742136192},{"prop":"prompted","value":true,"time":1554742136192},{"prop":"Sg2","value":"true","time":1554742136193},{"prop":"complete","value":true,"time":1554742136193},{"prop":"complete","value":true,"time":1554742141060}],"Sg1":"true","PreTest:Sg1":"b4","Sg2":"true","PreTest:Sg2":"b3","prompted":true},"SSceneEnd":{"complete":false,"$seq":[{"prop":"complete","value":false,"time":1554742141164}]}},"module":{},"tutor":{}}