{"scene":{"SNavigator":{},"SScene1":{"complete":true,"$seq":[{"prop":"complete","value":false,"time":1543842452656},{"prop":"complete","value":true,"time":1543842504647}]},"SScene2":{"AreaSelected":true,"$seq":[{"prop":"AreaSelected","value":false,"time":1543842508154},{"prop":"AreaSelected","value":true,"time":1543842569559},{"prop":"Area Name:plant reproduction","time":1543842569561},{"prop":"Area Index:4","time":1543842569561}]},"SScene3":{"TopicSelected":true,"$seq":[{"prop":"TopicSelected","value":false,"time":1543842572604},{"prop":"TopicSelected","value":true,"time":1543842581644},{"prop":"Topic Index:1","time":1543842581646}]},"SScene4":{"complete":true,"$seq":[{"prop":"complete","value":false,"time":1543842581972},{"prop":"complete","value":true,"time":1543842603146}]},"SScene5":{"complete":false,"$seq":[{"prop":"complete","value":false,"time":1543842606445}]}},"module":{"selectedArea":{"ontologyKey":"S_A4|name","index":4},"$seq":[{"prop":"selectedArea","value":{"ontologyKey":"S_A4|name","index":4},"time":1543842452546},{"prop":"selectedTopic","value":{"ontologyKey":"S_A4_T1|name","index":1},"time":1543842452546},{"prop":"selectedVariable","value":{"ontologyKey":"S_A4_T1_V1|name","index":1},"time":1543842452546},{"prop":"selectedRQ","value":{"ontologyKey":"S_A4_T1_RQ1"},"time":1543842452546},{"prop":"AreaSelectedID","value":"Sarea4|Sselected","time":1543842452546},{"prop":"AreaButtonID","value":"Sbutton4","time":1543842452546},{"prop":"TopicSelectedID","value":"Stopic1|Sselected","time":1543842452546},{"prop":"TopicButtonID","value":"Sbutton1","time":1543842452546},{"prop":"VariableHighlightID","value":"SbuttonHL1","time":1543842452546},{"prop":"VariableClickMaskID","value":"SclickMask1","time":1543842452546},{"prop":"selectedArea.ontologyKey","value":"S_A4|name","time":1543842569559},{"prop":"selectedArea.index","value":4,"time":1543842569560},{"prop":"selectedTopic.ontologyKey","value":"S_A4_T1|name","time":1543842581644},{"prop":"selectedTopic.index","value":1,"time":1543842581644}],"selectedTopic":{"ontologyKey":"S_A4_T1|name","index":1},"selectedVariable":{"ontologyKey":"S_A4_T1_V1|name","index":1},"selectedRQ":{"ontologyKey":"S_A4_T1_RQ1"},"AreaSelectedID":"Sarea4|Sselected","AreaButtonID":"Sbutton4","TopicSelectedID":"Stopic1|Sselected","TopicButtonID":"Sbutton1","VariableHighlightID":"SbuttonHL1","VariableClickMaskID":"SclickMask1"},"tutor":{"experimentalGroup":{"ontologyKey":"EG_A2"},"$seq":[{"prop":"experimentalGroup.ontologyKey","value":"EG_A2","time":1543842452546}]}}