{"scene":{"SNavigator":{},"SScene1":{"rowsComplete":4,"$seq":[{"prop":"rowsComplete","value":0,"time":1556213986597},{"prop":"complete","value":false,"time":1556213986912},{"prop":"currentRow","value":4,"time":1556213992222},{"prop":"correct","value":true,"time":1556213992223},{"prop":"correct","value":false,"time":1556213992236},{"prop":"correct","value":false,"time":1556213997727},{"prop":"correct","value":false,"time":1556213997729},{"prop":"TVSel.col1","value":1,"time":1556214010421},{"prop":"TVSel.col2","value":2,"time":1556214011785},{"prop":"correct","value":true,"time":1556214011785},{"prop":"correct","value":false,"time":1556214011856},{"prop":"rowsComplete","value":1,"time":1556214011861},{"prop":"currentRow","value":0,"time":1556214021328},{"prop":"currentRow","value":1,"time":1556214021329},{"prop":"correct","value":false,"time":1556214021329},{"prop":"VSel.col1","value":null,"time":1556214021329},{"prop":"VSel.col2","value":null,"time":1556214021329},{"prop":"correct","value":false,"time":1556214021330},{"prop":"VSel.col1","value":2,"time":1556214026848},{"prop":"VSel.col2","value":1,"time":1556214028414},{"prop":"correct","value":false,"time":1556214028414},{"prop":"correct","value":false,"time":1556214028447},{"prop":"VSel.col1","value":1,"time":1556214033654},{"prop":"correct","value":true,"time":1556214033654},{"prop":"correct","value":false,"time":1556214033690},{"prop":"rowsComplete","value":2,"time":1556214033693},{"prop":"currentRow","value":2,"time":1556214039325},{"prop":"correct","value":false,"time":1556214039327},{"prop":"VSel.col1","value":null,"time":1556214039327},{"prop":"VSel.col2","value":null,"time":1556214039327},{"prop":"correct","value":false,"time":1556214039329},{"prop":"VSel.col1","value":1,"time":1556214042433},{"prop":"VSel.col2","value":1,"time":1556214044160},{"prop":"correct","value":true,"time":1556214044160},{"prop":"correct","value":false,"time":1556214044199},{"prop":"rowsComplete","value":3,"time":1556214044201},{"prop":"currentRow","value":3,"time":1556214049778},{"prop":"correct","value":false,"time":1556214049781},{"prop":"VSel.col1","value":null,"time":1556214049781},{"prop":"VSel.col2","value":null,"time":1556214049781},{"prop":"correct","value":false,"time":1556214049782},{"prop":"VSel.col1","value":2,"time":1556214051466},{"prop":"VSel.col2","value":2,"time":1556214053205},{"prop":"correct","value":true,"time":1556214053206},{"prop":"correct","value":false,"time":1556214053221},{"prop":"rowsComplete","value":4,"time":1556214053222},{"prop":"currentRow","value":5,"time":1556214058765},{"prop":"complete","value":true,"time":1556214058765},{"prop":"correct","value":false,"time":1556214058766}],"complete":true,"currentRow":5,"correct":false,"TVSel":{"col1":1,"col2":2},"VSel":{"col1":2,"col2":2}},"SScene2":{"complete":true,"$seq":[{"prop":"complete","value":false,"time":1556214059400},{"prop":"complete","value":true,"time":1556214079101},{"prop":"correct","value":false,"time":1556214080441}],"correct":false},"SScene3":{"complete":true,"$seq":[{"prop":"complete","value":false,"time":1556214080519},{"prop":"complete","value":true,"time":1556214087973}]},"SScene4":{"complete":true,"$seq":[{"prop":"complete","value":false,"time":1556214089004},{"prop":"complete","value":true,"time":1556214101199}]},"SScene5":{"complete":true,"$seq":[{"prop":"complete","value":false,"time":1556214105840},{"prop":"complete","value":true,"time":1556214111751}]},"SScene6":{"complete":true,"$seq":[{"prop":"complete","value":false,"time":1556214112517},{"prop":"complete","value":true,"time":1556214124377}]},"SScene7":{"complete":true,"$seq":[{"prop":"complete","value":false,"time":1556214397028},{"prop":"complete","value":true,"time":1556214406169}]},"SScene8":{"complete":true,"$seq":[{"prop":"complete","value":false,"time":1556214408345},{"prop":"complete","value":true,"time":1556214453622}]},"SScene9":{"complete":false,"$seq":[{"prop":"complete","value":false,"time":1556214454986},{"prop":"complete","value":true,"time":1556214461150},{"prop":"complete","value":false,"time":1556214463319}]},"SScene10":{"complete":true,"$seq":[{"prop":"complete","value":false,"time":1556214197906},{"prop":"complete","value":true,"time":1556214205815}]},"SScene12":{"complete":true,"$seq":[{"prop":"complete","value":false,"time":1556214477601},{"prop":"complete","value":true,"time":1556214485005}]},"SScene12A":{"complete":false,"$seq":[{"prop":"complete","value":false,"time":1556214486881},{"prop":"complete","value":true,"time":1556214496524},{"prop":"complete","value":false,"time":1556214497924}]},"SScene13":{"complete":false,"$seq":[{"prop":"complete","value":false,"time":1556214508724},{"prop":"complete","value":true,"time":1556214528650},{"prop":"complete","value":false,"time":1556214529559}]},"SScene15":{"complete":true,"$seq":[{"prop":"complete","value":false,"time":1556214540709},{"prop":"complete","value":false,"time":1556214579045},{"prop":"complete","value":false,"time":1556214580363},{"prop":"complete","value":true,"time":1556214583554},{"prop":"complete","value":false,"time":1556214584124},{"prop":"complete","value":true,"time":1556214623970}]},"SScene16":{"complete":true,"$seq":[{"prop":"complete","value":false,"time":1556214628405},{"prop":"complete","value":true,"time":1556214634989}]},"SScene17":{"complete":true,"$seq":[{"prop":"complete","value":false,"time":1556214637033},{"prop":"complete","value":true,"time":1556214641569},{"prop":"complete","value":true,"time":1556214641569},{"prop":"complete","value":false,"time":1556214643302},{"prop":"complete","value":true,"time":1556214672539}]},"SScene11":{"complete":true,"$seq":[{"prop":"complete","value":false,"time":1556214467441},{"prop":"complete","value":true,"time":1556214475513}]},"SScene18":{"complete":true,"$seq":[{"prop":"complete","value":false,"time":1556214674331},{"prop":"complete","value":true,"time":1556214679840}]},"SScene19":{"complete":true,"$seq":[{"prop":"complete","value":false,"time":1556214791779},{"prop":"complete","value":false,"time":1556214796833},{"prop":"complete","value":false,"time":1556214797890},{"prop":"complete","value":false,"time":1556214798895},{"prop":"complete","value":false,"time":1556214800021},{"prop":"complete","value":false,"time":1556214801291},{"prop":"complete","value":false,"time":1556214802177},{"prop":"complete","value":false,"time":1556214803121},{"prop":"complete","value":false,"time":1556214804305},{"prop":"complete","value":true,"time":1556214805479}]},"SScene20":{"complete":true,"$seq":[{"prop":"complete","value":false,"time":1556214806321},{"prop":"complete","value":true,"time":1556214810765}]},"SScene21":{"complete":true,"$seq":[{"prop":"complete","value":false,"time":1556214811405},{"prop":"complete","value":true,"time":1556214832165}]},"SSceneEnd":{}},"module":{"selectedArea":{"ontologyKey":"S_A1|name","index":1},"selectedTopic":{"ontologyKey":"S_A1_T2|name","index":2},"selectedVariable":{"ontologyKey":"S_A1_T2_V4|name","index":4},"selectedRQ":{"ontologyKey":"S_A1_T2_RQ4"},"AreaSelectedID":"Sarea1|Sselected","AreaButtonID":"Sbutton1","TopicSelectedID":"Stopic2|Sselected","TopicButtonID":"Sbutton2","VariableHighlightID":"SbuttonHL4","VariableClickMaskID":"SclickMask4","RQconfirmation":"UNKNOWN","$seq":[{"prop":"selectedArea","value":{"ontologyKey":"S_A1|name","index":1},"time":1556213986494},{"prop":"selectedTopic","value":{"ontologyKey":"S_A1_T2|name","index":2},"time":1556213986494},{"prop":"selectedVariable","value":{"ontologyKey":"S_A1_T2_V4|name","index":4},"time":1556213986494},{"prop":"selectedRQ","value":{"ontologyKey":"S_A1_T2_RQ4"},"time":1556213986494},{"prop":"AreaSelectedID","value":"Sarea1|Sselected","time":1556213986494},{"prop":"AreaButtonID","value":"Sbutton1","time":1556213986494},{"prop":"TopicSelectedID","value":"Stopic2|Sselected","time":1556213986494},{"prop":"TopicButtonID","value":"Sbutton2","time":1556213986494},{"prop":"VariableHighlightID","value":"SbuttonHL4","time":1556213986494},{"prop":"VariableClickMaskID","value":"SclickMask4","time":1556213986494},{"prop":"TEDExptNonTarget","value":[2,3,4],"time":1556213986499},{"prop":"TEDExptConfounds","value":[2,3,4],"time":1556213986499},{"prop":"TEDExptDifferent","value":[2,3,4,1],"time":1556213986499},{"prop":"TEDExptArea","value":{"ontologyKey":"S_A1","index":1},"time":1556213986499},{"prop":"TEDExptTopic","value":{"ontologyKey":"S_A1_T2","index":2},"time":1556213986499},{"prop":"TEDExptVariable","value":{"ontologyKey":"S_A1_T2_V1","index":1},"time":1556213986499},{"prop":"TEDExptRQ","value":{"ontologyKey":"S_A1_T2_RQ1","index":1},"time":1556213986499},{"prop":"TEDExptVarNC1","value":{"ontologyKey":"S_A1_T2_V2","index":2},"time":1556213986499},{"prop":"TEDExptVarNC2","value":{"ontologyKey":"S_A1_T2_V3","index":3},"time":1556213986499},{"prop":"TEDExptVarNC3","value":{"ontologyKey":"S_A1_T2_V4","index":4},"time":1556213986499},{"prop":"TEDExptPOSTSequence","value":[{"ontologyKey":"S_A1_T2_V4","index":4},{"ontologyKey":"S_A1_T2_V1","index":1},{"ontologyKey":"S_A1_T2_V2","index":2},{"ontologyKey":"S_A1_T2_V3","index":3}],"time":1556213986499},{"prop":"TEDExpt1V1","value":{"ontologyKey":"S_A1_T2_V1_A","index":1},"time":1556213986499},{"prop":"TEDExpt2V1","value":{"ontologyKey":"S_A1_T2_V1_A","index":1},"time":1556213986499},{"prop":"TEDExpt1V2","value":{"ontologyKey":"S_A1_T2_V2_A","index":2},"time":1556213986499},{"prop":"TEDExpt2V2","value":{"ontologyKey":"S_A1_T2_V2_A","index":2},"time":1556213986499},{"prop":"TEDExpt1V3","value":{"ontologyKey":"S_A1_T2_V3_A","index":3},"time":1556213986499},{"prop":"TEDExpt2V3","value":{"ontologyKey":"S_A1_T2_V3_A","index":3},"time":1556213986499},{"prop":"TEDExpt1V4","value":{"ontologyKey":"S_A1_T2_V4_A","index":4},"time":1556213986499},{"prop":"TEDExpt2V4","value":{"ontologyKey":"S_A1_T2_V4_A","index":4},"time":1556213986499},{"prop":"TEDExpt2V2","value":{"ontologyKey":"S_A1_T2_V2_B","index":2},"time":1556213986499},{"prop":"TEDExpt2V3","value":{"ontologyKey":"S_A1_T2_V3_B","index":3},"time":1556213986499},{"prop":"TEDExpt2V4","value":{"ontologyKey":"S_A1_T2_V4_B","index":4},"time":1556213986499},{"prop":"TEDExpt2V1","value":{"ontologyKey":"S_A1_T2_V1_B","index":1},"time":1556213986499},{"prop":"TEDExptNC1SameDiff","value":{"ontologyKey":"TED_E1_Q7NC1DIFF","value":"diff","index":2},"time":1556213986499},{"prop":"TEDExptNC1Confound","value":{"ontologyKey":"S_A1_T2_V2","index":2},"time":1556213986499},{"prop":"TEDExptNC2SameDiff","value":{"ontologyKey":"TED_E1_Q7NC2DIFF","value":"diff","index":3},"time":1556213986499},{"prop":"TEDExptNC2Confound","value":{"ontologyKey":"S_A1_T2_V3","index":3},"time":1556213986499},{"prop":"TEDExptNC3SameDiff","value":{"ontologyKey":"TED_E1_Q7NC3DIFF","value":"diff","index":4},"time":1556213986499},{"prop":"TEDExptNC3Confound","value":{"ontologyKey":"S_A1_T2_V4","index":4},"time":1556213986499},{"prop":"TEDExptNonTarget","value":[2,3,4],"time":1556213986567},{"prop":"TEDExptConfounds","value":[2,3,4],"time":1556213986567},{"prop":"TEDExptDifferent","value":[2,3,4,1],"time":1556213986567},{"prop":"TEDExptArea","value":{"ontologyKey":"S_A1","index":1},"time":1556213986567},{"prop":"TEDExptTopic","value":{"ontologyKey":"S_A1_T2","index":2},"time":1556213986567},{"prop":"TEDExptVariable","value":{"ontologyKey":"S_A1_T2_V1","index":1},"time":1556213986567},{"prop":"TEDExptRQ","value":{"ontologyKey":"S_A1_T2_RQ1","index":1},"time":1556213986567},{"prop":"TEDExptVarNC1","value":{"ontologyKey":"S_A1_T2_V2","index":2},"time":1556213986567},{"prop":"TEDExptVarNC2","value":{"ontologyKey":"S_A1_T2_V3","index":3},"time":1556213986567},{"prop":"TEDExptVarNC3","value":{"ontologyKey":"S_A1_T2_V4","index":4},"time":1556213986567},{"prop":"TEDExptPOSTSequence","value":[{"ontologyKey":"S_A1_T2_V4","index":4},{"ontologyKey":"S_A1_T2_V1","index":1},{"ontologyKey":"S_A1_T2_V2","index":2},{"ontologyKey":"S_A1_T2_V3","index":3}],"time":1556213986567},{"prop":"TEDExpt1V1","value":{"ontologyKey":"S_A1_T2_V1_A","index":1},"time":1556213986567},{"prop":"TEDExpt2V1","value":{"ontologyKey":"S_A1_T2_V1_A","index":1},"time":1556213986567},{"prop":"TEDExpt1V2","value":{"ontologyKey":"S_A1_T2_V2_A","index":2},"time":1556213986567},{"prop":"TEDExpt2V2","value":{"ontologyKey":"S_A1_T2_V2_A","index":2},"time":1556213986567},{"prop":"TEDExpt1V3","value":{"ontologyKey":"S_A1_T2_V3_A","index":3},"time":1556213986567},{"prop":"TEDExpt2V3","value":{"ontologyKey":"S_A1_T2_V3_A","index":3},"time":1556213986567},{"prop":"TEDExpt1V4","value":{"ontologyKey":"S_A1_T2_V4_A","index":4},"time":1556213986567},{"prop":"TEDExpt2V4","value":{"ontologyKey":"S_A1_T2_V4_A","index":4},"time":1556213986567},{"prop":"TEDExpt2V2","value":{"ontologyKey":"S_A1_T2_V2_B","index":2},"time":1556213986567},{"prop":"TEDExpt2V3","value":{"ontologyKey":"S_A1_T2_V3_B","index":3},"time":1556213986567},{"prop":"TEDExpt2V4","value":{"ontologyKey":"S_A1_T2_V4_B","index":4},"time":1556213986567},{"prop":"TEDExpt2V1","value":{"ontologyKey":"S_A1_T2_V1_B","index":1},"time":1556213986567},{"prop":"TEDExptNC1SameDiff","value":{"ontologyKey":"TED_E1_Q7NC1DIFF","value":"diff","index":2},"time":1556213986567},{"prop":"TEDExptNC1Confound","value":{"ontologyKey":"S_A1_T2_V2","index":2},"time":1556213986567},{"prop":"TEDExptNC2SameDiff","value":{"ontologyKey":"TED_E1_Q7NC2DIFF","value":"diff","index":3},"time":1556213986567},{"prop":"TEDExptNC2Confound","value":{"ontologyKey":"S_A1_T2_V3","index":3},"time":1556213986567},{"prop":"TEDExptNC3SameDiff","value":{"ontologyKey":"TED_E1_Q7NC3DIFF","value":"diff","index":4},"time":1556213986567},{"prop":"TEDExptNC3Confound","value":{"ontologyKey":"S_A1_T2_V4","index":4},"time":1556213986567},{"prop":"TEDExptNonTarget","value":[2,3,4],"time":1556213986912},{"prop":"TEDExptConfounds","value":[2,3,4],"time":1556213986912},{"prop":"TEDExptDifferent","value":[2,3,4,1],"time":1556213986912},{"prop":"TEDExptArea","value":{"ontologyKey":"S_A1","index":1},"time":1556213986912},{"prop":"TEDExptTopic","value":{"ontologyKey":"S_A1_T2","index":2},"time":1556213986912},{"prop":"TEDExptVariable","value":{"ontologyKey":"S_A1_T2_V1","index":1},"time":1556213986912},{"prop":"TEDExptRQ","value":{"ontologyKey":"S_A1_T2_RQ1","index":1},"time":1556213986912},{"prop":"TEDExptVarNC1","value":{"ontologyKey":"S_A1_T2_V2","index":2},"time":1556213986912},{"prop":"TEDExptVarNC2","value":{"ontologyKey":"S_A1_T2_V3","index":3},"time":1556213986912},{"prop":"TEDExptVarNC3","value":{"ontologyKey":"S_A1_T2_V4","index":4},"time":1556213986912},{"prop":"TEDExptPOSTSequence","value":[{"ontologyKey":"S_A1_T2_V4","index":4},{"ontologyKey":"S_A1_T2_V1","index":1},{"ontologyKey":"S_A1_T2_V2","index":2},{"ontologyKey":"S_A1_T2_V3","index":3}],"time":1556213986912},{"prop":"TEDExpt1V1","value":{"ontologyKey":"S_A1_T2_V1_A","index":1},"time":1556213986912},{"prop":"TEDExpt2V1","value":{"ontologyKey":"S_A1_T2_V1_A","index":1},"time":1556213986912},{"prop":"TEDExpt1V2","value":{"ontologyKey":"S_A1_T2_V2_A","index":2},"time":1556213986912},{"prop":"TEDExpt2V2","value":{"ontologyKey":"S_A1_T2_V2_A","index":2},"time":1556213986912},{"prop":"TEDExpt1V3","value":{"ontologyKey":"S_A1_T2_V3_A","index":3},"time":1556213986912},{"prop":"TEDExpt2V3","value":{"ontologyKey":"S_A1_T2_V3_A","index":3},"time":1556213986912},{"prop":"TEDExpt1V4","value":{"ontologyKey":"S_A1_T2_V4_A","index":4},"time":1556213986912},{"prop":"TEDExpt2V4","value":{"ontologyKey":"S_A1_T2_V4_A","index":4},"time":1556213986912},{"prop":"TEDExpt2V2","value":{"ontologyKey":"S_A1_T2_V2_B","index":2},"time":1556213986912},{"prop":"TEDExpt2V3","value":{"ontologyKey":"S_A1_T2_V3_B","index":3},"time":1556213986912},{"prop":"TEDExpt2V4","value":{"ontologyKey":"S_A1_T2_V4_B","index":4},"time":1556213986912},{"prop":"TEDExpt2V1","value":{"ontologyKey":"S_A1_T2_V1_B","index":1},"time":1556213986912},{"prop":"TEDExptNC1SameDiff","value":{"ontologyKey":"TED_E1_Q7NC1DIFF","value":"diff","index":2},"time":1556213986912},{"prop":"TEDExptNC1Confound","value":{"ontologyKey":"S_A1_T2_V2","index":2},"time":1556213986913},{"prop":"TEDExptNC2SameDiff","value":{"ontologyKey":"TED_E1_Q7NC2DIFF","value":"diff","index":3},"time":1556213986913},{"prop":"TEDExptNC2Confound","value":{"ontologyKey":"S_A1_T2_V3","index":3},"time":1556213986913},{"prop":"TEDExptNC3SameDiff","value":{"ontologyKey":"TED_E1_Q7NC3DIFF","value":"diff","index":4},"time":1556213986913},{"prop":"TEDExptNC3Confound","value":{"ontologyKey":"S_A1_T2_V4","index":4},"time":1556213986913},{"prop":"differentRow","value":4,"time":1556214011861},{"prop":"independentVarN","value":{"row":1,"col":0,"ontologyKey":"S_A1_T2_V1|name","isText":true,"selectedValue":"Type of Sweetener","cell":{}},"time":1556214021329},{"prop":"sameRow1","value":1,"time":1556214033693},{"prop":"independentVarN","value":{"row":2,"col":0,"ontologyKey":"S_A1_T2_V2|name","isText":true,"selectedValue":"Amount of Caffeine","cell":{}},"time":1556214039325},{"prop":"sameRow2","value":2,"time":1556214044201},{"prop":"independentVarN","value":{"row":3,"col":0,"ontologyKey":"S_A1_T2_V3|name","isText":true,"selectedValue":"Texture of Mint","cell":{}},"time":1556214049779},{"prop":"sameRow3","value":3,"time":1556214053222},{"prop":"independentVarN","value":{"row":4,"col":0,"ontologyKey":"S_A1_T2_V4|name","isText":true,"selectedValue":"Amount of CO2","cell":{},"processed":true},"time":1556214058765},{"prop":"Expt1_Q1","value":{"name":"{{$EFO_TED_E1_LISTYN|no}}","ontologyKey":"TED_E1_LISTYN|no","index":2,"value":true,"id":"correct"},"time":1556214191679},{"prop":"Expt1_Q","value":{"name":"{{$EFO_TED_E1_LISTYN|no}}","ontologyKey":"TED_E1_LISTYN|no","index":2,"value":true,"id":"correct"},"time":1556214191679},{"prop":"Expt1_Reason","value":{"name":"{{$EFO_TED_E1_LISTQ23|ans2}}","value":"$EFL_efdata.TED.E1.LISTQ23","ontologyKey":"TED_E1_LISTQ23|yes","index":2,"id":"2"},"time":1556214205815},{"prop":"Expt1_Q4","value":{"name":"{{$EFO_TED_E1_LISTYN|no}}","ontologyKey":"TED_E1_LISTYN|no","index":2,"value":true,"id":"correct"},"time":1556214224674},{"prop":"Imagine1","value":{"name":"{{$EFO_TED_E1_LISTYN|no}}","ontologyKey":"TED_E1_LISTYN|no","index":2,"value":true,"id":"correct"},"time":1556214224674},{"prop":"Imagine1_Reason","value":{"name":"{{$EFO_TED_E1_LISTQ56|ans2}}","value":"$EFL_efdata.TED.E1.LISTQ56","ontologyKey":"TED_E1_LISTQ56|yes","index":2,"id":"2"},"time":1556214246036},{"prop":"FFocus:1","value":{"Row-2 Col-3":"Could cause","Row-3 Col-3":"Could cause","Row-4 Col-3":"Could cause"},"time":1556214258438},{"prop":"TEDFeatureFocus","value":["","Could cause","Could cause","Could cause"],"time":1556214258802},{"prop":"CHG:FFocus:1:Row-2 Col-3","value":"Could cause","time":1556214285056},{"prop":"TEDFeatureFocus","value":["","Could cause","Could cause","Could cause"],"time":1556214285056},{"prop":"CHG:FFocus:1:Row-3 Col-3","value":"Could cause","time":1556214287549},{"prop":"TEDFeatureFocus","value":["","Could cause","Could cause","Could cause"],"time":1556214287549},{"prop":"CHG:FFocus:1:Row-4 Col-3","value":"Could cause","time":1556214289003},{"prop":"TEDFeatureFocus","value":["","Could cause","Could cause","Could cause"],"time":1556214289003},{"prop":"FFocus:1_CorrExp:","value":{"Row-3 Col-2":"Smooth","Row-2 Col-2":"Some","Row-4 Col-2":"High"},"time":1556214335765},{"prop":"TEDcorrection","value":3,"time":1556214336125},{"prop":"CHG:FFocus:1_CorrExp::Row-3 Col-2","value":"Smooth","time":1556214346723},{"prop":"TEDcorrection","value":2,"time":1556214346724},{"prop":"CHG:FFocus:1_CorrExp::Row-2 Col-2","value":"Some","time":1556214348324},{"prop":"TEDcorrection","value":1,"time":1556214348324},{"prop":"CHG:FFocus:1_CorrExp::Row-4 Col-2","value":"High","time":1556214350469},{"prop":"TEDcorrection","value":0,"time":1556214350470},{"prop":"FFocus:1_Explain:","value":{"name":"{{$EFO_TED_E1_LISTQ9|ans2}}","value":"$EFL_efdata.TED.E1.LISTQ9","ontologyKey":"TED_E1_LISTQ9|yes","index":2,"id":"2"},"time":1556214363163},{"prop":"TEDExptNonTarget","value":[1,3,4],"time":1556214397012},{"prop":"TEDExptConfounds","value":[1],"time":1556214397013},{"prop":"TEDExptDifferent","value":[1,2],"time":1556214397013},{"prop":"TEDExptArea","value":{"ontologyKey":"S_A1","index":1},"time":1556214397013},{"prop":"TEDExptTopic","value":{"ontologyKey":"S_A1_T2","index":2},"time":1556214397013},{"prop":"TEDExptVariable","value":{"ontologyKey":"S_A1_T2_V2","index":2},"time":1556214397013},{"prop":"TEDExptRQ","value":{"ontologyKey":"S_A1_T2_RQ2","index":2},"time":1556214397013},{"prop":"TEDExptVarNC1","value":{"ontologyKey":"S_A1_T2_V1","index":1},"time":1556214397013},{"prop":"TEDExptVarNC2","value":{"ontologyKey":"S_A1_T2_V3","index":3},"time":1556214397013},{"prop":"TEDExptVarNC3","value":{"ontologyKey":"S_A1_T2_V4","index":4},"time":1556214397013},{"prop":"TEDExptPOSTSequence","value":[],"time":1556214397013},{"prop":"TEDExpt1V1","value":{"ontologyKey":"S_A1_T2_V1_A","index":1},"time":1556214397013},{"prop":"TEDExpt2V1","value":{"ontologyKey":"S_A1_T2_V1_A","index":1},"time":1556214397013},{"prop":"TEDExpt1V2","value":{"ontologyKey":"S_A1_T2_V2_A","index":2},"time":1556214397013},{"prop":"TEDExpt2V2","value":{"ontologyKey":"S_A1_T2_V2_A","index":2},"time":1556214397013},{"prop":"TEDExpt1V3","value":{"ontologyKey":"S_A1_T2_V3_A","index":3},"time":1556214397013},{"prop":"TEDExpt2V3","value":{"ontologyKey":"S_A1_T2_V3_A","index":3},"time":1556214397014},{"prop":"TEDExpt1V4","value":{"ontologyKey":"S_A1_T2_V4_A","index":4},"time":1556214397014},{"prop":"TEDExpt2V4","value":{"ontologyKey":"S_A1_T2_V4_A","index":4},"time":1556214397014},{"prop":"TEDExpt2V1","value":{"ontologyKey":"S_A1_T2_V1_B","index":1},"time":1556214397014},{"prop":"TEDExpt2V2","value":{"ontologyKey":"S_A1_T2_V2_B","index":2},"time":1556214397014},{"prop":"TEDExptNC1SameDiff","value":{"ontologyKey":"TED_E1_Q7NC1DIFF","value":"diff","index":1},"time":1556214397014},{"prop":"TEDExptNC1Confound","value":{"ontologyKey":"S_A1_T2_V1","index":1},"time":1556214397014},{"prop":"TEDExptNC2SameDiff","value":{"ontologyKey":"TED_E1_Q7NC2SAME","value":"same","index":3},"time":1556214397014},{"prop":"TEDExptNC3SameDiff","value":{"ontologyKey":"TED_E1_Q7NC3SAME","value":"same","index":4},"time":1556214397014},{"prop":"Expt1_Q1","value":{"name":"{{$EFO_TED_E1_LISTYN|yes}}","ontologyKey":"TED_E1_LISTYN|yes","index":1,"value":false,"id":"incorrect"},"time":1556214461150},{"prop":"Expt2_Q","value":{"name":"{{$EFO_TED_E1_LISTYN|yes}}","ontologyKey":"TED_E1_LISTYN|yes","index":1,"value":false,"id":"incorrect"},"time":1556214461150},{"prop":"Expt2_Reason","value":{"name":"{{$EFO_TED_E1_LISTQ23|ans1}}","value":"$EFL_efdata.TED.E1.LISTQ23","ontologyKey":"TED_E1_LISTQ23|yes","index":1,"id":"1"},"time":1556214475513},{"prop":"Expt1_Q4","value":{"name":"{{$EFO_TED_E1_LISTYN|no}}","ontologyKey":"TED_E1_LISTYN|no","index":2,"value":true,"id":"correct"},"time":1556214496524},{"prop":"Imagine2","value":{"name":"{{$EFO_TED_E1_LISTYN|no}}","ontologyKey":"TED_E1_LISTYN|no","index":2,"value":true,"id":"correct"},"time":1556214496524},{"prop":"Imagine2_Reason","value":{"name":"{{$EFO_TED_E1_LISTQ56|ans4}}","value":"$EFL_efdata.TED.E1.LISTQ56","ontologyKey":"TED_E1_LISTQ56|yes","index":4,"id":"4"},"time":1556214528650},{"prop":"FFocus:2","value":{"Row-1 Col-3":"Could cause","Row-3 Col-3":"Could cause","Row-4 Col-3":"Could cause"},"time":1556214540709},{"prop":"TEDFeatureFocus","value":["Could cause","","Could cause","Could cause"],"time":1556214541060},{"prop":"CHG:FFocus:2:Row-1 Col-3","value":"Could cause","time":1556214579045},{"prop":"TEDFeatureFocus","value":["Could cause","","Could cause","Could cause"],"time":1556214579045},{"prop":"CHG:FFocus:2:Row-3 Col-3","value":"Could cause","time":1556214580363},{"prop":"TEDFeatureFocus","value":["Could cause","","Could cause","Could cause"],"time":1556214580363},{"prop":"CHG:FFocus:2:Row-4 Col-3","value":"Could cause","time":1556214583554},{"prop":"TEDFeatureFocus","value":["Could cause","","Could cause","Could cause"],"time":1556214583554},{"prop":"FFocus:2_CorrExp:","value":{"Row-1 Col-2":"Sugar"},"time":1556214628405},{"prop":"TEDcorrection","value":1,"time":1556214628724},{"prop":"CHG:FFocus:2_CorrExp::Row-1 Col-2","value":"Sugar","time":1556214634988},{"prop":"TEDcorrection","value":0,"time":1556214634988},{"prop":"FFocus:2_Explain:","value":{"name":"{{$EFO_TED_E1_LISTQ9|ans2}}","value":"$EFL_efdata.TED.E1.LISTQ9","ontologyKey":"TED_E1_LISTQ9|yes","index":2,"id":"2"},"time":1556214641569},{"prop":"TEDExptPOSTTV","value":{"ontologyKey":"S_A1_T2_V4","index":4},"time":1556214691961},{"prop":"POSTQ:1","value":{"Row-1 Col-1":"Sugar","Row-1 Col-2":"Sugar","Row-2 Col-1":"Some","Row-2 Col-2":"Some","Row-3 Col-1":"Rough","Row-3 Col-2":"Rough","Row-4 Col-1":"High","Row-4 Col-2":"Low"},"time":1556214691962},{"prop":"CHG:POSTQ:1:Row-1 Col-1","value":"Sugar","time":1556214701298},{"prop":"CHG:POSTQ:1:Row-1 Col-2","value":"Sugar","time":1556214702746},{"prop":"CHG:POSTQ:1:Row-2 Col-1","value":"Some","time":1556214704173},{"prop":"CHG:POSTQ:1:Row-2 Col-2","value":"Some","time":1556214705550},{"prop":"CHG:POSTQ:1:Row-3 Col-1","value":"Smooth","time":1556214706981},{"prop":"CHG:POSTQ:1:Row-3 Col-1","value":"Rough","time":1556214708398},{"prop":"CHG:POSTQ:1:Row-3 Col-2","value":"Rough","time":1556214709709},{"prop":"CHG:POSTQ:1:Row-4 Col-1","value":"High","time":1556214710924},{"prop":"CHG:POSTQ:1:Row-4 Col-2","value":"High","time":1556214714760},{"prop":"CHG:POSTQ:1:Row-4 Col-2","value":"Low","time":1556214716424},{"prop":"POSTQ:1_Reason:","value":{"name":"{{$EFO_TED_E1_LISTPOST|ans4}}","value":"$EFL_efdata.TED.E1.LISTPOST","ontologyKey":"TED_E1_LISTPOST|yes","index":4,"id":"4"},"time":1556214724100},{"prop":"TEDExptPOSTTV","value":{"ontologyKey":"S_A1_T2_V1","index":1},"time":1556214725276},{"prop":"POSTQ:2","value":{"Row-1 Col-1":"Aspartame","Row-1 Col-2":"Sugar","Row-2 Col-1":"Some","Row-2 Col-2":"Some","Row-3 Col-1":"Smooth","Row-3 Col-2":"Smooth","Row-4 Col-1":"High","Row-4 Col-2":"High"},"time":1556214725276},{"prop":"CHG:POSTQ:2:Row-1 Col-1","value":"Aspartame","time":1556214736112},{"prop":"CHG:POSTQ:2:Row-1 Col-2","value":"Sugar","time":1556214737587},{"prop":"CHG:POSTQ:2:Row-2 Col-1","value":"Some","time":1556214738584},{"prop":"CHG:POSTQ:2:Row-2 Col-2","value":"Some","time":1556214739609},{"prop":"CHG:POSTQ:2:Row-3 Col-1","value":"Smooth","time":1556214740553},{"prop":"CHG:POSTQ:2:Row-3 Col-2","value":"Smooth","time":1556214742232},{"prop":"CHG:POSTQ:2:Row-4 Col-1","value":"High","time":1556214743259},{"prop":"CHG:POSTQ:2:Row-4 Col-2","value":"High","time":1556214745731},{"prop":"POSTQ:2_Reason:","value":{"name":"{{$EFO_TED_E1_LISTPOST|ans4}}","value":"$EFL_efdata.TED.E1.LISTPOST","ontologyKey":"TED_E1_LISTPOST|yes","index":4,"id":"4"},"time":1556214754554},{"prop":"TEDExptPOSTTV","value":{"ontologyKey":"S_A1_T2_V2","index":2},"time":1556214756381},{"prop":"POSTQ:3","value":{"Row-2 Col-1":"Some","Row-2 Col-2":"None","Row-1 Col-2":"Aspartame","Row-1 Col-1":"Aspartame","Row-3 Col-1":"Smooth","Row-3 Col-2":"Smooth","Row-4 Col-1":"High","Row-4 Col-2":"High"},"time":1556214756381},{"prop":"CHG:POSTQ:3:Row-2 Col-1","value":"Some","time":1556214764181},{"prop":"CHG:POSTQ:3:Row-2 Col-2","value":"None","time":1556214765371},{"prop":"CHG:POSTQ:3:Row-1 Col-2","value":"Aspartame","time":1556214766386},{"prop":"CHG:POSTQ:3:Row-1 Col-1","value":"Aspartame","time":1556214768198},{"prop":"CHG:POSTQ:3:Row-3 Col-1","value":"Smooth","time":1556214769483},{"prop":"CHG:POSTQ:3:Row-3 Col-2","value":"Smooth","time":1556214771097},{"prop":"CHG:POSTQ:3:Row-4 Col-1","value":"High","time":1556214772358},{"prop":"CHG:POSTQ:3:Row-4 Col-2","value":"High","time":1556214773542},{"prop":"POSTQ:3_Reason:","value":{"name":"{{$EFO_TED_E1_LISTPOST|ans4}}","value":"$EFL_efdata.TED.E1.LISTPOST","ontologyKey":"TED_E1_LISTPOST|yes","index":4,"id":"4"},"time":1556214790472},{"prop":"TEDExptPOSTTV","value":{"ontologyKey":"S_A1_T2_V3","index":3},"time":1556214791758},{"prop":"POSTQ:4","value":{"Row-3 Col-1":"Rough","Row-3 Col-2":"Smooth","Row-1 Col-1":"Sugar","Row-1 Col-2":"Sugar","Row-2 Col-1":"Some","Row-2 Col-2":"Some","Row-4 Col-1":"High","Row-4 Col-2":"High"},"time":1556214791758},{"prop":"CHG:POSTQ:4:Row-3 Col-1","value":"Rough","time":1556214796833},{"prop":"CHG:POSTQ:4:Row-3 Col-2","value":"Smooth","time":1556214797890},{"prop":"CHG:POSTQ:4:Row-1 Col-1","value":"Sugar","time":1556214798895},{"prop":"CHG:POSTQ:4:Row-1 Col-2","value":"Aspartame","time":1556214800021},{"prop":"CHG:POSTQ:4:Row-1 Col-2","value":"Sugar","time":1556214801291},{"prop":"CHG:POSTQ:4:Row-2 Col-1","value":"Some","time":1556214802177},{"prop":"CHG:POSTQ:4:Row-2 Col-2","value":"Some","time":1556214803121},{"prop":"CHG:POSTQ:4:Row-4 Col-1","value":"High","time":1556214804305},{"prop":"CHG:POSTQ:4:Row-4 Col-2","value":"High","time":1556214805479},{"prop":"POSTQ:4_Reason:","value":{"name":"{{$EFO_TED_E1_LISTPOST|ans4}}","value":"$EFL_efdata.TED.E1.LISTPOST","ontologyKey":"TED_E1_LISTPOST|yes","index":4,"id":"4"},"time":1556214810765}],"TEDExptNonTarget":[1,3,4],"TEDExptConfounds":[1],"TEDExptDifferent":[1,2],"TEDExptArea":{"ontologyKey":"S_A1","index":1},"TEDExptTopic":{"ontologyKey":"S_A1_T2","index":2},"TEDExptVariable":{"ontologyKey":"S_A1_T2_V2","index":2},"TEDExptRQ":{"ontologyKey":"S_A1_T2_RQ2","index":2},"TEDExptVarNC1":{"ontologyKey":"S_A1_T2_V1","index":1},"TEDExptVarNC2":{"ontologyKey":"S_A1_T2_V3","index":3},"TEDExptVarNC3":{"ontologyKey":"S_A1_T2_V4","index":4},"TEDExptPOSTSequence":[],"TEDExpt1V1":{"ontologyKey":"S_A1_T2_V1_A","index":1},"TEDExpt2V1":{"ontologyKey":"S_A1_T2_V1_B","index":1},"TEDExpt1V2":{"ontologyKey":"S_A1_T2_V2_A","index":2},"TEDExpt2V2":{"ontologyKey":"S_A1_T2_V2_B","index":2},"TEDExpt1V3":{"ontologyKey":"S_A1_T2_V3_A","index":3},"TEDExpt2V3":{"ontologyKey":"S_A1_T2_V3_A","index":3},"TEDExpt1V4":{"ontologyKey":"S_A1_T2_V4_A","index":4},"TEDExpt2V4":{"ontologyKey":"S_A1_T2_V4_A","index":4},"TEDExptNC1SameDiff":{"ontologyKey":"TED_E1_Q7NC1DIFF","value":"diff","index":1},"TEDExptNC1Confound":{"ontologyKey":"S_A1_T2_V1","index":1},"TEDExptNC2SameDiff":{"ontologyKey":"TED_E1_Q7NC2SAME","value":"same","index":3},"TEDExptNC2Confound":{"ontologyKey":"S_A1_T2_V3","index":3},"TEDExptNC3SameDiff":{"ontologyKey":"TED_E1_Q7NC3SAME","value":"same","index":4},"TEDExptNC3Confound":{"ontologyKey":"S_A1_T2_V4","index":4},"differentRow":4,"independentVarN":{"row":4,"col":0,"ontologyKey":"S_A1_T2_V4|name","isText":true,"selectedValue":"Amount of CO2","cell":{},"processed":true},"sameRow1":1,"sameRow2":2,"sameRow3":3,"Expt1_Q1":{"name":"{{$EFO_TED_E1_LISTYN|yes}}","ontologyKey":"TED_E1_LISTYN|yes","index":1,"value":false,"id":"incorrect"},"Expt1_Q":{"name":"{{$EFO_TED_E1_LISTYN|no}}","ontologyKey":"TED_E1_LISTYN|no","index":2,"value":true,"id":"correct"},"Expt1_Reason":{"name":"{{$EFO_TED_E1_LISTQ23|ans2}}","value":"$EFL_efdata.TED.E1.LISTQ23","ontologyKey":"TED_E1_LISTQ23|yes","index":2,"id":"2"},"Expt1_Q4":{"name":"{{$EFO_TED_E1_LISTYN|no}}","ontologyKey":"TED_E1_LISTYN|no","index":2,"value":true,"id":"correct"},"Imagine1":{"name":"{{$EFO_TED_E1_LISTYN|no}}","ontologyKey":"TED_E1_LISTYN|no","index":2,"value":true,"id":"correct"},"Imagine1_Reason":{"name":"{{$EFO_TED_E1_LISTQ56|ans2}}","value":"$EFL_efdata.TED.E1.LISTQ56","ontologyKey":"TED_E1_LISTQ56|yes","index":2,"id":"2"},"FFocus:1":{"Row-2 Col-3":"Could cause","Row-3 Col-3":"Could cause","Row-4 Col-3":"Could cause"},"TEDFeatureFocus":["Could cause","","Could cause","Could cause"],"CHG:FFocus:1:Row-2 Col-3":"Could cause","CHG:FFocus:1:Row-3 Col-3":"Could cause","CHG:FFocus:1:Row-4 Col-3":"Could cause","FFocus:1_CorrExp:":{"Row-3 Col-2":"Smooth","Row-2 Col-2":"Some","Row-4 Col-2":"High"},"TEDcorrection":0,"CHG:FFocus:1_CorrExp::Row-3 Col-2":"Smooth","CHG:FFocus:1_CorrExp::Row-2 Col-2":"Some","CHG:FFocus:1_CorrExp::Row-4 Col-2":"High","FFocus:1_Explain:":{"name":"{{$EFO_TED_E1_LISTQ9|ans2}}","value":"$EFL_efdata.TED.E1.LISTQ9","ontologyKey":"TED_E1_LISTQ9|yes","index":2,"id":"2"},"Expt2_Q":{"name":"{{$EFO_TED_E1_LISTYN|yes}}","ontologyKey":"TED_E1_LISTYN|yes","index":1,"value":false,"id":"incorrect"},"Expt2_Reason":{"name":"{{$EFO_TED_E1_LISTQ23|ans1}}","value":"$EFL_efdata.TED.E1.LISTQ23","ontologyKey":"TED_E1_LISTQ23|yes","index":1,"id":"1"},"Imagine2":{"name":"{{$EFO_TED_E1_LISTYN|no}}","ontologyKey":"TED_E1_LISTYN|no","index":2,"value":true,"id":"correct"},"Imagine2_Reason":{"name":"{{$EFO_TED_E1_LISTQ56|ans4}}","value":"$EFL_efdata.TED.E1.LISTQ56","ontologyKey":"TED_E1_LISTQ56|yes","index":4,"id":"4"},"FFocus:2":{"Row-1 Col-3":"Could cause","Row-3 Col-3":"Could cause","Row-4 Col-3":"Could cause"},"CHG:FFocus:2:Row-1 Col-3":"Could cause","CHG:FFocus:2:Row-3 Col-3":"Could cause","CHG:FFocus:2:Row-4 Col-3":"Could cause","FFocus:2_CorrExp:":{"Row-1 Col-2":"Sugar"},"CHG:FFocus:2_CorrExp::Row-1 Col-2":"Sugar","FFocus:2_Explain:":{"name":"{{$EFO_TED_E1_LISTQ9|ans2}}","value":"$EFL_efdata.TED.E1.LISTQ9","ontologyKey":"TED_E1_LISTQ9|yes","index":2,"id":"2"},"TEDExptPOSTTV":{"ontologyKey":"S_A1_T2_V3","index":3},"POSTQ:1":{"Row-1 Col-1":"Sugar","Row-1 Col-2":"Sugar","Row-2 Col-1":"Some","Row-2 Col-2":"Some","Row-3 Col-1":"Rough","Row-3 Col-2":"Rough","Row-4 Col-1":"High","Row-4 Col-2":"Low"},"CHG:POSTQ:1:Row-1 Col-1":"Sugar","CHG:POSTQ:1:Row-1 Col-2":"Sugar","CHG:POSTQ:1:Row-2 Col-1":"Some","CHG:POSTQ:1:Row-2 Col-2":"Some","CHG:POSTQ:1:Row-3 Col-1":"Rough","CHG:POSTQ:1:Row-3 Col-2":"Rough","CHG:POSTQ:1:Row-4 Col-1":"High","CHG:POSTQ:1:Row-4 Col-2":"Low","POSTQ:1_Reason:":{"name":"{{$EFO_TED_E1_LISTPOST|ans4}}","value":"$EFL_efdata.TED.E1.LISTPOST","ontologyKey":"TED_E1_LISTPOST|yes","index":4,"id":"4"},"POSTQ:2":{"Row-1 Col-1":"Aspartame","Row-1 Col-2":"Sugar","Row-2 Col-1":"Some","Row-2 Col-2":"Some","Row-3 Col-1":"Smooth","Row-3 Col-2":"Smooth","Row-4 Col-1":"High","Row-4 Col-2":"High"},"CHG:POSTQ:2:Row-1 Col-1":"Aspartame","CHG:POSTQ:2:Row-1 Col-2":"Sugar","CHG:POSTQ:2:Row-2 Col-1":"Some","CHG:POSTQ:2:Row-2 Col-2":"Some","CHG:POSTQ:2:Row-3 Col-1":"Smooth","CHG:POSTQ:2:Row-3 Col-2":"Smooth","CHG:POSTQ:2:Row-4 Col-1":"High","CHG:POSTQ:2:Row-4 Col-2":"High","POSTQ:2_Reason:":{"name":"{{$EFO_TED_E1_LISTPOST|ans4}}","value":"$EFL_efdata.TED.E1.LISTPOST","ontologyKey":"TED_E1_LISTPOST|yes","index":4,"id":"4"},"POSTQ:3":{"Row-2 Col-1":"Some","Row-2 Col-2":"None","Row-1 Col-2":"Aspartame","Row-1 Col-1":"Aspartame","Row-3 Col-1":"Smooth","Row-3 Col-2":"Smooth","Row-4 Col-1":"High","Row-4 Col-2":"High"},"CHG:POSTQ:3:Row-2 Col-1":"Some","CHG:POSTQ:3:Row-2 Col-2":"None","CHG:POSTQ:3:Row-1 Col-2":"Aspartame","CHG:POSTQ:3:Row-1 Col-1":"Aspartame","CHG:POSTQ:3:Row-3 Col-1":"Smooth","CHG:POSTQ:3:Row-3 Col-2":"Smooth","CHG:POSTQ:3:Row-4 Col-1":"High","CHG:POSTQ:3:Row-4 Col-2":"High","POSTQ:3_Reason:":{"name":"{{$EFO_TED_E1_LISTPOST|ans4}}","value":"$EFL_efdata.TED.E1.LISTPOST","ontologyKey":"TED_E1_LISTPOST|yes","index":4,"id":"4"},"POSTQ:4":{"Row-3 Col-1":"Rough","Row-3 Col-2":"Smooth","Row-1 Col-1":"Sugar","Row-1 Col-2":"Sugar","Row-2 Col-1":"Some","Row-2 Col-2":"Some","Row-4 Col-1":"High","Row-4 Col-2":"High"},"CHG:POSTQ:4:Row-3 Col-1":"Rough","CHG:POSTQ:4:Row-3 Col-2":"Smooth","CHG:POSTQ:4:Row-1 Col-1":"Sugar","CHG:POSTQ:4:Row-1 Col-2":"Sugar","CHG:POSTQ:4:Row-2 Col-1":"Some","CHG:POSTQ:4:Row-2 Col-2":"Some","CHG:POSTQ:4:Row-4 Col-1":"High","CHG:POSTQ:4:Row-4 Col-2":"High","POSTQ:4_Reason:":{"name":"{{$EFO_TED_E1_LISTPOST|ans4}}","value":"$EFL_efdata.TED.E1.LISTPOST","ontologyKey":"TED_E1_LISTPOST|yes","index":4,"id":"4"}},"tutor":{"experimentalGroup":{"ontologyKey":"EG_A2"},"$seq":[{"prop":"experimentalGroup.ontologyKey","value":"EG_A2","time":1556213986493}]}}