{"scene":{"SNavigator":{},"SScene1":{"complete":true,"$seq":[{"prop":"complete","value":false,"time":1543844483008},{"prop":"complete","value":true,"time":1543844536340}]},"SScene2":{"AreaSelected":true,"$seq":[{"prop":"AreaSelected","value":false,"time":1543844539515},{"prop":"AreaSelected","value":true,"time":1543844594927},{"prop":"Area Name:physical and chemical changes","time":1543844594928},{"prop":"Area Index:1","time":1543844594928}]},"SScene3":{"TopicSelected":true,"$seq":[{"prop":"TopicSelected","value":false,"time":1543844597946},{"prop":"TopicSelected","value":true,"time":1543844599568},{"prop":"Topic Index:2","time":1543844599570}]},"SScene4":{"complete":true,"$seq":[{"prop":"complete","value":false,"time":1543844599973},{"prop":"complete","value":true,"time":1543844620897}]},"SScene5":{"complete":true,"$seq":[{"prop":"complete","value":false,"time":1543844622809},{"prop":"complete","value":true,"time":1543844627557}]},"SScene5a":{"complete":true,"$seq":[{"prop":"complete","value":false,"time":1543844629162},{"prop":"complete","value":true,"time":1543844641171}]},"SScene6a":{},"SScene6b":{},"SScene6c":{}},"module":{"selectedArea":{"ontologyKey":"S_A1|name","index":1},"$seq":[{"prop":"selectedArea.ontologyKey","value":"S_A1|name","time":1543844594927},{"prop":"selectedArea.index","value":1,"time":1543844594927},{"prop":"selectedTopic.ontologyKey","value":"S_A1_T2|name","time":1543844599568},{"prop":"selectedTopic.index","value":2,"time":1543844599568}],"selectedTopic":{"ontologyKey":"S_A1_T2|name","index":2}},"tutor":{"experimentalGroup":{"ontologyKey":"EG_A1"},"$seq":[{"prop":"experimentalGroup.ontologyKey","value":"EG_A1","time":1543844482902}]}}