{"scene":{"SNavigator":{},"SSceneBL":{"complete":true,"$seq":[{"prop":"complete","value":false,"time":1543842218189},{"prop":"complete","value":true,"time":1543842226879}]},"SScene4":{"complete":true,"$seq":[{"prop":"complete","value":false,"time":1543842231458},{"prop":"complete","value":true,"time":1543842252153}]},"SScene5":{"complete":true,"$seq":[{"prop":"complete","value":false,"time":1543842267995},{"prop":"complete","value":true,"time":1543842272522}]},"SScene5a":{"complete":true,"$seq":[{"prop":"complete","value":false,"time":1543842273641},{"prop":"complete","value":true,"time":1543842285370}]},"SScene6a":{},"SScene6b":{},"SScene6c":{},"SScene7":{"complete":true,"$seq":[{"prop":"complete","value":false,"time":1543842329510},{"prop":"complete","value":true,"time":1543842354759}]},"SScene8":{"complete":true,"$seq":[{"prop":"complete","value":false,"time":1543842358259},{"prop":"complete","value":true,"time":1543842400163}]},"SScene11":{"RQconfirmed":false,"$seq":[{"prop":"RQconfirmed","value":false,"time":1543842401178},{"prop":"complete","value":true,"time":1543842412861}],"complete":true},"SSceneEnd":{"complete":false,"$seq":[{"prop":"complete","value":false,"time":1543842428373}]}},"module":{"selectedArea":{"ontologyKey":"S_A1|name","index":1},"$seq":[{"prop":"selectedArea","value":{"ontologyKey":"S_A1|name","index":1},"time":1543842218128},{"prop":"selectedTopic","value":{"ontologyKey":"S_A1_T2|name","index":2},"time":1543842218128},{"prop":"selectedVariable","value":{"ontologyKey":"S_A1_T2_V4|name","index":4},"time":1543842218128},{"prop":"selectedRQ","value":{"ontologyKey":"S_A1_T2_RQ4"},"time":1543842218128},{"prop":"AreaSelectedID","value":"Sarea1|Sselected","time":1543842218128},{"prop":"AreaButtonID","value":"Sbutton1","time":1543842218128},{"prop":"TopicSelectedID","value":"Stopic2|Sselected","time":1543842218128},{"prop":"TopicButtonID","value":"Sbutton2","time":1543842218128},{"prop":"VariableHighlightID","value":"SbuttonHL4","time":1543842218128},{"prop":"VariableClickMaskID","value":"SclickMask4","time":1543842218128},{"prop":"RQconfirmation","value":"UNKNOWN","time":1543842401179}],"selectedTopic":{"ontologyKey":"S_A1_T2|name","index":2},"selectedVariable":{"ontologyKey":"S_A1_T2_V4|name","index":4},"selectedRQ":{"ontologyKey":"S_A1_T2_RQ4"},"AreaSelectedID":"Sarea1|Sselected","AreaButtonID":"Sbutton1","TopicSelectedID":"Stopic2|Sselected","TopicButtonID":"Sbutton2","VariableHighlightID":"SbuttonHL4","VariableClickMaskID":"SclickMask4","RQconfirmation":"UNKNOWN"},"tutor":{"experimentalGroup":{"ontologyKey":"EG_A3"},"$seq":[{"prop":"experimentalGroup.ontologyKey","value":"EG_A3","time":1543842218127}]}}