{"scene":{"SNavigator":{},"SMatsIntro":{"complete":true,"$seq":[{"prop":"complete","value":false,"time":1267586075169},{"prop":"complete","value":true,"time":1267586089225}]},"SMatsPre1":{"complete":true,"$seq":[{"prop":"complete","value":false,"time":1267586129375},{"prop":"Sg1","value":"true","time":1267586137362},{"prop":"PreTest:Sg1","value":"b4","time":1267586137362},{"prop":"complete","value":false,"time":1267586137363},{"prop":"Sg1","value":"true","time":1267586137363},{"prop":"complete","value":false,"time":1267586137364},{"prop":"Sg2","value":"true","time":1267586148214},{"prop":"PreTest:Sg2","value":"b4","time":1267586148215},{"prop":"complete","value":false,"time":1267586148215},{"prop":"Sg2","value":"true","time":1267586148215},{"prop":"complete","value":false,"time":1267586148215},{"prop":"Sg3","value":"true","time":1267586151754},{"prop":"PreTest:Sg3","value":"b3","time":1267586151754},{"prop":"complete","value":false,"time":1267586151754},{"prop":"Sg3","value":"true","time":1267586151755},{"prop":"complete","value":false,"time":1267586151755},{"prop":"Sg4","value":"true","time":1267586155291},{"prop":"PreTest:Sg4","value":"b4","time":1267586155291},{"prop":"complete","value":true,"time":1267586155291},{"prop":"Sg4","value":"true","time":1267586155292},{"prop":"complete","value":true,"time":1267586155292}],"Sg1":"true","PreTest:Sg1":"b4","Sg2":"true","PreTest:Sg2":"b4","Sg3":"true","PreTest:Sg3":"b3","Sg4":"true","PreTest:Sg4":"b4"},"SMatsPre2":{"complete":false,"$seq":[{"prop":"complete","value":false,"time":1267586156441}]}},"module":{},"tutor":{}}