{"sceneState":{"SNavigator":{},"SMatsIntro":{"complete":true,"$seq":[{"prop":"complete","value":false,"time":1262532583029},{"prop":"complete","value":true,"time":1262532596851}]},"SMatsPre1":{"complete":true,"$seq":[{"prop":"complete","value":false,"time":1262532601480},{"prop":"Sg1","value":"true","time":1262532609832},{"prop":"PreTest:Sg1","value":"b4","time":1262532609832},{"prop":"complete","value":false,"time":1262532609832},{"prop":"Sg1","value":"true","time":1262532609833},{"prop":"complete","value":false,"time":1262532609833},{"prop":"Sg2","value":"true","time":1262532615903},{"prop":"PreTest:Sg2","value":"b5","time":1262532615903},{"prop":"complete","value":false,"time":1262532615903},{"prop":"Sg2","value":"true","time":1262532615903},{"prop":"complete","value":false,"time":1262532615903},{"prop":"Sg3","value":"true","time":1262532623558},{"prop":"PreTest:Sg3","value":"b2","time":1262532623558},{"prop":"complete","value":false,"time":1262532623558},{"prop":"Sg3","value":"true","time":1262532623559},{"prop":"complete","value":false,"time":1262532623559},{"prop":"Sg4","value":"true","time":1262532627350},{"prop":"PreTest:Sg4","value":"b3","time":1262532627350},{"prop":"complete","value":true,"time":1262532627350},{"prop":"Sg4","value":"true","time":1262532627350},{"prop":"complete","value":true,"time":1262532627350}],"Sg1":"true","PreTest:Sg1":"b4","Sg2":"true","PreTest:Sg2":"b5","Sg3":"true","PreTest:Sg3":"b2","Sg4":"true","PreTest:Sg4":"b3"},"SMatsPre2":{"complete":true,"$seq":[{"prop":"complete","value":false,"time":1262532630457},{"prop":"Sg1","value":"true","time":1262532635270},{"prop":"PreTest:Sg1","value":"b4","time":1262532635270},{"prop":"complete","value":false,"time":1262532635270},{"prop":"Sg1","value":"true","time":1262532635271},{"prop":"complete","value":false,"time":1262532635272},{"prop":"Sg2","value":"true","time":1262532638891},{"prop":"PreTest:Sg2","value":"b3","time":1262532638891},{"prop":"complete","value":false,"time":1262532638891},{"prop":"Sg2","value":"true","time":1262532638892},{"prop":"complete","value":false,"time":1262532638892},{"prop":"Sg2","value":"true","time":1262532639572},{"prop":"PreTest:Sg2","value":"b2","time":1262532639572},{"prop":"complete","value":false,"time":1262532639572},{"prop":"Sg2","value":"true","time":1262532639572},{"prop":"complete","value":false,"time":1262532639572},{"prop":"Sg3","value":"true","time":1262532645552},{"prop":"PreTest:Sg3","value":"b3","time":1262532645552},{"prop":"complete","value":false,"time":1262532645552},{"prop":"Sg3","value":"true","time":1262532645553},{"prop":"complete","value":false,"time":1262532645553},{"prop":"Sg4","value":"true","time":1262532652205},{"prop":"PreTest:Sg4","value":"b3","time":1262532652205},{"prop":"complete","value":true,"time":1262532652205},{"prop":"Sg4","value":"true","time":1262532652205},{"prop":"complete","value":true,"time":1262532652205},{"prop":"Sg4","value":"true","time":1262532654203},{"prop":"PreTest:Sg4","value":"b2","time":1262532654203},{"prop":"complete","value":true,"time":1262532654203},{"prop":"Sg4","value":"true","time":1262532654203},{"prop":"complete","value":true,"time":1262532654203},{"prop":"Sg4","value":"true","time":1262532657513},{"prop":"PreTest:Sg4","value":"b1","time":1262532657513},{"prop":"complete","value":true,"time":1262532657513},{"prop":"Sg4","value":"true","time":1262532657513},{"prop":"complete","value":true,"time":1262532657513}],"Sg1":"true","PreTest:Sg1":"b4","Sg2":"true","PreTest:Sg2":"b2","Sg3":"true","PreTest:Sg3":"b3","Sg4":"true","PreTest:Sg4":"b1"},"SMatsPre3":{"complete":true,"$seq":[{"prop":"complete","value":false,"time":1262532659306},{"prop":"Sg1","value":"true","time":1262532672050},{"prop":"PreTest:Sg1","value":"b3","time":1262532672050},{"prop":"complete","value":false,"time":1262532672051},{"prop":"Sg1","value":"true","time":1262532672052},{"prop":"complete","value":false,"time":1262532672052},{"prop":"Sg2","value":"true","time":1262532675887},{"prop":"PreTest:Sg2","value":"b4","time":1262532675887},{"prop":"complete","value":false,"time":1262532675887},{"prop":"Sg2","value":"true","time":1262532675888},{"prop":"complete","value":false,"time":1262532675888},{"prop":"Sg3","value":"true","time":1262532678660},{"prop":"PreTest:Sg3","value":"b5","time":1262532678660},{"prop":"complete","value":false,"time":1262532678660},{"prop":"Sg3","value":"true","time":1262532678661},{"prop":"complete","value":false,"time":1262532678661},{"prop":"Sg4","value":"true","time":1262532682078},{"prop":"PreTest:Sg4","value":"b5","time":1262532682078},{"prop":"complete","value":true,"time":1262532682078},{"prop":"Sg4","value":"true","time":1262532682078},{"prop":"complete","value":true,"time":1262532682078}],"Sg1":"true","PreTest:Sg1":"b3","Sg2":"true","PreTest:Sg2":"b4","Sg3":"true","PreTest:Sg3":"b5","Sg4":"true","PreTest:Sg4":"b5"},"SMatsPre4":{"complete":true,"$seq":[{"prop":"complete","value":false,"time":1262532683536},{"prop":"Sg1","value":"true","time":1262532689592},{"prop":"PreTest:Sg1","value":"b5","time":1262532689592},{"prop":"complete","value":false,"time":1262532689592},{"prop":"Sg1","value":"true","time":1262532689592},{"prop":"complete","value":false,"time":1262532689592},{"prop":"Sg2","value":"true","time":1262532692737},{"prop":"PreTest:Sg2","value":"b1","time":1262532692737},{"prop":"complete","value":true,"time":1262532692737},{"prop":"prompted","value":true,"time":1262532692738},{"prop":"Sg2","value":"true","time":1262532692738},{"prop":"complete","value":true,"time":1262532692738},{"prop":"Sg2","value":"true","time":1262532694443},{"prop":"PreTest:Sg2","value":"b5","time":1262532694443},{"prop":"complete","value":true,"time":1262532694443},{"prop":"Sg2","value":"true","time":1262532694443},{"prop":"complete","value":true,"time":1262532694443},{"prop":"complete","value":true,"time":1262532701703}],"Sg1":"true","PreTest:Sg1":"b5","Sg2":"true","PreTest:Sg2":"b5","prompted":true},"SSceneEnd":{"complete":false,"$seq":[{"prop":"complete","value":false,"time":1262532701825}]}},"moduleState":{},"tutorState":{},"fFeatures":{"0":true,"FTR_PRE":true,"FTR_PROMPTED":true},"featureID":{}}