{"scene":{"SNavigator":{},"SScene1":{"rowsComplete":4,"$seq":[{"prop":"rowsComplete","value":0,"time":1557848711480},{"prop":"complete","value":false,"time":1557848711782},{"prop":"currentRow","value":1,"time":1557848720695},{"prop":"correct","value":true,"time":1557848720695},{"prop":"correct","value":false,"time":1557848720824},{"prop":"correct","value":false,"time":1557848726014},{"prop":"correct","value":false,"time":1557848726016},{"prop":"TVSel.col1","value":1,"time":1557848732122},{"prop":"TVSel.col2","value":2,"time":1557848733718},{"prop":"correct","value":true,"time":1557848733718},{"prop":"correct","value":false,"time":1557848733769},{"prop":"rowsComplete","value":1,"time":1557848733777},{"prop":"currentRow","value":0,"time":1557848742951},{"prop":"currentRow","value":2,"time":1557848742951},{"prop":"correct","value":false,"time":1557848742952},{"prop":"VSel.col1","value":null,"time":1557848742952},{"prop":"VSel.col2","value":null,"time":1557848742953},{"prop":"correct","value":false,"time":1557848742954},{"prop":"VSel.col1","value":1,"time":1557848747117},{"prop":"VSel.col2","value":2,"time":1557848748605},{"prop":"correct","value":false,"time":1557848748605},{"prop":"correct","value":false,"time":1557848748649},{"prop":"VSel.col1","value":2,"time":1557848752328},{"prop":"correct","value":true,"time":1557848752328},{"prop":"correct","value":false,"time":1557848752345},{"prop":"rowsComplete","value":2,"time":1557848752347},{"prop":"currentRow","value":3,"time":1557848757768},{"prop":"correct","value":false,"time":1557848757769},{"prop":"VSel.col1","value":null,"time":1557848757769},{"prop":"VSel.col2","value":null,"time":1557848757769},{"prop":"correct","value":false,"time":1557848757770},{"prop":"VSel.col1","value":2,"time":1557848760728},{"prop":"VSel.col2","value":2,"time":1557848761816},{"prop":"correct","value":true,"time":1557848761816},{"prop":"correct","value":false,"time":1557848761842},{"prop":"rowsComplete","value":3,"time":1557848761844},{"prop":"currentRow","value":4,"time":1557848767327},{"prop":"correct","value":false,"time":1557848767328},{"prop":"VSel.col1","value":null,"time":1557848767328},{"prop":"VSel.col2","value":null,"time":1557848767328},{"prop":"correct","value":false,"time":1557848767329},{"prop":"VSel.col1","value":2,"time":1557848769153},{"prop":"VSel.col1","value":1,"time":1557848771279},{"prop":"VSel.col2","value":1,"time":1557848772156},{"prop":"correct","value":true,"time":1557848772156},{"prop":"correct","value":false,"time":1557848772204},{"prop":"rowsComplete","value":4,"time":1557848772216},{"prop":"currentRow","value":5,"time":1557848777544},{"prop":"complete","value":true,"time":1557848777544},{"prop":"correct","value":false,"time":1557848777545}],"complete":true,"currentRow":5,"correct":false,"TVSel":{"col1":1,"col2":2},"VSel":{"col1":1,"col2":1}},"SScene2":{"complete":true,"$seq":[{"prop":"complete","value":false,"time":1557848781114},{"prop":"complete","value":true,"time":1557848799795},{"prop":"correct","value":false,"time":1557848803136}],"correct":false},"SSceneEnd":{}},"module":{"selectedArea":{"ontologyKey":"S_A1|name","index":1},"selectedTopic":{"ontologyKey":"S_A1_T2|name","index":2},"selectedVariable":{"ontologyKey":"S_A1_T2_V1|name","index":1},"selectedRQ":{"ontologyKey":"S_A1_T2_RQ1","index":"1"},"RQconfirmation":"OK","TEDExptNonTarget":[1,3,4],"$seq":[{"prop":"TEDExptNonTarget","value":[1,3,4],"time":1557848711376},{"prop":"TEDExptConfounds","value":[3,4,1],"time":1557848711376},{"prop":"TEDExptDifferent","value":[3,4,1,2],"time":1557848711376},{"prop":"TEDExptArea","value":{"ontologyKey":"S_A1","index":1},"time":1557848711376},{"prop":"TEDExptTopic","value":{"ontologyKey":"S_A1_T2","index":2},"time":1557848711376},{"prop":"TEDExptVariable","value":{"ontologyKey":"S_A1_T2_V2","index":2},"time":1557848711376},{"prop":"TEDExptRQ","value":{"ontologyKey":"S_A1_T2_RQ2","index":2},"time":1557848711376},{"prop":"TEDExptVarNC1","value":{"ontologyKey":"S_A1_T2_V1","index":1},"time":1557848711376},{"prop":"TEDExptVarNC2","value":{"ontologyKey":"S_A1_T2_V3","index":3},"time":1557848711376},{"prop":"TEDExptVarNC3","value":{"ontologyKey":"S_A1_T2_V4","index":4},"time":1557848711376},{"prop":"TEDExptPOSTSequence","value":[{"ontologyKey":"S_A1_T2_V1","index":1},{"ontologyKey":"S_A1_T2_V2","index":2},{"ontologyKey":"S_A1_T2_V3","index":3},{"ontologyKey":"S_A1_T2_V4","index":4}],"time":1557848711376},{"prop":"TEDExpt1V1","value":{"ontologyKey":"S_A1_T2_V1_A","index":1},"time":1557848711376},{"prop":"TEDExpt2V1","value":{"ontologyKey":"S_A1_T2_V1_A","index":1},"time":1557848711376},{"prop":"TEDExpt1V2","value":{"ontologyKey":"S_A1_T2_V2_A","index":2},"time":1557848711376},{"prop":"TEDExpt2V2","value":{"ontologyKey":"S_A1_T2_V2_A","index":2},"time":1557848711376},{"prop":"TEDExpt1V3","value":{"ontologyKey":"S_A1_T2_V3_A","index":3},"time":1557848711376},{"prop":"TEDExpt2V3","value":{"ontologyKey":"S_A1_T2_V3_A","index":3},"time":1557848711376},{"prop":"TEDExpt1V4","value":{"ontologyKey":"S_A1_T2_V4_A","index":4},"time":1557848711376},{"prop":"TEDExpt2V4","value":{"ontologyKey":"S_A1_T2_V4_A","index":4},"time":1557848711376},{"prop":"TEDExpt2V3","value":{"ontologyKey":"S_A1_T2_V3_B","index":3},"time":1557848711376},{"prop":"TEDExpt2V4","value":{"ontologyKey":"S_A1_T2_V4_B","index":4},"time":1557848711376},{"prop":"TEDExpt2V1","value":{"ontologyKey":"S_A1_T2_V1_B","index":1},"time":1557848711376},{"prop":"TEDExpt2V2","value":{"ontologyKey":"S_A1_T2_V2_B","index":2},"time":1557848711376},{"prop":"TEDExptNC1SameDiff","value":{"ontologyKey":"TED_E1_Q7NC1DIFF","value":"diff","index":1},"time":1557848711376},{"prop":"TEDExptNC1Confound","value":{"ontologyKey":"S_A1_T2_V1","index":1},"time":1557848711376},{"prop":"TEDExptNC2SameDiff","value":{"ontologyKey":"TED_E1_Q7NC2DIFF","value":"diff","index":3},"time":1557848711376},{"prop":"TEDExptNC2Confound","value":{"ontologyKey":"S_A1_T2_V3","index":3},"time":1557848711376},{"prop":"TEDExptNC3SameDiff","value":{"ontologyKey":"TED_E1_Q7NC3DIFF","value":"diff","index":4},"time":1557848711376},{"prop":"TEDExptNC3Confound","value":{"ontologyKey":"S_A1_T2_V4","index":4},"time":1557848711376},{"prop":"TEDExptNonTarget","value":[1,3,4],"time":1557848711455},{"prop":"TEDExptConfounds","value":[3,4,1],"time":1557848711455},{"prop":"TEDExptDifferent","value":[3,4,1,2],"time":1557848711455},{"prop":"TEDExptArea","value":{"ontologyKey":"S_A1","index":1},"time":1557848711455},{"prop":"TEDExptTopic","value":{"ontologyKey":"S_A1_T2","index":2},"time":1557848711455},{"prop":"TEDExptVariable","value":{"ontologyKey":"S_A1_T2_V2","index":2},"time":1557848711455},{"prop":"TEDExptRQ","value":{"ontologyKey":"S_A1_T2_RQ2","index":2},"time":1557848711455},{"prop":"TEDExptVarNC1","value":{"ontologyKey":"S_A1_T2_V1","index":1},"time":1557848711455},{"prop":"TEDExptVarNC2","value":{"ontologyKey":"S_A1_T2_V3","index":3},"time":1557848711455},{"prop":"TEDExptVarNC3","value":{"ontologyKey":"S_A1_T2_V4","index":4},"time":1557848711455},{"prop":"TEDExptPOSTSequence","value":[{"ontologyKey":"S_A1_T2_V1","index":1},{"ontologyKey":"S_A1_T2_V2","index":2},{"ontologyKey":"S_A1_T2_V3","index":3},{"ontologyKey":"S_A1_T2_V4","index":4}],"time":1557848711455},{"prop":"TEDExpt1V1","value":{"ontologyKey":"S_A1_T2_V1_A","index":1},"time":1557848711455},{"prop":"TEDExpt2V1","value":{"ontologyKey":"S_A1_T2_V1_A","index":1},"time":1557848711455},{"prop":"TEDExpt1V2","value":{"ontologyKey":"S_A1_T2_V2_A","index":2},"time":1557848711455},{"prop":"TEDExpt2V2","value":{"ontologyKey":"S_A1_T2_V2_A","index":2},"time":1557848711455},{"prop":"TEDExpt1V3","value":{"ontologyKey":"S_A1_T2_V3_A","index":3},"time":1557848711455},{"prop":"TEDExpt2V3","value":{"ontologyKey":"S_A1_T2_V3_A","index":3},"time":1557848711455},{"prop":"TEDExpt1V4","value":{"ontologyKey":"S_A1_T2_V4_A","index":4},"time":1557848711455},{"prop":"TEDExpt2V4","value":{"ontologyKey":"S_A1_T2_V4_A","index":4},"time":1557848711455},{"prop":"TEDExpt2V3","value":{"ontologyKey":"S_A1_T2_V3_B","index":3},"time":1557848711455},{"prop":"TEDExpt2V4","value":{"ontologyKey":"S_A1_T2_V4_B","index":4},"time":1557848711455},{"prop":"TEDExpt2V1","value":{"ontologyKey":"S_A1_T2_V1_B","index":1},"time":1557848711455},{"prop":"TEDExpt2V2","value":{"ontologyKey":"S_A1_T2_V2_B","index":2},"time":1557848711455},{"prop":"TEDExptNC1SameDiff","value":{"ontologyKey":"TED_E1_Q7NC1DIFF","value":"diff","index":1},"time":1557848711456},{"prop":"TEDExptNC1Confound","value":{"ontologyKey":"S_A1_T2_V1","index":1},"time":1557848711456},{"prop":"TEDExptNC2SameDiff","value":{"ontologyKey":"TED_E1_Q7NC2DIFF","value":"diff","index":3},"time":1557848711456},{"prop":"TEDExptNC2Confound","value":{"ontologyKey":"S_A1_T2_V3","index":3},"time":1557848711456},{"prop":"TEDExptNC3SameDiff","value":{"ontologyKey":"TED_E1_Q7NC3DIFF","value":"diff","index":4},"time":1557848711456},{"prop":"TEDExptNC3Confound","value":{"ontologyKey":"S_A1_T2_V4","index":4},"time":1557848711456},{"prop":"TEDExptNonTarget","value":[1,3,4],"time":1557848711783},{"prop":"TEDExptConfounds","value":[3,4,1],"time":1557848711783},{"prop":"TEDExptDifferent","value":[3,4,1,2],"time":1557848711783},{"prop":"TEDExptArea","value":{"ontologyKey":"S_A1","index":1},"time":1557848711783},{"prop":"TEDExptTopic","value":{"ontologyKey":"S_A1_T2","index":2},"time":1557848711783},{"prop":"TEDExptVariable","value":{"ontologyKey":"S_A1_T2_V2","index":2},"time":1557848711783},{"prop":"TEDExptRQ","value":{"ontologyKey":"S_A1_T2_RQ2","index":2},"time":1557848711783},{"prop":"TEDExptVarNC1","value":{"ontologyKey":"S_A1_T2_V1","index":1},"time":1557848711783},{"prop":"TEDExptVarNC2","value":{"ontologyKey":"S_A1_T2_V3","index":3},"time":1557848711783},{"prop":"TEDExptVarNC3","value":{"ontologyKey":"S_A1_T2_V4","index":4},"time":1557848711783},{"prop":"TEDExptPOSTSequence","value":[{"ontologyKey":"S_A1_T2_V1","index":1},{"ontologyKey":"S_A1_T2_V2","index":2},{"ontologyKey":"S_A1_T2_V3","index":3},{"ontologyKey":"S_A1_T2_V4","index":4}],"time":1557848711784},{"prop":"TEDExpt1V1","value":{"ontologyKey":"S_A1_T2_V1_A","index":1},"time":1557848711784},{"prop":"TEDExpt2V1","value":{"ontologyKey":"S_A1_T2_V1_A","index":1},"time":1557848711784},{"prop":"TEDExpt1V2","value":{"ontologyKey":"S_A1_T2_V2_A","index":2},"time":1557848711784},{"prop":"TEDExpt2V2","value":{"ontologyKey":"S_A1_T2_V2_A","index":2},"time":1557848711784},{"prop":"TEDExpt1V3","value":{"ontologyKey":"S_A1_T2_V3_A","index":3},"time":1557848711784},{"prop":"TEDExpt2V3","value":{"ontologyKey":"S_A1_T2_V3_A","index":3},"time":1557848711784},{"prop":"TEDExpt1V4","value":{"ontologyKey":"S_A1_T2_V4_A","index":4},"time":1557848711784},{"prop":"TEDExpt2V4","value":{"ontologyKey":"S_A1_T2_V4_A","index":4},"time":1557848711784},{"prop":"TEDExpt2V3","value":{"ontologyKey":"S_A1_T2_V3_B","index":3},"time":1557848711784},{"prop":"TEDExpt2V4","value":{"ontologyKey":"S_A1_T2_V4_B","index":4},"time":1557848711784},{"prop":"TEDExpt2V1","value":{"ontologyKey":"S_A1_T2_V1_B","index":1},"time":1557848711784},{"prop":"TEDExpt2V2","value":{"ontologyKey":"S_A1_T2_V2_B","index":2},"time":1557848711784},{"prop":"TEDExptNC1SameDiff","value":{"ontologyKey":"TED_E1_Q7NC1DIFF","value":"diff","index":1},"time":1557848711784},{"prop":"TEDExptNC1Confound","value":{"ontologyKey":"S_A1_T2_V1","index":1},"time":1557848711784},{"prop":"TEDExptNC2SameDiff","value":{"ontologyKey":"TED_E1_Q7NC2DIFF","value":"diff","index":3},"time":1557848711784},{"prop":"TEDExptNC2Confound","value":{"ontologyKey":"S_A1_T2_V3","index":3},"time":1557848711784},{"prop":"TEDExptNC3SameDiff","value":{"ontologyKey":"TED_E1_Q7NC3DIFF","value":"diff","index":4},"time":1557848711784},{"prop":"TEDExptNC3Confound","value":{"ontologyKey":"S_A1_T2_V4","index":4},"time":1557848711784},{"prop":"differentRow","value":1,"time":1557848733776},{"prop":"independentVarN","value":{"row":2,"col":0,"ontologyKey":"S_A1_T2_V2|name","isText":true,"selectedValue":"Amount of Caffeine","cell":{}},"time":1557848742951},{"prop":"sameRow1","value":2,"time":1557848752347},{"prop":"independentVarN","value":{"row":3,"col":0,"ontologyKey":"S_A1_T2_V3|name","isText":true,"selectedValue":"Texture of Mint","cell":{}},"time":1557848757768},{"prop":"sameRow2","value":3,"time":1557848761844},{"prop":"independentVarN","value":{"row":4,"col":0,"ontologyKey":"S_A1_T2_V4|name","isText":true,"selectedValue":"Amount of CO2","cell":{}},"time":1557848767327},{"prop":"sameRow3","value":4,"time":1557848772216},{"prop":"independentVarN","time":1557848777544}],"TEDExptConfounds":[3,4,1],"TEDExptDifferent":[3,4,1,2],"TEDExptArea":{"ontologyKey":"S_A1","index":1},"TEDExptTopic":{"ontologyKey":"S_A1_T2","index":2},"TEDExptVariable":{"ontologyKey":"S_A1_T2_V2","index":2},"TEDExptRQ":{"ontologyKey":"S_A1_T2_RQ2","index":2},"TEDExptVarNC1":{"ontologyKey":"S_A1_T2_V1","index":1},"TEDExptVarNC2":{"ontologyKey":"S_A1_T2_V3","index":3},"TEDExptVarNC3":{"ontologyKey":"S_A1_T2_V4","index":4},"TEDExptPOSTSequence":[{"ontologyKey":"S_A1_T2_V1","index":1},{"ontologyKey":"S_A1_T2_V2","index":2},{"ontologyKey":"S_A1_T2_V3","index":3},{"ontologyKey":"S_A1_T2_V4","index":4}],"TEDExpt1V1":{"ontologyKey":"S_A1_T2_V1_A","index":1},"TEDExpt2V1":{"ontologyKey":"S_A1_T2_V1_B","index":1},"TEDExpt1V2":{"ontologyKey":"S_A1_T2_V2_A","index":2},"TEDExpt2V2":{"ontologyKey":"S_A1_T2_V2_B","index":2},"TEDExpt1V3":{"ontologyKey":"S_A1_T2_V3_A","index":3},"TEDExpt2V3":{"ontologyKey":"S_A1_T2_V3_B","index":3},"TEDExpt1V4":{"ontologyKey":"S_A1_T2_V4_A","index":4},"TEDExpt2V4":{"ontologyKey":"S_A1_T2_V4_B","index":4},"TEDExptNC1SameDiff":{"ontologyKey":"TED_E1_Q7NC1DIFF","value":"diff","index":1},"TEDExptNC1Confound":{"ontologyKey":"S_A1_T2_V1","index":1},"TEDExptNC2SameDiff":{"ontologyKey":"TED_E1_Q7NC2DIFF","value":"diff","index":3},"TEDExptNC2Confound":{"ontologyKey":"S_A1_T2_V3","index":3},"TEDExptNC3SameDiff":{"ontologyKey":"TED_E1_Q7NC3DIFF","value":"diff","index":4},"TEDExptNC3Confound":{"ontologyKey":"S_A1_T2_V4","index":4},"differentRow":1,"sameRow1":2,"sameRow2":3,"sameRow3":4},"tutor":{"experimentalGroup":{"ontologyKey":"EG_A1"},"$seq":[{"prop":"experimentalGroup.ontologyKey","value":"EG_A1","time":1557848711370}]}}