{"scene":{"SNavigator":{},"SSceneBL":{"complete":true,"$seq":[{"prop":"complete","value":false,"time":1543842341985},{"prop":"complete","value":true,"time":1543842350658}]},"SScene4":{"complete":true,"$seq":[{"prop":"complete","value":false,"time":1543842353874},{"prop":"complete","value":true,"time":1543842374768}]},"SScene5":{"complete":true,"$seq":[{"prop":"complete","value":false,"time":1543842379859},{"prop":"complete","value":true,"time":1543842384537}]},"SScene5a":{"complete":true,"$seq":[{"prop":"complete","value":false,"time":1543842390319},{"prop":"complete","value":true,"time":1543842401820}]},"SScene6a":{},"SScene6b":{},"SScene6c":{},"SScene7":{"complete":true,"$seq":[{"prop":"complete","value":false,"time":1543842416039},{"prop":"complete","value":true,"time":1543842438060}]},"SScene8":{"complete":true,"$seq":[{"prop":"complete","value":false,"time":1543842440753},{"prop":"complete","value":true,"time":1543842482696}]},"SScene11":{"RQconfirmed":false,"$seq":[{"prop":"RQconfirmed","value":false,"time":1543842488803},{"prop":"complete","value":true,"time":1543842500470}],"complete":true},"SSceneEnd":{"complete":false,"$seq":[{"prop":"complete","value":false,"time":1543842506179}]}},"module":{"selectedArea":{"ontologyKey":"S_A1|name","index":1},"$seq":[{"prop":"selectedArea","value":{"ontologyKey":"S_A1|name","index":1},"time":1543842341906},{"prop":"selectedTopic","value":{"ontologyKey":"S_A1_T2|name","index":2},"time":1543842341906},{"prop":"selectedVariable","value":{"ontologyKey":"S_A1_T2_V4|name","index":4},"time":1543842341906},{"prop":"selectedRQ","value":{"ontologyKey":"S_A1_T2_RQ4"},"time":1543842341906},{"prop":"AreaSelectedID","value":"Sarea1|Sselected","time":1543842341906},{"prop":"AreaButtonID","value":"Sbutton1","time":1543842341906},{"prop":"TopicSelectedID","value":"Stopic2|Sselected","time":1543842341906},{"prop":"TopicButtonID","value":"Sbutton2","time":1543842341906},{"prop":"VariableHighlightID","value":"SbuttonHL4","time":1543842341906},{"prop":"VariableClickMaskID","value":"SclickMask4","time":1543842341906},{"prop":"RQconfirmation","value":"UNKNOWN","time":1543842488803}],"selectedTopic":{"ontologyKey":"S_A1_T2|name","index":2},"selectedVariable":{"ontologyKey":"S_A1_T2_V4|name","index":4},"selectedRQ":{"ontologyKey":"S_A1_T2_RQ4"},"AreaSelectedID":"Sarea1|Sselected","AreaButtonID":"Sbutton1","TopicSelectedID":"Stopic2|Sselected","TopicButtonID":"Sbutton2","VariableHighlightID":"SbuttonHL4","VariableClickMaskID":"SclickMask4","RQconfirmation":"UNKNOWN"},"tutor":{"experimentalGroup":{"ontologyKey":"EG_A3"},"$seq":[{"prop":"experimentalGroup.ontologyKey","value":"EG_A3","time":1543842341905}]}}