{"scene":{"SNavigator":{},"SMatsIntro":{"complete":true,"$seq":[{"prop":"complete","value":false,"time":1273110179096},{"prop":"complete","value":true,"time":1273110193024}]},"SMatsPre1":{"complete":true,"$seq":[{"prop":"complete","value":false,"time":1273110198663},{"prop":"Sg1","value":"true","time":1273110204361},{"prop":"PreTest:Sg1","value":"b3","time":1273110204361},{"prop":"complete","value":false,"time":1273110204362},{"prop":"Sg1","value":"true","time":1273110204363},{"prop":"complete","value":false,"time":1273110204363},{"prop":"Sg3","value":"true","time":1273110207062},{"prop":"PreTest:Sg3","value":"b3","time":1273110207062},{"prop":"complete","value":false,"time":1273110207062},{"prop":"Sg3","value":"true","time":1273110207063},{"prop":"complete","value":false,"time":1273110207063},{"prop":"Sg3","value":"true","time":1273110207519},{"prop":"PreTest:Sg3","value":"b3","time":1273110207519},{"prop":"complete","value":false,"time":1273110207519},{"prop":"Sg3","value":"true","time":1273110207520},{"prop":"complete","value":false,"time":1273110207520},{"prop":"Sg3","value":"true","time":1273110208086},{"prop":"PreTest:Sg3","value":"b4","time":1273110208086},{"prop":"complete","value":false,"time":1273110208086},{"prop":"Sg3","value":"true","time":1273110208086},{"prop":"complete","value":false,"time":1273110208086},{"prop":"Sg2","value":"true","time":1273110208370},{"prop":"PreTest:Sg2","value":"b4","time":1273110208370},{"prop":"complete","value":false,"time":1273110208370},{"prop":"Sg2","value":"true","time":1273110208370},{"prop":"complete","value":false,"time":1273110208370},{"prop":"Sg2","value":"true","time":1273110208542},{"prop":"PreTest:Sg2","value":"b4","time":1273110208542},{"prop":"complete","value":false,"time":1273110208542},{"prop":"Sg2","value":"true","time":1273110208542},{"prop":"complete","value":false,"time":1273110208542},{"prop":"Sg2","value":"true","time":1273110208709},{"prop":"PreTest:Sg2","value":"b4","time":1273110208709},{"prop":"complete","value":false,"time":1273110208709},{"prop":"Sg2","value":"true","time":1273110208709},{"prop":"complete","value":false,"time":1273110208709},{"prop":"Sg2","value":"true","time":1273110208815},{"prop":"PreTest:Sg2","value":"b4","time":1273110208815},{"prop":"complete","value":false,"time":1273110208815},{"prop":"Sg2","value":"true","time":1273110208815},{"prop":"complete","value":false,"time":1273110208815},{"prop":"Sg4","value":"true","time":1273110209527},{"prop":"PreTest:Sg4","value":"b5","time":1273110209527},{"prop":"complete","value":true,"time":1273110209527},{"prop":"Sg4","value":"true","time":1273110209527},{"prop":"complete","value":true,"time":1273110209527},{"prop":"Sg4","value":"true","time":1273110209667},{"prop":"PreTest:Sg4","value":"b5","time":1273110209667},{"prop":"complete","value":true,"time":1273110209667},{"prop":"Sg4","value":"true","time":1273110209667},{"prop":"complete","value":true,"time":1273110209667},{"prop":"Sg4","value":"true","time":1273110209774},{"prop":"PreTest:Sg4","value":"b5","time":1273110209774},{"prop":"complete","value":true,"time":1273110209774},{"prop":"Sg4","value":"true","time":1273110209775},{"prop":"complete","value":true,"time":1273110209775}],"Sg1":"true","PreTest:Sg1":"b3","Sg3":"true","PreTest:Sg3":"b4","Sg2":"true","PreTest:Sg2":"b4","Sg4":"true","PreTest:Sg4":"b5"},"SMatsPre2":{"complete":true,"$seq":[{"prop":"complete","value":false,"time":1273110210438},{"prop":"Sg1","value":"true","time":1273110212514},{"prop":"PreTest:Sg1","value":"b1","time":1273110212514},{"prop":"complete","value":false,"time":1273110212514},{"prop":"Sg1","value":"true","time":1273110212514},{"prop":"complete","value":false,"time":1273110212515},{"prop":"Sg2","value":"true","time":1273110212665},{"prop":"PreTest:Sg2","value":"b2","time":1273110212665},{"prop":"complete","value":false,"time":1273110212665},{"prop":"Sg2","value":"true","time":1273110212665},{"prop":"complete","value":false,"time":1273110212665},{"prop":"Sg2","value":"true","time":1273110212840},{"prop":"PreTest:Sg2","value":"b2","time":1273110212840},{"prop":"complete","value":false,"time":1273110212840},{"prop":"Sg2","value":"true","time":1273110212840},{"prop":"complete","value":false,"time":1273110212840},{"prop":"Sg4","value":"true","time":1273110214106},{"prop":"PreTest:Sg4","value":"b2","time":1273110214106},{"prop":"complete","value":false,"time":1273110214106},{"prop":"Sg4","value":"true","time":1273110214106},{"prop":"complete","value":false,"time":1273110214106},{"prop":"Sg4","value":"true","time":1273110214255},{"prop":"PreTest:Sg4","value":"b2","time":1273110214255},{"prop":"complete","value":false,"time":1273110214255},{"prop":"Sg4","value":"true","time":1273110214256},{"prop":"complete","value":false,"time":1273110214256},{"prop":"Sg4","value":"true","time":1273110214379},{"prop":"PreTest:Sg4","value":"b2","time":1273110214379},{"prop":"complete","value":false,"time":1273110214379},{"prop":"Sg4","value":"true","time":1273110214380},{"prop":"complete","value":false,"time":1273110214380},{"prop":"Sg4","value":"true","time":1273110214512},{"prop":"PreTest:Sg4","value":"b2","time":1273110214512},{"prop":"complete","value":false,"time":1273110214512},{"prop":"Sg4","value":"true","time":1273110214512},{"prop":"complete","value":false,"time":1273110214512},{"prop":"Sg3","value":"true","time":1273110215467},{"prop":"PreTest:Sg3","value":"b2","time":1273110215467},{"prop":"complete","value":true,"time":1273110215467},{"prop":"Sg3","value":"true","time":1273110215467},{"prop":"complete","value":true,"time":1273110215467},{"prop":"Sg3","value":"true","time":1273110215610},{"prop":"PreTest:Sg3","value":"b2","time":1273110215610},{"prop":"complete","value":true,"time":1273110215610},{"prop":"Sg3","value":"true","time":1273110215610},{"prop":"complete","value":true,"time":1273110215610}],"Sg1":"true","PreTest:Sg1":"b1","Sg2":"true","PreTest:Sg2":"b2","Sg4":"true","PreTest:Sg4":"b2","Sg3":"true","PreTest:Sg3":"b2"},"SMatsPre3":{"complete":false,"$seq":[{"prop":"complete","value":false,"time":1273110216312}]}},"module":{},"tutor":{}}