{"scene":{"SNavigator":{},"SScene1":{"complete":true,"$seq":[{"prop":"complete","value":false,"time":1543860064795},{"prop":"complete","value":true,"time":1543860118187}]},"SScene2":{"AreaSelected":true,"$seq":[{"prop":"AreaSelected","value":false,"time":1543860125560},{"prop":"AreaSelected","value":true,"time":1543860191837},{"prop":"Area Name:physical and chemical changes","time":1543860191839},{"prop":"Area Index:1","time":1543860191839}]},"SScene3":{"TopicSelected":true,"$seq":[{"prop":"TopicSelected","value":false,"time":1543860194876},{"prop":"TopicSelected","value":true,"time":1543860204805},{"prop":"Topic Index:2","time":1543860204806}]},"SScene4":{"complete":true,"$seq":[{"prop":"complete","value":false,"time":1543860205204},{"prop":"complete","value":true,"time":1543860226027}]},"SScene5":{"complete":true,"$seq":[{"prop":"complete","value":false,"time":1543860233097},{"prop":"complete","value":true,"time":1543860237753}]},"SScene5a":{"complete":true,"$seq":[{"prop":"complete","value":false,"time":1543860238896},{"prop":"complete","value":true,"time":1543860251130}]},"SScene6a":{},"SScene6b":{},"SScene6c":{},"SScene7":{"complete":true,"$seq":[{"prop":"complete","value":false,"time":1543860267801},{"prop":"complete","value":true,"time":1543860291632}]},"SScene8":{"complete":true,"$seq":[{"prop":"complete","value":false,"time":1543860294317},{"prop":"complete","value":true,"time":1543860336889}]},"SScene9":{"RQSelected":true,"$seq":[{"prop":"RQSelected","value":false,"time":1543860337984},{"prop":"RQSelected","value":true,"time":1543860345500},{"prop":"Variable Index:1","time":1543860345500},{"prop":"RQSelected","value":true,"time":1543860345702},{"prop":"Variable Index:1","time":1543860345702},{"prop":"RQSelected","value":true,"time":1543860345896},{"prop":"Variable Index:1","time":1543860345896}]},"SScene10":{"RQconfirmed":true,"$seq":[{"prop":"RQconfirmed","value":false,"time":1543860345618},{"prop":"RQconfirmed","value":true,"time":1543860347490}]},"SScene11":{"RQconfirmed":false,"$seq":[{"prop":"RQconfirmed","value":false,"time":1543860347591}]}},"module":{"selectedArea":{"ontologyKey":"S_A1|name","index":1},"$seq":[{"prop":"selectedArea.ontologyKey","value":"S_A1|name","time":1543860191837},{"prop":"selectedArea.index","value":1,"time":1543860191837},{"prop":"selectedTopic.ontologyKey","value":"S_A1_T2|name","time":1543860204805},{"prop":"selectedTopic.index","value":2,"time":1543860204805},{"prop":"selectedVariable.ontologyKey","value":"S_A1_T2_V1|name","time":1543860345500},{"prop":"selectedVariable.index","value":1,"time":1543860345500},{"prop":"selectedRQ","value":{"ontologyKey":"S_A1_T2_RQ1","index":"1"},"time":1543860345500},{"prop":"RQconfirmation","value":"UNKNOWN","time":1543860345618},{"prop":"selectedVariable.ontologyKey","value":"S_A1_T2_V1|name","time":1543860345702},{"prop":"selectedVariable.index","value":1,"time":1543860345702},{"prop":"selectedRQ","value":{"ontologyKey":"S_A1_T2_RQ1","index":"1"},"time":1543860345702},{"prop":"selectedVariable.ontologyKey","value":"S_A1_T2_V1|name","time":1543860345896},{"prop":"selectedVariable.index","value":1,"time":1543860345896},{"prop":"selectedRQ","value":{"ontologyKey":"S_A1_T2_RQ1","index":"1"},"time":1543860345896},{"prop":"RQconfirmation","value":"OK","time":1543860347490},{"prop":"RQconfirmation","value":"UNKNOWN","time":1543860347591}],"selectedTopic":{"ontologyKey":"S_A1_T2|name","index":2},"selectedVariable":{"ontologyKey":"S_A1_T2_V1|name","index":1},"selectedRQ":{"ontologyKey":"S_A1_T2_RQ1","index":"1"},"RQconfirmation":"UNKNOWN"},"tutor":{"experimentalGroup":{"ontologyKey":"EG_A1"},"$seq":[{"prop":"experimentalGroup.ontologyKey","value":"EG_A1","time":1543860064691}]}}