{"scene":{"SNavigator":{},"SScene1":{"complete":true,"$seq":[{"prop":"complete","value":false,"time":1543860064795},{"prop":"complete","value":true,"time":1543860118187}]},"SScene2":{"AreaSelected":true,"$seq":[{"prop":"AreaSelected","value":false,"time":1543860125560},{"prop":"AreaSelected","value":true,"time":1543860191837},{"prop":"Area Name:physical and chemical changes","time":1543860191839},{"prop":"Area Index:1","time":1543860191839}]},"SScene3":{"TopicSelected":true,"$seq":[{"prop":"TopicSelected","value":false,"time":1543860194876},{"prop":"TopicSelected","value":true,"time":1543860204805},{"prop":"Topic Index:2","time":1543860204806}]},"SScene4":{"complete":true,"$seq":[{"prop":"complete","value":false,"time":1543860205204},{"prop":"complete","value":true,"time":1543860226027}]},"SScene5":{"complete":true,"$seq":[{"prop":"complete","value":false,"time":1543860233097},{"prop":"complete","value":true,"time":1543860237753}]},"SScene5a":{"complete":true,"$seq":[{"prop":"complete","value":false,"time":1543860238896},{"prop":"complete","value":true,"time":1543860251130}]},"SScene6a":{},"SScene6b":{},"SScene6c":{},"SScene7":{"complete":true,"$seq":[{"prop":"complete","value":false,"time":1543860267801},{"prop":"complete","value":true,"time":1543860291632}]},"SScene8":{"complete":false,"$seq":[{"prop":"complete","value":false,"time":1543860294317}]}},"module":{"selectedArea":{"ontologyKey":"S_A1|name","index":1},"$seq":[{"prop":"selectedArea.ontologyKey","value":"S_A1|name","time":1543860191837},{"prop":"selectedArea.index","value":1,"time":1543860191837},{"prop":"selectedTopic.ontologyKey","value":"S_A1_T2|name","time":1543860204805},{"prop":"selectedTopic.index","value":2,"time":1543860204805}],"selectedTopic":{"ontologyKey":"S_A1_T2|name","index":2}},"tutor":{"experimentalGroup":{"ontologyKey":"EG_A1"},"$seq":[{"prop":"experimentalGroup.ontologyKey","value":"EG_A1","time":1543860064691}]}}