{"scene":{"SNavigator":{},"SMatsIntro":{"complete":true,"$seq":[{"prop":"complete","value":false,"time":1555001158006},{"prop":"complete","value":true,"time":1555001171922}]},"SMatsPre1":{"complete":true,"$seq":[{"prop":"complete","value":false,"time":1555001174688},{"prop":"Sg1","value":"true","time":1555001177934},{"prop":"PreTest:Sg1","value":"b4","time":1555001177934},{"prop":"complete","value":false,"time":1555001177934},{"prop":"Sg1","value":"true","time":1555001177935},{"prop":"complete","value":false,"time":1555001177935},{"prop":"Sg2","value":"true","time":1555001180605},{"prop":"PreTest:Sg2","value":"b3","time":1555001180605},{"prop":"complete","value":false,"time":1555001180605},{"prop":"Sg2","value":"true","time":1555001180605},{"prop":"complete","value":false,"time":1555001180605},{"prop":"Sg3","value":"true","time":1555001182686},{"prop":"PreTest:Sg3","value":"b4","time":1555001182686},{"prop":"complete","value":false,"time":1555001182686},{"prop":"Sg3","value":"true","time":1555001182686},{"prop":"complete","value":false,"time":1555001182686},{"prop":"Sg3","value":"true","time":1555001183607},{"prop":"PreTest:Sg3","value":"b3","time":1555001183607},{"prop":"complete","value":false,"time":1555001183607},{"prop":"Sg3","value":"true","time":1555001183607},{"prop":"complete","value":false,"time":1555001183607},{"prop":"Sg4","value":"true","time":1555001191550},{"prop":"PreTest:Sg4","value":"b4","time":1555001191550},{"prop":"complete","value":true,"time":1555001191550},{"prop":"Sg4","value":"true","time":1555001191550},{"prop":"complete","value":true,"time":1555001191550}],"Sg1":"true","PreTest:Sg1":"b4","Sg2":"true","PreTest:Sg2":"b3","Sg3":"true","PreTest:Sg3":"b3","Sg4":"true","PreTest:Sg4":"b4"},"SMatsPre2":{"complete":true,"$seq":[{"prop":"complete","value":false,"time":1555001192440},{"prop":"Sg1","value":"true","time":1555001196720},{"prop":"PreTest:Sg1","value":"b2","time":1555001196720},{"prop":"complete","value":false,"time":1555001196720},{"prop":"Sg1","value":"true","time":1555001196721},{"prop":"complete","value":false,"time":1555001196721},{"prop":"Sg2","value":"true","time":1555001198452},{"prop":"PreTest:Sg2","value":"b3","time":1555001198452},{"prop":"complete","value":false,"time":1555001198452},{"prop":"Sg2","value":"true","time":1555001198452},{"prop":"complete","value":false,"time":1555001198452},{"prop":"Sg3","value":"true","time":1555001208906},{"prop":"PreTest:Sg3","value":"b3","time":1555001208906},{"prop":"complete","value":false,"time":1555001208906},{"prop":"Sg3","value":"true","time":1555001208907},{"prop":"complete","value":false,"time":1555001208907},{"prop":"Sg3","value":"true","time":1555001209514},{"prop":"PreTest:Sg3","value":"b3","time":1555001209514},{"prop":"complete","value":false,"time":1555001209514},{"prop":"Sg3","value":"true","time":1555001209514},{"prop":"complete","value":false,"time":1555001209514},{"prop":"Sg4","value":"true","time":1555001215391},{"prop":"PreTest:Sg4","value":"b3","time":1555001215391},{"prop":"complete","value":true,"time":1555001215391},{"prop":"Sg4","value":"true","time":1555001215392},{"prop":"complete","value":true,"time":1555001215392},{"prop":"Sg4","value":"true","time":1555001215634},{"prop":"PreTest:Sg4","value":"b3","time":1555001215634},{"prop":"complete","value":true,"time":1555001215634},{"prop":"Sg4","value":"true","time":1555001215634},{"prop":"complete","value":true,"time":1555001215634}],"Sg1":"true","PreTest:Sg1":"b2","Sg2":"true","PreTest:Sg2":"b3","Sg3":"true","PreTest:Sg3":"b3","Sg4":"true","PreTest:Sg4":"b3"},"SMatsPre3":{"complete":true,"$seq":[{"prop":"complete","value":false,"time":1555001216395},{"prop":"Sg1","value":"true","time":1555001243476},{"prop":"PreTest:Sg1","value":"b3","time":1555001243476},{"prop":"complete","value":false,"time":1555001243476},{"prop":"Sg1","value":"true","time":1555001243476},{"prop":"complete","value":false,"time":1555001243476},{"prop":"Sg2","value":"true","time":1555001247974},{"prop":"PreTest:Sg2","value":"b4","time":1555001247974},{"prop":"complete","value":false,"time":1555001247974},{"prop":"Sg2","value":"true","time":1555001247974},{"prop":"complete","value":false,"time":1555001247974},{"prop":"Sg3","value":"true","time":1555001249233},{"prop":"PreTest:Sg3","value":"b3","time":1555001249233},{"prop":"complete","value":false,"time":1555001249233},{"prop":"Sg3","value":"true","time":1555001249234},{"prop":"complete","value":false,"time":1555001249234},{"prop":"Sg4","value":"true","time":1555001249995},{"prop":"PreTest:Sg4","value":"b3","time":1555001249995},{"prop":"complete","value":true,"time":1555001249995},{"prop":"Sg4","value":"true","time":1555001249995},{"prop":"complete","value":true,"time":1555001249995},{"prop":"Sg4","value":"true","time":1555001254454},{"prop":"PreTest:Sg4","value":"b4","time":1555001254455},{"prop":"complete","value":true,"time":1555001254455},{"prop":"Sg4","value":"true","time":1555001254455},{"prop":"complete","value":true,"time":1555001254455}],"Sg1":"true","PreTest:Sg1":"b3","Sg2":"true","PreTest:Sg2":"b4","Sg3":"true","PreTest:Sg3":"b3","Sg4":"true","PreTest:Sg4":"b4"},"SMatsPre4":{"complete":true,"$seq":[{"prop":"complete","value":false,"time":1555001255288},{"prop":"Sg1","value":"true","time":1555001258875},{"prop":"PreTest:Sg1","value":"b4","time":1555001258875},{"prop":"complete","value":false,"time":1555001258875},{"prop":"Sg1","value":"true","time":1555001258876},{"prop":"complete","value":false,"time":1555001258876},{"prop":"Sg2","value":"true","time":1555001261725},{"prop":"PreTest:Sg2","value":"b3","time":1555001261725},{"prop":"complete","value":true,"time":1555001261725},{"prop":"prompted","value":true,"time":1555001261725},{"prop":"Sg2","value":"true","time":1555001261726},{"prop":"complete","value":true,"time":1555001261726}],"Sg1":"true","PreTest:Sg1":"b4","Sg2":"true","PreTest:Sg2":"b3","prompted":true},"SMatsPost1":{"complete":true,"$seq":[{"prop":"complete","value":false,"time":1555001261981},{"prop":"Sg1","value":"true","time":1555001272801},{"prop":"PostTest:Sg1","value":"b4","time":1555001272802},{"prop":"complete","value":false,"time":1555001272802},{"prop":"Sg1","value":"true","time":1555001272802},{"prop":"complete","value":false,"time":1555001272802},{"prop":"Sg2","value":"true","time":1555001273092},{"prop":"PostTest:Sg2","value":"b3","time":1555001273092},{"prop":"complete","value":false,"time":1555001273092},{"prop":"Sg2","value":"true","time":1555001273093},{"prop":"complete","value":false,"time":1555001273093},{"prop":"Sg2","value":"true","time":1555001273302},{"prop":"PostTest:Sg2","value":"b4","time":1555001273302},{"prop":"complete","value":false,"time":1555001273302},{"prop":"Sg2","value":"true","time":1555001273303},{"prop":"complete","value":false,"time":1555001273303},{"prop":"Sg3","value":"true","time":1555001273777},{"prop":"PostTest:Sg3","value":"b4","time":1555001273777},{"prop":"complete","value":false,"time":1555001273777},{"prop":"Sg3","value":"true","time":1555001273777},{"prop":"complete","value":false,"time":1555001273777},{"prop":"Sg4","value":"true","time":1555001273999},{"prop":"PostTest:Sg4","value":"b3","time":1555001273999},{"prop":"complete","value":true,"time":1555001273999},{"prop":"Sg4","value":"true","time":1555001273999},{"prop":"complete","value":true,"time":1555001274000},{"prop":"Sg4","value":"true","time":1555001274170},{"prop":"PostTest:Sg4","value":"b4","time":1555001274170},{"prop":"complete","value":true,"time":1555001274170},{"prop":"Sg4","value":"true","time":1555001274170},{"prop":"complete","value":true,"time":1555001274170},{"prop":"Sg2","value":"true","time":1555001274426},{"prop":"PostTest:Sg2","value":"b3","time":1555001274426},{"prop":"complete","value":true,"time":1555001274426},{"prop":"Sg2","value":"true","time":1555001274427},{"prop":"complete","value":true,"time":1555001274427}],"Sg1":"true","PostTest:Sg1":"b4","Sg2":"true","PostTest:Sg2":"b3","Sg3":"true","PostTest:Sg3":"b4","Sg4":"true","PostTest:Sg4":"b4"},"SMatsPost2":{"complete":true,"$seq":[{"prop":"complete","value":false,"time":1555001275347},{"prop":"Sg2","value":"true","time":1555001276566},{"prop":"PostTest:Sg2","value":"b4","time":1555001276566},{"prop":"complete","value":false,"time":1555001276566},{"prop":"Sg2","value":"true","time":1555001276566},{"prop":"complete","value":false,"time":1555001276566},{"prop":"Sg1","value":"true","time":1555001276947},{"prop":"PostTest:Sg1","value":"b3","time":1555001276947},{"prop":"complete","value":false,"time":1555001276947},{"prop":"Sg1","value":"true","time":1555001276947},{"prop":"complete","value":false,"time":1555001276947},{"prop":"Sg2","value":"true","time":1555001277338},{"prop":"PostTest:Sg2","value":"b3","time":1555001277338},{"prop":"complete","value":false,"time":1555001277338},{"prop":"Sg2","value":"true","time":1555001277339},{"prop":"complete","value":false,"time":1555001277339},{"prop":"Sg4","value":"true","time":1555001277931},{"prop":"PostTest:Sg4","value":"b3","time":1555001277931},{"prop":"complete","value":false,"time":1555001277931},{"prop":"Sg4","value":"true","time":1555001277932},{"prop":"complete","value":false,"time":1555001277932},{"prop":"Sg3","value":"true","time":1555001278626},{"prop":"PostTest:Sg3","value":"b3","time":1555001278626},{"prop":"complete","value":true,"time":1555001278626},{"prop":"Sg3","value":"true","time":1555001278627},{"prop":"complete","value":true,"time":1555001278627}],"Sg2":"true","PostTest:Sg2":"b3","Sg1":"true","PostTest:Sg1":"b3","Sg4":"true","PostTest:Sg4":"b3","Sg3":"true","PostTest:Sg3":"b3"},"SMatsPost3":{"complete":true,"$seq":[{"prop":"complete","value":false,"time":1555001279217},{"prop":"Sg1","value":"true","time":1555001280353},{"prop":"PostTest:Sg1","value":"b4","time":1555001280353},{"prop":"complete","value":false,"time":1555001280353},{"prop":"Sg1","value":"true","time":1555001280354},{"prop":"complete","value":false,"time":1555001280354},{"prop":"Sg3","value":"true","time":1555001281230},{"prop":"PostTest:Sg3","value":"b3","time":1555001281230},{"prop":"complete","value":false,"time":1555001281230},{"prop":"Sg3","value":"true","time":1555001281231},{"prop":"complete","value":false,"time":1555001281231},{"prop":"Sg2","value":"true","time":1555001282862},{"prop":"PostTest:Sg2","value":"b3","time":1555001282862},{"prop":"complete","value":false,"time":1555001282862},{"prop":"Sg2","value":"true","time":1555001282862},{"prop":"complete","value":false,"time":1555001282862},{"prop":"Sg4","value":"true","time":1555001283318},{"prop":"PostTest:Sg4","value":"b4","time":1555001283318},{"prop":"complete","value":true,"time":1555001283318},{"prop":"Sg4","value":"true","time":1555001283319},{"prop":"complete","value":true,"time":1555001283319}],"Sg1":"true","PostTest:Sg1":"b4","Sg3":"true","PostTest:Sg3":"b3","Sg2":"true","PostTest:Sg2":"b3","Sg4":"true","PostTest:Sg4":"b4"},"SMatsPost4":{"complete":false,"$seq":[{"prop":"complete","value":false,"time":1555001283899}]}},"module":{},"tutor":{}}