{"scene":{"SNavigator":{},"SMatsIntro":{"complete":true,"$seq":[{"prop":"complete","value":false,"time":1555001158006},{"prop":"complete","value":true,"time":1555001171922}]},"SMatsPre1":{"complete":true,"$seq":[{"prop":"complete","value":false,"time":1555001174688},{"prop":"Sg1","value":"true","time":1555001177934},{"prop":"PreTest:Sg1","value":"b4","time":1555001177934},{"prop":"complete","value":false,"time":1555001177934},{"prop":"Sg1","value":"true","time":1555001177935},{"prop":"complete","value":false,"time":1555001177935},{"prop":"Sg2","value":"true","time":1555001180605},{"prop":"PreTest:Sg2","value":"b3","time":1555001180605},{"prop":"complete","value":false,"time":1555001180605},{"prop":"Sg2","value":"true","time":1555001180605},{"prop":"complete","value":false,"time":1555001180605},{"prop":"Sg3","value":"true","time":1555001182686},{"prop":"PreTest:Sg3","value":"b4","time":1555001182686},{"prop":"complete","value":false,"time":1555001182686},{"prop":"Sg3","value":"true","time":1555001182686},{"prop":"complete","value":false,"time":1555001182686},{"prop":"Sg3","value":"true","time":1555001183607},{"prop":"PreTest:Sg3","value":"b3","time":1555001183607},{"prop":"complete","value":false,"time":1555001183607},{"prop":"Sg3","value":"true","time":1555001183607},{"prop":"complete","value":false,"time":1555001183607},{"prop":"Sg4","value":"true","time":1555001191550},{"prop":"PreTest:Sg4","value":"b4","time":1555001191550},{"prop":"complete","value":true,"time":1555001191550},{"prop":"Sg4","value":"true","time":1555001191550},{"prop":"complete","value":true,"time":1555001191550}],"Sg1":"true","PreTest:Sg1":"b4","Sg2":"true","PreTest:Sg2":"b3","Sg3":"true","PreTest:Sg3":"b3","Sg4":"true","PreTest:Sg4":"b4"},"SMatsPre2":{"complete":true,"$seq":[{"prop":"complete","value":false,"time":1555001192440},{"prop":"Sg1","value":"true","time":1555001196720},{"prop":"PreTest:Sg1","value":"b2","time":1555001196720},{"prop":"complete","value":false,"time":1555001196720},{"prop":"Sg1","value":"true","time":1555001196721},{"prop":"complete","value":false,"time":1555001196721},{"prop":"Sg2","value":"true","time":1555001198452},{"prop":"PreTest:Sg2","value":"b3","time":1555001198452},{"prop":"complete","value":false,"time":1555001198452},{"prop":"Sg2","value":"true","time":1555001198452},{"prop":"complete","value":false,"time":1555001198452},{"prop":"Sg3","value":"true","time":1555001208906},{"prop":"PreTest:Sg3","value":"b3","time":1555001208906},{"prop":"complete","value":false,"time":1555001208906},{"prop":"Sg3","value":"true","time":1555001208907},{"prop":"complete","value":false,"time":1555001208907},{"prop":"Sg3","value":"true","time":1555001209514},{"prop":"PreTest:Sg3","value":"b3","time":1555001209514},{"prop":"complete","value":false,"time":1555001209514},{"prop":"Sg3","value":"true","time":1555001209514},{"prop":"complete","value":false,"time":1555001209514},{"prop":"Sg4","value":"true","time":1555001215391},{"prop":"PreTest:Sg4","value":"b3","time":1555001215391},{"prop":"complete","value":true,"time":1555001215391},{"prop":"Sg4","value":"true","time":1555001215392},{"prop":"complete","value":true,"time":1555001215392},{"prop":"Sg4","value":"true","time":1555001215634},{"prop":"PreTest:Sg4","value":"b3","time":1555001215634},{"prop":"complete","value":true,"time":1555001215634},{"prop":"Sg4","value":"true","time":1555001215634},{"prop":"complete","value":true,"time":1555001215634}],"Sg1":"true","PreTest:Sg1":"b2","Sg2":"true","PreTest:Sg2":"b3","Sg3":"true","PreTest:Sg3":"b3","Sg4":"true","PreTest:Sg4":"b3"},"SMatsPre3":{"complete":false,"$seq":[{"prop":"complete","value":false,"time":1555001216395}]}},"module":{},"tutor":{}}