{"scene":{"SNavigator":{},"SMatsIntro":{"complete":true,"$seq":[{"prop":"complete","value":false,"time":1554728984264},{"prop":"complete","value":true,"time":1554728998113}]},"SMatsPre1":{"complete":true,"$seq":[{"prop":"complete","value":false,"time":1554729008269},{"prop":"Sg1","value":"true","time":1554729015059},{"prop":"PreTest:Sg1","value":"b2","time":1554729015059},{"prop":"complete","value":false,"time":1554729015059},{"prop":"Sg1","value":"true","time":1554729015060},{"prop":"complete","value":false,"time":1554729015061},{"prop":"Sg2","value":"true","time":1554729029203},{"prop":"PreTest:Sg2","value":"b4","time":1554729029203},{"prop":"complete","value":false,"time":1554729029203},{"prop":"Sg2","value":"true","time":1554729029204},{"prop":"complete","value":false,"time":1554729029204},{"prop":"Sg3","value":"true","time":1554729030517},{"prop":"PreTest:Sg3","value":"b4","time":1554729030517},{"prop":"complete","value":false,"time":1554729030518},{"prop":"Sg3","value":"true","time":1554729030518},{"prop":"complete","value":false,"time":1554729030518},{"prop":"Sg4","value":"true","time":1554729034725},{"prop":"PreTest:Sg4","value":"b3","time":1554729034725},{"prop":"complete","value":true,"time":1554729034725},{"prop":"Sg4","value":"true","time":1554729034725},{"prop":"complete","value":true,"time":1554729034725}],"Sg1":"true","PreTest:Sg1":"b2","Sg2":"true","PreTest:Sg2":"b4","Sg3":"true","PreTest:Sg3":"b4","Sg4":"true","PreTest:Sg4":"b3"},"SMatsPre2":{"complete":true,"$seq":[{"prop":"complete","value":false,"time":1554729035692},{"prop":"Sg1","value":"true","time":1554729038541},{"prop":"PreTest:Sg1","value":"b4","time":1554729038541},{"prop":"complete","value":false,"time":1554729038541},{"prop":"Sg1","value":"true","time":1554729038541},{"prop":"complete","value":false,"time":1554729038541},{"prop":"Sg2","value":"true","time":1554729041589},{"prop":"PreTest:Sg2","value":"b2","time":1554729041589},{"prop":"complete","value":false,"time":1554729041589},{"prop":"Sg2","value":"true","time":1554729041589},{"prop":"complete","value":false,"time":1554729041589},{"prop":"Sg3","value":"true","time":1554729044214},{"prop":"PreTest:Sg3","value":"b3","time":1554729044214},{"prop":"complete","value":false,"time":1554729044214},{"prop":"Sg3","value":"true","time":1554729044215},{"prop":"complete","value":false,"time":1554729044215},{"prop":"Sg4","value":"true","time":1554729051103},{"prop":"PreTest:Sg4","value":"b3","time":1554729051103},{"prop":"complete","value":true,"time":1554729051103},{"prop":"Sg4","value":"true","time":1554729051104},{"prop":"complete","value":true,"time":1554729051104}],"Sg1":"true","PreTest:Sg1":"b4","Sg2":"true","PreTest:Sg2":"b2","Sg3":"true","PreTest:Sg3":"b3","Sg4":"true","PreTest:Sg4":"b3"},"SMatsPre3":{"complete":true,"$seq":[{"prop":"complete","value":false,"time":1554729053992},{"prop":"Sg1","value":"true","time":1554729056471},{"prop":"PreTest:Sg1","value":"b4","time":1554729056471},{"prop":"complete","value":false,"time":1554729056471},{"prop":"Sg1","value":"true","time":1554729056472},{"prop":"complete","value":false,"time":1554729056472},{"prop":"Sg2","value":"true","time":1554729059436},{"prop":"PreTest:Sg2","value":"b3","time":1554729059436},{"prop":"complete","value":false,"time":1554729059436},{"prop":"Sg2","value":"true","time":1554729059436},{"prop":"complete","value":false,"time":1554729059436},{"prop":"Sg3","value":"true","time":1554729062573},{"prop":"PreTest:Sg3","value":"b3","time":1554729062573},{"prop":"complete","value":false,"time":1554729062573},{"prop":"Sg3","value":"true","time":1554729062573},{"prop":"complete","value":false,"time":1554729062573},{"prop":"Sg3","value":"true","time":1554729064700},{"prop":"PreTest:Sg3","value":"b4","time":1554729064700},{"prop":"complete","value":false,"time":1554729064700},{"prop":"Sg3","value":"true","time":1554729064701},{"prop":"complete","value":false,"time":1554729064701},{"prop":"Sg4","value":"true","time":1554729071407},{"prop":"PreTest:Sg4","value":"b3","time":1554729071407},{"prop":"complete","value":true,"time":1554729071407},{"prop":"Sg4","value":"true","time":1554729071407},{"prop":"complete","value":true,"time":1554729071407}],"Sg1":"true","PreTest:Sg1":"b4","Sg2":"true","PreTest:Sg2":"b3","Sg3":"true","PreTest:Sg3":"b4","Sg4":"true","PreTest:Sg4":"b3"},"SMatsPre4":{"complete":true,"$seq":[{"prop":"complete","value":false,"time":1554729072710},{"prop":"Sg1","value":"true","time":1554729078093},{"prop":"PreTest:Sg1","value":"b1","time":1554729078093},{"prop":"complete","value":false,"time":1554729078094},{"prop":"Sg1","value":"true","time":1554729078095},{"prop":"complete","value":false,"time":1554729078095},{"prop":"Sg2","value":"true","time":1554729080650},{"prop":"PreTest:Sg2","value":"b3","time":1554729080650},{"prop":"complete","value":true,"time":1554729080650},{"prop":"prompted","value":true,"time":1554729080650},{"prop":"Sg2","value":"true","time":1554729080651},{"prop":"complete","value":true,"time":1554729080651},{"prop":"complete","value":true,"time":1554729082080}],"Sg1":"true","PreTest:Sg1":"b1","Sg2":"true","PreTest:Sg2":"b3","prompted":true},"SSceneEnd":{"complete":false,"$seq":[{"prop":"complete","value":false,"time":1554729082185}]}},"module":{},"tutor":{}}