{"scene":{"SNavigator":{},"SSceneBL":{"complete":true,"$seq":[{"prop":"complete","value":false,"time":1543844482329},{"prop":"complete","value":true,"time":1543844491036}]},"SScene4":{"complete":true,"$seq":[{"prop":"complete","value":false,"time":1543844493003},{"prop":"complete","value":true,"time":1543844514106}]},"SScene5":{"complete":true,"$seq":[{"prop":"complete","value":false,"time":1543844516793},{"prop":"complete","value":true,"time":1543844522088}]},"SScene5a":{"complete":true,"$seq":[{"prop":"complete","value":false,"time":1543844524342},{"prop":"complete","value":true,"time":1543844572842}]},"SScene6a":{},"SScene6b":{},"SScene6c":{},"SScene6d":{},"SScene7":{"complete":true,"$seq":[{"prop":"complete","value":false,"time":1543844626095},{"prop":"complete","value":true,"time":1543844778244}]},"SScene8":{"complete":true,"$seq":[{"prop":"complete","value":false,"time":1543844787954},{"prop":"complete","value":true,"time":1543844856172}]},"SScene11":{"RQconfirmed":false,"$seq":[{"prop":"RQconfirmed","value":false,"time":1543844858580},{"prop":"complete","value":true,"time":1543844869920}],"complete":true},"SSceneEnd":{"complete":false,"$seq":[{"prop":"complete","value":false,"time":1543844877705}]},"SScene1":{"rowsComplete":4,"$seq":[{"prop":"rowsComplete","value":0,"time":1543844879698},{"prop":"complete","value":false,"time":1543844880015},{"prop":"currentRow","value":1,"time":1543844886730},{"prop":"correct","value":true,"time":1543844886730},{"prop":"correct","value":false,"time":1543844886744},{"prop":"correct","value":false,"time":1543844892239},{"prop":"correct","value":false,"time":1543844892241},{"prop":"TVSel.col1","value":2,"time":1543844898684},{"prop":"TVSel.col2","value":1,"time":1543844901500},{"prop":"correct","value":true,"time":1543844901500},{"prop":"correct","value":false,"time":1543844901534},{"prop":"rowsComplete","value":1,"time":1543844901538},{"prop":"currentRow","value":0,"time":1543844911323},{"prop":"currentRow","value":2,"time":1543844911323},{"prop":"correct","value":false,"time":1543844911324},{"prop":"VSel.col1","value":null,"time":1543844911325},{"prop":"VSel.col2","value":null,"time":1543844911325},{"prop":"correct","value":false,"time":1543844911326},{"prop":"VSel.col1","value":1,"time":1543844919349},{"prop":"VSel.col2","value":2,"time":1543844921727},{"prop":"correct","value":false,"time":1543844921729},{"prop":"correct","value":false,"time":1543844921757},{"prop":"VSel.col2","value":1,"time":1543844924066},{"prop":"correct","value":true,"time":1543844924066},{"prop":"correct","value":false,"time":1543844924093},{"prop":"rowsComplete","value":2,"time":1543844924095},{"prop":"currentRow","value":3,"time":1543844929758},{"prop":"correct","value":false,"time":1543844929761},{"prop":"VSel.col1","value":null,"time":1543844929761},{"prop":"VSel.col2","value":null,"time":1543844929761},{"prop":"correct","value":false,"time":1543844929763},{"prop":"VSel.col1","value":1,"time":1543844935743},{"prop":"VSel.col2","value":1,"time":1543844936790},{"prop":"correct","value":true,"time":1543844936790},{"prop":"correct","value":false,"time":1543844936824},{"prop":"rowsComplete","value":3,"time":1543844936827},{"prop":"currentRow","value":4,"time":1543844942585},{"prop":"correct","value":false,"time":1543844942586},{"prop":"VSel.col1","value":null,"time":1543844942586},{"prop":"VSel.col2","value":null,"time":1543844942586},{"prop":"correct","value":false,"time":1543844942588},{"prop":"VSel.col1","value":1,"time":1543844953251},{"prop":"VSel.col2","value":2,"time":1543844954459},{"prop":"correct","value":false,"time":1543844954459},{"prop":"correct","value":false,"time":1543844954519},{"prop":"VSel.col2","value":1,"time":1543844956283},{"prop":"correct","value":true,"time":1543844956283},{"prop":"correct","value":false,"time":1543844956315},{"prop":"rowsComplete","value":4,"time":1543844956318},{"prop":"currentRow","value":5,"time":1543844962041},{"prop":"complete","value":true,"time":1543844962042},{"prop":"correct","value":false,"time":1543844962043}],"complete":true,"currentRow":5,"correct":false,"TVSel":{"col1":2,"col2":1},"VSel":{"col1":1,"col2":1}},"SScene2":{"complete":false,"$seq":[{"prop":"complete","value":false,"time":1543844962951}]}},"module":{"selectedArea":{"ontologyKey":"S_A4|name","index":4},"selectedTopic":{"ontologyKey":"S_A4_T1|name","index":1},"selectedVariable":{"ontologyKey":"S_A4_T1_V1|name","index":1},"selectedRQ":{"ontologyKey":"S_A4_T1_RQ1"},"AreaSelectedID":"Sarea4|Sselected","AreaButtonID":"Sbutton4","TopicSelectedID":"Stopic1|Sselected","TopicButtonID":"Sbutton1","VariableHighlightID":"SbuttonHL1","VariableClickMaskID":"SclickMask1","RQconfirmation":"UNKNOWN","$seq":[{"prop":"selectedArea","value":{"ontologyKey":"S_A4|name","index":4},"time":1543844879616},{"prop":"selectedTopic","value":{"ontologyKey":"S_A4_T1|name","index":1},"time":1543844879616},{"prop":"selectedVariable","value":{"ontologyKey":"S_A4_T1_V1|name","index":1},"time":1543844879616},{"prop":"selectedRQ","value":{"ontologyKey":"S_A4_T1_RQ1"},"time":1543844879616},{"prop":"AreaSelectedID","value":"Sarea4|Sselected","time":1543844879616},{"prop":"AreaButtonID","value":"Sbutton4","time":1543844879616},{"prop":"TopicSelectedID","value":"Stopic1|Sselected","time":1543844879616},{"prop":"TopicButtonID","value":"Sbutton1","time":1543844879616},{"prop":"VariableHighlightID","value":"SbuttonHL1","time":1543844879616},{"prop":"VariableClickMaskID","value":"SclickMask1","time":1543844879616},{"prop":"TEDExptNonTarget","value":[1,3,4],"time":1543844879620},{"prop":"TEDExptConfounds","value":[3,4,1],"time":1543844879620},{"prop":"TEDExptDifferent","value":[3,4,1,2],"time":1543844879620},{"prop":"TEDExptArea","value":{"ontologyKey":"S_A4","index":4},"time":1543844879620},{"prop":"TEDExptTopic","value":{"ontologyKey":"S_A4_T1","index":1},"time":1543844879620},{"prop":"TEDExptVariable","value":{"ontologyKey":"S_A4_T1_V2","index":2},"time":1543844879620},{"prop":"TEDExptRQ","value":{"ontologyKey":"S_A4_T1_RQ2","index":2},"time":1543844879620},{"prop":"TEDExptVarNC1","value":{"ontologyKey":"S_A4_T1_V1","index":1},"time":1543844879620},{"prop":"TEDExptVarNC2","value":{"ontologyKey":"S_A4_T1_V3","index":3},"time":1543844879620},{"prop":"TEDExptVarNC3","value":{"ontologyKey":"S_A4_T1_V4","index":4},"time":1543844879620},{"prop":"TEDExptPOSTSequence","value":[{"ontologyKey":"S_A4_T1_V1","index":1},{"ontologyKey":"S_A4_T1_V2","index":2},{"ontologyKey":"S_A4_T1_V3","index":3},{"ontologyKey":"S_A4_T1_V4","index":4}],"time":1543844879620},{"prop":"TEDExpt1V1","value":{"ontologyKey":"S_A4_T1_V1_A","index":1},"time":1543844879620},{"prop":"TEDExpt2V1","value":{"ontologyKey":"S_A4_T1_V1_A","index":1},"time":1543844879620},{"prop":"TEDExpt1V2","value":{"ontologyKey":"S_A4_T1_V2_A","index":2},"time":1543844879620},{"prop":"TEDExpt2V2","value":{"ontologyKey":"S_A4_T1_V2_A","index":2},"time":1543844879620},{"prop":"TEDExpt1V3","value":{"ontologyKey":"S_A4_T1_V3_A","index":3},"time":1543844879620},{"prop":"TEDExpt2V3","value":{"ontologyKey":"S_A4_T1_V3_A","index":3},"time":1543844879620},{"prop":"TEDExpt1V4","value":{"ontologyKey":"S_A4_T1_V4_A","index":4},"time":1543844879620},{"prop":"TEDExpt2V4","value":{"ontologyKey":"S_A4_T1_V4_A","index":4},"time":1543844879620},{"prop":"TEDExpt2V3","value":{"ontologyKey":"S_A4_T1_V3_B","index":3},"time":1543844879620},{"prop":"TEDExpt2V4","value":{"ontologyKey":"S_A4_T1_V4_B","index":4},"time":1543844879620},{"prop":"TEDExpt2V1","value":{"ontologyKey":"S_A4_T1_V1_B","index":1},"time":1543844879620},{"prop":"TEDExpt2V2","value":{"ontologyKey":"S_A4_T1_V2_B","index":2},"time":1543844879620},{"prop":"TEDExptNC1SameDiff","value":{"ontologyKey":"TED_E1_Q7NC1DIFF","value":"diff","index":1},"time":1543844879621},{"prop":"TEDExptNC1Confound","value":{"ontologyKey":"S_A4_T1_V1","index":1},"time":1543844879621},{"prop":"TEDExptNC2SameDiff","value":{"ontologyKey":"TED_E1_Q7NC2DIFF","value":"diff","index":3},"time":1543844879621},{"prop":"TEDExptNC2Confound","value":{"ontologyKey":"S_A4_T1_V3","index":3},"time":1543844879621},{"prop":"TEDExptNC3SameDiff","value":{"ontologyKey":"TED_E1_Q7NC3DIFF","value":"diff","index":4},"time":1543844879621},{"prop":"TEDExptNC3Confound","value":{"ontologyKey":"S_A4_T1_V4","index":4},"time":1543844879621},{"prop":"TEDExptNonTarget","value":[1,3,4],"time":1543844879679},{"prop":"TEDExptConfounds","value":[3,4,1],"time":1543844879679},{"prop":"TEDExptDifferent","value":[3,4,1,2],"time":1543844879679},{"prop":"TEDExptArea","value":{"ontologyKey":"S_A4","index":4},"time":1543844879679},{"prop":"TEDExptTopic","value":{"ontologyKey":"S_A4_T1","index":1},"time":1543844879679},{"prop":"TEDExptVariable","value":{"ontologyKey":"S_A4_T1_V2","index":2},"time":1543844879679},{"prop":"TEDExptRQ","value":{"ontologyKey":"S_A4_T1_RQ2","index":2},"time":1543844879679},{"prop":"TEDExptVarNC1","value":{"ontologyKey":"S_A4_T1_V1","index":1},"time":1543844879679},{"prop":"TEDExptVarNC2","value":{"ontologyKey":"S_A4_T1_V3","index":3},"time":1543844879679},{"prop":"TEDExptVarNC3","value":{"ontologyKey":"S_A4_T1_V4","index":4},"time":1543844879679},{"prop":"TEDExptPOSTSequence","value":[{"ontologyKey":"S_A4_T1_V1","index":1},{"ontologyKey":"S_A4_T1_V2","index":2},{"ontologyKey":"S_A4_T1_V3","index":3},{"ontologyKey":"S_A4_T1_V4","index":4}],"time":1543844879679},{"prop":"TEDExpt1V1","value":{"ontologyKey":"S_A4_T1_V1_A","index":1},"time":1543844879679},{"prop":"TEDExpt2V1","value":{"ontologyKey":"S_A4_T1_V1_A","index":1},"time":1543844879679},{"prop":"TEDExpt1V2","value":{"ontologyKey":"S_A4_T1_V2_A","index":2},"time":1543844879679},{"prop":"TEDExpt2V2","value":{"ontologyKey":"S_A4_T1_V2_A","index":2},"time":1543844879679},{"prop":"TEDExpt1V3","value":{"ontologyKey":"S_A4_T1_V3_A","index":3},"time":1543844879679},{"prop":"TEDExpt2V3","value":{"ontologyKey":"S_A4_T1_V3_A","index":3},"time":1543844879679},{"prop":"TEDExpt1V4","value":{"ontologyKey":"S_A4_T1_V4_A","index":4},"time":1543844879679},{"prop":"TEDExpt2V4","value":{"ontologyKey":"S_A4_T1_V4_A","index":4},"time":1543844879679},{"prop":"TEDExpt2V3","value":{"ontologyKey":"S_A4_T1_V3_B","index":3},"time":1543844879680},{"prop":"TEDExpt2V4","value":{"ontologyKey":"S_A4_T1_V4_B","index":4},"time":1543844879680},{"prop":"TEDExpt2V1","value":{"ontologyKey":"S_A4_T1_V1_B","index":1},"time":1543844879680},{"prop":"TEDExpt2V2","value":{"ontologyKey":"S_A4_T1_V2_B","index":2},"time":1543844879680},{"prop":"TEDExptNC1SameDiff","value":{"ontologyKey":"TED_E1_Q7NC1DIFF","value":"diff","index":1},"time":1543844879680},{"prop":"TEDExptNC1Confound","value":{"ontologyKey":"S_A4_T1_V1","index":1},"time":1543844879680},{"prop":"TEDExptNC2SameDiff","value":{"ontologyKey":"TED_E1_Q7NC2DIFF","value":"diff","index":3},"time":1543844879680},{"prop":"TEDExptNC2Confound","value":{"ontologyKey":"S_A4_T1_V3","index":3},"time":1543844879680},{"prop":"TEDExptNC3SameDiff","value":{"ontologyKey":"TED_E1_Q7NC3DIFF","value":"diff","index":4},"time":1543844879680},{"prop":"TEDExptNC3Confound","value":{"ontologyKey":"S_A4_T1_V4","index":4},"time":1543844879680},{"prop":"TEDExptNonTarget","value":[1,3,4],"time":1543844880016},{"prop":"TEDExptConfounds","value":[3,4,1],"time":1543844880016},{"prop":"TEDExptDifferent","value":[3,4,1,2],"time":1543844880016},{"prop":"TEDExptArea","value":{"ontologyKey":"S_A4","index":4},"time":1543844880016},{"prop":"TEDExptTopic","value":{"ontologyKey":"S_A4_T1","index":1},"time":1543844880016},{"prop":"TEDExptVariable","value":{"ontologyKey":"S_A4_T1_V2","index":2},"time":1543844880016},{"prop":"TEDExptRQ","value":{"ontologyKey":"S_A4_T1_RQ2","index":2},"time":1543844880016},{"prop":"TEDExptVarNC1","value":{"ontologyKey":"S_A4_T1_V1","index":1},"time":1543844880016},{"prop":"TEDExptVarNC2","value":{"ontologyKey":"S_A4_T1_V3","index":3},"time":1543844880016},{"prop":"TEDExptVarNC3","value":{"ontologyKey":"S_A4_T1_V4","index":4},"time":1543844880016},{"prop":"TEDExptPOSTSequence","value":[{"ontologyKey":"S_A4_T1_V1","index":1},{"ontologyKey":"S_A4_T1_V2","index":2},{"ontologyKey":"S_A4_T1_V3","index":3},{"ontologyKey":"S_A4_T1_V4","index":4}],"time":1543844880016},{"prop":"TEDExpt1V1","value":{"ontologyKey":"S_A4_T1_V1_A","index":1},"time":1543844880016},{"prop":"TEDExpt2V1","value":{"ontologyKey":"S_A4_T1_V1_A","index":1},"time":1543844880016},{"prop":"TEDExpt1V2","value":{"ontologyKey":"S_A4_T1_V2_A","index":2},"time":1543844880016},{"prop":"TEDExpt2V2","value":{"ontologyKey":"S_A4_T1_V2_A","index":2},"time":1543844880016},{"prop":"TEDExpt1V3","value":{"ontologyKey":"S_A4_T1_V3_A","index":3},"time":1543844880016},{"prop":"TEDExpt2V3","value":{"ontologyKey":"S_A4_T1_V3_A","index":3},"time":1543844880016},{"prop":"TEDExpt1V4","value":{"ontologyKey":"S_A4_T1_V4_A","index":4},"time":1543844880016},{"prop":"TEDExpt2V4","value":{"ontologyKey":"S_A4_T1_V4_A","index":4},"time":1543844880016},{"prop":"TEDExpt2V3","value":{"ontologyKey":"S_A4_T1_V3_B","index":3},"time":1543844880016},{"prop":"TEDExpt2V4","value":{"ontologyKey":"S_A4_T1_V4_B","index":4},"time":1543844880016},{"prop":"TEDExpt2V1","value":{"ontologyKey":"S_A4_T1_V1_B","index":1},"time":1543844880016},{"prop":"TEDExpt2V2","value":{"ontologyKey":"S_A4_T1_V2_B","index":2},"time":1543844880016},{"prop":"TEDExptNC1SameDiff","value":{"ontologyKey":"TED_E1_Q7NC1DIFF","value":"diff","index":1},"time":1543844880016},{"prop":"TEDExptNC1Confound","value":{"ontologyKey":"S_A4_T1_V1","index":1},"time":1543844880016},{"prop":"TEDExptNC2SameDiff","value":{"ontologyKey":"TED_E1_Q7NC2DIFF","value":"diff","index":3},"time":1543844880016},{"prop":"TEDExptNC2Confound","value":{"ontologyKey":"S_A4_T1_V3","index":3},"time":1543844880016},{"prop":"TEDExptNC3SameDiff","value":{"ontologyKey":"TED_E1_Q7NC3DIFF","value":"diff","index":4},"time":1543844880016},{"prop":"TEDExptNC3Confound","value":{"ontologyKey":"S_A4_T1_V4","index":4},"time":1543844880016},{"prop":"differentRow","value":1,"time":1543844901538},{"prop":"independentVarN","value":{"row":2,"col":0,"ontologyKey":"S_A4_T1_V2|name","isText":true,"selectedValue":"Amount of Sunlight","cell":{}},"time":1543844911323},{"prop":"sameRow1","value":2,"time":1543844924095},{"prop":"independentVarN","value":{"row":3,"col":0,"ontologyKey":"S_A4_T1_V3|name","isText":true,"selectedValue":"Amount of Fertilizer","cell":{}},"time":1543844929758},{"prop":"sameRow2","value":3,"time":1543844936827},{"prop":"independentVarN","value":{"row":4,"col":0,"ontologyKey":"S_A4_T1_V4|name","isText":true,"selectedValue":"Type of Water","cell":{}},"time":1543844942585},{"prop":"sameRow3","value":4,"time":1543844956318},{"prop":"independentVarN","time":1543844962042}],"TEDExptNonTarget":[1,3,4],"TEDExptConfounds":[3,4,1],"TEDExptDifferent":[3,4,1,2],"TEDExptArea":{"ontologyKey":"S_A4","index":4},"TEDExptTopic":{"ontologyKey":"S_A4_T1","index":1},"TEDExptVariable":{"ontologyKey":"S_A4_T1_V2","index":2},"TEDExptRQ":{"ontologyKey":"S_A4_T1_RQ2","index":2},"TEDExptVarNC1":{"ontologyKey":"S_A4_T1_V1","index":1},"TEDExptVarNC2":{"ontologyKey":"S_A4_T1_V3","index":3},"TEDExptVarNC3":{"ontologyKey":"S_A4_T1_V4","index":4},"TEDExptPOSTSequence":[{"ontologyKey":"S_A4_T1_V1","index":1},{"ontologyKey":"S_A4_T1_V2","index":2},{"ontologyKey":"S_A4_T1_V3","index":3},{"ontologyKey":"S_A4_T1_V4","index":4}],"TEDExpt1V1":{"ontologyKey":"S_A4_T1_V1_A","index":1},"TEDExpt2V1":{"ontologyKey":"S_A4_T1_V1_B","index":1},"TEDExpt1V2":{"ontologyKey":"S_A4_T1_V2_A","index":2},"TEDExpt2V2":{"ontologyKey":"S_A4_T1_V2_B","index":2},"TEDExpt1V3":{"ontologyKey":"S_A4_T1_V3_A","index":3},"TEDExpt2V3":{"ontologyKey":"S_A4_T1_V3_B","index":3},"TEDExpt1V4":{"ontologyKey":"S_A4_T1_V4_A","index":4},"TEDExpt2V4":{"ontologyKey":"S_A4_T1_V4_B","index":4},"TEDExptNC1SameDiff":{"ontologyKey":"TED_E1_Q7NC1DIFF","value":"diff","index":1},"TEDExptNC1Confound":{"ontologyKey":"S_A4_T1_V1","index":1},"TEDExptNC2SameDiff":{"ontologyKey":"TED_E1_Q7NC2DIFF","value":"diff","index":3},"TEDExptNC2Confound":{"ontologyKey":"S_A4_T1_V3","index":3},"TEDExptNC3SameDiff":{"ontologyKey":"TED_E1_Q7NC3DIFF","value":"diff","index":4},"TEDExptNC3Confound":{"ontologyKey":"S_A4_T1_V4","index":4},"differentRow":1,"sameRow1":2,"sameRow2":3,"sameRow3":4},"tutor":{"experimentalGroup":{"ontologyKey":"EG_A3"},"$seq":[{"prop":"experimentalGroup.ontologyKey","value":"EG_A3","time":1543844879616}]}}