{"scene":{"SNavigator":{},"SScene1":{"complete":true,"$seq":[{"prop":"complete","value":false,"time":1543849762839},{"prop":"complete","value":true,"time":1543849815071}]},"SScene2":{"AreaSelected":true,"$seq":[{"prop":"AreaSelected","value":false,"time":1543849825441},{"prop":"AreaSelected","value":true,"time":1543849887183},{"prop":"Area Name:physical and chemical changes","time":1543849887185},{"prop":"Area Index:1","time":1543849887185}]},"SScene3":{"TopicSelected":true,"$seq":[{"prop":"TopicSelected","value":false,"time":1543849890226},{"prop":"TopicSelected","value":true,"time":1543849907038},{"prop":"Topic Index:2","time":1543849907039}]},"SScene4":{"complete":true,"$seq":[{"prop":"complete","value":false,"time":1543849907442},{"prop":"complete","value":true,"time":1543849928317}]},"SScene5":{"complete":true,"$seq":[{"prop":"complete","value":false,"time":1543849930369},{"prop":"complete","value":true,"time":1543849935023}]},"SScene5a":{"complete":true,"$seq":[{"prop":"complete","value":false,"time":1543849936606},{"prop":"complete","value":true,"time":1543849948792}]},"SScene6a":{}},"module":{"selectedArea":{"ontologyKey":"S_A1|name","index":1},"$seq":[{"prop":"selectedArea.ontologyKey","value":"S_A1|name","time":1543849887184},{"prop":"selectedArea.index","value":1,"time":1543849887184},{"prop":"selectedTopic.ontologyKey","value":"S_A1_T2|name","time":1543849907038},{"prop":"selectedTopic.index","value":2,"time":1543849907038}],"selectedTopic":{"ontologyKey":"S_A1_T2|name","index":2}},"tutor":{"experimentalGroup":{"ontologyKey":"EG_A1"},"$seq":[{"prop":"experimentalGroup.ontologyKey","value":"EG_A1","time":1543849762723}]}}