{"scene":{"SNavigator":{},"SMatsIntro":{"complete":true,"$seq":[{"prop":"complete","value":false,"time":1557761787411},{"prop":"complete","value":true,"time":1557761800767}]},"SMatsPre1":{"complete":true,"$seq":[{"prop":"complete","value":false,"time":1557761803585},{"prop":"Sg1","value":"true","time":1557761808600},{"prop":"PreTest:Sg1","value":"b5","time":1557761808600},{"prop":"complete","value":false,"time":1557761808601},{"prop":"Sg1","value":"true","time":1557761808602},{"prop":"complete","value":false,"time":1557761808602},{"prop":"Sg2","value":"true","time":1557761812483},{"prop":"PreTest:Sg2","value":"b4","time":1557761812483},{"prop":"complete","value":false,"time":1557761812484},{"prop":"Sg2","value":"true","time":1557761812484},{"prop":"complete","value":false,"time":1557761812484},{"prop":"Sg3","value":"true","time":1557761815648},{"prop":"PreTest:Sg3","value":"b1","time":1557761815648},{"prop":"complete","value":false,"time":1557761815649},{"prop":"Sg3","value":"true","time":1557761815649},{"prop":"complete","value":false,"time":1557761815649},{"prop":"Sg4","value":"true","time":1557761818648},{"prop":"PreTest:Sg4","value":"b5","time":1557761818649},{"prop":"complete","value":true,"time":1557761818649},{"prop":"Sg4","value":"true","time":1557761818649},{"prop":"complete","value":true,"time":1557761818649}],"Sg1":"true","PreTest:Sg1":"b5","Sg2":"true","PreTest:Sg2":"b4","Sg3":"true","PreTest:Sg3":"b1","Sg4":"true","PreTest:Sg4":"b5"},"SMatsPre2":{"complete":true,"$seq":[{"prop":"complete","value":false,"time":1557761819803},{"prop":"Sg1","value":"true","time":1557761833234},{"prop":"PreTest:Sg1","value":"b1","time":1557761833234},{"prop":"complete","value":false,"time":1557761833234},{"prop":"Sg1","value":"true","time":1557761833234},{"prop":"complete","value":false,"time":1557761833234},{"prop":"Sg2","value":"true","time":1557761835563},{"prop":"PreTest:Sg2","value":"b4","time":1557761835563},{"prop":"complete","value":false,"time":1557761835563},{"prop":"Sg2","value":"true","time":1557761835564},{"prop":"complete","value":false,"time":1557761835564},{"prop":"Sg3","value":"true","time":1557761838566},{"prop":"PreTest:Sg3","value":"b3","time":1557761838566},{"prop":"complete","value":false,"time":1557761838566},{"prop":"Sg3","value":"true","time":1557761838566},{"prop":"complete","value":false,"time":1557761838567},{"prop":"Sg4","value":"true","time":1557761842645},{"prop":"PreTest:Sg4","value":"b4","time":1557761842645},{"prop":"complete","value":true,"time":1557761842645},{"prop":"Sg4","value":"true","time":1557761842645},{"prop":"complete","value":true,"time":1557761842645},{"prop":"Sg4","value":"true","time":1557761843880},{"prop":"PreTest:Sg4","value":"b3","time":1557761843880},{"prop":"complete","value":true,"time":1557761843880},{"prop":"Sg4","value":"true","time":1557761843880},{"prop":"complete","value":true,"time":1557761843880}],"Sg1":"true","PreTest:Sg1":"b1","Sg2":"true","PreTest:Sg2":"b4","Sg3":"true","PreTest:Sg3":"b3","Sg4":"true","PreTest:Sg4":"b3"},"SMatsPre3":{"complete":true,"$seq":[{"prop":"complete","value":false,"time":1557761844749},{"prop":"Sg1","value":"true","time":1557761849402},{"prop":"PreTest:Sg1","value":"b3","time":1557761849402},{"prop":"complete","value":false,"time":1557761849402},{"prop":"Sg1","value":"true","time":1557761849402},{"prop":"complete","value":false,"time":1557761849402},{"prop":"Sg2","value":"true","time":1557761852769},{"prop":"PreTest:Sg2","value":"b5","time":1557761852769},{"prop":"complete","value":false,"time":1557761852769},{"prop":"Sg2","value":"true","time":1557761852769},{"prop":"complete","value":false,"time":1557761852769},{"prop":"Sg3","value":"true","time":1557761856537},{"prop":"PreTest:Sg3","value":"b3","time":1557761856537},{"prop":"complete","value":false,"time":1557761856537},{"prop":"Sg3","value":"true","time":1557761856537},{"prop":"complete","value":false,"time":1557761856537},{"prop":"Sg3","value":"true","time":1557761858161},{"prop":"PreTest:Sg3","value":"b4","time":1557761858161},{"prop":"complete","value":false,"time":1557761858161},{"prop":"Sg3","value":"true","time":1557761858161},{"prop":"complete","value":false,"time":1557761858161},{"prop":"Sg4","value":"true","time":1557761861252},{"prop":"PreTest:Sg4","value":"b4","time":1557761861252},{"prop":"complete","value":true,"time":1557761861252},{"prop":"Sg4","value":"true","time":1557761861252},{"prop":"complete","value":true,"time":1557761861252}],"Sg1":"true","PreTest:Sg1":"b3","Sg2":"true","PreTest:Sg2":"b5","Sg3":"true","PreTest:Sg3":"b4","Sg4":"true","PreTest:Sg4":"b4"},"SMatsPre4":{"complete":false,"$seq":[{"prop":"complete","value":false,"time":1557761862327}]}},"module":{},"tutor":{}}