{"scene":{"SNavigator":{},"SIntro":{"complete":false,"$seq":[{"prop":"complete","value":false,"time":1263928293586}]},"SScene1":{"complete":true,"$seq":[{"prop":"complete","value":false,"time":1263928308453},{"prop":"Sg1","value":"true","time":1263928326380},{"prop":"DR1:Sg1","value":"ans1","time":1263928326380},{"prop":"complete","value":true,"time":1263928326380},{"prop":"Sg1","value":"true","time":1263928326381},{"prop":"complete","value":true,"time":1263928326381}],"Sg1":"true","DR1:Sg1":"ans1"},"SScene2":{"complete":false,"$seq":[{"prop":"complete","value":false,"time":1263928329721}]}},"module":{},"tutor":{}}