{"scene":{"SNavigator":{},"SIntro":{"complete":false,"$seq":[{"prop":"complete","value":false,"time":1263928293586}]},"SScene1":{"complete":true,"$seq":[{"prop":"complete","value":false,"time":1263928308453},{"prop":"Sg1","value":"true","time":1263928326380},{"prop":"DR1:Sg1","value":"ans1","time":1263928326380},{"prop":"complete","value":true,"time":1263928326380},{"prop":"Sg1","value":"true","time":1263928326381},{"prop":"complete","value":true,"time":1263928326381}],"Sg1":"true","DR1:Sg1":"ans1"},"SScene2":{"complete":true,"$seq":[{"prop":"complete","value":false,"time":1263928329721},{"prop":"Sg1","value":"true","time":1263928348211},{"prop":"DR2:Sg1","value":"ans1","time":1263928348211},{"prop":"complete","value":true,"time":1263928348211},{"prop":"Sg1","value":"true","time":1263928348211},{"prop":"complete","value":true,"time":1263928348211},{"prop":"Sg1","value":"true","time":1263928357431},{"prop":"DR2:Sg1","value":"ans4","time":1263928357431},{"prop":"complete","value":true,"time":1263928357431},{"prop":"Sg1","value":"true","time":1263928357433},{"prop":"complete","value":true,"time":1263928357433},{"prop":"Sg1","value":"true","time":1263928358836},{"prop":"DR2:Sg1","value":"ans3","time":1263928358836},{"prop":"complete","value":true,"time":1263928358837},{"prop":"Sg1","value":"true","time":1263928358837},{"prop":"complete","value":true,"time":1263928358837},{"prop":"Sg1","value":"true","time":1263928359753},{"prop":"DR2:Sg1","value":"ans2","time":1263928359753},{"prop":"complete","value":true,"time":1263928359753},{"prop":"Sg1","value":"true","time":1263928359753},{"prop":"complete","value":true,"time":1263928359753},{"prop":"Sg1","value":"true","time":1263928360800},{"prop":"DR2:Sg1","value":"ans1","time":1263928360800},{"prop":"complete","value":true,"time":1263928360801},{"prop":"Sg1","value":"true","time":1263928360801},{"prop":"complete","value":true,"time":1263928360801},{"prop":"Sg1","value":"true","time":1263928361226},{"prop":"DR2:Sg1","value":"ans2","time":1263928361226},{"prop":"complete","value":true,"time":1263928361226},{"prop":"Sg1","value":"true","time":1263928361226},{"prop":"complete","value":true,"time":1263928361227},{"prop":"Sg1","value":"true","time":1263928361634},{"prop":"DR2:Sg1","value":"ans3","time":1263928361634},{"prop":"complete","value":true,"time":1263928361634},{"prop":"Sg1","value":"true","time":1263928361636},{"prop":"complete","value":true,"time":1263928361636},{"prop":"Sg1","value":"true","time":1263928362864},{"prop":"DR2:Sg1","value":"ans1","time":1263928362864},{"prop":"complete","value":true,"time":1263928362864},{"prop":"Sg1","value":"true","time":1263928362864},{"prop":"complete","value":true,"time":1263928362864},{"prop":"Sg1","value":"true","time":1263928363582},{"prop":"DR2:Sg1","value":"ans4","time":1263928363582},{"prop":"complete","value":true,"time":1263928363582},{"prop":"Sg1","value":"true","time":1263928363582},{"prop":"complete","value":true,"time":1263928363582},{"prop":"Sg1","value":"true","time":1263928364015},{"prop":"DR2:Sg1","value":"ans3","time":1263928364015},{"prop":"complete","value":true,"time":1263928364015},{"prop":"Sg1","value":"true","time":1263928364016},{"prop":"complete","value":true,"time":1263928364016},{"prop":"Sg1","value":"true","time":1263928364370},{"prop":"DR2:Sg1","value":"ans2","time":1263928364370},{"prop":"complete","value":true,"time":1263928364370},{"prop":"Sg1","value":"true","time":1263928364370},{"prop":"complete","value":true,"time":1263928364370},{"prop":"Sg1","value":"true","time":1263928364932},{"prop":"DR2:Sg1","value":"ans1","time":1263928364932},{"prop":"complete","value":true,"time":1263928364932},{"prop":"Sg1","value":"true","time":1263928364932},{"prop":"complete","value":true,"time":1263928364932},{"prop":"Sg1","value":"true","time":1263928370843},{"prop":"DR2:Sg1","value":"ans4","time":1263928370843},{"prop":"complete","value":true,"time":1263928370843},{"prop":"Sg1","value":"true","time":1263928370843},{"prop":"complete","value":true,"time":1263928370843}],"Sg1":"true","DR2:Sg1":"ans4"},"SScene3":{"complete":true,"$seq":[{"prop":"complete","value":false,"time":1263928374619},{"prop":"Sg1","value":"true","time":1263928417932},{"prop":"DR3:Sg1","value":"ans1","time":1263928417932},{"prop":"complete","value":true,"time":1263928417932},{"prop":"Sg1","value":"true","time":1263928417933},{"prop":"complete","value":true,"time":1263928417934}],"Sg1":"true","DR3:Sg1":"ans1"},"SScene4":{"complete":true,"$seq":[{"prop":"complete","value":false,"time":1263928418657},{"prop":"Sg1","value":"true","time":1263928433620},{"prop":"DR4:Sg1","value":"ans1","time":1263928433620},{"prop":"complete","value":true,"time":1263928433620},{"prop":"Sg1","value":"true","time":1263928433620},{"prop":"complete","value":true,"time":1263928433620}],"Sg1":"true","DR4:Sg1":"ans1"},"SSubmit":{"complete":false,"$seq":[{"prop":"complete","value":false,"time":1263928439663}]}},"module":{},"tutor":{}}