{"scene":{"SNavigator":{},"SMatsIntro":{"complete":true,"$seq":[{"prop":"complete","value":false,"time":1554742076672},{"prop":"complete","value":true,"time":1554742090496}]},"SMatsPre1":{"complete":true,"$seq":[{"prop":"complete","value":false,"time":1554742097491},{"prop":"Sg1","value":"true","time":1554742109545},{"prop":"PreTest:Sg1","value":"b4","time":1554742109545},{"prop":"complete","value":false,"time":1554742109545},{"prop":"Sg1","value":"true","time":1554742109547},{"prop":"complete","value":false,"time":1554742109547},{"prop":"Sg2","value":"true","time":1554742113038},{"prop":"PreTest:Sg2","value":"b5","time":1554742113038},{"prop":"complete","value":false,"time":1554742113038},{"prop":"Sg2","value":"true","time":1554742113038},{"prop":"complete","value":false,"time":1554742113038},{"prop":"Sg3","value":"true","time":1554742116837},{"prop":"PreTest:Sg3","value":"b3","time":1554742116837},{"prop":"complete","value":false,"time":1554742116837},{"prop":"Sg3","value":"true","time":1554742116838},{"prop":"complete","value":false,"time":1554742116838},{"prop":"Sg4","value":"true","time":1554742119417},{"prop":"PreTest:Sg4","value":"b5","time":1554742119417},{"prop":"complete","value":true,"time":1554742119417},{"prop":"Sg4","value":"true","time":1554742119417},{"prop":"complete","value":true,"time":1554742119417}],"Sg1":"true","PreTest:Sg1":"b4","Sg2":"true","PreTest:Sg2":"b5","Sg3":"true","PreTest:Sg3":"b3","Sg4":"true","PreTest:Sg4":"b5"},"SMatsPre2":{"complete":true,"$seq":[{"prop":"complete","value":false,"time":1554742122711},{"prop":"Sg1","value":"true","time":1554742127152},{"prop":"PreTest:Sg1","value":"b2","time":1554742127152},{"prop":"complete","value":false,"time":1554742127152},{"prop":"Sg1","value":"true","time":1554742127153},{"prop":"complete","value":false,"time":1554742127153},{"prop":"Sg2","value":"true","time":1554742130135},{"prop":"PreTest:Sg2","value":"b4","time":1554742130135},{"prop":"complete","value":false,"time":1554742130136},{"prop":"Sg2","value":"true","time":1554742130136},{"prop":"complete","value":false,"time":1554742130136},{"prop":"Sg3","value":"true","time":1554742132710},{"prop":"PreTest:Sg3","value":"b3","time":1554742132710},{"prop":"complete","value":false,"time":1554742132711},{"prop":"Sg3","value":"true","time":1554742132711},{"prop":"complete","value":false,"time":1554742132711},{"prop":"Sg4","value":"true","time":1554742137973},{"prop":"PreTest:Sg4","value":"b1","time":1554742137974},{"prop":"complete","value":true,"time":1554742137974},{"prop":"Sg4","value":"true","time":1554742137975},{"prop":"complete","value":true,"time":1554742137975}],"Sg1":"true","PreTest:Sg1":"b2","Sg2":"true","PreTest:Sg2":"b4","Sg3":"true","PreTest:Sg3":"b3","Sg4":"true","PreTest:Sg4":"b1"},"SMatsPre3":{"complete":false,"$seq":[{"prop":"complete","value":false,"time":1554742139113}]}},"module":{},"tutor":{}}