{"scene":{"SNavigator":{},"SMatsIntro":{"complete":true,"$seq":[{"prop":"complete","value":false,"time":1556110641952},{"prop":"complete","value":true,"time":1556110655745}]},"SMatsPre1":{"complete":true,"$seq":[{"prop":"complete","value":false,"time":1556110667907},{"prop":"Sg1","value":"true","time":1556110682481},{"prop":"PreTest:Sg1","value":"b3","time":1556110682481},{"prop":"complete","value":false,"time":1556110682481},{"prop":"Sg1","value":"true","time":1556110682483},{"prop":"complete","value":false,"time":1556110682483},{"prop":"Sg2","value":"true","time":1556110685697},{"prop":"PreTest:Sg2","value":"b4","time":1556110685698},{"prop":"complete","value":false,"time":1556110685698},{"prop":"Sg2","value":"true","time":1556110685698},{"prop":"complete","value":false,"time":1556110685698},{"prop":"Sg3","value":"true","time":1556110692940},{"prop":"PreTest:Sg3","value":"b1","time":1556110692940},{"prop":"complete","value":false,"time":1556110692940},{"prop":"Sg3","value":"true","time":1556110692941},{"prop":"complete","value":false,"time":1556110692941},{"prop":"Sg4","value":"true","time":1556110697847},{"prop":"PreTest:Sg4","value":"b3","time":1556110697847},{"prop":"complete","value":true,"time":1556110697847},{"prop":"Sg4","value":"true","time":1556110697847},{"prop":"complete","value":true,"time":1556110697847}],"Sg1":"true","PreTest:Sg1":"b3","Sg2":"true","PreTest:Sg2":"b4","Sg3":"true","PreTest:Sg3":"b1","Sg4":"true","PreTest:Sg4":"b3"},"SMatsPre2":{"complete":true,"$seq":[{"prop":"complete","value":false,"time":1556110699155},{"prop":"Sg1","value":"true","time":1556110703351},{"prop":"PreTest:Sg1","value":"b4","time":1556110703351},{"prop":"complete","value":false,"time":1556110703351},{"prop":"Sg1","value":"true","time":1556110703351},{"prop":"complete","value":false,"time":1556110703351},{"prop":"Sg2","value":"true","time":1556110710047},{"prop":"PreTest:Sg2","value":"b3","time":1556110710047},{"prop":"complete","value":false,"time":1556110710047},{"prop":"Sg2","value":"true","time":1556110710048},{"prop":"complete","value":false,"time":1556110710048},{"prop":"Sg3","value":"true","time":1556110715670},{"prop":"PreTest:Sg3","value":"b2","time":1556110715670},{"prop":"complete","value":false,"time":1556110715670},{"prop":"Sg3","value":"true","time":1556110715670},{"prop":"complete","value":false,"time":1556110715670},{"prop":"Sg4","value":"true","time":1556110720634},{"prop":"PreTest:Sg4","value":"b1","time":1556110720634},{"prop":"complete","value":true,"time":1556110720634},{"prop":"Sg4","value":"true","time":1556110720634},{"prop":"complete","value":true,"time":1556110720634}],"Sg1":"true","PreTest:Sg1":"b4","Sg2":"true","PreTest:Sg2":"b3","Sg3":"true","PreTest:Sg3":"b2","Sg4":"true","PreTest:Sg4":"b1"},"SMatsPre3":{"complete":true,"$seq":[{"prop":"complete","value":false,"time":1556110721997},{"prop":"Sg1","value":"true","time":1556110730145},{"prop":"PreTest:Sg1","value":"b2","time":1556110730145},{"prop":"complete","value":false,"time":1556110730145},{"prop":"Sg1","value":"true","time":1556110730145},{"prop":"complete","value":false,"time":1556110730145},{"prop":"Sg1","value":"true","time":1556110730545},{"prop":"PreTest:Sg1","value":"b2","time":1556110730545},{"prop":"complete","value":false,"time":1556110730545},{"prop":"Sg1","value":"true","time":1556110730546},{"prop":"complete","value":false,"time":1556110730546},{"prop":"Sg2","value":"true","time":1556110750453},{"prop":"PreTest:Sg2","value":"b4","time":1556110750453},{"prop":"complete","value":false,"time":1556110750453},{"prop":"Sg2","value":"true","time":1556110750453},{"prop":"complete","value":false,"time":1556110750453},{"prop":"Sg3","value":"true","time":1556110754473},{"prop":"PreTest:Sg3","value":"b2","time":1556110754473},{"prop":"complete","value":false,"time":1556110754473},{"prop":"Sg3","value":"true","time":1556110754473},{"prop":"complete","value":false,"time":1556110754473},{"prop":"Sg3","value":"true","time":1556110754848},{"prop":"PreTest:Sg3","value":"b3","time":1556110754848},{"prop":"complete","value":false,"time":1556110754848},{"prop":"Sg3","value":"true","time":1556110754848},{"prop":"complete","value":false,"time":1556110754848},{"prop":"Sg4","value":"true","time":1556110760160},{"prop":"PreTest:Sg4","value":"b5","time":1556110760160},{"prop":"complete","value":true,"time":1556110760160},{"prop":"Sg4","value":"true","time":1556110760160},{"prop":"complete","value":true,"time":1556110760160},{"prop":"Sg4","value":"true","time":1556110760623},{"prop":"PreTest:Sg4","value":"b5","time":1556110760623},{"prop":"complete","value":true,"time":1556110760623},{"prop":"Sg4","value":"true","time":1556110760623},{"prop":"complete","value":true,"time":1556110760623}],"Sg1":"true","PreTest:Sg1":"b2","Sg2":"true","PreTest:Sg2":"b4","Sg3":"true","PreTest:Sg3":"b3","Sg4":"true","PreTest:Sg4":"b5"},"SMatsPre4":{"complete":true,"$seq":[{"prop":"complete","value":false,"time":1556110761518},{"prop":"Sg1","value":"true","time":1556110769654},{"prop":"PreTest:Sg1","value":"b1","time":1556110769654},{"prop":"complete","value":false,"time":1556110769654},{"prop":"Sg1","value":"true","time":1556110769655},{"prop":"complete","value":false,"time":1556110769655},{"prop":"Sg2","value":"true","time":1556110809462},{"prop":"PreTest:Sg2","value":"b1","time":1556110809462},{"prop":"complete","value":true,"time":1556110809462},{"prop":"prompted","value":true,"time":1556110809463},{"prop":"Sg2","value":"true","time":1556110809464},{"prop":"complete","value":true,"time":1556110809464},{"prop":"complete","value":true,"time":1556110810993}],"Sg1":"true","PreTest:Sg1":"b1","Sg2":"true","PreTest:Sg2":"b1","prompted":true},"SSceneEnd":{"complete":false,"$seq":[{"prop":"complete","value":false,"time":1556110811103}]}},"module":{},"tutor":{}}