{
	"SScene1a": {
		"tracks": {
			"track1": {
				"en": {
					"html": "<p>First select an area of science in which you would like to work</p>",
					"text": "First select an area of science in which you would like to work",
					"volume": [
						1
					],
					"cueSet": "...............................................................",
					"segments": [],
					"timedSet": [],
					"trim": [
						0
					],
					"templates": {}
				}
			},
			"track2": {
				"en": {
					"html": "<p>Now select a topic within the area {{$EFO_S_A?|name}}</p>",
					"text": "Now select a topic within the area{{$EFO_S_A?|name}}",
					"templateRef": {
						"$EFO_S_A?|name": "$EFM_selectedArea.ontologyKey"
					},
					"volume": [
						1,
						1
					],
					"cueSet": ".........................................................................",
					"segments": [],
					"timedSet": [],
					"trim": [
						0,
						0
					],
					"templates": {}
				}
			},
			"track3": {
				"en": {
					"html": "<p>Now select a target variable for the topic{{$EFO_S_A?_T?|name}}</p>",
					"text": "Now select a target variable for the topic{{$EFO_S_A?_T?|name}}",
					"templateRef": {
						"$EFO_S_A?_T?|name": "$EFM_selectedTopic.ontologyKey"
					},
					"volume": [
						1,
						1
					],
					"cueSet": ".........................................................................",
					"segments": [],
					"timedSet": [],
					"trim": [
						0,
						0
					],
					"templates": {}
				}
			},
			"track4": {
				"en": {
					"html": "<p>You may modify your selection before continuing.  Otherwise select a section of the tutor you wish to start at, or click next to begin the tutor from the beginning.</p>",
					"text": "You may modify your selection before continuing. Otherwise select a section of the tutor you wish to start at, or click next to begin the tutor from the beginning.",
					"volume": [
						1
					],
					"cueSet": ".........................................................................",
					"segments": [],
					"timedSet": [],
					"trim": [
						0
					],
					"templates": {}
				}
			}
		}
	},
	"SScene1": {
		"tracks": {
			"track1": {
				"en": {
					"node": "(root)SELECTTV",
					"html": "<p>In this table, tap on the one variable that the question is testing in this experiment</p>",
					"text": "In this table, tap on the one variable that the question is testing in this experiment",
					"volume": [
						1
					],
					"cueSet": "...............................................................",
					"segments": [],
					"timedSet": [],
					"trim": [
						0
					],
					"templates": {}
				}
			},
			"track2": {
				"en": {
					"node": "TVWRONG",
					"html": "Actually, that is not the one variable that you are testing for this experiment. Please try again.",
					"text": "Actually, that is not the one variable that you are testing for this experiment. Please try again.",
					"volume": [
						1
					],
					"cueSet": "...............................................................",
					"segments": [],
					"timedSet": [],
					"trim": [
						0
					],
					"templates": {}
				}
			},
			"track3": {
				"en": {
					"node": "TVCORRECT",
					"html": "That's right! You correctly identified the one variable you are testing for this experiment.",
					"text": "That's right! You correctly identified the one variable you are testing for this experiment.",
					"volume": [
						1
					],
					"cueSet": "...............................................................",
					"segments": [],
					"timedSet": [],
					"trim": [
						0
					],
					"templates": {}
				}
			},
			"track4": {
				"en": {
					"node": "TVALUESELECTION",
					"html": "Now choose the {{$EFO_S_A?_T?_V?|name}} for each condition that will allow you to see if the, {{$EFO_S_A?_T?_V?|name}} affects the, {{$EFO_S_A?_T?|DVs}}",
					"text": "Now choose the{{$EFO_S_A?_T?_V?|name}}for each condition that will allow you to see if the,{{$EFO_S_A?_T?_V?|name}}affects the,{{$EFO_S_A?_T?|DVs}}",
					"templateRef": {
						"$EFO_S_A?_T?_V?|name": "$EFM_selectedVariable.ontologyKey",
						"$EFO_S_A?_T?|DVs": "$EFM_selectedTopic.ontologyKey"
					},
					"volume": [
						1,
						0.7,
						1,
						0.7,
						1,
						0.7
					],
					"cueSet": "...............................................................",
					"segments": [],
					"timedSet": [],
					"trim": [
						-20,
						0,
						-20,
						0,
						0,
						0
					],
					"templates": {}
				}
			},
			"track5": {
				"en": {
					"node": "TVALWRONG",
					"html": "Actually, that is incorrect. Please try again.",
					"text": "Actually, that is incorrect. Please try again.",
					"volume": [
						1
					],
					"cueSet": "...............................................................",
					"segments": [],
					"timedSet": [],
					"trim": [
						0
					],
					"templates": {}
				}
			},
			"track6": {
				"en": {
					"node": "TVALCORRECT",
					"html": "You're right! The variable that you're testing should be different for each condition. If the variable is different, you can compare and contrast the effects of the variable.",
					"text": "You're right! The variable that you're testing should be different for each condition. If the variable is different, you can compare and contrast the effects of the variable.",
					"volume": [
						1
					],
					"cueSet": "...............................................................",
					"segments": [],
					"timedSet": [],
					"trim": [
						0
					],
					"templates": {}
				}
			},
			"track7": {
				"en": {
					"node": "IVALUESELECTIONINTRO",
					"html": "Now you must decide how to set up the other variables in this experiment. Let's start with the {{$EFO_S_A?_T?_V?|name|2}}.  which values would you use for each condition in order to find out whether the {{$EFO_S_A?_T?_V?|name|1}} and only the {{$EFO_S_A?_T?_V?|name|1}} has an effect on the  {{$EFO_S_A?_T?|DVs}}",
					"text": "Now you must decide how to set up the other variables in this experiment. Let's start with the{{$EFO_S_A?_T?_V?|name|2}}. which values would you use for each condition in order to find out whether the{{$EFO_S_A?_T?_V?|name|1}}and only the{{$EFO_S_A?_T?_V?|name|1}}has an effect on the{{$EFO_S_A?_T?|DVs}}",
					"templateRef": {
						"$EFO_S_A?_T?_V?|name|1": "$EFM_selectedVariable.ontologyKey",
						"$EFO_S_A?_T?_V?|name|2": "$EFM_independentVarN.ontologyKey",
						"$EFO_S_A?_T?|DVs": "$EFM_selectedTopic.ontologyKey"
					},
					"volume": [
						1,
						1,
						1,
						1,
						1,
						1,
						1,
						1
					],
					"cueSet": "...............................................................",
					"segments": [],
					"timedSet": [],
					"trim": [
						0,
						0,
						0,
						0,
						0,
						0,
						0,
						0
					],
					"templates": {}
				}
			},
			"track7b": {
				"en": {
					"node": "IVALUESELECTION",
					"html": "Now select which {{$EFO_S_A?_T?_V?|name|2}} you would use for each condition in order to find out whether the {{$EFO_S_A?_T?_V?|name|1}} and only the {{$EFO_S_A?_T?_V?|name|1}} has an effect on the  {{$EFO_S_A?_T?|DVs}}",
					"text": "Now select which{{$EFO_S_A?_T?_V?|name|2}}you would use for each condition in order to find out whether the{{$EFO_S_A?_T?_V?|name|1}}and only the{{$EFO_S_A?_T?_V?|name|1}}has an effect on the{{$EFO_S_A?_T?|DVs}}",
					"templateRef": {
						"$EFO_S_A?_T?_V?|name|1": "$EFM_selectedVariable.ontologyKey",
						"$EFO_S_A?_T?_V?|name|2": "$EFM_independentVarN.ontologyKey",
						"$EFO_S_A?_T?|DVs": "$EFM_selectedTopic.ontologyKey"
					},
					"volume": [
						1,
						1,
						1,
						1,
						1,
						1,
						1,
						1
					],
					"cueSet": "...............................................................",
					"segments": [],
					"timedSet": [],
					"trim": [
						0,
						0,
						0,
						0,
						0,
						0,
						0,
						0
					],
					"templates": {}
				}
			},
			"track7c": {
				"en": {
					"node": "IVALUESELECTION",
					"html": "Finally select which {{$EFO_S_A?_T?_V?|name|2}} you would use for each condition in order to find out whether the {{$EFO_S_A?_T?_V?|name|1}} and only the {{$EFO_S_A?_T?_V?|name|1}} has an effect on the {{$EFO_S_A?_T?|DVs}}",
					"text": "Finally select which{{$EFO_S_A?_T?_V?|name|2}}you would use for each condition in order to find out whether the{{$EFO_S_A?_T?_V?|name|1}}and only the{{$EFO_S_A?_T?_V?|name|1}}has an effect on the{{$EFO_S_A?_T?|DVs}}",
					"templateRef": {
						"$EFO_S_A?_T?_V?|name|1": "$EFM_selectedVariable.ontologyKey",
						"$EFO_S_A?_T?_V?|name|2": "$EFM_independentVarN.ontologyKey",
						"$EFO_S_A?_T?|DVs": "$EFM_selectedTopic.ontologyKey"
					},
					"volume": [
						1,
						1,
						1,
						1,
						1,
						1,
						1,
						1
					],
					"cueSet": "...............................................................",
					"segments": [],
					"timedSet": [],
					"trim": [
						0,
						0,
						0,
						0,
						0,
						0,
						0,
						0
					],
					"templates": {}
				}
			},
			"track8": {
				"en": {
					"node": "IVALWRONG",
					"html": "Actually, anything you're not testing should be kept the same between the two conditions. Please correct the experiment.",
					"text": "Actually, anything you're not testing should be kept the same between the two conditions. Please correct the experiment.",
					"volume": [
						1
					],
					"cueSet": "...............................................................",
					"segments": [],
					"timedSet": [],
					"trim": [
						0
					],
					"templates": {}
				}
			},
			"track9": {
				"en": {
					"node": "IVALCORRECT",
					"html": "<emphasis level='strong'>You're right!</emphasis> Anything you're not testing should be kept the same between the two conditions.",
					"text": "<emphasis level='strong'>You're right!</emphasis> Anything you're not testing should be kept the same between the two conditions.",
					"volume": [
						1
					],
					"cueSet": "...............................................................",
					"segments": [],
					"timedSet": [],
					"trim": [
						0
					],
					"templates": {}
				}
			}
		}
	},
	"SScene2": {
		"tracks": {
			"track1": {
				"en": {
					"node": "(root)SUMMARY",
					"html": "You have set up a good experiment to find out whether the{{$EFO_S_A?_T?_V?|name}} affects the{{$EFO_S_A?_T?|DVs}}",
					"text": "You have set up a good experiment to find out whether the{{$EFO_S_A?_T?_V?|name}}affects the{{$EFO_S_A?_T?|DVs}}",
					"templateRef": {
						"$EFO_S_A?_T?_V?|name": "$EFM_selectedVariable.ontologyKey",
						"$EFO_S_A?_T?|DVs": "$EFM_selectedTopic.ontologyKey"
					},
					"volume": [
						1,
						1,
						1,
						1
					],
					"cueSet": "...............................................................",
					"segments": [],
					"timedSet": [],
					"trim": [
						20,
						0,
						20,
						0
					],
					"templates": {}
				}
			},
			"track2": {
				"en": {
					"node": "(root)SUMMARY",
					"html": "The one variable you are testing is different across conditions.",
					"text": "The one variable you are testing is different across conditions.",
					"cueSet": "....................................a.........................",
					"volume": [
						1
					],
					"segments": [],
					"timedSet": [],
					"trim": [
						0
					],
					"templates": {}
				}
			},
			"track3": {
				"en": {
					"node": "(root)SUMMARY",
					"html": "And all other variables are the same across conditions. This way, only the {{$EFO_S_A?_T?_V?|name}} can cause any difference you find in the result.",
					"text": "And all other variables are the same across conditions. This way, only the{{$EFO_S_A?_T?_V?|name}}can cause any difference you find in the result.",
					"cueSet": "................................a.........b........c...............................................................................................",
					"templateRef": {
						"$EFO_S_A?_T?_V?|name": "$EFM_selectedVariable.ontologyKey"
					},
					"volume": [
						1,
						1,
						1
					],
					"segments": [],
					"timedSet": [],
					"trim": [
						20,
						0,
						0
					],
					"templates": {}
				}
			}
		}
	},
	"SScene3": {
		"tracks": {
			"track1": {
				"en": {
					"node": "(root)INTRO",
					"datasource": "$EFL_efdata.scene3",
					"html": "",
					"text": "{{$EFO_TED_S3|part1}}{{$EFO_S_A?_T?|name}}",
					"templateRef": {
						"$EFO_S_A?_T?|name": "$EFM_selectedTopic.ontologyKey"
					},
					"volume": [
						1,
						1
					],
					"cueSet": "...............................................................",
					"segments": [],
					"timedSet": [],
					"trim": [
						0,
						0
					],
					"templates": {}
				}
			}
		}
	},
	"SScene4": {
		"tracks": {
			"track1": {
				"en": {
					"node": "(root)INTRO-METACOG-PROMPT",
					"html": "Remember to THINK and work carefully so that TED can tell whether or not you need extra help. If you answer quickly and incorrectly, you will be asked more questions than if you answer carefully and correctly.",
					"text": "Remember to THINK and work carefully so that TED can tell whether or not you need extra help. If you answer quickly and incorrectly, you will be asked more questions than if you answer carefully and correctly.",
					"volume": [
						1
					],
					"cueSet": "...............................................................",
					"segments": [],
					"timedSet": [],
					"trim": [
						0
					],
					"templates": {}
				}
			}
		}
	},
	"SScene5": {
		"tracks": {
			"track1": {
				"en": {
					"node": "(root)INSTRUCTIONS",
					"datasource": "$EFL_efdata.scene5",
					"html": "",
					"text": "{{$EFO_TED_S5|part1}}",
					"volume": [
						1
					],
					"cueSet": "...............................................................",
					"segments": [],
					"timedSet": [],
					"trim": [
						0
					],
					"templates": {}
				}
			}
		}
	},
	"SScene6": {
		"tracks": {
			"track1": {
				"en": {
					"node": "(root)INSTRUCTIONS",
					"datasource": "$EFL_efdata.scene6",
					"html": "",
					"text": "{{$EFO_TED_S6|part1}}",
					"volume": [
						1
					],
					"cueSet": "...............................................................",
					"segments": [],
					"timedSet": [],
					"trim": [
						0
					],
					"templates": {}
				}
			}
		}
	},
	"SScene7": {
		"tracks": {
			"track1": {
				"en": {
					"node": "(root)TED EXPT1 Intro",
					"html": "{{$EFO_TED_S7|part1}}{{$EFO_S_A?_T?_RQ?|ExpSelected}}{{$EFO_S_A?_T?|rqselectedalls}}{{$EFO_TED_S7|part3}}",
					"text": "{{$EFO_TED_S7|part1}}{{$EFO_S_A?_T?_RQ?|ExpSelected}}{{$EFO_S_A?_T?|rqselectedalls}}{{$EFO_TED_S7|part3}}",
					"templateRef": {
						"$EFO_S_A?_T?_RQ?|ExpSelected": "$EFM_TEDExptRQ.ontologyKey",
						"$EFO_S_A?_T?|rqselectedalls": "$EFM_TEDExptRQ.ontologyKey"
					},
					"segments": [],
					"timedSet": [],
					"trim": [
						0,
						0,
						0,
						0
					],
					"volume": [
						1,
						1,
						1,
						1
					],
					"cueSet": ".........................................",
					"templates": {}
				}
			},
			"track2": {
				"en": {
					"node": "(root)TED EXPT1 Intro",
					"html": "{{$EFO_TED_S7|part2}}{{$EFO_S_A?_T?_RQ?|ExpSelected}}{{$EFO_S_A?_T?|rqselectedalls}}{{$EFO_TED_S7|part3}}",
					"text": "{{$EFO_TED_S7|part2}}{{$EFO_S_A?_T?_RQ?|ExpSelected}}{{$EFO_S_A?_T?|rqselectedalls}}{{$EFO_TED_S7|part3}}",
					"templateRef": {
						"$EFO_S_A?_T?_RQ?|ExpSelected": "$EFM_TEDExptRQ.ontologyKey",
						"$EFO_S_A?_T?|rqselectedalls": "$EFM_TEDExptRQ.ontologyKey"
					},
					"segments": [],
					"timedSet": [],
					"trim": [
						0,
						0,
						0,
						0
					],
					"volume": [
						1,
						1,
						1,
						1
					],
					"cueSet": ".........................................",
					"templates": {}
				}
			}
		}
	},
	"SScene8": {
		"tracks": {
			"track1a": {
				"en": {
					"node": "(root)TED Expt1 Var Enumeration - 1a",
					"html": "The {{$EFO_S_A?_T?_V?|name}} for condition one is {{$EFO_S_A?_T?_V?_?|name}}",
					"text": "The{{$EFO_S_A?_T?_V?|name}}for condition one is{{$EFO_S_A?_T?_V?_?|name}}",
					"templateRef": {
						"$EFO_S_A?_T?_V?|name": "$EFM_TEDExpt1V1.ontologyKey",
						"$EFO_S_A?_T?_V?_?|name": "$EFM_TEDExpt1V1.ontologyKey"
					},
					"segments": [],
					"timedSet": [],
					"trim": [
						0,
						0,
						0,
						0
					],
					"volume": [
						1,
						1,
						1,
						1
					],
					"cueSet": ".........................................",
					"templates": {}
				}
			},
			"track1b": {
				"en": {
					"node": "(root)TED Expt1 Var Enumeration - 1b",
					"html": "and the {{$EFO_S_A?_T?_V?|name}} for condition two is {{$EFO_S_A?_T?_V?_?|name}}",
					"text": "and the{{$EFO_S_A?_T?_V?|name}}for condition two is{{$EFO_S_A?_T?_V?_?|name}}",
					"templateRef": {
						"$EFO_S_A?_T?_V?|name": "$EFM_TEDExpt2V1.ontologyKey",
						"$EFO_S_A?_T?_V?_?|name": "$EFM_TEDExpt2V1.ontologyKey"
					},
					"segments": [],
					"timedSet": [],
					"trim": [
						0,
						0,
						0,
						0
					],
					"volume": [
						1,
						1,
						1,
						1
					],
					"cueSet": ".........................................",
					"templates": {}
				}
			},
			"track2a": {
				"en": {
					"node": "(root)TED Expt1 Var Enumeration - 2a",
					"html": "The {{$EFO_S_A?_T?_V?|name}} for condition one is {{$EFO_S_A?_T?_V?_?|name}}",
					"text": "The{{$EFO_S_A?_T?_V?|name}}for condition one is{{$EFO_S_A?_T?_V?_?|name}}",
					"templateRef": {
						"$EFO_S_A?_T?_V?|name": "$EFM_TEDExpt1V2.ontologyKey",
						"$EFO_S_A?_T?_V?_?|name": "$EFM_TEDExpt1V2.ontologyKey"
					},
					"segments": [],
					"timedSet": [],
					"trim": [
						0,
						0,
						0,
						0
					],
					"volume": [
						1,
						1,
						1,
						1
					],
					"cueSet": ".........................................",
					"templates": {}
				}
			},
			"track2b": {
				"en": {
					"node": "(root)TED Expt1 Var Enumeration - 2b",
					"html": "and the {{$EFO_S_A?_T?_V?|name}} for condition two is {{$EFO_S_A?_T?_V?_?|name}}",
					"text": "and the{{$EFO_S_A?_T?_V?|name}}for condition two is{{$EFO_S_A?_T?_V?_?|name}}",
					"templateRef": {
						"$EFO_S_A?_T?_V?|name": "$EFM_TEDExpt2V2.ontologyKey",
						"$EFO_S_A?_T?_V?_?|name": "$EFM_TEDExpt2V2.ontologyKey"
					},
					"segments": [],
					"timedSet": [],
					"trim": [
						0,
						0,
						0,
						0
					],
					"volume": [
						1,
						1,
						1,
						1
					],
					"cueSet": ".........................................",
					"templates": {}
				}
			},
			"track3a": {
				"en": {
					"node": "(root)TED Expt1 Var Enumeration - 3a",
					"html": "The {{$EFO_S_A?_T?_V?|name}} for condition one is {{$EFO_S_A?_T?_V?_?|name}}",
					"text": "The{{$EFO_S_A?_T?_V?|name}}for condition one is{{$EFO_S_A?_T?_V?_?|name}}",
					"templateRef": {
						"$EFO_S_A?_T?_V?|name": "$EFM_TEDExpt1V3.ontologyKey",
						"$EFO_S_A?_T?_V?_?|name": "$EFM_TEDExpt1V3.ontologyKey"
					},
					"segments": [],
					"timedSet": [],
					"trim": [
						0,
						0,
						0,
						0
					],
					"volume": [
						1,
						1,
						1,
						1
					],
					"cueSet": ".........................................",
					"templates": {}
				}
			},
			"track3b": {
				"en": {
					"node": "(root)TED Expt1 Var Enumeration - 3b",
					"html": "and the {{$EFO_S_A?_T?_V?|name}} for condition two is {{$EFO_S_A?_T?_V?_?|name}}",
					"text": "and the{{$EFO_S_A?_T?_V?|name}}for condition two is{{$EFO_S_A?_T?_V?_?|name}}",
					"templateRef": {
						"$EFO_S_A?_T?_V?|name": "$EFM_TEDExpt2V3.ontologyKey",
						"$EFO_S_A?_T?_V?_?|name": "$EFM_TEDExpt2V3.ontologyKey"
					},
					"segments": [],
					"timedSet": [],
					"trim": [
						0,
						0,
						0,
						0
					],
					"volume": [
						1,
						1,
						1,
						1
					],
					"cueSet": ".........................................",
					"templates": {}
				}
			},
			"track4a": {
				"en": {
					"node": "(root)TED Expt1 Var Enumeration - 4a",
					"html": "The {{$EFO_S_A?_T?_V?|name}} for condition one is {{$EFO_S_A?_T?_V?_?|name}}",
					"text": "The{{$EFO_S_A?_T?_V?|name}}for condition one is{{$EFO_S_A?_T?_V?_?|name}}",
					"templateRef": {
						"$EFO_S_A?_T?_V?|name": "$EFM_TEDExpt1V4.ontologyKey",
						"$EFO_S_A?_T?_V?_?|name": "$EFM_TEDExpt1V4.ontologyKey"
					},
					"segments": [],
					"timedSet": [],
					"trim": [
						0,
						0,
						0,
						0
					],
					"volume": [
						1,
						1,
						1,
						1
					],
					"cueSet": ".........................................",
					"templates": {}
				}
			},
			"track4b": {
				"en": {
					"node": "(root)TED Expt1 Var Enumeration - 4b",
					"html": "and the {{$EFO_S_A?_T?_V?|name}} for condition two is {{$EFO_S_A?_T?_V?_?|name}}",
					"text": "and the{{$EFO_S_A?_T?_V?|name}}for condition two is{{$EFO_S_A?_T?_V?_?|name}}",
					"templateRef": {
						"$EFO_S_A?_T?_V?|name": "$EFM_TEDExpt2V4.ontologyKey",
						"$EFO_S_A?_T?_V?_?|name": "$EFM_TEDExpt2V4.ontologyKey"
					},
					"segments": [],
					"timedSet": [],
					"trim": [
						0,
						0,
						0,
						0
					],
					"volume": [
						1,
						1,
						1,
						1
					],
					"cueSet": ".........................................",
					"templates": {}
				}
			},
			"track5": {
				"en": {
					"node": "(root)Thinks about the experiment...",
					"html": "{{$EFO_TED_E1_Q1|part1}}",
					"text": "{{$EFO_TED_E1_Q1|part1}}",
					"segments": [],
					"timedSet": [],
					"trim": [
						0
					],
					"volume": [
						1
					],
					"cueSet": ".................a.......................",
					"templates": {}
				}
			}
		}
	},
	"SScene9": {
		"tracks": {
			"track1": {
				"en": {
					"node": "(root)QUESTION1",
					"html": "{{$EFO_TED_E1_Q1|part1}}",
					"text": "{{$EFO_TED_E1_Q1|part1}}",
					"volume": [
						1
					],
					"cueSet": "...............................................................",
					"segments": [],
					"timedSet": [],
					"trim": [
						0
					],
					"templates": {}
				}
			},
			"track2": {
				"en": {
					"node": "(root)QUESTION1",
					"html": "{{$EFO_TED_E1_Q1|part2}}",
					"text": "{{$EFO_TED_E1_Q1|part2}}",
					"volume": [
						1
					],
					"cueSet": "...............................................................",
					"segments": [],
					"timedSet": [],
					"trim": [
						0
					],
					"templates": {}
				}
			},
			"track3": {
				"en": {
					"node": "RIGHT...",
					"html": "{{$EFO_TED_E1_Q2|part1}}",
					"text": "{{$EFO_TED_E1_Q2|part1}}",
					"volume": [
						1
					],
					"cueSet": "...............................................................",
					"segments": [],
					"timedSet": [],
					"trim": [
						0
					],
					"templates": {}
				}
			},
			"track4": {
				"en": {
					"node": "ACTUALLY...",
					"html": "{{$EFO_TED_E1_Q3|part1}}",
					"text": "{{$EFO_TED_E1_Q3|part1}}",
					"volume": [
						1
					],
					"cueSet": "...............................................................",
					"segments": [],
					"timedSet": [],
					"trim": [
						0
					],
					"templates": {}
				}
			}
		}
	},
	"SScene10": {
		"tracks": {
			"track1": {
				"en": {
					"node": "RIGHT...",
					"html": "{{$EFO_TED_E1_Q2|part1}}",
					"text": "{{$EFO_TED_E1_Q2|part1}}",
					"volume": [
						1
					],
					"cueSet": "...............................................................",
					"segments": [],
					"timedSet": [],
					"trim": [
						0
					],
					"templates": {}
				}
			},
			"track2": {
				"en": {
					"node": "RIGHT...",
					"html": "{{$EFO_TED_E1_Q2|part2}}",
					"text": "{{$EFO_TED_E1_Q2|part2}}",
					"volume": [
						1
					],
					"cueSet": "...............................................................",
					"segments": [],
					"timedSet": [],
					"trim": [
						0
					],
					"templates": {}
				}
			}
		}
	},
	"SScene11": {
		"tracks": {
			"track1": {
				"en": {
					"node": "ACTUALLY...",
					"html": "{{$EFO_TED_E1_Q3|part1}}",
					"text": "{{$EFO_TED_E1_Q3|part1}}",
					"volume": [
						1
					],
					"cueSet": "...............................................................",
					"segments": [],
					"timedSet": [],
					"trim": [
						0
					],
					"templates": {}
				}
			},
			"track2": {
				"en": {
					"node": "ACTUALLY...",
					"html": "{{$EFO_TED_E1_Q3|part2}}",
					"text": "{{$EFO_TED_E1_Q3|part2}}",
					"volume": [
						1
					],
					"cueSet": "...............................................................",
					"segments": [],
					"timedSet": [],
					"trim": [
						0
					],
					"templates": {}
				}
			}
		}
	},
	"SScene12": {
		"tracks": {
			"track1": {
				"en": {
					"comment": "Q4",
					"node": "The ... May either be ...",
					"html": "{{$EFO_TED_E1_Q4|part0A}}{{$EFO_S_A?_T?|DVs}}{{$EFO_TED_E1_Q4|part0}}",
					"text": "{{$EFO_TED_E1_Q4|part0A}}{{$EFO_S_A?_T?|DVs}}{{$EFO_TED_E1_Q4|part0}}",
					"templateRef": {
						"$EFO_S_A?_T?|DVs": "$EFM_TEDExptRQ.ontologyKey"
					},
					"volume": [
						1,
						1,
						1
					],
					"cueSet": "...............................................................",
					"segments": [],
					"timedSet": [],
					"trim": [
						0,
						0,
						0
					],
					"templates": {}
				}
			}
		}
	},
	"SScene12A": {
		"tracks": {
			"track1": {
				"en": {
					"comment": "Q4P2",
					"node": "Imagine the result...",
					"html": "{{$EFO_TED_E1_Q4P2|part1}}{{$EFO_S_A?_T?|DVs}}{{$EFO_TED_E1_Q4P2|part2}}{{$EFO_S_A?_T?_V?|name}}{{$EFO_TED_E1_Q4P2|part3}}",
					"text": "{{$EFO_TED_E1_Q4P2|part1}}{{$EFO_S_A?_T?|DVs}}{{$EFO_TED_E1_Q4P2|part2}}{{$EFO_S_A?_T?_V?|name}}{{$EFO_TED_E1_Q4P2|part3}}",
					"templateRef": {
						"$EFO_S_A?_T?|DVs": "$EFM_TEDExptRQ.ontologyKey",
						"$EFO_S_A?_T?_V?|name": "$EFM_TEDExptVariable.ontologyKey"
					},
					"volume": [
						1,
						1,
						1,
						1,
						1
					],
					"cueSet": "...............................................................",
					"segments": [],
					"timedSet": [],
					"trim": [
						0,
						0,
						0,
						0,
						0
					],
					"templates": {}
				}
			},
			"track2": {
				"en": {
					"node": "RIGHT...",
					"html": "{{$EFO_TED_E1_Q4A|part1}}{{$EFO_S_A?_T?_V?|name}}{{$EFO_TED_E1_Q4A|part2}}{{$EFO_S_A?_T?_V?|name}}{{$EFO_TED_E1_Q4A|part3}}{{$EFO_S_A?_T?|DVabb}}{{$EFO_TED_E1_Q4A|part4}}",
					"text": "{{$EFO_TED_E1_Q4A|part1}}{{$EFO_S_A?_T?_V?|name}}{{$EFO_TED_E1_Q4A|part2}}{{$EFO_S_A?_T?_V?|name}}{{$EFO_TED_E1_Q4A|part3}}{{$EFO_S_A?_T?|DVabb}}{{$EFO_TED_E1_Q4A|part4}}",
					"templateRef": {
						"$EFO_S_A?_T?|DVabb": "$EFM_TEDExptRQ.ontologyKey",
						"$EFO_S_A?_T?_V?|name": "$EFM_TEDExptVariable.ontologyKey"
					},
					"volume": [
						1,
						1,
						1,
						1,
						1,
						1,
						1
					],
					"cueSet": "...............................................................",
					"segments": [],
					"timedSet": [],
					"trim": [
						0,
						0,
						0,
						0,
						0,
						0,
						0
					],
					"templates": {}
				}
			},
			"track3": {
				"en": {
					"node": "ACTUALLY...",
					"html": "{{$EFO_TED_E1_Q4B|part1}}{{$EFO_S_A?_T?_V?|name}}{{$EFO_TED_E1_Q4B|part2}}{{$EFO_S_A?_T?_V?|name}}{{$EFO_TED_E1_Q4B|part3}}{{$EFO_S_A?_T?|DVabb}}{{$EFO_TED_E1_Q4B|part4}}",
					"text": "{{$EFO_TED_E1_Q4B|part1}}{{$EFO_S_A?_T?_V?|name}}{{$EFO_TED_E1_Q4B|part2}}{{$EFO_S_A?_T?_V?|name}}{{$EFO_TED_E1_Q4B|part3}}{{$EFO_S_A?_T?|DVabb}}{{$EFO_TED_E1_Q4B|part4}}",
					"templateRef": {
						"$EFO_S_A?_T?|DVabb": "$EFM_TEDExptRQ.ontologyKey",
						"$EFO_S_A?_T?_V?|name": "$EFM_TEDExptVariable.ontologyKey"
					},
					"volume": [
						1,
						1,
						1,
						1,
						1,
						1,
						1
					],
					"cueSet": "...............................................................",
					"segments": [],
					"timedSet": [],
					"trim": [
						0,
						0,
						0,
						0,
						0,
						0,
						0
					],
					"templates": {}
				}
			}
		}
	},
	"SScene13": {
		"tracks": {
			"track1": {
				"en": {
					"node": "RIGHT...",
					"html": "{{$EFO_TED_E1_Q5|question}}",
					"text": "{{$EFO_TED_E1_Q5|question}}",
					"volume": [
						1
					],
					"cueSet": "...............................................................",
					"segments": [],
					"timedSet": [],
					"trim": [
						0
					],
					"templates": {}
				}
			},
			"track2": {
				"en": {
					"node": "Let's think more about why we...",
					"html": "{{$EFO_TED_E1_Q56|part1}}",
					"text": "{{$EFO_TED_E1_Q56|part1}}",
					"volume": [
						1
					],
					"cueSet": "...............................................................",
					"segments": [],
					"timedSet": [],
					"trim": [
						0
					],
					"templates": {}
				}
			}
		}
	},
	"SScene14": {
		"tracks": {
			"track1": {
				"en": {
					"node": "Even though you said you...",
					"html": "{{$EFO_TED_E1_Q6|part1}}{{$EFO_S_A?_T?_V?|name}}",
					"text": "{{$EFO_TED_E1_Q6|part1}}{{$EFO_S_A?_T?_V?|name}}",
					"templateRef": {
						"$EFO_S_A?_T?_V?|name": "$EFM_TEDExptVariable.ontologyKey"
					},
					"volume": [
						1,
						1
					],
					"cueSet": "...............................................................",
					"segments": [],
					"timedSet": [],
					"trim": [
						0,
						0
					],
					"templates": {}
				}
			},
			"track2": {
				"en": {
					"node": "caused the difference.",
					"html": "{{$EFO_TED_E1_Q6|part2}}",
					"text": "{{$EFO_TED_E1_Q6|part2}}",
					"volume": [
						1
					],
					"cueSet": "...............................................................",
					"segments": [],
					"timedSet": [],
					"trim": [
						0
					],
					"templates": {}
				}
			},
			"track3": {
				"en": {
					"node": "Let's think more about why we...",
					"html": "{{$EFO_TED_E1_Q56|part1}}",
					"text": "{{$EFO_TED_E1_Q56|part1}}",
					"volume": [
						1
					],
					"cueSet": "...............................................................",
					"segments": [],
					"timedSet": [],
					"trim": [
						0
					],
					"templates": {}
				}
			}
		}
	},
	"SScene15": {
		"tracks": {
			"track0A": {
				"en": {
					"node": "In this experiment ...  Feature Focus",
					"html": "{{$EFO_TED_E1_Q7|part1}}{{$EFO_S_A?_T?_V?|name}}{{$EFO_TED_E1_Q7|part2}}",
					"text": "{{$EFO_TED_E1_Q7|part1}}{{$EFO_S_A?_T?_V?|name}}{{$EFO_TED_E1_Q7|part2}}",
					"templateRef": {
						"$EFO_S_A?_T?_V?|name": "$EFM_TEDExptVariable.ontologyKey",
						"$EFO_S_A?_T?|DVs": "$EFM_TEDExptTopic.ontologyKey"
					},
					"volume": [
						1,
						1,
						1
					],
					"cueSet": "..............................a................................",
					"segments": [],
					"timedSet": [],
					"trim": [
						0,
						0,
						0
					],
					"templates": {}
				}
			},
			"track0B": {
				"en": {
					"node": "Because the.. is different",
					"html": "{{$EFO_TED_E1_Q7|part3}}{{$EFO_S_A?_T?_V?|name}}{{$EFO_TED_E1_Q7|part4}}",
					"text": "{{$EFO_TED_E1_Q7|part3}}{{$EFO_S_A?_T?_V?|name}}{{$EFO_TED_E1_Q7|part4}}",
					"templateRef": {
						"$EFO_S_A?_T?_V?|name": "$EFM_TEDExptVariable.ontologyKey",
						"$EFO_S_A?_T?|DVs": "$EFM_TEDExptTopic.ontologyKey"
					},
					"volume": [
						1,
						1,
						1
					],
					"cueSet": "......a.........................................b........",
					"segments": [],
					"timedSet": [],
					"trim": [
						0,
						0,
						0
					],
					"templates": {}
				}
			},
			"track0C": {
				"en": {
					"node": "Could the way they have set up each...",
					"html": "{{$EFO_TED_E1_Q7|part5}}{{$EFO_S_A?_T?|DVs}}{{$EFO_TED_E1_Q7|part6}}",
					"text": "{{$EFO_TED_E1_Q7|part5}}{{$EFO_S_A?_T?|DVs}}{{$EFO_TED_E1_Q7|part6}}",
					"templateRef": {
						"$EFO_S_A?_T?_V?|name": "$EFM_TEDExptVariable.ontologyKey",
						"$EFO_S_A?_T?|DVs": "$EFM_TEDExptTopic.ontologyKey"
					},
					"volume": [
						1,
						1,
						1
					],
					"cueSet": "..a....b....c.........................................",
					"segments": [],
					"timedSet": [],
					"trim": [
						0,
						0,
						0
					],
					"templates": {}
				}
			},
			"track0D": {
				"en": {
					"node": "Make a selection for each of the other variables ...  Feature Focus",
					"html": "{{$EFO_TED_E1_Q7|part7}}",
					"text": "{{$EFO_TED_E1_Q7|part7}}",
					"templateRef": {
						"$EFO_S_A?_T?_V?|name": "$EFM_TEDExptVariable.ontologyKey",
						"$EFO_S_A?_T?|DVs": "$EFM_TEDExptTopic.ontologyKey"
					},
					"volume": [
						1
					],
					"cueSet": ".a................................................",
					"segments": [],
					"timedSet": [],
					"trim": [
						0
					],
					"templates": {}
				}
			},
			"track1": {
				"en": {
					"node": "They have set the... to be different...",
					"html": "{{$EFO_TED_E1_Q7NC1?|part1}}{{$EFO_S_A?_T?_V?|name}}{{$EFO_TED_E1_Q7NC1?|part2}}",
					"text": "{{$EFO_TED_E1_Q7NC1?|part1}}{{$EFO_S_A?_T?_V?|name}}{{$EFO_TED_E1_Q7NC1?|part2}}",
					"templateRef": {
						"$EFO_TED_E1_Q7NC1?|part1": "$EFM_TEDExptNC1SameDiff.ontologyKey",
						"$EFO_TED_E1_Q7NC1?|part2": "$EFM_TEDExptNC1SameDiff.ontologyKey",
						"$EFO_S_A?_T?_V?|name": "$EFM_TEDExptVarNC1.ontologyKey",
						"$EFO_S_A?_T?|DVs": "$EFM_TEDExptTopic.ontologyKey"
					},
					"volume": [
						1,
						1,
						1
					],
					"cueSet": "...............................................................",
					"segments": [],
					"timedSet": [],
					"trim": [
						0,
						0,
						0
					],
					"templates": {}
				}
			},
			"track1A": {
				"en": {
					"node": "You are correct that the different...",
					"html": "{{$EFO_TED_E1_Q7NC1?|part3}}{{$EFO_S_A?_T?_V?|name}}{{$EFO_TED_E1_Q7NC1?|part4}}{{$EFO_S_A?_T?|DVs}}",
					"text": "{{$EFO_TED_E1_Q7NC1?|part3}}{{$EFO_S_A?_T?_V?|name}}{{$EFO_TED_E1_Q7NC1?|part4}}{{$EFO_S_A?_T?|DVs}}",
					"templateRef": {
						"$EFO_TED_E1_Q7NC1?|part3": "$EFM_TEDExptNC1SameDiff.ontologyKey",
						"$EFO_TED_E1_Q7NC1?|part4": "$EFM_TEDExptNC1SameDiff.ontologyKey",
						"$EFO_S_A?_T?_V?|name": "$EFM_TEDExptVarNC1.ontologyKey",
						"$EFO_S_A?_T?|DVs": "$EFM_TEDExptTopic.ontologyKey"
					},
					"volume": [
						1,
						1,
						1,
						1
					],
					"cueSet": "...............................................................",
					"segments": [],
					"timedSet": [],
					"trim": [
						0,
						0,
						0,
						0
					],
					"templates": {}
				}
			},
			"track1B": {
				"en": {
					"node": "Actually the different...",
					"html": "{{$EFO_TED_E1_Q7NC1?|part5}}{{$EFO_S_A?_T?_V?|name}}{{$EFO_TED_E1_Q7NC1?|part6}}{{$EFO_S_A?_T?|DVs}}",
					"text": "{{$EFO_TED_E1_Q7NC1?|part5}}{{$EFO_S_A?_T?_V?|name}}{{$EFO_TED_E1_Q7NC1?|part6}}{{$EFO_S_A?_T?|DVs}}",
					"templateRef": {
						"$EFO_TED_E1_Q7NC1?|part5": "$EFM_TEDExptNC1SameDiff.ontologyKey",
						"$EFO_TED_E1_Q7NC1?|part6": "$EFM_TEDExptNC1SameDiff.ontologyKey",
						"$EFO_S_A?_T?_V?|name": "$EFM_TEDExptVarNC1.ontologyKey",
						"$EFO_S_A?_T?|DVs": "$EFM_TEDExptTopic.ontologyKey"
					},
					"volume": [
						1,
						1,
						1,
						1
					],
					"cueSet": "...............................................................",
					"segments": [],
					"timedSet": [],
					"trim": [
						0,
						0,
						0,
						0
					],
					"templates": {}
				}
			},
			"track2": {
				"en": {
					"node": "The students made...",
					"html": "{{$EFO_TED_E1_Q7NC2?|part1}}{{$EFO_S_A?_T?_V?|name}}{{$EFO_TED_E1_Q7NC2?|part2}}",
					"text": "{{$EFO_TED_E1_Q7NC2?|part1}}{{$EFO_S_A?_T?_V?|name}}{{$EFO_TED_E1_Q7NC2?|part2}}",
					"templateRef": {
						"$EFO_TED_E1_Q7NC2?|part1": "$EFM_TEDExptNC2SameDiff.ontologyKey",
						"$EFO_TED_E1_Q7NC2?|part2": "$EFM_TEDExptNC2SameDiff.ontologyKey",
						"$EFO_S_A?_T?_V?|name": "$EFM_TEDExptVarNC2.ontologyKey",
						"$EFO_S_A?_T?|DVs": "$EFM_TEDExptTopic.ontologyKey"
					},
					"volume": [
						1,
						1,
						1
					],
					"cueSet": "...............................................................",
					"segments": [],
					"timedSet": [],
					"trim": [
						0,
						0,
						0
					],
					"templates": {}
				}
			},
			"track2A": {
				"en": {
					"node": "You are correct that the different...",
					"html": "{{$EFO_TED_E1_Q7NC2?|part3}}{{$EFO_S_A?_T?_V?|name}}{{$EFO_TED_E1_Q7NC2?|part4}}{{$EFO_S_A?_T?|DVs}}",
					"text": "{{$EFO_TED_E1_Q7NC2?|part3}}{{$EFO_S_A?_T?_V?|name}}{{$EFO_TED_E1_Q7NC2?|part4}}{{$EFO_S_A?_T?|DVs}}",
					"templateRef": {
						"$EFO_TED_E1_Q7NC2?|part3": "$EFM_TEDExptNC2SameDiff.ontologyKey",
						"$EFO_TED_E1_Q7NC2?|part4": "$EFM_TEDExptNC2SameDiff.ontologyKey",
						"$EFO_S_A?_T?_V?|name": "$EFM_TEDExptVarNC2.ontologyKey",
						"$EFO_S_A?_T?|DVs": "$EFM_TEDExptTopic.ontologyKey"
					},
					"volume": [
						1,
						1,
						1,
						1
					],
					"cueSet": "...............................................................",
					"segments": [],
					"timedSet": [],
					"trim": [
						0,
						0,
						0,
						0
					],
					"templates": {}
				}
			},
			"track2B": {
				"en": {
					"node": "Actually the different...",
					"html": "{{$EFO_TED_E1_Q7NC2?|part5}}{{$EFO_S_A?_T?_V?|name}}{{$EFO_TED_E1_Q7NC2?|part6}}{{$EFO_S_A?_T?|DVs}}",
					"text": "{{$EFO_TED_E1_Q7NC2?|part5}}{{$EFO_S_A?_T?_V?|name}}{{$EFO_TED_E1_Q7NC2?|part6}}{{$EFO_S_A?_T?|DVs}}",
					"templateRef": {
						"$EFO_TED_E1_Q7NC2?|part5": "$EFM_TEDExptNC2SameDiff.ontologyKey",
						"$EFO_TED_E1_Q7NC2?|part6": "$EFM_TEDExptNC2SameDiff.ontologyKey",
						"$EFO_S_A?_T?_V?|name": "$EFM_TEDExptVarNC2.ontologyKey",
						"$EFO_S_A?_T?|DVs": "$EFM_TEDExptTopic.ontologyKey"
					},
					"volume": [
						1,
						1,
						1,
						1
					],
					"cueSet": "...............................................................",
					"segments": [],
					"timedSet": [],
					"trim": [
						0,
						0,
						0,
						0
					],
					"templates": {}
				}
			},
			"track3": {
				"en": {
					"node": "The students made...",
					"html": "{{$EFO_TED_E1_Q7NC3?|part1}}{{$EFO_S_A?_T?_V?|name}}{{$EFO_TED_E1_Q7NC3?|part2}}",
					"text": "{{$EFO_TED_E1_Q7NC3?|part1}}{{$EFO_S_A?_T?_V?|name}}{{$EFO_TED_E1_Q7NC3?|part2}}",
					"templateRef": {
						"$EFO_TED_E1_Q7NC3?|part1": "$EFM_TEDExptNC3SameDiff.ontologyKey",
						"$EFO_TED_E1_Q7NC3?|part2": "$EFM_TEDExptNC3SameDiff.ontologyKey",
						"$EFO_S_A?_T?_V?|name": "$EFM_TEDExptVarNC2.ontologyKey",
						"$EFO_S_A?_T?|DVs": "$EFM_TEDExptTopic.ontologyKey"
					},
					"volume": [
						1,
						1,
						1
					],
					"cueSet": "...............................................................",
					"segments": [],
					"timedSet": [],
					"trim": [
						0,
						0,
						0
					],
					"templates": {}
				}
			},
			"track3A": {
				"en": {
					"node": "You are correct that the different...",
					"html": "{{$EFO_TED_E1_Q7NC3?|part3}}{{$EFO_S_A?_T?_V?|name}}{{$EFO_TED_E1_Q7NC3?|part4}}{{$EFO_S_A?_T?|DVs}}",
					"text": "{{$EFO_TED_E1_Q7NC3?|part3}}{{$EFO_S_A?_T?_V?|name}}{{$EFO_TED_E1_Q7NC3?|part4}}{{$EFO_S_A?_T?|DVs}}",
					"templateRef": {
						"$EFO_TED_E1_Q7NC3?|part3": "$EFM_TEDExptNC3SameDiff.ontologyKey",
						"$EFO_TED_E1_Q7NC3?|part4": "$EFM_TEDExptNC3SameDiff.ontologyKey",
						"$EFO_S_A?_T?_V?|name": "$EFM_TEDExptVarNC3.ontologyKey",
						"$EFO_S_A?_T?|DVs": "$EFM_TEDExptTopic.ontologyKey"
					},
					"volume": [
						1,
						1,
						1,
						1
					],
					"cueSet": "...............................................................",
					"segments": [],
					"timedSet": [],
					"trim": [
						0,
						0,
						0,
						0
					],
					"templates": {}
				}
			},
			"track3B": {
				"en": {
					"node": "Actually the different...",
					"html": "{{$EFO_TED_E1_Q7NC3?|part5}}{{$EFO_S_A?_T?_V?|name}}{{$EFO_TED_E1_Q7NC3?|part6}}{{$EFO_S_A?_T?|DVs}}",
					"text": "{{$EFO_TED_E1_Q7NC3?|part5}}{{$EFO_S_A?_T?_V?|name}}{{$EFO_TED_E1_Q7NC3?|part6}}{{$EFO_S_A?_T?|DVs}}",
					"templateRef": {
						"$EFO_TED_E1_Q7NC3?|part5": "$EFM_TEDExptNC3SameDiff.ontologyKey",
						"$EFO_TED_E1_Q7NC3?|part6": "$EFM_TEDExptNC3SameDiff.ontologyKey",
						"$EFO_S_A?_T?_V?|name": "$EFM_TEDExptVarNC3.ontologyKey",
						"$EFO_S_A?_T?|DVs": "$EFM_TEDExptTopic.ontologyKey"
					},
					"volume": [
						1,
						1,
						1,
						1
					],
					"cueSet": "...............................................................",
					"segments": [],
					"timedSet": [],
					"trim": [
						0,
						0,
						0,
						0
					],
					"templates": {}
				}
			},
			"track4A": {
				"en": {
					"node": "So in this experiment even though ...",
					"html": "{{$EFO_TED_E1_Q7D|part1}}{{$EFO_S_A?_T?_V?|name|1}}",
					"text": "{{$EFO_TED_E1_Q7D|part1}}{{$EFO_S_A?_T?_V?|name|1}}",
					"templateRef": {
						"$EFO_S_A?_T?_V?|name|1": "$EFM_TEDExptVariable.ontologyKey"
					},
					"volume": [
						1,
						1
					],
					"cueSet": "...............................................................",
					"segments": [],
					"timedSet": [],
					"trim": [
						0,
						0
					],
					"templates": {}
				}
			},
			"track4B": {
				"en": {
					"node": "the ... ",
					"html": "{{$EFO_TED_E1_Q7D|part2}}{{$EFO_S_A?_T?_V?|name|2}}",
					"text": "{{$EFO_TED_E1_Q7D|part2}}{{$EFO_S_A?_T?_V?|name|2}}",
					"templateRef": {
						"$EFO_S_A?_T?_V?|name|2": "$EFM_TEDExptVarNC1.ontologyKey"
					},
					"volume": [
						1,
						1
					],
					"cueSet": "......................................................",
					"segments": [],
					"timedSet": [],
					"trim": [
						0,
						0
					],
					"templates": {}
				}
			},
			"track4C": {
				"en": {
					"node": "the ... ",
					"html": "{{$EFO_TED_E1_Q7D|part2}}{{$EFO_S_A?_T?_V?|name|3}}",
					"text": "{{$EFO_TED_E1_Q7D|part2}}{{$EFO_S_A?_T?_V?|name|3}}",
					"templateRef": {
						"$EFO_S_A?_T?_V?|name|3": "$EFM_TEDExptVarNC2.ontologyKey"
					},
					"volume": [
						1,
						1
					],
					"cueSet": "......................................................",
					"segments": [],
					"timedSet": [],
					"trim": [
						0,
						0
					],
					"templates": {}
				}
			},
			"track4D": {
				"en": {
					"node": "and the ... all could have ...",
					"html": "{{$EFO_TED_E1_Q7D|part3}}{{$EFO_S_A?_T?_V?|name|4}}{{$EFO_TED_E1_Q7D|part4}}{{$EFO_S_A?_T?|DVs}}",
					"text": "{{$EFO_TED_E1_Q7D|part3}}{{$EFO_S_A?_T?_V?|name|4}}{{$EFO_TED_E1_Q7D|part4}}{{$EFO_S_A?_T?|DVs}}",
					"templateRef": {
						"$EFO_S_A?_T?_V?|name|4": "$EFM_TEDExptVarNC3.ontologyKey",
						"$EFO_S_A?_T?|DVs": "$EFM_TEDExptTopic.ontologyKey"
					},
					"volume": [
						1,
						1,
						1,
						1
					],
					"cueSet": "...................................................................................................",
					"segments": [],
					"timedSet": [],
					"trim": [
						0,
						0,
						0,
						0
					],
					"templates": {}
				}
			},
			"track4E": {
				"en": {
					"node": "the ... also could cause a difference in  ...",
					"html": "{{$EFO_TED_E1_Q7D|part2}}{{$EFO_S_A?_T?_V?|name|1}}{{$EFO_TED_E1_Q7D|part5}}{{$EFO_S_A?_T?|DVs}}",
					"text": "{{$EFO_TED_E1_Q7D|part2}}{{$EFO_S_A?_T?_V?|name|1}}{{$EFO_TED_E1_Q7D|part5}}{{$EFO_S_A?_T?|DVs}}",
					"templateRef": {
						"$EFO_S_A?_T?_V?|name|1": "$EFM_TEDExptNC1Confound.ontologyKey",
						"$EFO_S_A?_T?|DVs": "$EFM_TEDExptTopic.ontologyKey"
					},
					"volume": [
						1,
						1,
						1,
						1
					],
					"cueSet": "...................................................................................................",
					"segments": [],
					"timedSet": [],
					"trim": [
						0,
						0,
						0,
						0
					],
					"templates": {}
				}
			}
		}
	},
	"SScene16": {
		"tracks": {
			"track1": {
				"en": {
					"node": "Please correct this experiment by clicking in the table ...",
					"html": "{{$EFO_TED_E1_Q8|part1}}{{$EFO_S_A?_T?_V?|name|2}}{{$EFO_S_A?_T?_V?|name|3}}{{$EFO_TED_E1_Q8|part2}}{{$EFO_S_A?_T?_V?|name|4}}",
					"text": "{{$EFO_TED_E1_Q8|part1}}{{$EFO_S_A?_T?_V?|name|2}}{{$EFO_S_A?_T?_V?|name|3}}{{$EFO_TED_E1_Q8|part2}}{{$EFO_S_A?_T?_V?|name|4}}",
					"templateRef": {
						"$EFO_S_A?_T?_V?|name|2": "$EFM_TEDExptVarNC1.ontologyKey",
						"$EFO_S_A?_T?_V?|name|3": "$EFM_TEDExptVarNC2.ontologyKey",
						"$EFO_S_A?_T?_V?|name|4": "$EFM_TEDExptVarNC3.ontologyKey"
					},
					"volume": [
						1,
						1,
						1,
						1,
						1
					],
					"cueSet": "...............................................................",
					"segments": [],
					"timedSet": [],
					"trim": [
						0,
						0,
						0,
						0,
						0
					],
					"templates": {}
				}
			},
			"track1A": {
				"en": {
					"node": "Please correct this experiment by clicking in the table ...",
					"html": "{{$EFO_TED_E1_Q8|part1}}{{$EFO_S_A?_T?_V?|name|1}}",
					"text": "{{$EFO_TED_E1_Q8|part1}}{{$EFO_S_A?_T?_V?|name|1}}",
					"templateRef": {
						"$EFO_S_A?_T?_V?|name|1": "$EFM_TEDExptNC1Confound.ontologyKey"
					},
					"volume": [
						1,
						1
					],
					"cueSet": "...............................................................",
					"segments": [],
					"timedSet": [],
					"trim": [
						0,
						0
					],
					"templates": {}
				}
			},
			"track2": {
				"en": {
					"node": "Click next when you've completed ...",
					"html": "{{$EFO_TED_E1_Q8|part3}}",
					"text": "{{$EFO_TED_E1_Q8|part3}}",
					"volume": [
						1
					],
					"cueSet": "...............................................................",
					"segments": [],
					"timedSet": [],
					"trim": [
						0
					],
					"templates": {}
				}
			}
		}
	},
	"SScene17": {
		"tracks": {
			"track1": {
				"en": {
					"node": "Explain why this is a good way to...",
					"html": "{{$EFO_TED_E1_Q9|part1}}{{$EFO_S_A?_T?_V?|name|1}}{{$EFO_TED_E1_Q9|part2}}",
					"text": "{{$EFO_TED_E1_Q9|part1}}{{$EFO_S_A?_T?_V?|name|1}}{{$EFO_TED_E1_Q9|part2}}",
					"templateRef": {
						"$EFO_S_A?_T?_V?|name|1": "$EFM_TEDExptVariable.ontologyKey"
					},
					"volume": [
						1,
						1,
						1
					],
					"cueSet": "...............................................................",
					"segments": [],
					"timedSet": [],
					"trim": [
						0,
						0,
						0
					],
					"templates": {}
				}
			},
			"track2": {
				"en": {
					"node": "Summary - This is a good experiment, because everything...",
					"html": "{{$EFO_TED_E1_SUMMARY|part1}}{{$EFO_S_A?_T?_V?|name}}{{$EFO_TED_E1_SUMMARY|part2}}{{$EFO_S_A?_T?|DVs}}{{$EFO_TED_E1_SUMMARY|part3}}{{$EFO_S_A?_T?_V?|name}}{{$EFO_TED_E1_SUMMARY|part4}}{{$EFO_S_A?_T?|DVs}}{{$EFO_TED_E1_SUMMARY|part5}}{{$EFO_S_A?_T?_V?|name}}{{$EFO_TED_E1_SUMMARY|part6}}{{$EFO_S_A?_T?_V?|name}}{{$EFO_TED_E1_SUMMARY|part7}}",
					"text": "{{$EFO_TED_E1_SUMMARY|part1}}{{$EFO_S_A?_T?_V?|name}}{{$EFO_TED_E1_SUMMARY|part2}}{{$EFO_S_A?_T?|DVs}}{{$EFO_TED_E1_SUMMARY|part3}}{{$EFO_S_A?_T?_V?|name}}{{$EFO_TED_E1_SUMMARY|part4}}{{$EFO_S_A?_T?|DVs}}{{$EFO_TED_E1_SUMMARY|part5}}{{$EFO_S_A?_T?_V?|name}}{{$EFO_TED_E1_SUMMARY|part6}}{{$EFO_S_A?_T?_V?|name}}{{$EFO_TED_E1_SUMMARY|part7}}",
					"templateRef": {
						"$EFO_S_A?_T?_V?|name": "$EFM_TEDExptVariable.ontologyKey",
						"$EFO_S_A?_T?|DVs": "$EFM_TEDExptTopic.ontologyKey"
					},
					"volume": [
						1,
						1,
						1,
						1,
						1,
						1,
						1,
						1,
						1,
						1,
						1,
						1,
						1
					],
					"cueSet": "...............................................................",
					"segments": [],
					"timedSet": [],
					"trim": [
						0,
						0,
						0,
						0,
						0,
						0,
						0,
						0,
						0,
						0,
						0,
						0,
						0
					],
					"templates": {}
				}
			}
		}
	},
	"SScene18": {
		"tracks": {
			"track1": {
				"en": {
					"node": "Now you will design experiments on your own.",
					"html": "{{$EFO_TED_POST_INTRO|part1}}",
					"text": "{{$EFO_TED_POST_INTRO|part1}}",
					"volume": [
						1
					],
					"cueSet": "...............................................................",
					"segments": [],
					"timedSet": [],
					"trim": [
						0
					],
					"templates": {}
				}
			},
			"track2": {
				"en": {
					"node": "I want to see what you learned so...",
					"html": "{{$EFO_TED_POST_INTRO|part2}}",
					"text": "{{$EFO_TED_POST_INTRO|part2}}",
					"volume": [
						1
					],
					"cueSet": "...............................................................",
					"segments": [],
					"timedSet": [],
					"trim": [
						0
					],
					"templates": {}
				}
			},
			"track3": {
				"en": {
					"node": "When you’re done working...",
					"html": "{{$EFO_TED_POST_INTRO|part3}}",
					"text": "{{$EFO_TED_POST_INTRO|part3}}",
					"volume": [
						1
					],
					"cueSet": "...............................................................",
					"segments": [],
					"timedSet": [],
					"trim": [
						0
					],
					"templates": {}
				}
			}
		}
	},
	"SScene19": {
		"tracks": {
			"track1a": {
				"en": {
					"node": "First, design an experiment that will let you find out for...",
					"html": "{{$EFO_TED_POST_E|part1a}}{{$EFO_S_A?_T?_V?|name}}{{$EFO_TED_POST_E|part2}}{{$EFO_S_A?_T?|DVs}}",
					"text": "{{$EFO_TED_POST_E|part1a}}{{$EFO_S_A?_T?_V?|name}}{{$EFO_TED_POST_E|part2}}{{$EFO_S_A?_T?|DVs}}",
					"templateRef": {
						"$EFO_S_A?_T?_V?|name": "$EFM_TEDExptPOSTTV.ontologyKey",
						"$EFO_S_A?_T?|DVs": "$EFM_selectedTopic.ontologyKey"
					},
					"volume": [
						1,
						1,
						1,
						1
					],
					"cueSet": "...............................................................",
					"segments": [],
					"timedSet": [],
					"trim": [
						0,
						0,
						0,
						0
					],
					"templates": {}
				}
			},
			"track1": {
				"en": {
					"node": "Design an experiment that will let you find out for...",
					"html": "{{$EFO_TED_POST_E|part1}}{{$EFO_S_A?_T?_V?|name}}{{$EFO_TED_POST_E|part2}}{{$EFO_S_A?_T?|DVs}}",
					"text": "{{$EFO_TED_POST_E|part1}}{{$EFO_S_A?_T?_V?|name}}{{$EFO_TED_POST_E|part2}}{{$EFO_S_A?_T?|DVs}}",
					"templateRef": {
						"$EFO_S_A?_T?_V?|name": "$EFM_TEDExptPOSTTV.ontologyKey",
						"$EFO_S_A?_T?|DVs": "$EFM_selectedTopic.ontologyKey"
					},
					"volume": [
						1,
						1,
						1,
						1
					],
					"cueSet": "...............................................................",
					"segments": [],
					"timedSet": [],
					"trim": [
						0,
						0,
						0,
						0
					],
					"templates": {}
				}
			},
			"track2": {
				"en": {
					"node": "You can change...",
					"html": "{{$EFO_TED_POST_E|part3}}",
					"text": "{{$EFO_TED_POST_E|part3}}",
					"volume": [
						1
					],
					"cueSet": "...............................................................",
					"segments": [],
					"timedSet": [],
					"trim": [
						0
					],
					"templates": {}
				}
			}
		}
	},
	"SScene20": {
		"tracks": {
			"track1": {
				"en": {
					"node": "Explain why you designed ...",
					"html": "{{$EFO_TED_POST_Q|part1}}",
					"text": "{{$EFO_TED_POST_Q|part1}}",
					"volume": [
						1
					],
					"cueSet": "...............................................................",
					"segments": [],
					"timedSet": [],
					"trim": [
						0
					],
					"templates": {}
				}
			}
		}
	},
	"SScene21": {
		"tracks": {
			"track1": {
				"en": {
					"node": "TED Summary statement.",
					"html": "{{$EFO_TED_POST_SUMMARY|part1}}",
					"text": "{{$EFO_TED_POST_SUMMARY|part1}}",
					"volume": [
						1
					],
					"cueSet": "...............................................................",
					"segments": [],
					"timedSet": [],
					"trim": [
						0
					],
					"templates": {}
				}
			},
			"track2": {
				"en": {
					"node": "TED Summary statement.",
					"html": "{{$EFO_TED_POST_SUMMARY|part2}}",
					"text": "{{$EFO_TED_POST_SUMMARY|part2}}",
					"volume": [
						1
					],
					"cueSet": "...............................................................",
					"segments": [],
					"timedSet": [],
					"trim": [
						0
					],
					"templates": {}
				}
			},
			"track3": {
				"en": {
					"node": "TED Summary statement.",
					"html": "{{$EFO_TED_POST_SUMMARY|part3}}",
					"text": "{{$EFO_TED_POST_SUMMARY|part3}}",
					"volume": [
						1
					],
					"cueSet": "...............................................................",
					"segments": [],
					"timedSet": [],
					"trim": [
						0
					],
					"templates": {}
				}
			}
		}
	}
}