{"scene":{"SNavigator":{},"SScene1":{"rowsComplete":4,"$seq":[{"prop":"rowsComplete","value":0,"time":1542221940274},{"prop":"complete","value":false,"time":1542221940616},{"prop":"currentRow","value":1,"time":1542221949186},{"prop":"correct","value":true,"time":1542221949186},{"prop":"correct","value":false,"time":1542221949206},{"prop":"correct","value":false,"time":1542221954710},{"prop":"correct","value":false,"time":1542221954712},{"prop":"TVSel.col1","value":1,"time":1542221958732},{"prop":"TVSel.col1","value":2,"time":1542221962585},{"prop":"TVSel.col2","value":1,"time":1542221964141},{"prop":"correct","value":true,"time":1542221964141},{"prop":"correct","value":false,"time":1542221964172},{"prop":"rowsComplete","value":1,"time":1542221964175},{"prop":"currentRow","value":0,"time":1542221973949},{"prop":"currentRow","value":2,"time":1542221973949},{"prop":"correct","value":false,"time":1542221973950},{"prop":"VSel.col1","value":null,"time":1542221973951},{"prop":"VSel.col2","value":null,"time":1542221973951},{"prop":"correct","value":false,"time":1542221973953},{"prop":"VSel.col1","value":1,"time":1542221979223},{"prop":"VSel.col2","value":1,"time":1542221981072},{"prop":"correct","value":true,"time":1542221981073},{"prop":"correct","value":false,"time":1542221981099},{"prop":"rowsComplete","value":2,"time":1542221981102},{"prop":"currentRow","value":3,"time":1542221986853},{"prop":"correct","value":false,"time":1542221986855},{"prop":"VSel.col1","value":null,"time":1542221986855},{"prop":"VSel.col2","value":null,"time":1542221986855},{"prop":"correct","value":false,"time":1542221986857},{"prop":"VSel.col1","value":1,"time":1542221989811},{"prop":"VSel.col2","value":1,"time":1542221991491},{"prop":"correct","value":true,"time":1542221991491},{"prop":"correct","value":false,"time":1542221991520},{"prop":"rowsComplete","value":3,"time":1542221991522},{"prop":"currentRow","value":4,"time":1542221997168},{"prop":"correct","value":false,"time":1542221997169},{"prop":"VSel.col1","value":null,"time":1542221997169},{"prop":"VSel.col2","value":null,"time":1542221997169},{"prop":"correct","value":false,"time":1542221997171},{"prop":"VSel.col1","value":2,"time":1542221999635},{"prop":"VSel.col2","value":2,"time":1542222001177},{"prop":"correct","value":true,"time":1542222001177},{"prop":"correct","value":false,"time":1542222001235},{"prop":"rowsComplete","value":4,"time":1542222001239},{"prop":"currentRow","value":5,"time":1542222006870},{"prop":"complete","value":true,"time":1542222006870},{"prop":"correct","value":false,"time":1542222006871}],"complete":true,"currentRow":5,"correct":false,"TVSel":{"col1":2,"col2":1},"VSel":{"col1":2,"col2":2}},"SScene2":{"complete":true,"$seq":[{"prop":"complete","value":false,"time":1542222007833},{"prop":"complete","value":true,"time":1542222031816},{"prop":"correct","value":false,"time":1542222034358}],"correct":false},"SScene3":{"complete":true,"$seq":[{"prop":"complete","value":false,"time":1542222034474},{"prop":"complete","value":true,"time":1542222041944}]},"SScene4":{"complete":true,"$seq":[{"prop":"complete","value":false,"time":1542222043043},{"prop":"complete","value":true,"time":1542222055071}]},"SScene5":{"complete":false,"$seq":[{"prop":"complete","value":false,"time":1542222057285}]}},"module":{"EFMod_TEDInstr":{"selectedArea":{"index":4,"ontologyKey":"STBL_A4|name"},"$seq":[{"prop":"selectedArea.index","value":4,"time":1542221940169},{"prop":"selectedArea.ontologyKey","value":"STBL_A4|name","time":1542221940169},{"prop":"selectedTopic.index","value":1,"time":1542221940169},{"prop":"selectedTopic.ontologyKey","value":"STBL_A4_T1|name","time":1542221940169},{"prop":"selectedVariable.index","value":1,"time":1542221940169},{"prop":"selectedVariable.ontologyKey","value":"STBL_A4_T1_V1|name","time":1542221940169},{"prop":"TEDExptNonTarget","value":[1,3,4],"time":1542221940252},{"prop":"TEDExptConfounds","value":[3,4,1],"time":1542221940252},{"prop":"TEDExptDifferent","value":[3,4,1,2],"time":1542221940252},{"prop":"TEDExptArea","value":{"ontologyKey":"STBL_A4","index":4},"time":1542221940252},{"prop":"TEDExptTopic","value":{"ontologyKey":"STBL_A4_T1","index":1},"time":1542221940252},{"prop":"TEDExptVariable","value":{"ontologyKey":"STBL_A4_T1_V2","index":2},"time":1542221940252},{"prop":"TEDExptRQ","value":{"ontologyKey":"S_A4_T1_RQ2","index":2},"time":1542221940252},{"prop":"TEDExptVarNC1","value":{"ontologyKey":"STBL_A4_T1_V1","index":1},"time":1542221940252},{"prop":"TEDExptVarNC2","value":{"ontologyKey":"STBL_A4_T1_V3","index":3},"time":1542221940252},{"prop":"TEDExptVarNC3","value":{"ontologyKey":"STBL_A4_T1_V4","index":4},"time":1542221940252},{"prop":"TEDExptPOSTSequence","value":[{"ontologyKey":"STBL_A4_T1_V1","index":1},{"ontologyKey":"STBL_A4_T1_V2","index":2},{"ontologyKey":"STBL_A4_T1_V3","index":3},{"ontologyKey":"STBL_A4_T1_V4","index":4}],"time":1542221940252},{"prop":"TEDExpt1V1","value":{"ontologyKey":"S_A4_T1_V1_A","index":1},"time":1542221940252},{"prop":"TEDExpt2V1","value":{"ontologyKey":"S_A4_T1_V1_A","index":1},"time":1542221940252},{"prop":"TEDExpt1V2","value":{"ontologyKey":"S_A4_T1_V2_A","index":2},"time":1542221940252},{"prop":"TEDExpt2V2","value":{"ontologyKey":"S_A4_T1_V2_A","index":2},"time":1542221940252},{"prop":"TEDExpt1V3","value":{"ontologyKey":"S_A4_T1_V3_A","index":3},"time":1542221940252},{"prop":"TEDExpt2V3","value":{"ontologyKey":"S_A4_T1_V3_A","index":3},"time":1542221940252},{"prop":"TEDExpt1V4","value":{"ontologyKey":"S_A4_T1_V4_A","index":4},"time":1542221940252},{"prop":"TEDExpt2V4","value":{"ontologyKey":"S_A4_T1_V4_A","index":4},"time":1542221940252},{"prop":"TEDExpt2V3","value":{"ontologyKey":"S_A4_T1_V3_B","index":3},"time":1542221940252},{"prop":"TEDExpt2V4","value":{"ontologyKey":"S_A4_T1_V4_B","index":4},"time":1542221940252},{"prop":"TEDExpt2V1","value":{"ontologyKey":"S_A4_T1_V1_B","index":1},"time":1542221940252},{"prop":"TEDExpt2V2","value":{"ontologyKey":"S_A4_T1_V2_B","index":2},"time":1542221940252},{"prop":"TEDExptNC1SameDiff","value":{"ontologyKey":"TED_E1_Q7NC1DIFF","value":"diff","index":1},"time":1542221940252},{"prop":"TEDExptNC1Confound","value":{"ontologyKey":"STBL_A4_T1_V1","index":1},"time":1542221940252},{"prop":"TEDExptNC2SameDiff","value":{"ontologyKey":"TED_E1_Q7NC2DIFF","value":"diff","index":3},"time":1542221940252},{"prop":"TEDExptNC2Confound","value":{"ontologyKey":"STBL_A4_T1_V3","index":3},"time":1542221940252},{"prop":"TEDExptNC3SameDiff","value":{"ontologyKey":"TED_E1_Q7NC3DIFF","value":"diff","index":4},"time":1542221940252},{"prop":"TEDExptNC3Confound","value":{"ontologyKey":"STBL_A4_T1_V4","index":4},"time":1542221940252},{"prop":"TEDExptNonTarget","value":[1,3,4],"time":1542221940617},{"prop":"TEDExptConfounds","value":[3,4,1],"time":1542221940617},{"prop":"TEDExptDifferent","value":[3,4,1,2],"time":1542221940617},{"prop":"TEDExptArea","value":{"ontologyKey":"STBL_A4","index":4},"time":1542221940617},{"prop":"TEDExptTopic","value":{"ontologyKey":"STBL_A4_T1","index":1},"time":1542221940617},{"prop":"TEDExptVariable","value":{"ontologyKey":"STBL_A4_T1_V2","index":2},"time":1542221940617},{"prop":"TEDExptRQ","value":{"ontologyKey":"S_A4_T1_RQ2","index":2},"time":1542221940617},{"prop":"TEDExptVarNC1","value":{"ontologyKey":"STBL_A4_T1_V1","index":1},"time":1542221940617},{"prop":"TEDExptVarNC2","value":{"ontologyKey":"STBL_A4_T1_V3","index":3},"time":1542221940617},{"prop":"TEDExptVarNC3","value":{"ontologyKey":"STBL_A4_T1_V4","index":4},"time":1542221940617},{"prop":"TEDExptPOSTSequence","value":[{"ontologyKey":"STBL_A4_T1_V1","index":1},{"ontologyKey":"STBL_A4_T1_V2","index":2},{"ontologyKey":"STBL_A4_T1_V3","index":3},{"ontologyKey":"STBL_A4_T1_V4","index":4}],"time":1542221940617},{"prop":"TEDExpt1V1","value":{"ontologyKey":"S_A4_T1_V1_A","index":1},"time":1542221940617},{"prop":"TEDExpt2V1","value":{"ontologyKey":"S_A4_T1_V1_A","index":1},"time":1542221940617},{"prop":"TEDExpt1V2","value":{"ontologyKey":"S_A4_T1_V2_A","index":2},"time":1542221940617},{"prop":"TEDExpt2V2","value":{"ontologyKey":"S_A4_T1_V2_A","index":2},"time":1542221940617},{"prop":"TEDExpt1V3","value":{"ontologyKey":"S_A4_T1_V3_A","index":3},"time":1542221940617},{"prop":"TEDExpt2V3","value":{"ontologyKey":"S_A4_T1_V3_A","index":3},"time":1542221940617},{"prop":"TEDExpt1V4","value":{"ontologyKey":"S_A4_T1_V4_A","index":4},"time":1542221940617},{"prop":"TEDExpt2V4","value":{"ontologyKey":"S_A4_T1_V4_A","index":4},"time":1542221940617},{"prop":"TEDExpt2V3","value":{"ontologyKey":"S_A4_T1_V3_B","index":3},"time":1542221940617},{"prop":"TEDExpt2V4","value":{"ontologyKey":"S_A4_T1_V4_B","index":4},"time":1542221940617},{"prop":"TEDExpt2V1","value":{"ontologyKey":"S_A4_T1_V1_B","index":1},"time":1542221940617},{"prop":"TEDExpt2V2","value":{"ontologyKey":"S_A4_T1_V2_B","index":2},"time":1542221940617},{"prop":"TEDExptNC1SameDiff","value":{"ontologyKey":"TED_E1_Q7NC1DIFF","value":"diff","index":1},"time":1542221940617},{"prop":"TEDExptNC1Confound","value":{"ontologyKey":"STBL_A4_T1_V1","index":1},"time":1542221940617},{"prop":"TEDExptNC2SameDiff","value":{"ontologyKey":"TED_E1_Q7NC2DIFF","value":"diff","index":3},"time":1542221940617},{"prop":"TEDExptNC2Confound","value":{"ontologyKey":"STBL_A4_T1_V3","index":3},"time":1542221940617},{"prop":"TEDExptNC3SameDiff","value":{"ontologyKey":"TED_E1_Q7NC3DIFF","value":"diff","index":4},"time":1542221940617},{"prop":"TEDExptNC3Confound","value":{"ontologyKey":"STBL_A4_T1_V4","index":4},"time":1542221940617},{"prop":"differentRow","value":1,"time":1542221964175},{"prop":"independentVarN","value":{"row":2,"col":0,"ontologyKey":"STBL_A4_T1_V2|name","isText":true,"selectedValue":"Amount of Sunlight","cell":{}},"time":1542221973949},{"prop":"sameRow1","value":2,"time":1542221981102},{"prop":"independentVarN","value":{"row":3,"col":0,"ontologyKey":"STBL_A4_T1_V3|name","isText":true,"selectedValue":"Amount of Fertilizer","cell":{}},"time":1542221986853},{"prop":"sameRow2","value":3,"time":1542221991522},{"prop":"independentVarN","value":{"row":4,"col":0,"ontologyKey":"STBL_A4_T1_V4|name","isText":true,"selectedValue":"Type of Water","cell":{}},"time":1542221997168},{"prop":"sameRow3","value":4,"time":1542222001238},{"prop":"independentVarN","time":1542222006870}],"selectedTopic":{"index":1,"ontologyKey":"STBL_A4_T1|name"},"selectedVariable":{"index":1,"ontologyKey":"STBL_A4_T1_V1|name"},"TEDExptNonTarget":[1,3,4],"TEDExptConfounds":[3,4,1],"TEDExptDifferent":[3,4,1,2],"TEDExptArea":{"ontologyKey":"STBL_A4","index":4},"TEDExptTopic":{"ontologyKey":"STBL_A4_T1","index":1},"TEDExptVariable":{"ontologyKey":"STBL_A4_T1_V2","index":2},"TEDExptRQ":{"ontologyKey":"S_A4_T1_RQ2","index":2},"TEDExptVarNC1":{"ontologyKey":"STBL_A4_T1_V1","index":1},"TEDExptVarNC2":{"ontologyKey":"STBL_A4_T1_V3","index":3},"TEDExptVarNC3":{"ontologyKey":"STBL_A4_T1_V4","index":4},"TEDExptPOSTSequence":[{"ontologyKey":"STBL_A4_T1_V1","index":1},{"ontologyKey":"STBL_A4_T1_V2","index":2},{"ontologyKey":"STBL_A4_T1_V3","index":3},{"ontologyKey":"STBL_A4_T1_V4","index":4}],"TEDExpt1V1":{"ontologyKey":"S_A4_T1_V1_A","index":1},"TEDExpt2V1":{"ontologyKey":"S_A4_T1_V1_B","index":1},"TEDExpt1V2":{"ontologyKey":"S_A4_T1_V2_A","index":2},"TEDExpt2V2":{"ontologyKey":"S_A4_T1_V2_B","index":2},"TEDExpt1V3":{"ontologyKey":"S_A4_T1_V3_A","index":3},"TEDExpt2V3":{"ontologyKey":"S_A4_T1_V3_B","index":3},"TEDExpt1V4":{"ontologyKey":"S_A4_T1_V4_A","index":4},"TEDExpt2V4":{"ontologyKey":"S_A4_T1_V4_B","index":4},"TEDExptNC1SameDiff":{"ontologyKey":"TED_E1_Q7NC1DIFF","value":"diff","index":1},"TEDExptNC1Confound":{"ontologyKey":"STBL_A4_T1_V1","index":1},"TEDExptNC2SameDiff":{"ontologyKey":"TED_E1_Q7NC2DIFF","value":"diff","index":3},"TEDExptNC2Confound":{"ontologyKey":"STBL_A4_T1_V3","index":3},"TEDExptNC3SameDiff":{"ontologyKey":"TED_E1_Q7NC3DIFF","value":"diff","index":4},"TEDExptNC3Confound":{"ontologyKey":"STBL_A4_T1_V4","index":4},"differentRow":1,"sameRow1":2,"sameRow2":3,"sameRow3":4}},"tutor":{"experimentalGroup":{"ontologyKey":"EG_A2"},"$seq":[{"prop":"experimentalGroup.ontologyKey","value":"EG_A2","time":1542221940168}]}}