{"scene":{"SNavigator":{},"SScene1":{"complete":true,"$seq":[{"prop":"complete","value":false,"time":1273524055433},{"prop":"complete","value":true,"time":1273524154025}]},"SScene2":{"AreaSelected":true,"$seq":[{"prop":"AreaSelected","value":false,"time":1273524160373},{"prop":"AreaSelected","value":true,"time":1273524217975},{"prop":"Area Name:plant reproduction","time":1273524217976},{"prop":"Area Index:4","time":1273524217977}]},"SScene3":{"TopicSelected":true,"$seq":[{"prop":"TopicSelected","value":false,"time":1273524221012},{"prop":"TopicSelected","value":true,"time":1273524263222},{"prop":"Topic Index:2","time":1273524263225}]},"SScene4":{"complete":false,"$seq":[{"prop":"complete","value":false,"time":1273524263525}]}},"module":{"selectedArea":{"ontologyKey":"S_A4|name","index":4},"$seq":[{"prop":"selectedArea.ontologyKey","value":"S_A4|name","time":1273524217975},{"prop":"selectedArea.index","value":4,"time":1273524217975},{"prop":"selectedTopic.ontologyKey","value":"S_A4_T2|name","time":1273524263222},{"prop":"selectedTopic.index","value":2,"time":1273524263223}],"selectedTopic":{"ontologyKey":"S_A4_T2|name","index":2}},"tutor":{"experimentalGroup":{"ontologyKey":"EG_A1"},"$seq":[{"prop":"experimentalGroup.ontologyKey","value":"EG_A1","time":1273524055330}]}}