{"sceneState":{"SNavigator":{},"SSceneBL":{"complete":true,"$seq":[{"prop":"complete","value":false,"time":1543847098485},{"prop":"complete","value":true,"time":1543847107243}]},"SScene4":{"complete":true,"$seq":[{"prop":"complete","value":false,"time":1543847120178},{"prop":"complete","value":true,"time":1543847140932}]},"SScene5":{"complete":true,"$seq":[{"prop":"complete","value":false,"time":1543847233410},{"prop":"complete","value":true,"time":1543847237929}]},"SScene5a":{"complete":true,"$seq":[{"prop":"complete","value":false,"time":1543847240597},{"prop":"complete","value":true,"time":1543847252231}]},"SScene6a":{},"SScene6b":{},"SScene6c":{},"SScene7":{"complete":true,"$seq":[{"prop":"complete","value":false,"time":1543847268176},{"prop":"complete","value":true,"time":1543847294367}]},"SScene8":{"complete":true,"$seq":[{"prop":"complete","value":false,"time":1543847297245},{"prop":"complete","value":true,"time":1543847339200}]},"SScene11":{"RQconfirmed":false,"$seq":[{"prop":"RQconfirmed","value":false,"time":1543847340890},{"prop":"complete","value":true,"time":1543847352517}],"complete":true},"SSceneEnd":{},"SScene1":{"rowsComplete":4,"$seq":[{"prop":"rowsComplete","value":0,"time":1543847357161},{"prop":"complete","value":false,"time":1543847357463},{"prop":"currentRow","value":1,"time":1543847368164},{"prop":"correct","value":false,"time":1543847368164},{"prop":"correct","value":false,"time":1543847368187},{"prop":"currentRow","value":2,"time":1543847375364},{"prop":"correct","value":false,"time":1543847375364},{"prop":"correct","value":false,"time":1543847375394},{"prop":"currentRow","value":3,"time":1543847376653},{"prop":"correct","value":false,"time":1543847376653},{"prop":"correct","value":false,"time":1543847376666},{"prop":"currentRow","value":4,"time":1543847377830},{"prop":"correct","value":true,"time":1543847377831},{"prop":"correct","value":false,"time":1543847377844},{"prop":"correct","value":false,"time":1543847383302},{"prop":"correct","value":false,"time":1543847383305},{"prop":"TVSel.col1","value":1,"time":1543847389117},{"prop":"TVSel.col2","value":2,"time":1543847393102},{"prop":"correct","value":true,"time":1543847393102},{"prop":"correct","value":false,"time":1543847393131},{"prop":"rowsComplete","value":1,"time":1543847393134},{"prop":"currentRow","value":0,"time":1543847402869},{"prop":"currentRow","value":1,"time":1543847402869},{"prop":"correct","value":false,"time":1543847402871},{"prop":"VSel.col1","value":null,"time":1543847402871},{"prop":"VSel.col2","value":null,"time":1543847402871},{"prop":"correct","value":false,"time":1543847402873},{"prop":"VSel.col1","value":1,"time":1543847408073},{"prop":"VSel.col2","value":2,"time":1543847410728},{"prop":"correct","value":false,"time":1543847410729},{"prop":"correct","value":false,"time":1543847410749},{"prop":"VSel.col2","value":1,"time":1543847418747},{"prop":"correct","value":true,"time":1543847418747},{"prop":"correct","value":false,"time":1543847418800},{"prop":"rowsComplete","value":2,"time":1543847418806},{"prop":"currentRow","value":2,"time":1543847424494},{"prop":"correct","value":false,"time":1543847424495},{"prop":"VSel.col1","value":null,"time":1543847424495},{"prop":"VSel.col2","value":null,"time":1543847424495},{"prop":"correct","value":false,"time":1543847424497},{"prop":"VSel.col1","value":1,"time":1543847429116},{"prop":"VSel.col2","value":1,"time":1543847431435},{"prop":"correct","value":true,"time":1543847431435},{"prop":"correct","value":false,"time":1543847431467},{"prop":"rowsComplete","value":3,"time":1543847431470},{"prop":"currentRow","value":3,"time":1543847437311},{"prop":"correct","value":false,"time":1543847437312},{"prop":"VSel.col1","value":null,"time":1543847437312},{"prop":"VSel.col2","value":null,"time":1543847437312},{"prop":"correct","value":false,"time":1543847437314},{"prop":"VSel.col1","value":1,"time":1543847441543},{"prop":"VSel.col2","value":1,"time":1543847444801},{"prop":"correct","value":true,"time":1543847444801},{"prop":"correct","value":false,"time":1543847444827},{"prop":"rowsComplete","value":4,"time":1543847444829},{"prop":"currentRow","value":5,"time":1543847450542},{"prop":"complete","value":true,"time":1543847450542},{"prop":"correct","value":false,"time":1543847450543}],"complete":true,"currentRow":5,"correct":false,"TVSel":{"col1":1,"col2":2},"VSel":{"col1":1,"col2":1}},"SScene2":{"complete":true,"$seq":[{"prop":"complete","value":false,"time":1543847451564},{"prop":"complete","value":true,"time":1543847474494},{"prop":"correct","value":false,"time":1543847476847}],"correct":false}},"moduleState":{"selectedArea":{"ontologyKey":"S_A1|name","index":1},"selectedTopic":{"ontologyKey":"S_A1_T2|name","index":2},"selectedVariable":{"ontologyKey":"S_A1_T2_V4|name","index":4},"selectedRQ":{"ontologyKey":"S_A1_T2_RQ4"},"AreaSelectedID":"Sarea1|Sselected","AreaButtonID":"Sbutton1","TopicSelectedID":"Stopic2|Sselected","TopicButtonID":"Sbutton2","VariableHighlightID":"SbuttonHL4","VariableClickMaskID":"SclickMask4","RQconfirmation":"UNKNOWN","TEDExptNonTarget":[2,3,4],"TEDExptConfounds":[2,3,4],"TEDExptDifferent":[2,3,4,1],"TEDExptArea":{"ontologyKey":"S_A1","index":1},"TEDExptTopic":{"ontologyKey":"S_A1_T2","index":2},"TEDExptVariable":{"ontologyKey":"S_A1_T2_V1","index":1},"TEDExptRQ":{"ontologyKey":"S_A1_T2_RQ1","index":1},"TEDExptVarNC1":{"ontologyKey":"S_A1_T2_V2","index":2},"TEDExptVarNC2":{"ontologyKey":"S_A1_T2_V3","index":3},"TEDExptVarNC3":{"ontologyKey":"S_A1_T2_V4","index":4},"TEDExptPOSTSequence":[{"ontologyKey":"S_A1_T2_V4","index":4},{"ontologyKey":"S_A1_T2_V1","index":1},{"ontologyKey":"S_A1_T2_V2","index":2},{"ontologyKey":"S_A1_T2_V3","index":3}],"TEDExpt1V1":{"ontologyKey":"S_A1_T2_V1_A","index":1},"TEDExpt2V1":{"ontologyKey":"S_A1_T2_V1_B","index":1},"TEDExpt1V2":{"ontologyKey":"S_A1_T2_V2_A","index":2},"TEDExpt2V2":{"ontologyKey":"S_A1_T2_V2_B","index":2},"TEDExpt1V3":{"ontologyKey":"S_A1_T2_V3_A","index":3},"TEDExpt2V3":{"ontologyKey":"S_A1_T2_V3_B","index":3},"TEDExpt1V4":{"ontologyKey":"S_A1_T2_V4_A","index":4},"TEDExpt2V4":{"ontologyKey":"S_A1_T2_V4_B","index":4},"TEDExptNC1SameDiff":{"ontologyKey":"TED_E1_Q7NC1DIFF","value":"diff","index":2},"TEDExptNC1Confound":{"ontologyKey":"S_A1_T2_V2","index":2},"TEDExptNC2SameDiff":{"ontologyKey":"TED_E1_Q7NC2DIFF","value":"diff","index":3},"TEDExptNC2Confound":{"ontologyKey":"S_A1_T2_V3","index":3},"TEDExptNC3SameDiff":{"ontologyKey":"TED_E1_Q7NC3DIFF","value":"diff","index":4},"TEDExptNC3Confound":{"ontologyKey":"S_A1_T2_V4","index":4},"differentRow":4,"independentVarN":{"row":4,"col":0,"ontologyKey":"S_A1_T2_V4|name","isText":true,"selectedValue":"Amount of CO2","cell":{},"processed":true},"sameRow1":1,"sameRow2":2,"sameRow3":3},"tutorState":{"experimentalGroup":{"ontologyKey":"EG_A3"}},"fFeatures":{"0":true,"FTR_BASELINE":true,"FTR_NCSODA":true,"FTR_TED_1_6":true,"FTR_PASS1":true,"FTR_SODA":true,"FTR_TEDEXP1":true,"FTR_POST1":true,"FTR_IVLAST":true},"featureID":{"varsel":{"FTR_SODA":true}}}