{"scene":{"SNavigator":{},"SMatsIntro":{"complete":true,"$seq":[{"prop":"complete","value":false,"time":1554729031377},{"prop":"complete","value":true,"time":1554729045170}]},"SMatsPre1":{"complete":true,"$seq":[{"prop":"complete","value":false,"time":1554729062876},{"prop":"Sg1","value":"true","time":1554729074477},{"prop":"PreTest:Sg1","value":"b4","time":1554729074477},{"prop":"complete","value":false,"time":1554729074477},{"prop":"Sg1","value":"true","time":1554729074479},{"prop":"complete","value":false,"time":1554729074479},{"prop":"Sg2","value":"true","time":1554729078373},{"prop":"PreTest:Sg2","value":"b3","time":1554729078373},{"prop":"complete","value":false,"time":1554729078373},{"prop":"Sg2","value":"true","time":1554729078373},{"prop":"complete","value":false,"time":1554729078373},{"prop":"Sg2","value":"true","time":1554729079393},{"prop":"PreTest:Sg2","value":"b2","time":1554729079393},{"prop":"complete","value":false,"time":1554729079393},{"prop":"Sg2","value":"true","time":1554729079393},{"prop":"complete","value":false,"time":1554729079393},{"prop":"Sg3","value":"true","time":1554729085076},{"prop":"PreTest:Sg3","value":"b5","time":1554729085076},{"prop":"complete","value":false,"time":1554729085076},{"prop":"Sg3","value":"true","time":1554729085076},{"prop":"complete","value":false,"time":1554729085076},{"prop":"Sg3","value":"true","time":1554729085232},{"prop":"PreTest:Sg3","value":"b5","time":1554729085232},{"prop":"complete","value":false,"time":1554729085232},{"prop":"Sg3","value":"true","time":1554729085232},{"prop":"complete","value":false,"time":1554729085232},{"prop":"Sg3","value":"true","time":1554729085403},{"prop":"PreTest:Sg3","value":"b5","time":1554729085403},{"prop":"complete","value":false,"time":1554729085403},{"prop":"Sg3","value":"true","time":1554729085403},{"prop":"complete","value":false,"time":1554729085403},{"prop":"Sg4","value":"true","time":1554729103702},{"prop":"PreTest:Sg4","value":"b4","time":1554729103702},{"prop":"complete","value":true,"time":1554729103702},{"prop":"Sg4","value":"true","time":1554729103702},{"prop":"complete","value":true,"time":1554729103702},{"prop":"Sg4","value":"true","time":1554729103833},{"prop":"PreTest:Sg4","value":"b4","time":1554729103833},{"prop":"complete","value":true,"time":1554729103833},{"prop":"Sg4","value":"true","time":1554729103833},{"prop":"complete","value":true,"time":1554729103833},{"prop":"Sg4","value":"true","time":1554729103972},{"prop":"PreTest:Sg4","value":"b4","time":1554729103972},{"prop":"complete","value":true,"time":1554729103972},{"prop":"Sg4","value":"true","time":1554729103972},{"prop":"complete","value":true,"time":1554729103972}],"Sg1":"true","PreTest:Sg1":"b4","Sg2":"true","PreTest:Sg2":"b2","Sg3":"true","PreTest:Sg3":"b5","Sg4":"true","PreTest:Sg4":"b4"},"SMatsPre2":{"complete":false,"$seq":[{"prop":"complete","value":false,"time":1554729105729}]}},"module":{},"tutor":{}}