{"scene":{"SNavigator":{},"SMatsIntro":{"complete":true,"$seq":[{"prop":"complete","value":false,"time":1554729031377},{"prop":"complete","value":true,"time":1554729045170}]},"SMatsPre1":{"complete":true,"$seq":[{"prop":"complete","value":false,"time":1554729062876},{"prop":"Sg1","value":"true","time":1554729074477},{"prop":"PreTest:Sg1","value":"b4","time":1554729074477},{"prop":"complete","value":false,"time":1554729074477},{"prop":"Sg1","value":"true","time":1554729074479},{"prop":"complete","value":false,"time":1554729074479},{"prop":"Sg2","value":"true","time":1554729078373},{"prop":"PreTest:Sg2","value":"b3","time":1554729078373},{"prop":"complete","value":false,"time":1554729078373},{"prop":"Sg2","value":"true","time":1554729078373},{"prop":"complete","value":false,"time":1554729078373},{"prop":"Sg2","value":"true","time":1554729079393},{"prop":"PreTest:Sg2","value":"b2","time":1554729079393},{"prop":"complete","value":false,"time":1554729079393},{"prop":"Sg2","value":"true","time":1554729079393},{"prop":"complete","value":false,"time":1554729079393},{"prop":"Sg3","value":"true","time":1554729085076},{"prop":"PreTest:Sg3","value":"b5","time":1554729085076},{"prop":"complete","value":false,"time":1554729085076},{"prop":"Sg3","value":"true","time":1554729085076},{"prop":"complete","value":false,"time":1554729085076},{"prop":"Sg3","value":"true","time":1554729085232},{"prop":"PreTest:Sg3","value":"b5","time":1554729085232},{"prop":"complete","value":false,"time":1554729085232},{"prop":"Sg3","value":"true","time":1554729085232},{"prop":"complete","value":false,"time":1554729085232},{"prop":"Sg3","value":"true","time":1554729085403},{"prop":"PreTest:Sg3","value":"b5","time":1554729085403},{"prop":"complete","value":false,"time":1554729085403},{"prop":"Sg3","value":"true","time":1554729085403},{"prop":"complete","value":false,"time":1554729085403},{"prop":"Sg4","value":"true","time":1554729103702},{"prop":"PreTest:Sg4","value":"b4","time":1554729103702},{"prop":"complete","value":true,"time":1554729103702},{"prop":"Sg4","value":"true","time":1554729103702},{"prop":"complete","value":true,"time":1554729103702},{"prop":"Sg4","value":"true","time":1554729103833},{"prop":"PreTest:Sg4","value":"b4","time":1554729103833},{"prop":"complete","value":true,"time":1554729103833},{"prop":"Sg4","value":"true","time":1554729103833},{"prop":"complete","value":true,"time":1554729103833},{"prop":"Sg4","value":"true","time":1554729103972},{"prop":"PreTest:Sg4","value":"b4","time":1554729103972},{"prop":"complete","value":true,"time":1554729103972},{"prop":"Sg4","value":"true","time":1554729103972},{"prop":"complete","value":true,"time":1554729103972}],"Sg1":"true","PreTest:Sg1":"b4","Sg2":"true","PreTest:Sg2":"b2","Sg3":"true","PreTest:Sg3":"b5","Sg4":"true","PreTest:Sg4":"b4"},"SMatsPre2":{"complete":true,"$seq":[{"prop":"complete","value":false,"time":1554729105729},{"prop":"Sg1","value":"true","time":1554729111444},{"prop":"PreTest:Sg1","value":"b3","time":1554729111444},{"prop":"complete","value":false,"time":1554729111444},{"prop":"Sg1","value":"true","time":1554729111445},{"prop":"complete","value":false,"time":1554729111445},{"prop":"Sg2","value":"true","time":1554729115440},{"prop":"PreTest:Sg2","value":"b4","time":1554729115440},{"prop":"complete","value":false,"time":1554729115440},{"prop":"Sg2","value":"true","time":1554729115440},{"prop":"complete","value":false,"time":1554729115440},{"prop":"Sg2","value":"true","time":1554729116025},{"prop":"PreTest:Sg2","value":"b3","time":1554729116025},{"prop":"complete","value":false,"time":1554729116025},{"prop":"Sg2","value":"true","time":1554729116025},{"prop":"complete","value":false,"time":1554729116025},{"prop":"Sg3","value":"true","time":1554729118756},{"prop":"PreTest:Sg3","value":"b4","time":1554729118756},{"prop":"complete","value":false,"time":1554729118756},{"prop":"Sg3","value":"true","time":1554729118756},{"prop":"complete","value":false,"time":1554729118756},{"prop":"Sg4","value":"true","time":1554729135035},{"prop":"PreTest:Sg4","value":"b2","time":1554729135035},{"prop":"complete","value":true,"time":1554729135035},{"prop":"Sg4","value":"true","time":1554729135035},{"prop":"complete","value":true,"time":1554729135035}],"Sg1":"true","PreTest:Sg1":"b3","Sg2":"true","PreTest:Sg2":"b3","Sg3":"true","PreTest:Sg3":"b4","Sg4":"true","PreTest:Sg4":"b2"},"SMatsPre3":{"complete":true,"$seq":[{"prop":"complete","value":false,"time":1554729136902},{"prop":"Sg1","value":"true","time":1554729142710},{"prop":"PreTest:Sg1","value":"b4","time":1554729142710},{"prop":"complete","value":false,"time":1554729142710},{"prop":"Sg1","value":"true","time":1554729142710},{"prop":"complete","value":false,"time":1554729142710},{"prop":"Sg1","value":"true","time":1554729144472},{"prop":"PreTest:Sg1","value":"b2","time":1554729144472},{"prop":"complete","value":false,"time":1554729144472},{"prop":"Sg1","value":"true","time":1554729144473},{"prop":"complete","value":false,"time":1554729144473},{"prop":"Sg1","value":"true","time":1554729144808},{"prop":"PreTest:Sg1","value":"b2","time":1554729144808},{"prop":"complete","value":false,"time":1554729144808},{"prop":"Sg1","value":"true","time":1554729144808},{"prop":"complete","value":false,"time":1554729144808},{"prop":"Sg1","value":"true","time":1554729145224},{"prop":"PreTest:Sg1","value":"b3","time":1554729145224},{"prop":"complete","value":false,"time":1554729145224},{"prop":"Sg1","value":"true","time":1554729145224},{"prop":"complete","value":false,"time":1554729145224},{"prop":"Sg2","value":"true","time":1554729151555},{"prop":"PreTest:Sg2","value":"b1","time":1554729151555},{"prop":"complete","value":false,"time":1554729151555},{"prop":"Sg2","value":"true","time":1554729151555},{"prop":"complete","value":false,"time":1554729151555},{"prop":"Sg3","value":"true","time":1554729157172},{"prop":"PreTest:Sg3","value":"b3","time":1554729157172},{"prop":"complete","value":false,"time":1554729157172},{"prop":"Sg3","value":"true","time":1554729157173},{"prop":"complete","value":false,"time":1554729157173},{"prop":"Sg4","value":"true","time":1554729164515},{"prop":"PreTest:Sg4","value":"b1","time":1554729164515},{"prop":"complete","value":true,"time":1554729164515},{"prop":"Sg4","value":"true","time":1554729164516},{"prop":"complete","value":true,"time":1554729164516}],"Sg1":"true","PreTest:Sg1":"b3","Sg2":"true","PreTest:Sg2":"b1","Sg3":"true","PreTest:Sg3":"b3","Sg4":"true","PreTest:Sg4":"b1"},"SMatsPre4":{"complete":false,"$seq":[{"prop":"complete","value":false,"time":1554729167287}]}},"module":{},"tutor":{}}