{"scene":{"SNavigator":{},"SMatsIntro":{"complete":true,"$seq":[{"prop":"complete","value":false,"time":1263914258210},{"prop":"complete","value":true,"time":1263914272071}]},"SMatsPre1":{"complete":true,"$seq":[{"prop":"complete","value":false,"time":1263914278654},{"prop":"Sg1","value":"true","time":1263914286888},{"prop":"PreTest:Sg1","value":"b4","time":1263914286888},{"prop":"complete","value":false,"time":1263914286888},{"prop":"Sg1","value":"true","time":1263914286890},{"prop":"complete","value":false,"time":1263914286890},{"prop":"Sg1","value":"true","time":1263914288102},{"prop":"PreTest:Sg1","value":"b3","time":1263914288102},{"prop":"complete","value":false,"time":1263914288102},{"prop":"Sg1","value":"true","time":1263914288102},{"prop":"complete","value":false,"time":1263914288102},{"prop":"Sg2","value":"true","time":1263914295142},{"prop":"PreTest:Sg2","value":"b3","time":1263914295142},{"prop":"complete","value":false,"time":1263914295142},{"prop":"Sg2","value":"true","time":1263914295143},{"prop":"complete","value":false,"time":1263914295143},{"prop":"Sg3","value":"true","time":1263914298045},{"prop":"PreTest:Sg3","value":"b4","time":1263914298045},{"prop":"complete","value":false,"time":1263914298045},{"prop":"Sg3","value":"true","time":1263914298045},{"prop":"complete","value":false,"time":1263914298045},{"prop":"Sg3","value":"true","time":1263914299295},{"prop":"PreTest:Sg3","value":"b2","time":1263914299295},{"prop":"complete","value":false,"time":1263914299295},{"prop":"Sg3","value":"true","time":1263914299296},{"prop":"complete","value":false,"time":1263914299296},{"prop":"Sg4","value":"true","time":1263914305603},{"prop":"PreTest:Sg4","value":"b3","time":1263914305603},{"prop":"complete","value":true,"time":1263914305603},{"prop":"Sg4","value":"true","time":1263914305603},{"prop":"complete","value":true,"time":1263914305603}],"Sg1":"true","PreTest:Sg1":"b3","Sg2":"true","PreTest:Sg2":"b3","Sg3":"true","PreTest:Sg3":"b2","Sg4":"true","PreTest:Sg4":"b3"},"SMatsPre2":{"complete":true,"$seq":[{"prop":"complete","value":false,"time":1263914306922},{"prop":"Sg1","value":"true","time":1263914312927},{"prop":"PreTest:Sg1","value":"b4","time":1263914312927},{"prop":"complete","value":false,"time":1263914312928},{"prop":"Sg1","value":"true","time":1263914312928},{"prop":"complete","value":false,"time":1263914312928},{"prop":"Sg2","value":"true","time":1263914318843},{"prop":"PreTest:Sg2","value":"b3","time":1263914318843},{"prop":"complete","value":false,"time":1263914318843},{"prop":"Sg2","value":"true","time":1263914318844},{"prop":"complete","value":false,"time":1263914318844},{"prop":"Sg3","value":"true","time":1263914322564},{"prop":"PreTest:Sg3","value":"b4","time":1263914322564},{"prop":"complete","value":false,"time":1263914322564},{"prop":"Sg3","value":"true","time":1263914322564},{"prop":"complete","value":false,"time":1263914322564},{"prop":"Sg4","value":"true","time":1263914327074},{"prop":"PreTest:Sg4","value":"b3","time":1263914327074},{"prop":"complete","value":true,"time":1263914327074},{"prop":"Sg4","value":"true","time":1263914327074},{"prop":"complete","value":true,"time":1263914327074},{"prop":"Sg4","value":"true","time":1263914329889},{"prop":"PreTest:Sg4","value":"b2","time":1263914329889},{"prop":"complete","value":true,"time":1263914329889},{"prop":"Sg4","value":"true","time":1263914329890},{"prop":"complete","value":true,"time":1263914329890}],"Sg1":"true","PreTest:Sg1":"b4","Sg2":"true","PreTest:Sg2":"b3","Sg3":"true","PreTest:Sg3":"b4","Sg4":"true","PreTest:Sg4":"b2"},"SMatsPre3":{"complete":true,"$seq":[{"prop":"complete","value":false,"time":1263914331246},{"prop":"Sg1","value":"true","time":1263914335092},{"prop":"PreTest:Sg1","value":"b3","time":1263914335092},{"prop":"complete","value":false,"time":1263914335092},{"prop":"Sg1","value":"true","time":1263914335092},{"prop":"complete","value":false,"time":1263914335092},{"prop":"Sg2","value":"true","time":1263914337093},{"prop":"PreTest:Sg2","value":"b4","time":1263914337093},{"prop":"complete","value":false,"time":1263914337093},{"prop":"Sg2","value":"true","time":1263914337093},{"prop":"complete","value":false,"time":1263914337093},{"prop":"Sg2","value":"true","time":1263914338500},{"prop":"PreTest:Sg2","value":"b3","time":1263914338500},{"prop":"complete","value":false,"time":1263914338500},{"prop":"Sg2","value":"true","time":1263914338500},{"prop":"complete","value":false,"time":1263914338500},{"prop":"Sg2","value":"true","time":1263914339489},{"prop":"PreTest:Sg2","value":"b4","time":1263914339489},{"prop":"complete","value":false,"time":1263914339489},{"prop":"Sg2","value":"true","time":1263914339489},{"prop":"complete","value":false,"time":1263914339489},{"prop":"Sg3","value":"true","time":1263914343830},{"prop":"PreTest:Sg3","value":"b3","time":1263914343830},{"prop":"complete","value":false,"time":1263914343830},{"prop":"Sg3","value":"true","time":1263914343830},{"prop":"complete","value":false,"time":1263914343830},{"prop":"Sg4","value":"true","time":1263914348070},{"prop":"PreTest:Sg4","value":"b4","time":1263914348070},{"prop":"complete","value":true,"time":1263914348070},{"prop":"Sg4","value":"true","time":1263914348070},{"prop":"complete","value":true,"time":1263914348070}],"Sg1":"true","PreTest:Sg1":"b3","Sg2":"true","PreTest:Sg2":"b4","Sg3":"true","PreTest:Sg3":"b3","Sg4":"true","PreTest:Sg4":"b4"},"SMatsPre4":{"complete":true,"$seq":[{"prop":"complete","value":false,"time":1263914348436},{"prop":"Sg1","value":"true","time":1263914353708},{"prop":"PreTest:Sg1","value":"b3","time":1263914353708},{"prop":"complete","value":false,"time":1263914353708},{"prop":"Sg1","value":"true","time":1263914353708},{"prop":"complete","value":false,"time":1263914353708},{"prop":"Sg1","value":"true","time":1263914356526},{"prop":"PreTest:Sg1","value":"b2","time":1263914356526},{"prop":"complete","value":false,"time":1263914356526},{"prop":"Sg1","value":"true","time":1263914356527},{"prop":"complete","value":false,"time":1263914356527},{"prop":"Sg2","value":"true","time":1263914362297},{"prop":"PreTest:Sg2","value":"b2","time":1263914362297},{"prop":"complete","value":true,"time":1263914362297},{"prop":"prompted","value":true,"time":1263914362298},{"prop":"Sg2","value":"true","time":1263914362299},{"prop":"complete","value":true,"time":1263914362299},{"prop":"complete","value":true,"time":1263914368550}],"Sg1":"true","PreTest:Sg1":"b2","Sg2":"true","PreTest:Sg2":"b2","prompted":true},"SSceneEnd":{"complete":false,"$seq":[{"prop":"complete","value":false,"time":1263914368658}]}},"module":{},"tutor":{}}