{"scene":{"SNavigator":{},"SIntro":{"complete":false,"$seq":[{"prop":"complete","value":false,"time":1262545568316}]},"SScene1":{"complete":true,"$seq":[{"prop":"complete","value":false,"time":1262545583212},{"prop":"Sg1","value":"true","time":1262545615977},{"prop":"DR1:Sg1","value":"ans1","time":1262545615977},{"prop":"complete","value":true,"time":1262545615977},{"prop":"Sg1","value":"true","time":1262545615979},{"prop":"complete","value":true,"time":1262545615979}],"Sg1":"true","DR1:Sg1":"ans1"},"SScene2":{"complete":true,"$seq":[{"prop":"complete","value":false,"time":1262545618128},{"prop":"Sg1","value":"true","time":1262545633876},{"prop":"DR2:Sg1","value":"ans4","time":1262545633876},{"prop":"complete","value":true,"time":1262545633877},{"prop":"Sg1","value":"true","time":1262545633877},{"prop":"complete","value":true,"time":1262545633877}],"Sg1":"true","DR2:Sg1":"ans4"},"SScene3":{"complete":true,"$seq":[{"prop":"complete","value":false,"time":1262545634839},{"prop":"Sg1","value":"true","time":1262545667998},{"prop":"DR3:Sg1","value":"ans3","time":1262545667998},{"prop":"complete","value":true,"time":1262545667998},{"prop":"Sg1","value":"true","time":1262545667998},{"prop":"complete","value":true,"time":1262545667998}],"Sg1":"true","DR3:Sg1":"ans3"},"SScene4":{"complete":true,"$seq":[{"prop":"complete","value":false,"time":1262545668932},{"prop":"Sg1","value":"true","time":1262545698902},{"prop":"DR4:Sg1","value":"ans1","time":1262545698902},{"prop":"complete","value":true,"time":1262545698902},{"prop":"Sg1","value":"true","time":1262545698902},{"prop":"complete","value":true,"time":1262545698902}],"Sg1":"true","DR4:Sg1":"ans1"},"SSubmit":{"complete":false,"$seq":[{"prop":"complete","value":false,"time":1262545700432}]}},"module":{},"tutor":{}}