{"scene":{"SNavigator":{},"SMatsIntro":{"complete":true,"$seq":[{"prop":"complete","value":false,"time":1555001299095},{"prop":"complete","value":true,"time":1555001312983}]},"SMatsPre1":{"complete":true,"$seq":[{"prop":"complete","value":false,"time":1555001317859},{"prop":"Sg1","value":"true","time":1555001320944},{"prop":"PreTest:Sg1","value":"b3","time":1555001320944},{"prop":"complete","value":false,"time":1555001320945},{"prop":"Sg1","value":"true","time":1555001320946},{"prop":"complete","value":false,"time":1555001320946},{"prop":"Sg3","value":"true","time":1555001322625},{"prop":"PreTest:Sg3","value":"b4","time":1555001322625},{"prop":"complete","value":false,"time":1555001322625},{"prop":"Sg3","value":"true","time":1555001322625},{"prop":"complete","value":false,"time":1555001322625},{"prop":"Sg4","value":"true","time":1555001323975},{"prop":"PreTest:Sg4","value":"b3","time":1555001323975},{"prop":"complete","value":false,"time":1555001323975},{"prop":"Sg4","value":"true","time":1555001323975},{"prop":"complete","value":false,"time":1555001323975},{"prop":"Sg4","value":"true","time":1555001324427},{"prop":"PreTest:Sg4","value":"b3","time":1555001324427},{"prop":"complete","value":false,"time":1555001324427},{"prop":"Sg4","value":"true","time":1555001324427},{"prop":"complete","value":false,"time":1555001324427},{"prop":"Sg2","value":"true","time":1555001327315},{"prop":"PreTest:Sg2","value":"b4","time":1555001327315},{"prop":"complete","value":true,"time":1555001327315},{"prop":"Sg2","value":"true","time":1555001327316},{"prop":"complete","value":true,"time":1555001327316}],"Sg1":"true","PreTest:Sg1":"b3","Sg3":"true","PreTest:Sg3":"b4","Sg4":"true","PreTest:Sg4":"b3","Sg2":"true","PreTest:Sg2":"b4"},"SMatsPre2":{"complete":true,"$seq":[{"prop":"complete","value":false,"time":1555001328420},{"prop":"Sg1","value":"true","time":1555001336167},{"prop":"PreTest:Sg1","value":"b2","time":1555001336167},{"prop":"complete","value":false,"time":1555001336168},{"prop":"Sg1","value":"true","time":1555001336168},{"prop":"complete","value":false,"time":1555001336168},{"prop":"Sg1","value":"true","time":1555001336551},{"prop":"PreTest:Sg1","value":"b2","time":1555001336551},{"prop":"complete","value":false,"time":1555001336551},{"prop":"Sg1","value":"true","time":1555001336551},{"prop":"complete","value":false,"time":1555001336551},{"prop":"Sg2","value":"true","time":1555001337882},{"prop":"PreTest:Sg2","value":"b3","time":1555001337882},{"prop":"complete","value":false,"time":1555001337882},{"prop":"Sg2","value":"true","time":1555001337882},{"prop":"complete","value":false,"time":1555001337882},{"prop":"Sg3","value":"true","time":1555001338527},{"prop":"PreTest:Sg3","value":"b4","time":1555001338527},{"prop":"complete","value":false,"time":1555001338527},{"prop":"Sg3","value":"true","time":1555001338527},{"prop":"complete","value":false,"time":1555001338527},{"prop":"Sg4","value":"true","time":1555001341286},{"prop":"PreTest:Sg4","value":"b5","time":1555001341286},{"prop":"complete","value":true,"time":1555001341286},{"prop":"Sg4","value":"true","time":1555001341286},{"prop":"complete","value":true,"time":1555001341286}],"Sg1":"true","PreTest:Sg1":"b2","Sg2":"true","PreTest:Sg2":"b3","Sg3":"true","PreTest:Sg3":"b4","Sg4":"true","PreTest:Sg4":"b5"},"SMatsPre3":{"complete":true,"$seq":[{"prop":"complete","value":false,"time":1555001342194},{"prop":"Sg1","value":"true","time":1555001360136},{"prop":"PreTest:Sg1","value":"b1","time":1555001360136},{"prop":"complete","value":false,"time":1555001360136},{"prop":"Sg1","value":"true","time":1555001360136},{"prop":"complete","value":false,"time":1555001360136},{"prop":"Sg2","value":"true","time":1555001363683},{"prop":"PreTest:Sg2","value":"b2","time":1555001363683},{"prop":"complete","value":false,"time":1555001363683},{"prop":"Sg2","value":"true","time":1555001363684},{"prop":"complete","value":false,"time":1555001363684},{"prop":"Sg3","value":"true","time":1555001366169},{"prop":"PreTest:Sg3","value":"b4","time":1555001366169},{"prop":"complete","value":false,"time":1555001366169},{"prop":"Sg3","value":"true","time":1555001366170},{"prop":"complete","value":false,"time":1555001366170},{"prop":"Sg3","value":"true","time":1555001366583},{"prop":"PreTest:Sg3","value":"b4","time":1555001366583},{"prop":"complete","value":false,"time":1555001366583},{"prop":"Sg3","value":"true","time":1555001366584},{"prop":"complete","value":false,"time":1555001366584},{"prop":"Sg4","value":"true","time":1555001367303},{"prop":"PreTest:Sg4","value":"b5","time":1555001367303},{"prop":"complete","value":true,"time":1555001367303},{"prop":"Sg4","value":"true","time":1555001367304},{"prop":"complete","value":true,"time":1555001367304}],"Sg1":"true","PreTest:Sg1":"b1","Sg2":"true","PreTest:Sg2":"b2","Sg3":"true","PreTest:Sg3":"b4","Sg4":"true","PreTest:Sg4":"b5"},"SMatsPre4":{"complete":true,"$seq":[{"prop":"complete","value":false,"time":1555001368253},{"prop":"Sg1","value":"true","time":1555001370048},{"prop":"PreTest:Sg1","value":"b4","time":1555001370048},{"prop":"complete","value":false,"time":1555001370049},{"prop":"Sg1","value":"true","time":1555001370049},{"prop":"complete","value":false,"time":1555001370049},{"prop":"Sg2","value":"true","time":1555001370707},{"prop":"PreTest:Sg2","value":"b4","time":1555001370707},{"prop":"complete","value":true,"time":1555001370707},{"prop":"prompted","value":true,"time":1555001370707},{"prop":"Sg2","value":"true","time":1555001370707},{"prop":"complete","value":true,"time":1555001370707}],"Sg1":"true","PreTest:Sg1":"b4","Sg2":"true","PreTest:Sg2":"b4","prompted":true},"SMatsPost1":{"complete":false,"$seq":[{"prop":"complete","value":false,"time":1555001370949}]}},"module":{},"tutor":{}}