{
	"_LIBRARY": {
		"eflist": {
			"SListBox1": {
				"src": "$$EFX.html_list_std",
				"htmlData": {
					"style": {
						"[slistbox1] .listbox": {
							"border-radius": "4px"
						}
					},
					"html": "\n    <select>\n        <option value=\"\" hidden=\"\">Example Placeholder</option>\n        <option value=\"isGerman\">Audi</option>\n        <option value=\"isGerman\">BMW</option>\n        <option value=\"isGerman\">Mercedes</option>\n        <option value=\"isGerman\">Mini</option>\n        <option value=\"isJapanese\">Nissan</option>\n        <option value=\"isJapanese\">Toyota</option>\n    </select>\n"
				}
			},
			"SListBox2": {
				"src": "$$EFX.html_list_std",
				"htmlData": {
					"style": {
						"[slistbox2] .listbox": {
							"border-radius": "4px"
						}
					},
					"html": "\n    <select>\n        <option value=\"\" hidden=\"\">Example Placeholder</option>\n        <option value=\"isGerman\">Audi</option>\n        <option value=\"isGerman\">BMW</option>\n        <option value=\"isGerman\">Mercedes</option>\n        <option value=\"isGerman\">Mini</option>\n        <option value=\"isJapanese\">Nissan</option>\n        <option value=\"isJapanese\">Toyota</option>\n    </select>\n"
				}
			},
			"SListBox3": {
				"src": "$$EFX.html_list_std",
				"htmlData": {
					"style": {
						"[slistbox3] .listbox": {
							"border-radius": "4px"
						}
					},
					"html": "\n    <select>\n        <option value=\"\" hidden=\"\">Example Placeholder</option>\n        <option value=\"isGerman\">Audi</option>\n        <option value=\"isGerman\">BMW</option>\n        <option value=\"isGerman\">Mercedes</option>\n        <option value=\"isGerman\">Mini</option>\n        <option value=\"isJapanese\">Nissan</option>\n        <option value=\"isJapanese\">Toyota</option>\n    </select>\n"
				}
			},
			"S9": {
				"Sanswer": {
					"src": "$$EFX.html_list_std",
					"htmlData": {
						"style": {
							"[sanswer] .listbox": {
								"border-radius": "4px"
							}
						},
						"html": "\n    <select>\n        <option value=\"\" hidden=\"\">Example Placeholder</option>\n        <option value=\"isGerman\">Audi</option>\n        <option value=\"isGerman\">BMW</option>\n        <option value=\"isGerman\">Mercedes</option>\n        <option value=\"isGerman\">Mini</option>\n        <option value=\"isJapanese\">Nissan</option>\n        <option value=\"isJapanese\">Toyota</option>\n    </select>\n"
					}
				}
			},
			"S10": {
				"Sanswer": {
					"src": "$$EFX.html_list_std",
					"htmlData": {
						"style": {
							"[sanswer] .listbox": {
								"border-radius": "4px"
							}
						},
						"html": "\n    <select>\n        <option value=\"\" hidden=\"\">Example Placeholder</option>\n        <option value=\"isGerman\">Audi</option>\n        <option value=\"isGerman\">BMW</option>\n        <option value=\"isGerman\">Mercedes</option>\n        <option value=\"isGerman\">Mini</option>\n        <option value=\"isJapanese\">Nissan</option>\n        <option value=\"isJapanese\">Toyota</option>\n    </select>\n"
					}
				}
			},
			"S11": {
				"Sanswer": {
					"src": "$$EFX.html_list_std",
					"htmlData": {
						"style": {
							"[sanswer] .listbox": {
								"border-radius": "4px"
							}
						},
						"html": "\n    <select>\n        <option value=\"\" hidden=\"\">Example Placeholder</option>\n        <option value=\"isGerman\">Audi</option>\n        <option value=\"isGerman\">BMW</option>\n        <option value=\"isGerman\">Mercedes</option>\n        <option value=\"isGerman\">Mini</option>\n        <option value=\"isJapanese\">Nissan</option>\n        <option value=\"isJapanese\">Toyota</option>\n    </select>\n"
					}
				}
			},
			"S12A": {
				"Sanswer": {
					"src": "$$EFX.html_list_std",
					"htmlData": {
						"style": {
							"[sanswer] .listbox": {
								"border-radius": "4px"
							}
						},
						"html": "\n    <select>\n        <option value=\"\" hidden=\"\">Example Placeholder</option>\n        <option value=\"isGerman\">Audi</option>\n        <option value=\"isGerman\">BMW</option>\n        <option value=\"isGerman\">Mercedes</option>\n        <option value=\"isGerman\">Mini</option>\n        <option value=\"isJapanese\">Nissan</option>\n        <option value=\"isJapanese\">Toyota</option>\n    </select>\n"
					}
				}
			},
			"S13": {
				"Sanswer": {
					"src": "$$EFX.html_list_std",
					"htmlData": {
						"style": {
							"[sanswer] .listbox": {
								"border-radius": "4px"
							}
						},
						"html": "\n    <select>\n        <option value=\"\" hidden=\"\">Example Placeholder</option>\n        <option value=\"isGerman\">Audi</option>\n        <option value=\"isGerman\">BMW</option>\n        <option value=\"isGerman\">Mercedes</option>\n        <option value=\"isGerman\">Mini</option>\n        <option value=\"isJapanese\">Nissan</option>\n        <option value=\"isJapanese\">Toyota</option>\n    </select>\n"
					}
				}
			},
			"S14": {
				"Sanswer": {
					"src": "$$EFX.html_list_std",
					"htmlData": {
						"style": {
							"[sanswer] .listbox": {
								"border-radius": "4px"
							}
						},
						"html": "\n    <select>\n        <option value=\"\" hidden=\"\">Example Placeholder</option>\n        <option value=\"isGerman\">Audi</option>\n        <option value=\"isGerman\">BMW</option>\n        <option value=\"isGerman\">Mercedes</option>\n        <option value=\"isGerman\">Mini</option>\n        <option value=\"isJapanese\">Nissan</option>\n        <option value=\"isJapanese\">Toyota</option>\n    </select>\n"
					}
				}
			},
			"S17": {
				"Sanswer": {
					"src": "$$EFX.html_list_std",
					"htmlData": {
						"style": {
							"[sanswer] .listbox": {
								"border-radius": "4px"
							}
						},
						"html": "\n    <select>\n        <option value=\"\" hidden=\"\">Example Placeholder</option>\n        <option value=\"isGerman\">Audi</option>\n        <option value=\"isGerman\">BMW</option>\n        <option value=\"isGerman\">Mercedes</option>\n        <option value=\"isGerman\">Mini</option>\n        <option value=\"isJapanese\">Nissan</option>\n        <option value=\"isJapanese\">Toyota</option>\n    </select>\n"
					}
				}
			},
			"S20": {
				"Sanswer": {
					"src": "$$EFX.html_list_std",
					"htmlData": {
						"style": {
							"[sanswer] .listbox": {
								"border-radius": "4px"
							}
						},
						"html": "\n    <select>\n        <option value=\"\" hidden=\"\">Example Placeholder</option>\n        <option value=\"isGerman\">Audi</option>\n        <option value=\"isGerman\">BMW</option>\n        <option value=\"isGerman\">Mercedes</option>\n        <option value=\"isGerman\">Mini</option>\n        <option value=\"isJapanese\">Nissan</option>\n        <option value=\"isJapanese\">Toyota</option>\n    </select>\n"
					}
				}
			}
		},
		"eftext": {
			"SbreadCrumbs": {
				"src": "$$EFX.html_crumbText",
				"htmlData": {
					"style": {
						"[sbreadcrumbs].outerContainer": {
							"text-align": "left",
							"user-select": "none",
							"color": "rgba(0, 0, 0, 0.575)",
							"font-weight": "bold",
							"font-family": "'PT Sans'",
							"font-size": "41px",
							"height": "30px",
							"width": "475"
						},
						"[sbreadcrumbs] .tablecell": {
							"vertical-align": "middle"
						}
					},
					"html": "\n        <p></p>\n    "
				}
			},
			"STextBox1": {
				"src": "$$EFX.html_text",
				"htmlData": {
					"style": {
						"[stextbox1].outerContainer": {
							"text-align": "center",
							"user-select": "none",
							"font-family": "Pangolin",
							"font-size": "30pt",
							"border-radius": "10px",
							"height": "317px",
							"width": "1644px",
							"left": "0px",
							"top": "0px"
						},
						"[stextbox1] .tablecell": {
							"vertical-align": "middle"
						},
						"[stextbox1] p": {
							"color": "rgb(0, 0, 0)"
						}
					},
					"html": "\n            <p></p>\n        "
				}
			},
			"STextBox2": {
				"src": "$$EFX.html_text",
				"htmlData": {
					"style": {
						"[stextbox2].outerContainer": {
							"text-align": "center",
							"user-select": "none",
							"font-family": "Pangolin",
							"font-size": "30pt",
							"border-radius": "10px",
							"height": "317px",
							"width": "1644px",
							"left": "0px",
							"top": "0px"
						},
						"[stextbox2] .tablecell": {
							"vertical-align": "middle"
						},
						"[stextbox2] p": {
							"color": "rgb(0, 0, 0)"
						}
					},
					"html": "\n            <p></p>\n        "
				}
			},
			"S7": {
				"Stitle": {
					"id": "A",
					"src": "$$EFX.html_text2",
					"default": true,
					"fontSize": 50,
					"htmlData": {
						"style": {
							"[stitle].outerContainer": {
								"text-align": "center",
								"user-select": "none",
								"color": "rgb(0, 0, 0)",
								"font-weight": "bold",
								"font-family": "'PT Sans'",
								"font-size": "41px",
								"height": "158px",
								"width": "274px"
							},
							"[stitle] .tablecell": {
								"vertical-align": "middle"
							}
						},
						"html": "\n        <p></p>\n    "
					}
				},
				"SsubTitle1": {
					"id": "A",
					"src": "$$EFX.html_text2",
					"default": true,
					"fontSize": 40,
					"htmlData": {
						"style": {
							"[ssubtitle1].outerContainer": {
								"text-align": "center",
								"user-select": "none",
								"color": "rgb(0, 0, 0)",
								"font-weight": "bold",
								"font-family": "'PT Sans'",
								"font-size": "41px",
								"height": "158px",
								"width": "274px"
							},
							"[ssubtitle1] .tablecell": {
								"vertical-align": "middle"
							}
						},
						"html": "\n        <p></p>\n    "
					}
				},
				"SsubTitle2": {
					"id": "A",
					"src": "$$EFX.html_text2",
					"default": true,
					"fontSize": 40,
					"htmlData": {
						"style": {
							"[ssubtitle2].outerContainer": {
								"text-align": "center",
								"user-select": "none",
								"color": "rgb(0, 0, 0)",
								"font-weight": "bold",
								"font-family": "'PT Sans'",
								"font-size": "41px",
								"height": "158px",
								"width": "274px"
							},
							"[ssubtitle2] .tablecell": {
								"vertical-align": "middle"
							}
						},
						"html": "\n        <p></p>\n    "
					}
				}
			},
			"S8": {
				"Stitle": {
					"id": "A",
					"src": "$$EFX.html_text2",
					"default": true,
					"fontSize": 40,
					"htmlData": {
						"style": {
							"[stitle].outerContainer": {
								"text-align": "center",
								"user-select": "none",
								"color": "rgb(0, 0, 0)",
								"font-weight": "bold",
								"font-family": "'PT Sans'",
								"font-size": "41px",
								"height": "158px",
								"width": "274px"
							},
							"[stitle] .tablecell": {
								"vertical-align": "middle"
							}
						},
						"html": "\n        <p></p>\n    "
					}
				},
				"Sexpt1": {
					"src": "$$EFX.html_tagText",
					"cssClass": "tag",
					"fontSize": 22,
					"htmlData": {
						"style": {
							"[tag].outerContainer": {
								"text-align": "center",
								"user-select": "none",
								"color": "rgb(0, 0, 0)",
								"font-weight": "bold",
								"font-family": "'PT Sans'",
								"font-size": "41px",
								"height": "100px",
								"width": "210px"
							},
							"[tag] .tablecell": {
								"vertical-align": "middle"
							}
						},
						"html": "\n        <p>Test Text<br>test a test</p>\n    "
					}
				},
				"Sexpt2": {
					"src": "$$EFX.html_tagText",
					"cssClass": "tag",
					"fontSize": 22,
					"htmlData": {
						"style": {
							"[tag].outerContainer": {
								"text-align": "center",
								"user-select": "none",
								"color": "rgb(0, 0, 0)",
								"font-weight": "bold",
								"font-family": "'PT Sans'",
								"font-size": "41px",
								"height": "100px",
								"width": "210px"
							},
							"[tag] .tablecell": {
								"vertical-align": "middle"
							}
						},
						"html": "\n        <p>Test Text<br>test a test</p>\n    "
					}
				}
			},
			"S9": {
				"Stitle": {
					"id": "A",
					"src": "$$EFX.html_text2",
					"default": true,
					"fontSize": 40,
					"htmlData": {
						"style": {
							"[stitle].outerContainer": {
								"text-align": "center",
								"user-select": "none",
								"color": "rgb(0, 0, 0)",
								"font-weight": "bold",
								"font-family": "'PT Sans'",
								"font-size": "41px",
								"height": "158px",
								"width": "274px"
							},
							"[stitle] .tablecell": {
								"vertical-align": "middle"
							}
						},
						"html": "\n        <p></p>\n    "
					}
				},
				"Squestion": {
					"id": "A",
					"src": "$$EFX.html_text2",
					"default": true,
					"fontSize": 40,
					"htmlData": {
						"style": {
							"[squestion].outerContainer": {
								"text-align": "center",
								"user-select": "none",
								"color": "rgb(0, 0, 0)",
								"font-weight": "bold",
								"font-family": "'PT Sans'",
								"font-size": "41px",
								"height": "158px",
								"width": "274px"
							},
							"[squestion] .tablecell": {
								"vertical-align": "middle"
							}
						},
						"html": "\n        <p></p>\n    "
					}
				}
			},
			"S10": {
				"Stitle": {
					"id": "A",
					"src": "$$EFX.html_text2",
					"default": true,
					"fontSize": 40,
					"htmlData": {
						"style": {
							"[stitle].outerContainer": {
								"text-align": "center",
								"user-select": "none",
								"color": "rgb(0, 0, 0)",
								"font-weight": "bold",
								"font-family": "'PT Sans'",
								"font-size": "41px",
								"height": "158px",
								"width": "274px"
							},
							"[stitle] .tablecell": {
								"vertical-align": "middle"
							}
						},
						"html": "\n        <p></p>\n    "
					}
				},
				"Squestion": {
					"id": "A",
					"src": "$$EFX.html_text2",
					"default": true,
					"fontSize": 40,
					"htmlData": {
						"style": {
							"[squestion].outerContainer": {
								"text-align": "center",
								"user-select": "none",
								"color": "rgb(0, 0, 0)",
								"font-weight": "bold",
								"font-family": "'PT Sans'",
								"font-size": "41px",
								"height": "158px",
								"width": "274px"
							},
							"[squestion] .tablecell": {
								"vertical-align": "middle"
							}
						},
						"html": "\n        <p></p>\n    "
					}
				}
			},
			"S11": {
				"Stitle": {
					"id": "A",
					"src": "$$EFX.html_text2",
					"default": true,
					"fontSize": 40,
					"htmlData": {
						"style": {
							"[stitle].outerContainer": {
								"text-align": "center",
								"user-select": "none",
								"color": "rgb(0, 0, 0)",
								"font-weight": "bold",
								"font-family": "'PT Sans'",
								"font-size": "41px",
								"height": "158px",
								"width": "274px"
							},
							"[stitle] .tablecell": {
								"vertical-align": "middle"
							}
						},
						"html": "\n        <p></p>\n    "
					}
				},
				"Squestion": {
					"id": "A",
					"src": "$$EFX.html_text2",
					"default": true,
					"fontSize": 40,
					"htmlData": {
						"style": {
							"[squestion].outerContainer": {
								"text-align": "center",
								"user-select": "none",
								"color": "rgb(0, 0, 0)",
								"font-weight": "bold",
								"font-family": "'PT Sans'",
								"font-size": "41px",
								"height": "158px",
								"width": "274px"
							},
							"[squestion] .tablecell": {
								"vertical-align": "middle"
							}
						},
						"html": "\n        <p></p>\n    "
					}
				}
			},
			"S12": {
				"Stitle": {
					"id": "A",
					"src": "$$EFX.html_text2",
					"default": true,
					"fontSize": 40,
					"htmlData": {
						"style": {
							"[stitle].outerContainer": {
								"text-align": "center",
								"user-select": "none",
								"color": "rgb(0, 0, 0)",
								"font-weight": "bold",
								"font-family": "'PT Sans'",
								"font-size": "41px",
								"height": "158px",
								"width": "274px"
							},
							"[stitle] .tablecell": {
								"vertical-align": "middle"
							}
						},
						"html": "\n        <p></p>\n    "
					}
				}
			},
			"S12A": {
				"Stitle": {
					"id": "A",
					"src": "$$EFX.html_text2",
					"default": true,
					"fontSize": 40,
					"htmlData": {
						"style": {
							"[stitle].outerContainer": {
								"text-align": "center",
								"user-select": "none",
								"color": "rgb(0, 0, 0)",
								"font-weight": "bold",
								"font-family": "'PT Sans'",
								"font-size": "41px",
								"height": "158px",
								"width": "274px"
							},
							"[stitle] .tablecell": {
								"vertical-align": "middle"
							}
						},
						"html": "\n        <p></p>\n    "
					}
				},
				"Squestion": {
					"id": "A",
					"src": "$$EFX.html_text2",
					"default": true,
					"fontSize": 40,
					"htmlData": {
						"style": {
							"[squestion].outerContainer": {
								"text-align": "center",
								"user-select": "none",
								"color": "rgb(0, 0, 0)",
								"font-weight": "bold",
								"font-family": "'PT Sans'",
								"font-size": "41px",
								"height": "158px",
								"width": "274px"
							},
							"[squestion] .tablecell": {
								"vertical-align": "middle"
							}
						},
						"html": "\n        <p></p>\n    "
					}
				}
			},
			"S13": {
				"Stitle": {
					"id": "A",
					"src": "$$EFX.html_text2",
					"default": true,
					"fontSize": 40,
					"htmlData": {
						"style": {
							"[stitle].outerContainer": {
								"text-align": "center",
								"user-select": "none",
								"color": "rgb(0, 0, 0)",
								"font-weight": "bold",
								"font-family": "'PT Sans'",
								"font-size": "41px",
								"height": "158px",
								"width": "274px"
							},
							"[stitle] .tablecell": {
								"vertical-align": "middle"
							}
						},
						"html": "\n        <p></p>\n    "
					}
				},
				"Squestion": {
					"id": "A",
					"src": "$$EFX.html_text2",
					"default": true,
					"fontSize": 40,
					"htmlData": {
						"style": {
							"[squestion].outerContainer": {
								"text-align": "center",
								"user-select": "none",
								"color": "rgb(0, 0, 0)",
								"font-weight": "bold",
								"font-family": "'PT Sans'",
								"font-size": "41px",
								"height": "158px",
								"width": "274px"
							},
							"[squestion] .tablecell": {
								"vertical-align": "middle"
							}
						},
						"html": "\n        <p></p>\n    "
					}
				}
			},
			"S14": {
				"Stitle": {
					"id": "A",
					"src": "$$EFX.html_text2",
					"default": true,
					"fontSize": 40,
					"htmlData": {
						"style": {
							"[stitle].outerContainer": {
								"text-align": "center",
								"user-select": "none",
								"color": "rgb(0, 0, 0)",
								"font-weight": "bold",
								"font-family": "'PT Sans'",
								"font-size": "41px",
								"height": "158px",
								"width": "274px"
							},
							"[stitle] .tablecell": {
								"vertical-align": "middle"
							}
						},
						"html": "\n        <p></p>\n    "
					}
				},
				"Squestion": {
					"id": "A",
					"src": "$$EFX.html_text2",
					"default": true,
					"fontSize": 40,
					"htmlData": {
						"style": {
							"[squestion].outerContainer": {
								"text-align": "center",
								"user-select": "none",
								"color": "rgb(0, 0, 0)",
								"font-weight": "bold",
								"font-family": "'PT Sans'",
								"font-size": "41px",
								"height": "158px",
								"width": "274px"
							},
							"[squestion] .tablecell": {
								"vertical-align": "middle"
							}
						},
						"html": "\n        <p></p>\n    "
					}
				}
			},
			"S15": {
				"Squestion": {
					"src": "$$EFX.html_text2",
					"htmlData": {
						"style": {
							"[squestion].outerContainer": {
								"text-align": "center",
								"user-select": "none",
								"color": "rgb(0, 0, 0)",
								"font-weight": "bold",
								"font-family": "'PT Sans'",
								"font-size": "41px",
								"height": "158px",
								"width": "274px"
							},
							"[squestion] .tablecell": {
								"vertical-align": "middle"
							}
						},
						"html": "\n        <p></p>\n    "
					}
				}
			},
			"S20": {
				"Squestion": {
					"src": "$$EFX.html_text2",
					"fontSize": 40,
					"htmlData": {
						"style": {
							"[squestion].outerContainer": {
								"text-align": "center",
								"user-select": "none",
								"color": "rgb(0, 0, 0)",
								"font-weight": "bold",
								"font-family": "'PT Sans'",
								"font-size": "41px",
								"height": "158px",
								"width": "274px"
							},
							"[squestion] .tablecell": {
								"vertical-align": "middle"
							}
						},
						"html": "\n        <p></p>\n    "
					}
				}
			}
		},
		"efinput": {},
		"eftable": {
			"STable1": {
				"src": "$$EFX.html_table_ted1",
				"xname": "STable1",
				"datasource": "$EFL_efdata.TEDTableData",
				"templateRef": {
					"*": "$$EFM_selectedTopic.ontologyKey"
				},
				"htmlData": {
					"style": {
						"[stable1] .header": {
							"color": "white",
							"background-color": "blue",
							"font-size": "1.2em",
							"font-weight": "bold"
						},
						"[stable1] .body": {
							"font-size": "0.9em",
							"font-weight": "bold"
						},
						"[stable1] .listCol": {
							"white-space": "nowrap",
							"overflow": "hidden"
						},
						"[stable1] .colhead": {
							"transition": "width 0.35s linear, opacity 0.5s",
							"opacity": "1",
							"width": "33%",
							"white-space": "nowrap",
							"overflow": "hidden"
						},
						"[stable1] .hidden": {
							"opacity": "0",
							"width": "0%"
						}
					},
					"html": "\n    <tbody class=\"body\">\n        <tr class=\"header\">\n            <th style=\"width:22%\"></th>\n            <th style=\"width:22%\"></th>\n            <th style=\"width:22%\"></th>\n            <th class=\"colhead hidden\"></th>\n        </tr>\n        <tr>\n            <td></td>\n            <td></td>\n            <td></td>\n            <td class=\"listCol\"></td>\n        </tr>\n        <tr>\n            <td></td>\n            <td></td>\n            <td></td>\n            <td class=\"listCol\"></td>\n        </tr>\n        <tr>\n            <td></td>\n            <td></td>\n            <td></td>\n            <td class=\"listCol\"></td>\n        </tr>\n        <tr>\n            <td></td>\n            <td></td>\n            <td></td>\n            <td class=\"listCol\"></td>\n        </tr>\n    </tbody>\n"
				}
			},
			"STblExp1": {
				"src": "$$EFX.html_table_ted1",
				"xname": "STblExp1",
				"datasource": "$EFL_efdata.EXPT1TableData",
				"templateRef": {
					"STBL_A?_T?_V1_?|name|1": "$EFM_TEDExpt1V1.ontologyKey",
					"STBL_A?_T?_V1_?|name|2": "$EFM_TEDExpt2V1.ontologyKey",
					"STBL_A?_T?_V2_?|name|3": "$EFM_TEDExpt1V2.ontologyKey",
					"STBL_A?_T?_V2_?|name|4": "$EFM_TEDExpt2V2.ontologyKey",
					"STBL_A?_T?_V3_?|name|5": "$EFM_TEDExpt1V3.ontologyKey",
					"STBL_A?_T?_V3_?|name|6": "$EFM_TEDExpt2V3.ontologyKey",
					"STBL_A?_T?_V4_?|name|7": "$EFM_TEDExpt1V4.ontologyKey",
					"STBL_A?_T?_V4_?|name|8": "$EFM_TEDExpt2V4.ontologyKey",
					"*": "$$EFM_selectedTopic.ontologyKey"
				},
				"htmlData": {
					"style": {
						"[stblexp1] .header": {
							"color": "white",
							"background-color": "blue",
							"font-size": "1.2em",
							"font-weight": "bold"
						},
						"[stblexp1] .body": {
							"font-size": "0.9em",
							"font-weight": "bold"
						},
						"[stblexp1] .listCol": {
							"white-space": "nowrap",
							"overflow": "hidden"
						},
						"[stblexp1] .colhead": {
							"transition": "width 0.35s linear, opacity 0.5s",
							"opacity": "1",
							"width": "33%",
							"white-space": "nowrap",
							"overflow": "hidden"
						},
						"[stblexp1] .hidden": {
							"opacity": "0",
							"width": "0%"
						}
					},
					"html": "\n    <tbody class=\"body\">\n        <tr class=\"header\">\n            <th style=\"width:22%\"></th>\n            <th style=\"width:22%\"></th>\n            <th style=\"width:22%\"></th>\n            <th class=\"colhead hidden\"></th>\n        </tr>\n        <tr>\n            <td></td>\n            <td></td>\n            <td></td>\n            <td class=\"listCol\"></td>\n        </tr>\n        <tr>\n            <td></td>\n            <td></td>\n            <td></td>\n            <td class=\"listCol\"></td>\n        </tr>\n        <tr>\n            <td></td>\n            <td></td>\n            <td></td>\n            <td class=\"listCol\"></td>\n        </tr>\n        <tr>\n            <td></td>\n            <td></td>\n            <td></td>\n            <td class=\"listCol\"></td>\n        </tr>\n    </tbody>\n"
				}
			}
		},
		"efdata": {
			"scene1": {
				"htmlData": {
					"html": "<p>Does the{{$EFO_STBL_A?_T?_V?|name}}affect the{{$EFO_S_A?_T?|DVs}}</p>"
				},
				"templateRef": {
					"STBL_A?_T?_V?|name": "$EFM_selectedVariable.ontologyKey",
					"S_A?_T?|DVs": "$EFM_selectedTopic.ontologyKey"
				}
			},
			"scene2": {
				"htmlData": {
					"html": "<p>Does the{{$EFO_STBL_A?_T?_V?|name}}affect the{{$EFO_S_A?_T?|DVs}}</p>"
				},
				"templateRef": {
					"STBL_A?_T?_V?|name": "$EFM_selectedVariable.ontologyKey",
					"S_A?_T?|DVs": "$EFM_selectedTopic.ontologyKey"
				}
			},
			"scene3": {
				"htmlData": {
					"html": "{{$EFO_TED_S3|part1}}{{$EFO_STBL_A?_T?|name}}"
				},
				"templateRef": {
					"STBL_A?_T?|name": "$EFM_selectedTopic.ontologyKey"
				}
			},
			"scene4": {
				"box1": {
					"htmlData": {
						"html": "{{$EFO_TED_S4|part1}}"
					}
				},
				"box2": {
					"htmlData": {
						"html": "{{$EFO_TED_S4|part2}}"
					}
				}
			},
			"scene5": {
				"htmlData": {
					"html": "{{$EFO_TED_S5|part1}}"
				}
			},
			"scene6": {
				"htmlData": {
					"html": "{{$EFO_TED_S6|part1}}"
				}
			},
			"scene7": {
				"scenePrompt": {
					"htmlData": {
						"html": "<p>Research Question:<br>Does the{{$EFO_S_A?_T?_RQ?|ExpSelected}}affect the{{$EFO_S_A?_T?|DVs}}</p>"
					},
					"templateRef": {
						"S_A?_T?_RQ?|ExpSelected": "$EFM_TEDExptRQ.ontologyKey",
						"S_A?_T?|DVs": "$EFM_TEDExptRQ.ontologyKey"
					}
				}
			},
			"scene8": {
				"scenePrompt": {
					"htmlData": {
						"html": "<p>Does the{{$EFO_S_A?_T?_RQ?|ExpSelected}}affect the{{$EFO_S_A?_T?|DVs}}</p>"
					},
					"templateRef": {
						"S_A?_T?_RQ?|ExpSelected": "$EFM_TEDExptRQ.ontologyKey",
						"S_A?_T?|DVs": "$EFM_TEDExptRQ.ontologyKey"
					}
				},
				"expt1Config": {
					"exptStruct": {
						"structData": "$EFO_STBL_A?_T?|exptStruct",
						"templateRef": {
							"STBL_A?_T?|exptStruct": "$EFM_TEDExptTopic.ontologyKey"
						}
					},
					"tagData": {
						"layoutsource": "$EFL_eftext.S8.Sexpt1",
						"tag": [
							"{{$EFO_STBL_A?_T?_V?|tagname|1}}<br><span style='font-size:1.2em; line-height: 1.4em; font-weight:bold;'>{{$EFO_STBL_A?_T?_V?_?|tag|1}}</span>",
							"{{$EFO_STBL_A?_T?_V?|tagname|2}}<br><span style='font-size:1.2em; line-height: 1.4em; font-weight:bold;'>{{$EFO_STBL_A?_T?_V?_?|tag|2}}</span>",
							"{{$EFO_STBL_A?_T?_V?|tagname|3}}<br><span style='font-size:1.2em; line-height: 1.4em; font-weight:bold;'>{{$EFO_STBL_A?_T?_V?_?|tag|3}}</span>",
							"{{$EFO_STBL_A?_T?_V?|tagname|4}}<br><span style='font-size:1.2em; line-height: 1.4em; font-weight:bold;'>{{$EFO_STBL_A?_T?_V?_?|tag|4}}</span>"
						],
						"templateRef": {
							"STBL_A?_T?_V?|tagname|1": "$EFM_TEDExpt1V1.ontologyKey",
							"STBL_A?_T?_V?|tagname|2": "$EFM_TEDExpt1V2.ontologyKey",
							"STBL_A?_T?_V?|tagname|3": "$EFM_TEDExpt1V3.ontologyKey",
							"STBL_A?_T?_V?|tagname|4": "$EFM_TEDExpt1V4.ontologyKey",
							"STBL_A?_T?_V?_?|tag|1": "$EFM_TEDExpt1V1.ontologyKey",
							"STBL_A?_T?_V?_?|tag|2": "$EFM_TEDExpt1V2.ontologyKey",
							"STBL_A?_T?_V?_?|tag|3": "$EFM_TEDExpt1V3.ontologyKey",
							"STBL_A?_T?_V?_?|tag|4": "$EFM_TEDExpt1V4.ontologyKey"
						}
					}
				},
				"expt2Config": {
					"exptStruct": {
						"structData": "$EFO_STBL_A?_T?|exptStruct",
						"templateRef": {
							"STBL_A?_T?|exptStruct": "$EFM_TEDExptTopic.ontologyKey"
						}
					},
					"tagData": {
						"layoutsource": "$EFL_eftext.S8.Sexpt2",
						"tag": [
							"{{$EFO_STBL_A?_T?_V?|tagname|1}}<br><span style='font-size:1.2em; line-height: 1.4em; font-weight:bold;'>{{$EFO_STBL_A?_T?_V?_?|tag|1}}</span>",
							"{{$EFO_STBL_A?_T?_V?|tagname|2}}<br><span style='font-size:1.2em; line-height: 1.4em; font-weight:bold;'>{{$EFO_STBL_A?_T?_V?_?|tag|2}}</span>",
							"{{$EFO_STBL_A?_T?_V?|tagname|3}}<br><span style='font-size:1.2em; line-height: 1.4em; font-weight:bold;'>{{$EFO_STBL_A?_T?_V?_?|tag|3}}</span>",
							"{{$EFO_STBL_A?_T?_V?|tagname|4}}<br><span style='font-size:1.2em; line-height: 1.4em; font-weight:bold;'>{{$EFO_STBL_A?_T?_V?_?|tag|4}}</span>"
						],
						"templateRef": {
							"STBL_A?_T?_V?|tagname|1": "$EFM_TEDExpt2V1.ontologyKey",
							"STBL_A?_T?_V?|tagname|2": "$EFM_TEDExpt2V2.ontologyKey",
							"STBL_A?_T?_V?|tagname|3": "$EFM_TEDExpt2V3.ontologyKey",
							"STBL_A?_T?_V?|tagname|4": "$EFM_TEDExpt2V4.ontologyKey",
							"STBL_A?_T?_V?_?|tag|1": "$EFM_TEDExpt2V1.ontologyKey",
							"STBL_A?_T?_V?_?|tag|2": "$EFM_TEDExpt2V2.ontologyKey",
							"STBL_A?_T?_V?_?|tag|3": "$EFM_TEDExpt2V3.ontologyKey",
							"STBL_A?_T?_V?_?|tag|4": "$EFM_TEDExpt2V4.ontologyKey"
						}
					}
				}
			},
			"scene9": {
				"scenePrompt": {
					"htmlData": {
						"html": "<p>Does the{{$EFO_S_A?_T?_RQ?|ExpSelected}}affect the{{$EFO_S_A?_T?|DVs}}</p>"
					},
					"templateRef": {
						"S_A?_T?_RQ?|ExpSelected": "$EFM_TEDExptRQ.ontologyKey",
						"S_A?_T?|DVs": "$EFM_TEDExptRQ.ontologyKey"
					}
				},
				"question": {
					"htmlData": {
						"html": "{{$EFO_TED_E1_Q1|question}}"
					}
				},
				"Sanswer": {
					"listdata": {
						"options": [
							{
								"name": "{{$EFO_TED_E1_LISTYN|yes}}",
								"ontologyKey": "TED_E1_LISTYN|yes",
								"index": 1,
								"value": false,
								"id": "incorrect"
							},
							{
								"name": "{{$EFO_TED_E1_LISTYN|no}}",
								"ontologyKey": "TED_E1_LISTYN|no",
								"index": 2,
								"value": true,
								"id": "correct"
							}
						],
						"placeHolder": "{{$EFO_STBL_PH1|name}}"
					}
				}
			},
			"scene10": {
				"scenePrompt": {
					"htmlData": {
						"html": "<p>Does the{{$EFO_S_A?_T?_RQ?|ExpSelected}}affect the{{$EFO_S_A?_T?|DVs}}</p>"
					},
					"templateRef": {
						"S_A?_T?_RQ?|ExpSelected": "$EFM_TEDExptRQ.ontologyKey",
						"S_A?_T?|DVs": "$EFM_TEDExptRQ.ontologyKey"
					}
				},
				"question": {
					"htmlData": {
						"html": "{{$EFO_TED_E1_Q2|question}}"
					}
				},
				"Sanswer": {
					"listdata": {
						"options": [
							{
								"name": "{{$EFO_TED_E1_LISTQ23|ans1}}",
								"value": "$EFL_efdata.TED.E1.LISTQ23",
								"ontologyKey": "TED_E1_LISTQ23|yes",
								"index": 1,
								"id": "1"
							},
							{
								"name": "{{$EFO_TED_E1_LISTQ23|ans2}}",
								"value": "$EFL_efdata.TED.E1.LISTQ23",
								"ontologyKey": "TED_E1_LISTQ23|yes",
								"index": 2,
								"id": "2"
							},
							{
								"name": "{{$EFO_TED_E1_LISTQ23|ans3}}",
								"value": "$EFL_efdata.TED.E1.LISTQ23",
								"ontologyKey": "TED_E1_LISTQ23|yes",
								"index": 3,
								"id": "3"
							},
							{
								"name": "{{$EFO_TED_E1_LISTQ23|ans4}}",
								"value": "$EFL_efdata.TED.E1.LISTQ23",
								"ontologyKey": "TED_E1_LISTQ23|yes",
								"index": 4,
								"id": "4"
							},
							{
								"name": "{{$EFO_TED_E1_LISTQ23|ans5}}",
								"value": "$EFL_efdata.TED.E1.LISTQ23",
								"ontologyKey": "TED_E1_LISTQ23|yes",
								"index": 5,
								"id": "5"
							},
							{
								"name": "{{$EFO_TED_E1_LISTQ23|ans6}}",
								"value": "$EFL_efdata.TED.E1.LISTQ23",
								"ontologyKey": "TED_E1_LISTQ23|yes",
								"index": 6,
								"id": "6"
							}
						],
						"placeHolder": "{{$EFO_STBL_PH1|name}}"
					}
				}
			},
			"scene11": {
				"scenePrompt": {
					"htmlData": {
						"html": "<p>Does the{{$EFO_S_A?_T?_RQ?|ExpSelected}}affect the{{$EFO_S_A?_T?|DVs}}</p>"
					},
					"templateRef": {
						"S_A?_T?_RQ?|ExpSelected": "$EFM_TEDExptRQ.ontologyKey",
						"S_A?_T?|DVs": "$EFM_TEDExptRQ.ontologyKey"
					}
				},
				"question": {
					"htmlData": {
						"html": "{{$EFO_TED_E1_Q3|question}}"
					}
				},
				"Sanswer": {
					"listdata": {
						"options": [
							{
								"name": "{{$EFO_TED_E1_LISTQ23|ans1}}",
								"value": "$EFL_efdata.TED.E1.LISTQ23",
								"ontologyKey": "TED_E1_LISTQ23|yes",
								"index": 1,
								"id": "1"
							},
							{
								"name": "{{$EFO_TED_E1_LISTQ23|ans2}}",
								"value": "$EFL_efdata.TED.E1.LISTQ23",
								"ontologyKey": "TED_E1_LISTQ23|yes",
								"index": 2,
								"id": "2"
							},
							{
								"name": "{{$EFO_TED_E1_LISTQ23|ans3}}",
								"value": "$EFL_efdata.TED.E1.LISTQ23",
								"ontologyKey": "TED_E1_LISTQ23|yes",
								"index": 3,
								"id": "3"
							},
							{
								"name": "{{$EFO_TED_E1_LISTQ23|ans4}}",
								"value": "$EFL_efdata.TED.E1.LISTQ23",
								"ontologyKey": "TED_E1_LISTQ23|yes",
								"index": 4,
								"id": "4"
							},
							{
								"name": "{{$EFO_TED_E1_LISTQ23|ans5}}",
								"value": "$EFL_efdata.TED.E1.LISTQ23",
								"ontologyKey": "TED_E1_LISTQ23|yes",
								"index": 5,
								"id": "5"
							},
							{
								"name": "{{$EFO_TED_E1_LISTQ23|ans6}}",
								"value": "$EFL_efdata.TED.E1.LISTQ23",
								"ontologyKey": "TED_E1_LISTQ23|yes",
								"index": 6,
								"id": "6"
							}
						],
						"placeHolder": "{{$EFO_STBL_PH1|name}}"
					}
				}
			},
			"scene12": {
				"scenePrompt": {
					"htmlData": {
						"html": "{{$EFO_TED_E1_Q4|prompt}}"
					}
				}
			},
			"scene12A": {
				"scenePrompt": {
					"htmlData": {
						"html": "{{$EFO_TED_E1_Q4P2|prompt}}"
					}
				},
				"question": {
					"htmlData": {
						"html": "{{$EFO_TED_E1_Q4P2|question1}}<br>{{$EFO_TED_E1_Q4P2|question2}}{{$EFO_STBL_A?_T?_V?|name}}{{$EFO_TED_E1_Q4P2|question3}}"
					},
					"templateRef": {
						"STBL_A?_T?_V?|name": "$EFM_TEDExptVariable.ontologyKey"
					}
				},
				"Sanswer": {
					"listdata": {
						"options": [
							{
								"name": "{{$EFO_TED_E1_LISTYN|yes}}",
								"ontologyKey": "TED_E1_LISTYN|yes",
								"index": 1,
								"value": false,
								"id": "incorrect"
							},
							{
								"name": "{{$EFO_TED_E1_LISTYN|no}}",
								"ontologyKey": "TED_E1_LISTYN|no",
								"index": 2,
								"value": true,
								"id": "correct"
							}
						],
						"placeHolder": "{{$EFO_STBL_PH1|name}}"
					}
				}
			},
			"scene13": {
				"scenePrompt": {
					"htmlData": {
						"html": "<p>Does the{{$EFO_S_A?_T?_RQ?|ExpSelected}}affect the{{$EFO_S_A?_T?|DVs}}</p>"
					},
					"templateRef": {
						"S_A?_T?_RQ?|ExpSelected": "$EFM_TEDExptRQ.ontologyKey",
						"S_A?_T?|DVs": "$EFM_TEDExptRQ.ontologyKey"
					}
				},
				"Squestion": {
					"htmlData": {
						"html": "{{$EFO_TED_E1_Q5|question}}"
					}
				},
				"Sanswer": {
					"listdata": {
						"options": [
							{
								"name": "{{$EFO_TED_E1_LISTQ56|ans1}}",
								"value": "$EFL_efdata.TED.E1.LISTQ56",
								"ontologyKey": "TED_E1_LISTQ56|yes",
								"index": 1,
								"id": "1"
							},
							{
								"name": "{{$EFO_TED_E1_LISTQ56|ans2}}",
								"value": "$EFL_efdata.TED.E1.LISTQ56",
								"ontologyKey": "TED_E1_LISTQ56|yes",
								"index": 2,
								"id": "2"
							},
							{
								"name": "{{$EFO_TED_E1_LISTQ56|ans3}}",
								"value": "$EFL_efdata.TED.E1.LISTQ56",
								"ontologyKey": "TED_E1_LISTQ56|yes",
								"index": 3,
								"id": "3"
							},
							{
								"name": "{{$EFO_TED_E1_LISTQ56|ans4}}",
								"value": "$EFL_efdata.TED.E1.LISTQ56",
								"ontologyKey": "TED_E1_LISTQ56|yes",
								"index": 4,
								"id": "4"
							},
							{
								"name": "{{$EFO_TED_E1_LISTQ56|ans5}}",
								"value": "$EFL_efdata.TED.E1.LISTQ56",
								"ontologyKey": "TED_E1_LISTQ56|yes",
								"index": 5,
								"id": "5"
							},
							{
								"name": "{{$EFO_TED_E1_LISTQ56|ans6}}",
								"value": "$EFL_efdata.TED.E1.LISTQ56",
								"ontologyKey": "TED_E1_LISTQ56|yes",
								"index": 6,
								"id": "6"
							}
						],
						"placeHolder": "{{$EFO_STBL_PH1|name}}"
					}
				}
			},
			"scene14": {
				"scenePrompt": {
					"htmlData": {
						"html": "<p>Does the{{$EFO_S_A?_T?_RQ?|ExpSelected}}affect the{{$EFO_S_A?_T?|DVs}}</p>"
					},
					"templateRef": {
						"S_A?_T?_RQ?|ExpSelected": "$EFM_TEDExptRQ.ontologyKey",
						"S_A?_T?|DVs": "$EFM_TEDExptRQ.ontologyKey"
					}
				},
				"question": {
					"htmlData": {
						"html": "{{$EFO_TED_E1_Q6|question}}"
					}
				},
				"Sanswer": {
					"listdata": {
						"options": [
							{
								"name": "{{$EFO_TED_E1_LISTQ56|ans1}}",
								"value": "$EFL_efdata.TED.E1.LISTQ56",
								"ontologyKey": "TED_E1_LISTQ56|yes",
								"index": 1,
								"id": "1"
							},
							{
								"name": "{{$EFO_TED_E1_LISTQ56|ans2}}",
								"value": "$EFL_efdata.TED.E1.LISTQ56",
								"ontologyKey": "TED_E1_LISTQ56|yes",
								"index": 2,
								"id": "2"
							},
							{
								"name": "{{$EFO_TED_E1_LISTQ56|ans3}}",
								"value": "$EFL_efdata.TED.E1.LISTQ56",
								"ontologyKey": "TED_E1_LISTQ56|yes",
								"index": 3,
								"id": "3"
							},
							{
								"name": "{{$EFO_TED_E1_LISTQ56|ans4}}",
								"value": "$EFL_efdata.TED.E1.LISTQ56",
								"ontologyKey": "TED_E1_LISTQ56|yes",
								"index": 4,
								"id": "4"
							},
							{
								"name": "{{$EFO_TED_E1_LISTQ56|ans5}}",
								"value": "$EFL_efdata.TED.E1.LISTQ56",
								"ontologyKey": "TED_E1_LISTQ56|yes",
								"index": 5,
								"id": "5"
							},
							{
								"name": "{{$EFO_TED_E1_LISTQ56|ans6}}",
								"value": "$EFL_efdata.TED.E1.LISTQ56",
								"ontologyKey": "TED_E1_LISTQ56|yes",
								"index": 6,
								"id": "6"
							}
						],
						"placeHolder": "{{$EFO_STBL_PH1|name}}"
					}
				}
			},
			"scene15": {
				"scenePrompt": {
					"htmlData": {
						"html": "<p>Research Question:<br>Does the{{$EFO_S_A?_T?_RQ?|ExpSelected}}affect the{{$EFO_S_A?_T?|DVs}}<br><br></p>"
					},
					"templateRef": {
						"S_A?_T?_RQ?|ExpSelected": "$EFM_TEDExptRQ.ontologyKey",
						"S_A?_T?|DVs": "$EFM_TEDExptRQ.ontologyKey"
					}
				},
				"Squestion": {
					"htmlData": {
						"html": "{{$EFO_TED_E1_Q7|question}}"
					}
				}
			},
			"scene16": {
				"scenePrompt": {
					"htmlData": {
						"html": "<p>Research Question:<br>Does the{{$EFO_S_A?_T?_RQ?|ExpSelected}}affect the{{$EFO_S_A?_T?|DVs}}</p>"
					},
					"templateRef": {
						"S_A?_T?_RQ?|ExpSelected": "$EFM_TEDExptRQ.ontologyKey",
						"S_A?_T?|DVs": "$EFM_TEDExptRQ.ontologyKey"
					}
				}
			},
			"scene17": {
				"scenePrompt": {
					"htmlData": {
						"html": "{{$EFO_TED_E1_Q9|part1}}{{$EFO_STBL_A?_T?_V?|name|1}}{{$EFO_TED_E1_Q9|part2}}"
					},
					"templateRef": {
						"STBL_A?_T?_V?|name|1": "$EFM_TEDExptVariable.ontologyKey"
					}
				},
				"Sanswer": {
					"listdata": {
						"options": [
							{
								"name": "{{$EFO_TED_E1_LISTQ9|ans1}}",
								"value": "$EFL_efdata.TED.E1.LISTQ9",
								"ontologyKey": "TED_E1_LISTQ9|yes",
								"index": 1,
								"id": "1"
							},
							{
								"name": "{{$EFO_TED_E1_LISTQ9|ans2}}",
								"value": "$EFL_efdata.TED.E1.LISTQ9",
								"ontologyKey": "TED_E1_LISTQ9|yes",
								"index": 2,
								"id": "2"
							},
							{
								"name": "{{$EFO_TED_E1_LISTQ9|ans3}}",
								"value": "$EFL_efdata.TED.E1.LISTQ9",
								"ontologyKey": "TED_E1_LISTQ9|yes",
								"index": 3,
								"id": "3"
							},
							{
								"name": "{{$EFO_TED_E1_LISTQ9|ans4}}",
								"value": "$EFL_efdata.TED.E1.LISTQ9",
								"ontologyKey": "TED_E1_LISTQ9|yes",
								"index": 4,
								"id": "4"
							},
							{
								"name": "{{$EFO_TED_E1_LISTQ9|ans5}}",
								"value": "$EFL_efdata.TED.E1.LISTQ9",
								"ontologyKey": "TED_E1_LISTQ9|yes",
								"index": 5,
								"id": "5"
							},
							{
								"name": "{{$EFO_TED_E1_LISTQ9|ans6}}",
								"value": "$EFL_efdata.TED.E1.LISTQ9",
								"ontologyKey": "TED_E1_LISTQ9|yes",
								"index": 6,
								"id": "6"
							}
						],
						"placeHolder": "{{$EFO_STBL_PH1|name}}"
					}
				}
			},
			"scene18": {
				"htmlData": {
					"html": "{{$EFO_TED_POST_INTRO|question}}"
				}
			},
			"scene19": {
				"htmlData": {
					"html": "{{$EFO_TED_POST_E|part1}}{{$EFO_STBL_A?_T?_V?|name}}{{$EFO_TED_POST_E|part2}}{{$EFO_S_A?_T?|DVs}}</p>"
				},
				"templateRef": {
					"STBL_A?_T?_V?|name": "$EFM_TEDExptPOSTTV.ontologyKey",
					"S_A?_T?|DVs": "$EFM_selectedTopic.ontologyKey"
				}
			},
			"scene20": {
				"Squestion": {
					"htmlData": {
						"html": "{{$EFO_TED_POST_Q|question}}"
					}
				},
				"Sanswer": {
					"listdata": {
						"options": [
							{
								"name": "{{$EFO_TED_E1_LISTQ56|ans1}}",
								"value": "$EFL_efdata.TED.E1.LISTQ56",
								"ontologyKey": "TED_E1_LISTQ56|yes",
								"index": 1,
								"id": "1"
							},
							{
								"name": "{{$EFO_TED_E1_LISTQ56|ans2}}",
								"value": "$EFL_efdata.TED.E1.LISTQ56",
								"ontologyKey": "TED_E1_LISTQ56|yes",
								"index": 2,
								"id": "2"
							},
							{
								"name": "{{$EFO_TED_E1_LISTQ56|ans3}}",
								"value": "$EFL_efdata.TED.E1.LISTQ56",
								"ontologyKey": "TED_E1_LISTQ56|yes",
								"index": 3,
								"id": "3"
							},
							{
								"name": "{{$EFO_TED_E1_LISTQ56|ans4}}",
								"value": "$EFL_efdata.TED.E1.LISTQ56",
								"ontologyKey": "TED_E1_LISTQ56|yes",
								"index": 4,
								"id": "4"
							},
							{
								"name": "{{$EFO_TED_E1_LISTQ56|ans5}}",
								"value": "$EFL_efdata.TED.E1.LISTQ56",
								"ontologyKey": "TED_E1_LISTQ56|yes",
								"index": 5,
								"id": "5"
							},
							{
								"name": "{{$EFO_TED_E1_LISTQ56|ans6}}",
								"value": "$EFL_efdata.TED.E1.LISTQ56",
								"ontologyKey": "TED_E1_LISTQ56|yes",
								"index": 6,
								"id": "6"
							}
						],
						"placeHolder": "{{$EFO_STBL_PH1|name}}"
					}
				}
			},
			"scene21": {
				"summary": {
					"htmlData": {
						"html": "{{$EFO_TED_POST_SUMMARY|summary}}"
					}
				}
			},
			"nulllist": {
				"listdata": {
					"options": [],
					"placeHolder": ""
				}
			},
			"AOS": {
				"description": "Areas of Science used in TED",
				"listdata": {
					"options": [
						{
							"name": "{{$EFO_STBL_A1|name}}",
							"value": "$EFL_efdata.AOS.A1",
							"ontologyKey": "STBL_A1|name",
							"index": 1,
							"id": "area1"
						},
						{
							"name": "{{$EFO_STBL_A2|name}}",
							"value": "$EFL_efdata.AOS.A2",
							"ontologyKey": "STBL_A2|name",
							"index": 2,
							"id": "area2"
						},
						{
							"name": "{{$EFO_STBL_A3|name}}",
							"value": "$EFL_efdata.AOS.A3",
							"ontologyKey": "STBL_A3|name",
							"index": 3,
							"id": "area3"
						},
						{
							"name": "{{$EFO_STBL_A4|name}}",
							"value": "$EFL_efdata.AOS.A4",
							"ontologyKey": "STBL_A4|name",
							"index": 4,
							"id": "area4"
						}
					],
					"placeHolder": "{{$EFO_STBL_PH1|name}}"
				},
				"A1": {
					"description": "PhysicsChemistryTopics",
					"listdata": {
						"options": [
							{
								"name": "{{$EFO_STBL_A1_T1|name}}",
								"value": "$EFL_efdata.AOS.A1.T1",
								"ontologyKey": "STBL_A1_T1|name",
								"index": 1,
								"id": "topic1"
							},
							{
								"name": "{{$EFO_STBL_A1_T2|name}}",
								"value": "$EFL_efdata.AOS.A1.T2",
								"ontologyKey": "STBL_A1_T2|name",
								"index": 2,
								"id": "topic2"
							}
						],
						"placeHolder": "{{$EFO_LV_PH1|name}}"
					},
					"T1": {
						"description": "Crystal Growth",
						"listdata": {
							"options": [
								{
									"index": 1,
									"name": "{{$EFO_STBL_A1_T1_V1|name}}",
									"ontologyKey": "STBL_A1_T1_V1|name"
								},
								{
									"index": 2,
									"name": "{{$EFO_STBL_A1_T1_V2|name}}",
									"ontologyKey": "STBL_A1_T1_V2|name"
								},
								{
									"index": 3,
									"name": "{{$EFO_STBL_A1_T1_V3|name}}",
									"ontologyKey": "STBL_A1_T1_V3|name"
								},
								{
									"index": 4,
									"name": "{{$EFO_STBL_A1_T1_V4|name}}",
									"ontologyKey": "STBL_A1_T1_V4|name"
								}
							],
							"placeHolder": "{{$EFO_LV_PH1|name}}"
						}
					},
					"T2": {
						"description": "Soda-Mint Reaction",
						"listdata": {
							"options": [
								{
									"index": 1,
									"name": "{{$EFO_STBL_A1_T2_V1|name}}",
									"ontologyKey": "STBL_A1_T2_V1|name"
								},
								{
									"index": 2,
									"name": "{{$EFO_STBL_A1_T2_V2|name}}",
									"ontologyKey": "STBL_A1_T2_V2|name"
								},
								{
									"index": 3,
									"name": "{{$EFO_STBL_A1_T2_V3|name}}",
									"ontologyKey": "STBL_A1_T2_V3|name"
								},
								{
									"index": 4,
									"name": "{{$EFO_STBL_A1_T2_V4|name}}",
									"ontologyKey": "STBL_A1_T2_V4|name"
								}
							],
							"placeHolder": "{{$EFO_LV_PH1|name}}"
						}
					}
				},
				"A2": {
					"description": "HeatTempTopics",
					"listdata": {
						"options": [
							{
								"name": "{{$EFO_STBL_A2_T1|name}}",
								"value": "$EFL_efdata.AOS.A2.T1",
								"ontologyKey": "STBL_A2_T1|name",
								"index": 1,
								"id": "topic1"
							},
							{
								"name": "{{$EFO_STBL_A2_T2|name}}",
								"value": "$EFL_efdata.AOS.A2.T2",
								"ontologyKey": "STBL_A2_T2|name",
								"index": 2,
								"id": "topic2"
							}
						],
						"placeHolder": "{{$EFO_LV_PH1|name}}"
					},
					"T1": {
						"description": "Ice Melting",
						"listdata": {
							"options": [
								{
									"index": 1,
									"name": "{{$EFO_STBL_A2_T1_V1|name}}",
									"ontologyKey": "STBL_A2_T1_V1|name",
									"id": "var1"
								},
								{
									"index": 2,
									"name": "{{$EFO_STBL_A2_T1_V2|name}}",
									"ontologyKey": "STBL_A2_T1_V2|name",
									"id": "var2"
								},
								{
									"index": 3,
									"name": "{{$EFO_STBL_A2_T1_V3|name}}",
									"ontologyKey": "STBL_A2_T1_V3|name",
									"id": "var3"
								},
								{
									"index": 4,
									"name": "{{$EFO_STBL_A2_T1_V4|name}}",
									"ontologyKey": "STBL_A2_T1_V4|name",
									"id": "var4"
								}
							],
							"placeHolder": "{{$EFO_LV_PH1|name}}"
						}
					},
					"T2": {
						"description": "Balloon",
						"listdata": {
							"options": [
								{
									"index": 1,
									"name": "{{$EFO_STBL_A2_T2_V1|name}}",
									"ontologyKey": "STBL_A2_T2_V1|name",
									"id": "var1"
								},
								{
									"index": 2,
									"name": "{{$EFO_STBL_A2_T2_V2|name}}",
									"ontologyKey": "STBL_A2_T2_V2|name",
									"id": "var2"
								},
								{
									"index": 3,
									"name": "{{$EFO_STBL_A2_T2_V3|name}}",
									"ontologyKey": "STBL_A2_T2_V3|name",
									"id": "var3"
								},
								{
									"index": 4,
									"name": "{{$EFO_STBL_A2_T2_V4|name}}",
									"ontologyKey": "STBL_A2_T2_V4|name",
									"id": "var4"
								}
							],
							"placeHolder": "{{$EFO_LV_PH1|name}}"
						}
					}
				},
				"A3": {
					"description": "ForcesMotionTopics",
					"listdata": {
						"options": [
							{
								"name": "{{$EFO_STBL_A3_T1|name}}",
								"value": "$EFL_efdata.AOS.A3.T1",
								"ontologyKey": "STBL_A3_T1|name",
								"index": 1,
								"id": "topic1"
							},
							{
								"name": "{{$EFO_STBL_A3_T2|name}}",
								"value": "$EFL_efdata.AOS.A3.T2",
								"ontologyKey": "STBL_A3_T2|name",
								"index": 2,
								"id": "topic2"
							}
						],
						"placeHolder": "{{$EFO_LV_PH1|name}}"
					},
					"T1": {
						"description": "Ramps",
						"listdata": {
							"options": [
								{
									"index": 1,
									"name": "{{$EFO_STBL_A3_T1_V1|name}}",
									"ontologyKey": "STBL_A3_T1_V1|name",
									"id": "var1"
								},
								{
									"index": 2,
									"name": "{{$EFO_STBL_A3_T1_V2|name}}",
									"ontologyKey": "STBL_A3_T1_V2|name",
									"id": "var2"
								},
								{
									"index": 3,
									"name": "{{$EFO_STBL_A3_T1_V3|name}}",
									"ontologyKey": "STBL_A3_T1_V3|name",
									"id": "var3"
								},
								{
									"index": 4,
									"name": "{{$EFO_STBL_A3_T1_V4|name}}",
									"ontologyKey": "STBL_A3_T1_V4|name",
									"id": "var4"
								}
							],
							"placeHolder": "{{$EFO_LV_PH1|name}}"
						}
					},
					"T2": {
						"description": "Sinking",
						"listdata": {
							"options": [
								{
									"index": 1,
									"name": "{{$EFO_STBL_A3_T2_V1|name}}",
									"ontologyKey": "STBL_A3_T2_V1|name",
									"id": "var1"
								},
								{
									"index": 2,
									"name": "{{$EFO_STBL_A3_T2_V2|name}}",
									"ontologyKey": "STBL_A3_T2_V2|name",
									"id": "var2"
								},
								{
									"index": 3,
									"name": "{{$EFO_STBL_A3_T2_V3|name}}",
									"ontologyKey": "STBL_A3_T2_V3|name",
									"id": "var3"
								},
								{
									"index": 4,
									"name": "{{$EFO_STBL_A3_T2_V4|name}}",
									"ontologyKey": "STBL_A3_T2_V4|name",
									"id": "var4"
								}
							],
							"placeHolder": "{{$EFO_LV_PH1|name}}"
						}
					}
				},
				"A4": {
					"description": "Plant Reproduction",
					"listdata": {
						"options": [
							{
								"name": "{{$EFO_STBL_A4_T1|name}}",
								"value": "$EFL_efdata.AOS.A4.T1",
								"ontologyKey": "STBL_A4_T1|name",
								"index": 1,
								"id": "topic1"
							},
							{
								"name": "{{$EFO_STBL_A4_T2|name}}",
								"value": "$EFL_efdata.AOS.A4.T2",
								"ontologyKey": "STBL_A4_T2|name",
								"index": 2,
								"id": "topic2"
							}
						],
						"placeHolder": "{{$EFO_LV_PH1|name}}"
					},
					"T1": {
						"description": "Plant Reproduction - greenhouse",
						"listdata": {
							"options": [
								{
									"index": 1,
									"name": "{{$EFO_STBL_A4_T1_V1|name}}",
									"ontologyKey": "STBL_A4_T1_V1|name",
									"id": "var1"
								},
								{
									"index": 2,
									"name": "{{$EFO_STBL_A4_T1_V2|name}}",
									"ontologyKey": "STBL_A4_T1_V2|name",
									"id": "var2"
								},
								{
									"index": 3,
									"name": "{{$EFO_STBL_A4_T1_V3|name}}",
									"ontologyKey": "STBL_A4_T1_V3|name",
									"id": "var3"
								},
								{
									"index": 4,
									"name": "{{$EFO_STBL_A4_T1_V4|name}}",
									"ontologyKey": "STBL_A4_T1_V4|name",
									"id": "var4"
								}
							],
							"placeHolder": "{{$EFO_LV_PH1|name}}"
						}
					},
					"T2": {
						"description": "Algae Reproduction",
						"listdata": {
							"options": [
								{
									"index": 1,
									"name": "{{$EFO_STBL_A4_T2_V1|name}}",
									"ontologyKey": "STBL_A4_T2_V1|name",
									"id": "var1"
								},
								{
									"index": 2,
									"name": "{{$EFO_STBL_A4_T2_V2|name}}",
									"ontologyKey": "STBL_A4_T2_V2|name",
									"id": "var2"
								},
								{
									"index": 3,
									"name": "{{$EFO_STBL_A4_T2_V3|name}}",
									"ontologyKey": "STBL_A4_T2_V3|name",
									"id": "var3"
								},
								{
									"index": 4,
									"name": "{{$EFO_STBL_A4_T2_V4|name}}",
									"ontologyKey": "STBL_A4_T2_V4|name",
									"id": "var4"
								}
							],
							"placeHolder": "{{$EFO_LV_PH1|name}}"
						}
					}
				}
			},
			"TEDTableData": {
				"tabledata": {
					"rowdata": [
						[
							{
								"value": "{{$EFO_LV_H1_A|name}}"
							},
							{
								"value": "{{$EFO_LV_H1_B|name}}"
							},
							{
								"value": "{{$EFO_LV_H1_C|name}}"
							},
							{
								"value": "{{$EFO_LV_H1_D|name}}"
							}
						],
						[
							{
								"value": "{{$EFO_STBL_A?_T?_V1|name}}"
							},
							{
								"value": "$LIST",
								"options": [
									"{{$EFO_STBL_A?_T?_V1_A|name}}",
									"{{$EFO_STBL_A?_T?_V1_B|name}}"
								],
								"placeHolder": "{{$EFO_LV_PH1|name}}"
							},
							{
								"value": "$LIST",
								"options": [
									"{{$EFO_STBL_A?_T?_V1_A|name}}",
									"{{$EFO_STBL_A?_T?_V1_B|name}}"
								],
								"placeHolder": "{{$EFO_LV_PH1|name}}"
							},
							{
								"value": "$LIST",
								"options": [
									"{{$EFO_LV_O2_A|name}}",
									"{{$EFO_LV_O2_B|name}}"
								],
								"placeHolder": "{{$EFO_LV_PH1|name}}"
							}
						],
						[
							{
								"value": "{{$EFO_STBL_A?_T?_V2|name}}"
							},
							{
								"value": "$LIST",
								"options": [
									"{{$EFO_STBL_A?_T?_V2_A|name}}",
									"{{$EFO_STBL_A?_T?_V2_B|name}}"
								],
								"placeHolder": "{{$EFO_LV_PH1|name}}"
							},
							{
								"value": "$LIST",
								"options": [
									"{{$EFO_STBL_A?_T?_V2_A|name}}",
									"{{$EFO_STBL_A?_T?_V2_B|name}}"
								],
								"placeHolder": "{{$EFO_LV_PH1|name}}"
							},
							{
								"value": "$LIST",
								"options": [
									"{{$EFO_LV_O2_A|name}}",
									"{{$EFO_LV_O2_B|name}}"
								],
								"placeHolder": "{{$EFO_LV_PH1|name}}"
							}
						],
						[
							{
								"value": "{{$EFO_STBL_A?_T?_V3|name}}"
							},
							{
								"value": "$LIST",
								"options": [
									"{{$EFO_STBL_A?_T?_V3_A|name}}",
									"{{$EFO_STBL_A?_T?_V3_B|name}}"
								],
								"placeHolder": "{{$EFO_LV_PH1|name}}"
							},
							{
								"value": "$LIST",
								"options": [
									"{{$EFO_STBL_A?_T?_V3_A|name}}",
									"{{$EFO_STBL_A?_T?_V3_B|name}}"
								],
								"placeHolder": "{{$EFO_LV_PH1|name}}"
							},
							{
								"value": "$LIST",
								"options": [
									"{{$EFO_LV_O2_A|name}}",
									"{{$EFO_LV_O2_B|name}}"
								],
								"placeHolder": "{{$EFO_LV_PH1|name}}"
							}
						],
						[
							{
								"value": "{{$EFO_STBL_A?_T?_V4|name}}"
							},
							{
								"value": "$LIST",
								"options": [
									"{{$EFO_STBL_A?_T?_V4_A|name}}",
									"{{$EFO_STBL_A?_T?_V4_B|name}}"
								],
								"placeHolder": "{{$EFO_LV_PH1|name}}"
							},
							{
								"value": "$LIST",
								"options": [
									"{{$EFO_STBL_A?_T?_V4_A|name}}",
									"{{$EFO_STBL_A?_T?_V4_B|name}}"
								],
								"placeHolder": "{{$EFO_LV_PH1|name}}"
							},
							{
								"value": "$LIST",
								"options": [
									"{{$EFO_LV_O2_A|name}}",
									"{{$EFO_LV_O2_B|name}}"
								],
								"placeHolder": "{{$EFO_LV_PH1|name}}"
							}
						]
					]
				}
			},
			"EXPT1TableData": {
				"tabledata": {
					"rowdata": [
						[
							{
								"value": "{{$EFO_LV_H1_A|name}}"
							},
							{
								"value": "{{$EFO_LV_H1_B|name}}"
							},
							{
								"value": "{{$EFO_LV_H1_C|name}}"
							},
							{
								"value": "{{$EFO_LV_H1_E|name}}"
							}
						],
						[
							{
								"value": "{{$EFO_STBL_A?_T?_V1|name}}"
							},
							{
								"value": "{{$EFO_STBL_A?_T?_V1_?|name|1}}"
							},
							{
								"value": "{{$EFO_STBL_A?_T?_V1_?|name|2}}"
							},
							{
								"value": "$LIST",
								"options": [
									"{{$EFO_LV_O1_A|name}}",
									"{{$EFO_LV_O1_B|name}}"
								],
								"placeHolder": "{{$EFO_LV_PH1|name}}"
							}
						],
						[
							{
								"value": "{{$EFO_STBL_A?_T?_V2|name}}"
							},
							{
								"value": "{{$EFO_STBL_A?_T?_V2_?|name|3}}"
							},
							{
								"value": "{{$EFO_STBL_A?_T?_V2_?|name|4}}"
							},
							{
								"value": "$LIST",
								"options": [
									"{{$EFO_LV_O1_A|name}}",
									"{{$EFO_LV_O1_B|name}}"
								],
								"placeHolder": "{{$EFO_LV_PH1|name}}"
							}
						],
						[
							{
								"value": "{{$EFO_STBL_A?_T?_V3|name}}"
							},
							{
								"value": "{{$EFO_STBL_A?_T?_V3_?|name|5}}"
							},
							{
								"value": "{{$EFO_STBL_A?_T?_V3_?|name|6}}"
							},
							{
								"value": "$LIST",
								"options": [
									"{{$EFO_LV_O1_A|name}}",
									"{{$EFO_LV_O1_B|name}}"
								],
								"placeHolder": "{{$EFO_LV_PH1|name}}"
							}
						],
						[
							{
								"value": "{{$EFO_STBL_A?_T?_V4|name}}"
							},
							{
								"value": "{{$EFO_STBL_A?_T?_V4_?|name|7}}"
							},
							{
								"value": "{{$EFO_STBL_A?_T?_V4_?|name|8}}"
							},
							{
								"value": "$LIST",
								"options": [
									"{{$EFO_LV_O1_A|name}}",
									"{{$EFO_LV_O1_B|name}}"
								],
								"placeHolder": "{{$EFO_LV_PH1|name}}"
							}
						]
					]
				}
			}
		}
	}
}