{
    "_MODULEDATA":"v1.0.0",
    "SScene8": {
        "Stitle": {
            "layoutsource":"$EFL_eftext.S8.Stitle",
            "datasource": "$EFL_efdata.scene8.scenePrompt"           
        },
        "Sexpt1": {
            "expData":{
                "class":"{{$EFO_STBL_A?_T?|expclass}}",
                "templateRef": {
                    "STBL_A?_T?|expclass":"$EFM_TEDExptTopic.ontologyKey"
                },
                "initData": {
                    "datasource": "$EFL_efdata.scene8.expt1Config"           
                }
            }
        },
        "Sexpt2": {
            "expData":{
                "class":"{{$EFO_STBL_A?_T?|expclass}}",
                "templateRef": {
                    "STBL_A?_T?|expclass":"$EFM_TEDExptTopic.ontologyKey"
                },
                "initData": {
                    "datasource": "$EFL_efdata.scene8.expt2Config"           
                }
            }
        }
    }
}