{"scene":{"SNavigator":{},"SMatsIntro":{"complete":true,"$seq":[{"prop":"complete","value":false,"time":1557762205659},{"prop":"complete","value":true,"time":1557762219155}]},"SMatsPre1":{"complete":true,"$seq":[{"prop":"complete","value":false,"time":1557762228121},{"prop":"Sg1","value":"true","time":1557762237407},{"prop":"PreTest:Sg1","value":"b5","time":1557762237407},{"prop":"complete","value":false,"time":1557762237409},{"prop":"Sg1","value":"true","time":1557762237409},{"prop":"complete","value":false,"time":1557762237409},{"prop":"Sg2","value":"true","time":1557762241411},{"prop":"PreTest:Sg2","value":"b4","time":1557762241411},{"prop":"complete","value":false,"time":1557762241411},{"prop":"Sg2","value":"true","time":1557762241411},{"prop":"complete","value":false,"time":1557762241411},{"prop":"Sg3","value":"true","time":1557762247563},{"prop":"PreTest:Sg3","value":"b5","time":1557762247563},{"prop":"complete","value":false,"time":1557762247563},{"prop":"Sg3","value":"true","time":1557762247565},{"prop":"complete","value":false,"time":1557762247565},{"prop":"Sg4","value":"true","time":1557762249611},{"prop":"PreTest:Sg4","value":"b5","time":1557762249611},{"prop":"complete","value":true,"time":1557762249611},{"prop":"Sg4","value":"true","time":1557762249612},{"prop":"complete","value":true,"time":1557762249612}],"Sg1":"true","PreTest:Sg1":"b5","Sg2":"true","PreTest:Sg2":"b4","Sg3":"true","PreTest:Sg3":"b5","Sg4":"true","PreTest:Sg4":"b5"},"SMatsPre2":{"complete":false,"$seq":[{"prop":"complete","value":false,"time":1557762250859}]}},"module":{},"tutor":{}}