{"sceneState":{"SNavigator":{},"SScene1":{"rowsComplete":4,"$seq":[{"prop":"rowsComplete","value":0,"time":1276544146085},{"prop":"complete","value":false,"time":1276544146386},{"prop":"currentRow","value":2,"time":1276544155505},{"prop":"correct","value":true,"time":1276544155505},{"prop":"correct","value":false,"time":1276544155518},{"prop":"correct","value":false,"time":1276544160794},{"prop":"correct","value":false,"time":1276544160796},{"prop":"TVSel.col1","value":1,"time":1276544169071},{"prop":"TVSel.col2","value":2,"time":1276544170942},{"prop":"correct","value":true,"time":1276544170942},{"prop":"correct","value":false,"time":1276544170967},{"prop":"rowsComplete","value":1,"time":1276544170972},{"prop":"currentRow","value":0,"time":1276544180121},{"prop":"currentRow","value":1,"time":1276544180121},{"prop":"correct","value":false,"time":1276544180123},{"prop":"VSel.col1","value":null,"time":1276544180123},{"prop":"VSel.col2","value":null,"time":1276544180123},{"prop":"correct","value":false,"time":1276544180125},{"prop":"VSel.col1","value":2,"time":1276544186371},{"prop":"VSel.col2","value":1,"time":1276544189200},{"prop":"correct","value":false,"time":1276544189201},{"prop":"correct","value":false,"time":1276544189271},{"prop":"VSel.col1","value":1,"time":1276544194540},{"prop":"correct","value":true,"time":1276544194540},{"prop":"correct","value":false,"time":1276544194583},{"prop":"rowsComplete","value":2,"time":1276544194585},{"prop":"currentRow","value":3,"time":1276544199956},{"prop":"correct","value":false,"time":1276544199956},{"prop":"VSel.col1","value":null,"time":1276544199956},{"prop":"VSel.col2","value":null,"time":1276544199956},{"prop":"correct","value":false,"time":1276544199957},{"prop":"VSel.col1","value":1,"time":1276544206181},{"prop":"VSel.col1","value":2,"time":1276544208154},{"prop":"VSel.col2","value":2,"time":1276544210116},{"prop":"correct","value":true,"time":1276544210116},{"prop":"correct","value":false,"time":1276544210132},{"prop":"rowsComplete","value":3,"time":1276544210134},{"prop":"currentRow","value":4,"time":1276544215475},{"prop":"correct","value":false,"time":1276544215475},{"prop":"VSel.col1","value":null,"time":1276544215475},{"prop":"VSel.col2","value":null,"time":1276544215475},{"prop":"correct","value":false,"time":1276544215477},{"prop":"VSel.col1","value":2,"time":1276544218533},{"prop":"VSel.col2","value":1,"time":1276544222806},{"prop":"correct","value":false,"time":1276544222806},{"prop":"correct","value":false,"time":1276544222854},{"prop":"VSel.col1","value":1,"time":1276544226054},{"prop":"correct","value":true,"time":1276544226054},{"prop":"correct","value":false,"time":1276544226080},{"prop":"rowsComplete","value":4,"time":1276544226082},{"prop":"currentRow","value":5,"time":1276544231422},{"prop":"complete","value":true,"time":1276544231422},{"prop":"correct","value":false,"time":1276544231423}],"complete":true,"currentRow":5,"correct":false,"TVSel":{"col1":1,"col2":2},"VSel":{"col1":1,"col2":1}},"SScene2":{"complete":true,"$seq":[{"prop":"complete","value":false,"time":1276544232620},{"prop":"complete","value":true,"time":1276544252763},{"prop":"correct","value":false,"time":1276544255323}],"correct":false},"SSceneEnd":{}},"moduleState":{"selectedArea":{"ontologyKey":"S_A1|name","index":1},"selectedTopic":{"ontologyKey":"S_A1_T1|name","index":1},"selectedVariable":{"ontologyKey":"S_A1_T1_V2|name","index":2},"selectedRQ":{"ontologyKey":"S_A1_T1_RQ2","index":"2"},"RQconfirmation":"UNKNOWN","TEDExptNonTarget":[1,2,4],"TEDExptConfounds":[4,1,2],"TEDExptDifferent":[4,1,2,3],"TEDExptArea":{"ontologyKey":"S_A1","index":1},"TEDExptTopic":{"ontologyKey":"S_A1_T1","index":1},"TEDExptVariable":{"ontologyKey":"S_A1_T1_V3","index":3},"TEDExptRQ":{"ontologyKey":"S_A1_T1_RQ3","index":3},"TEDExptVarNC1":{"ontologyKey":"S_A1_T1_V1","index":1},"TEDExptVarNC2":{"ontologyKey":"S_A1_T1_V2","index":2},"TEDExptVarNC3":{"ontologyKey":"S_A1_T1_V4","index":4},"TEDExptPOSTSequence":[{"ontologyKey":"S_A1_T1_V2","index":2},{"ontologyKey":"S_A1_T1_V3","index":3},{"ontologyKey":"S_A1_T1_V4","index":4},{"ontologyKey":"S_A1_T1_V1","index":1}],"TEDExpt1V1":{"ontologyKey":"S_A1_T1_V1_A","index":1},"TEDExpt2V1":{"ontologyKey":"S_A1_T1_V1_B","index":1},"TEDExpt1V2":{"ontologyKey":"S_A1_T1_V2_A","index":2},"TEDExpt2V2":{"ontologyKey":"S_A1_T1_V2_B","index":2},"TEDExpt1V3":{"ontologyKey":"S_A1_T1_V3_A","index":3},"TEDExpt2V3":{"ontologyKey":"S_A1_T1_V3_B","index":3},"TEDExpt1V4":{"ontologyKey":"S_A1_T1_V4_A","index":4},"TEDExpt2V4":{"ontologyKey":"S_A1_T1_V4_B","index":4},"TEDExptNC1SameDiff":{"ontologyKey":"TED_E1_Q7NC1DIFF","value":"diff","index":1},"TEDExptNC1Confound":{"ontologyKey":"S_A1_T1_V1","index":1},"TEDExptNC2SameDiff":{"ontologyKey":"TED_E1_Q7NC2DIFF","value":"diff","index":2},"TEDExptNC2Confound":{"ontologyKey":"S_A1_T1_V2","index":2},"TEDExptNC3SameDiff":{"ontologyKey":"TED_E1_Q7NC3DIFF","value":"diff","index":4},"TEDExptNC3Confound":{"ontologyKey":"S_A1_T1_V4","index":4},"differentRow":2,"sameRow1":1,"sameRow2":3,"sameRow3":4},"tutorState":{"experimentalGroup":{"ontologyKey":"EG_A1"}},"fFeatures":{"0":true,"FTR_CHOICE":true,"FTR_TED_1_6":true,"FTR_PASS2":true,"FTR_TEDEXP1":true,"FTR_CRYSTAL":true,"FTR_POST1":true,"FTR_IVLAST":true},"featureID":{"varsel":{"FTR_CRYSTAL":true}}}