{"scene":{"SNavigator":{},"SIntro":{"complete":false,"$seq":[{"prop":"complete","value":false,"time":1556124792424}]},"SScene1":{"complete":true,"$seq":[{"prop":"complete","value":false,"time":1556124807577},{"prop":"Sg1","value":"true","time":1556124833170},{"prop":"DR1:Sg1","value":"ans1","time":1556124833170},{"prop":"complete","value":true,"time":1556124833171},{"prop":"Sg1","value":"true","time":1556124833174},{"prop":"complete","value":true,"time":1556124833174},{"prop":"Sg1","value":"true","time":1556124833925},{"prop":"DR1:Sg1","value":"ans2","time":1556124833925},{"prop":"complete","value":true,"time":1556124833925},{"prop":"Sg1","value":"true","time":1556124833926},{"prop":"complete","value":true,"time":1556124833926},{"prop":"Sg1","value":"true","time":1556124834479},{"prop":"DR1:Sg1","value":"ans1","time":1556124834479},{"prop":"complete","value":true,"time":1556124834479},{"prop":"Sg1","value":"true","time":1556124834480},{"prop":"complete","value":true,"time":1556124834480}],"Sg1":"true","DR1:Sg1":"ans1"},"SScene2":{"complete":false,"$seq":[{"prop":"complete","value":false,"time":1556124835526}]}},"module":{},"tutor":{}}