{"scene":{"SNavigator":{},"SMatsIntro":{"complete":true,"$seq":[{"prop":"complete","value":false,"time":1554742097436},{"prop":"complete","value":true,"time":1554742111390}]},"SMatsPre1":{"complete":true,"$seq":[{"prop":"complete","value":false,"time":1554742116134},{"prop":"Sg1","value":"true","time":1554742127349},{"prop":"PreTest:Sg1","value":"b4","time":1554742127349},{"prop":"complete","value":false,"time":1554742127349},{"prop":"Sg1","value":"true","time":1554742127351},{"prop":"complete","value":false,"time":1554742127351},{"prop":"Sg2","value":"true","time":1554742135577},{"prop":"PreTest:Sg2","value":"b4","time":1554742135577},{"prop":"complete","value":false,"time":1554742135577},{"prop":"Sg2","value":"true","time":1554742135578},{"prop":"complete","value":false,"time":1554742135578},{"prop":"Sg3","value":"true","time":1554742142284},{"prop":"PreTest:Sg3","value":"b1","time":1554742142284},{"prop":"complete","value":false,"time":1554742142284},{"prop":"Sg3","value":"true","time":1554742142284},{"prop":"complete","value":false,"time":1554742142284},{"prop":"Sg4","value":"true","time":1554742150130},{"prop":"PreTest:Sg4","value":"b5","time":1554742150130},{"prop":"complete","value":true,"time":1554742150131},{"prop":"Sg4","value":"true","time":1554742150131},{"prop":"complete","value":true,"time":1554742150131}],"Sg1":"true","PreTest:Sg1":"b4","Sg2":"true","PreTest:Sg2":"b4","Sg3":"true","PreTest:Sg3":"b1","Sg4":"true","PreTest:Sg4":"b5"},"SMatsPre2":{"complete":false,"$seq":[{"prop":"complete","value":false,"time":1554742152446}]}},"module":{},"tutor":{}}