{"scene":{"SNavigator":{},"SMatsIntro":{"complete":true,"$seq":[{"prop":"complete","value":false,"time":1554742097436},{"prop":"complete","value":true,"time":1554742111390}]},"SMatsPre1":{"complete":true,"$seq":[{"prop":"complete","value":false,"time":1554742116134},{"prop":"Sg1","value":"true","time":1554742127349},{"prop":"PreTest:Sg1","value":"b4","time":1554742127349},{"prop":"complete","value":false,"time":1554742127349},{"prop":"Sg1","value":"true","time":1554742127351},{"prop":"complete","value":false,"time":1554742127351},{"prop":"Sg2","value":"true","time":1554742135577},{"prop":"PreTest:Sg2","value":"b4","time":1554742135577},{"prop":"complete","value":false,"time":1554742135577},{"prop":"Sg2","value":"true","time":1554742135578},{"prop":"complete","value":false,"time":1554742135578},{"prop":"Sg3","value":"true","time":1554742142284},{"prop":"PreTest:Sg3","value":"b1","time":1554742142284},{"prop":"complete","value":false,"time":1554742142284},{"prop":"Sg3","value":"true","time":1554742142284},{"prop":"complete","value":false,"time":1554742142284},{"prop":"Sg4","value":"true","time":1554742150130},{"prop":"PreTest:Sg4","value":"b5","time":1554742150130},{"prop":"complete","value":true,"time":1554742150131},{"prop":"Sg4","value":"true","time":1554742150131},{"prop":"complete","value":true,"time":1554742150131}],"Sg1":"true","PreTest:Sg1":"b4","Sg2":"true","PreTest:Sg2":"b4","Sg3":"true","PreTest:Sg3":"b1","Sg4":"true","PreTest:Sg4":"b5"},"SMatsPre2":{"complete":true,"$seq":[{"prop":"complete","value":false,"time":1554742152446},{"prop":"Sg1","value":"true","time":1554742164299},{"prop":"PreTest:Sg1","value":"b1","time":1554742164299},{"prop":"complete","value":false,"time":1554742164300},{"prop":"Sg1","value":"true","time":1554742164300},{"prop":"complete","value":false,"time":1554742164300},{"prop":"Sg2","value":"true","time":1554742171676},{"prop":"PreTest:Sg2","value":"b5","time":1554742171676},{"prop":"complete","value":false,"time":1554742171676},{"prop":"Sg2","value":"true","time":1554742171677},{"prop":"complete","value":false,"time":1554742171677},{"prop":"Sg2","value":"true","time":1554742171967},{"prop":"PreTest:Sg2","value":"b5","time":1554742171967},{"prop":"complete","value":false,"time":1554742171967},{"prop":"Sg2","value":"true","time":1554742171968},{"prop":"complete","value":false,"time":1554742171968},{"prop":"Sg3","value":"true","time":1554742176411},{"prop":"PreTest:Sg3","value":"b4","time":1554742176411},{"prop":"complete","value":false,"time":1554742176411},{"prop":"Sg3","value":"true","time":1554742176411},{"prop":"complete","value":false,"time":1554742176411},{"prop":"Sg3","value":"true","time":1554742176789},{"prop":"PreTest:Sg3","value":"b4","time":1554742176789},{"prop":"complete","value":false,"time":1554742176789},{"prop":"Sg3","value":"true","time":1554742176789},{"prop":"complete","value":false,"time":1554742176789},{"prop":"Sg4","value":"true","time":1554742184279},{"prop":"PreTest:Sg4","value":"b1","time":1554742184279},{"prop":"complete","value":true,"time":1554742184279},{"prop":"Sg4","value":"true","time":1554742184280},{"prop":"complete","value":true,"time":1554742184280}],"Sg1":"true","PreTest:Sg1":"b1","Sg2":"true","PreTest:Sg2":"b5","Sg3":"true","PreTest:Sg3":"b4","Sg4":"true","PreTest:Sg4":"b1"},"SMatsPre3":{"complete":true,"$seq":[{"prop":"complete","value":false,"time":1554742185689},{"prop":"Sg1","value":"true","time":1554742190626},{"prop":"PreTest:Sg1","value":"b5","time":1554742190627},{"prop":"complete","value":false,"time":1554742190627},{"prop":"Sg1","value":"true","time":1554742190628},{"prop":"complete","value":false,"time":1554742190628},{"prop":"Sg2","value":"true","time":1554742194655},{"prop":"PreTest:Sg2","value":"b4","time":1554742194655},{"prop":"complete","value":false,"time":1554742194655},{"prop":"Sg2","value":"true","time":1554742194655},{"prop":"complete","value":false,"time":1554742194655},{"prop":"Sg3","value":"true","time":1554742199207},{"prop":"PreTest:Sg3","value":"b5","time":1554742199207},{"prop":"complete","value":false,"time":1554742199207},{"prop":"Sg3","value":"true","time":1554742199207},{"prop":"complete","value":false,"time":1554742199207},{"prop":"Sg4","value":"true","time":1554742205549},{"prop":"PreTest:Sg4","value":"b5","time":1554742205549},{"prop":"complete","value":true,"time":1554742205549},{"prop":"Sg4","value":"true","time":1554742205550},{"prop":"complete","value":true,"time":1554742205550}],"Sg1":"true","PreTest:Sg1":"b5","Sg2":"true","PreTest:Sg2":"b4","Sg3":"true","PreTest:Sg3":"b5","Sg4":"true","PreTest:Sg4":"b5"},"SMatsPre4":{"complete":false,"$seq":[{"prop":"complete","value":false,"time":1554742207801}]}},"module":{},"tutor":{}}