{"scene":{"SNavigator":{},"SIntro":{"complete":false,"$seq":[{"prop":"complete","value":false,"time":1557761982072}]},"SScene1":{"complete":true,"$seq":[{"prop":"complete","value":false,"time":1557761996228},{"prop":"Sg1","value":"true","time":1557762023097},{"prop":"DR1:Sg1","value":"ans1","time":1557762023097},{"prop":"complete","value":true,"time":1557762023097},{"prop":"Sg1","value":"true","time":1557762023098},{"prop":"complete","value":true,"time":1557762023099},{"prop":"Sg1","value":"true","time":1557762023722},{"prop":"DR1:Sg1","value":"ans2","time":1557762023722},{"prop":"complete","value":true,"time":1557762023722},{"prop":"Sg1","value":"true","time":1557762023722},{"prop":"complete","value":true,"time":1557762023722},{"prop":"Sg1","value":"true","time":1557762024728},{"prop":"DR1:Sg1","value":"ans1","time":1557762024728},{"prop":"complete","value":true,"time":1557762024729},{"prop":"Sg1","value":"true","time":1557762024729},{"prop":"complete","value":true,"time":1557762024729}],"Sg1":"true","DR1:Sg1":"ans1"},"SScene2":{"complete":false,"$seq":[{"prop":"complete","value":false,"time":1557762030569}]}},"module":{},"tutor":{}}