{"scene":{"SNavigator":{},"SScene3":{"complete":true,"$seq":[{"prop":"complete","value":false,"time":1557934790501},{"prop":"complete","value":true,"time":1557934796636}]},"SScene4":{"complete":true,"$seq":[{"prop":"complete","value":false,"time":1557934807978},{"prop":"complete","value":true,"time":1557934819397}]},"SScene5":{"complete":true,"$seq":[{"prop":"complete","value":false,"time":1557934819972},{"prop":"complete","value":true,"time":1557934825608}]},"SScene6":{"complete":true,"$seq":[{"prop":"complete","value":false,"time":1557934827131},{"prop":"complete","value":true,"time":1557934838429}]},"SScene7":{"complete":true,"$seq":[{"prop":"complete","value":false,"time":1557935207216},{"prop":"complete","value":true,"time":1557935216480}]},"SScene8":{"complete":true,"$seq":[{"prop":"complete","value":false,"time":1557935218233},{"prop":"complete","value":true,"time":1557935259455}]},"SScene9":{"complete":false,"$seq":[{"prop":"complete","value":false,"time":1557935260868},{"prop":"complete","value":true,"time":1557935266613},{"prop":"complete","value":false,"time":1557935267491}]},"SScene11":{"complete":true,"$seq":[{"prop":"complete","value":false,"time":1557935271037},{"prop":"complete","value":true,"time":1557935283569}]},"SScene12":{"complete":true,"$seq":[{"prop":"complete","value":false,"time":1557935284771},{"prop":"complete","value":true,"time":1557935293213}]},"SScene12A":{"complete":false,"$seq":[{"prop":"complete","value":false,"time":1557935307251},{"prop":"complete","value":true,"time":1557935329329},{"prop":"complete","value":false,"time":1557935330235}]},"SScene14":{"complete":false,"$seq":[{"prop":"complete","value":false,"time":1557934988245},{"prop":"complete","value":true,"time":1557935000454},{"prop":"complete","value":false,"time":1557935002276}]},"SScene15":{"complete":true,"$seq":[{"prop":"complete","value":false,"time":1557935379189},{"prop":"complete","value":false,"time":1557935405856},{"prop":"complete","value":false,"time":1557935408567},{"prop":"complete","value":true,"time":1557935411437},{"prop":"complete","value":false,"time":1557935412362},{"prop":"complete","value":true,"time":1557935456899}]},"SScene16":{"complete":true,"$seq":[{"prop":"complete","value":false,"time":1557935457728},{"prop":"complete","value":true,"time":1557935470050},{"prop":"complete","value":false,"time":1557935474239},{"prop":"complete","value":true,"time":1557935475942}]},"SScene17":{"complete":true,"$seq":[{"prop":"complete","value":false,"time":1557935477341},{"prop":"complete","value":true,"time":1557935501076},{"prop":"complete","value":true,"time":1557935501076},{"prop":"complete","value":false,"time":1557935502952},{"prop":"complete","value":true,"time":1557935533467}]},"SScene13":{"complete":false,"$seq":[{"prop":"complete","value":false,"time":1557935339963},{"prop":"complete","value":true,"time":1557935367492},{"prop":"complete","value":false,"time":1557935369040}]},"SScene18":{"complete":true,"$seq":[{"prop":"complete","value":false,"time":1557935534291},{"prop":"complete","value":true,"time":1557935539561}]},"SScene19":{"complete":false,"$seq":[{"prop":"complete","value":false,"time":1557935551134}]}},"module":{"selectedArea":{"ontologyKey":"S_A1|name","index":1},"selectedTopic":{"ontologyKey":"S_A1_T1|name","index":1},"selectedVariable":{"ontologyKey":"S_A1_T1_V2|name","index":2},"selectedRQ":{"ontologyKey":"S_A1_T1_RQ2","index":"2"},"RQconfirmation":"OK","TEDExptNonTarget":[1,2,3],"TEDExptConfounds":[3],"TEDExptDifferent":[3,4],"TEDExptArea":{"ontologyKey":"S_A1","index":1},"TEDExptTopic":{"ontologyKey":"S_A1_T1","index":1},"TEDExptVariable":{"ontologyKey":"S_A1_T1_V4","index":4},"TEDExptRQ":{"ontologyKey":"S_A1_T1_RQ4","index":4},"TEDExptVarNC1":{"ontologyKey":"S_A1_T1_V1","index":1},"TEDExptVarNC2":{"ontologyKey":"S_A1_T1_V2","index":2},"TEDExptVarNC3":{"ontologyKey":"S_A1_T1_V3","index":3},"TEDExptPOSTSequence":[{"ontologyKey":"S_A1_T1_V3","index":3},{"ontologyKey":"S_A1_T1_V4","index":4},{"ontologyKey":"S_A1_T1_V1","index":1}],"TEDExpt1V1":{"ontologyKey":"S_A1_T1_V1_A","index":1},"TEDExpt2V1":{"ontologyKey":"S_A1_T1_V1_A","index":1},"TEDExpt1V2":{"ontologyKey":"S_A1_T1_V2_A","index":2},"TEDExpt2V2":{"ontologyKey":"S_A1_T1_V2_A","index":2},"TEDExpt1V3":{"ontologyKey":"S_A1_T1_V3_A","index":3},"TEDExpt2V3":{"ontologyKey":"S_A1_T1_V3_B","index":3},"TEDExpt1V4":{"ontologyKey":"S_A1_T1_V4_A","index":4},"TEDExpt2V4":{"ontologyKey":"S_A1_T1_V4_B","index":4},"TEDExptNC1SameDiff":{"ontologyKey":"TED_E1_Q7NC1SAME","value":"same","index":1},"TEDExptNC1Confound":{"ontologyKey":"S_A1_T1_V3","index":3},"TEDExptNC2SameDiff":{"ontologyKey":"TED_E1_Q7NC2SAME","value":"same","index":2},"TEDExptNC2Confound":{"ontologyKey":"S_A1_T1_V2","index":2},"TEDExptNC3SameDiff":{"ontologyKey":"TED_E1_Q7NC3DIFF","value":"diff","index":3},"TEDExptNC3Confound":{"ontologyKey":"S_A1_T1_V4","index":4},"differentRow":2,"sameRow1":1,"sameRow2":3,"sameRow3":4,"$seq":[{"prop":"TEDExptNonTarget","value":[1,2,4],"time":1557934790411},{"prop":"TEDExptConfounds","value":[4,1,2],"time":1557934790411},{"prop":"TEDExptDifferent","value":[4,1,2,3],"time":1557934790411},{"prop":"TEDExptArea","value":{"ontologyKey":"S_A1","index":1},"time":1557934790412},{"prop":"TEDExptTopic","value":{"ontologyKey":"S_A1_T1","index":1},"time":1557934790412},{"prop":"TEDExptVariable","value":{"ontologyKey":"S_A1_T1_V3","index":3},"time":1557934790412},{"prop":"TEDExptRQ","value":{"ontologyKey":"S_A1_T1_RQ3","index":3},"time":1557934790412},{"prop":"TEDExptVarNC1","value":{"ontologyKey":"S_A1_T1_V1","index":1},"time":1557934790412},{"prop":"TEDExptVarNC2","value":{"ontologyKey":"S_A1_T1_V2","index":2},"time":1557934790412},{"prop":"TEDExptVarNC3","value":{"ontologyKey":"S_A1_T1_V4","index":4},"time":1557934790412},{"prop":"TEDExptPOSTSequence","value":[{"ontologyKey":"S_A1_T1_V2","index":2},{"ontologyKey":"S_A1_T1_V3","index":3},{"ontologyKey":"S_A1_T1_V4","index":4},{"ontologyKey":"S_A1_T1_V1","index":1}],"time":1557934790412},{"prop":"TEDExpt1V1","value":{"ontologyKey":"S_A1_T1_V1_A","index":1},"time":1557934790412},{"prop":"TEDExpt2V1","value":{"ontologyKey":"S_A1_T1_V1_A","index":1},"time":1557934790412},{"prop":"TEDExpt1V2","value":{"ontologyKey":"S_A1_T1_V2_A","index":2},"time":1557934790412},{"prop":"TEDExpt2V2","value":{"ontologyKey":"S_A1_T1_V2_A","index":2},"time":1557934790412},{"prop":"TEDExpt1V3","value":{"ontologyKey":"S_A1_T1_V3_A","index":3},"time":1557934790412},{"prop":"TEDExpt2V3","value":{"ontologyKey":"S_A1_T1_V3_A","index":3},"time":1557934790412},{"prop":"TEDExpt1V4","value":{"ontologyKey":"S_A1_T1_V4_A","index":4},"time":1557934790413},{"prop":"TEDExpt2V4","value":{"ontologyKey":"S_A1_T1_V4_A","index":4},"time":1557934790413},{"prop":"TEDExpt2V4","value":{"ontologyKey":"S_A1_T1_V4_B","index":4},"time":1557934790413},{"prop":"TEDExpt2V1","value":{"ontologyKey":"S_A1_T1_V1_B","index":1},"time":1557934790413},{"prop":"TEDExpt2V2","value":{"ontologyKey":"S_A1_T1_V2_B","index":2},"time":1557934790413},{"prop":"TEDExpt2V3","value":{"ontologyKey":"S_A1_T1_V3_B","index":3},"time":1557934790413},{"prop":"TEDExptNC1SameDiff","value":{"ontologyKey":"TED_E1_Q7NC1DIFF","value":"diff","index":1},"time":1557934790413},{"prop":"TEDExptNC1Confound","value":{"ontologyKey":"S_A1_T1_V1","index":1},"time":1557934790413},{"prop":"TEDExptNC2SameDiff","value":{"ontologyKey":"TED_E1_Q7NC2DIFF","value":"diff","index":2},"time":1557934790413},{"prop":"TEDExptNC2Confound","value":{"ontologyKey":"S_A1_T1_V2","index":2},"time":1557934790413},{"prop":"TEDExptNC3SameDiff","value":{"ontologyKey":"TED_E1_Q7NC3DIFF","value":"diff","index":4},"time":1557934790413},{"prop":"TEDExptNC3Confound","value":{"ontologyKey":"S_A1_T1_V4","index":4},"time":1557934790413},{"prop":"Expt1_Q1","value":{"name":"{{$EFO_TED_E1_LISTYN|yes}}","ontologyKey":"TED_E1_LISTYN|yes","index":1,"value":false,"id":"incorrect"},"time":1557934905565},{"prop":"Expt1_Q","value":{"name":"{{$EFO_TED_E1_LISTYN|yes}}","ontologyKey":"TED_E1_LISTYN|yes","index":1,"value":false,"id":"incorrect"},"time":1557934905565},{"prop":"Expt1_Reason","value":{"name":"{{$EFO_TED_E1_LISTQ23|ans4}}","value":"$EFL_efdata.TED.E1.LISTQ23","ontologyKey":"TED_E1_LISTQ23|yes","index":4,"id":"4"},"time":1557934937166},{"prop":"Expt1_Q4","value":{"name":"{{$EFO_TED_E1_LISTYN|yes}}","ontologyKey":"TED_E1_LISTYN|yes","index":1,"value":false,"id":"incorrect"},"time":1557934974003},{"prop":"Imagine1","value":{"name":"{{$EFO_TED_E1_LISTYN|yes}}","ontologyKey":"TED_E1_LISTYN|yes","index":1,"value":false,"id":"incorrect"},"time":1557934974003},{"prop":"Imagine1_Reason","value":{"name":"{{$EFO_TED_E1_LISTQ56|ans2}}","value":"$EFL_efdata.TED.E1.LISTQ56","ontologyKey":"TED_E1_LISTQ56|yes","index":2,"id":"2"},"time":1557935000454},{"prop":"FFocus:1","value":{"Row-1 Col-3":"Could cause","Row-2 Col-3":"Could cause","Row-4 Col-3":"Could Not cause"},"time":1557935012586},{"prop":"TEDFeatureFocus","value":["Could cause","Could cause","","Could Not cause"],"time":1557935012873},{"prop":"CHG:FFocus:1:Row-1 Col-3","value":"Could cause","time":1557935055127},{"prop":"TEDFeatureFocus","value":["Could cause","Could cause","","Could Not cause"],"time":1557935055127},{"prop":"CHG:FFocus:1:Row-2 Col-3","value":"Could cause","time":1557935058443},{"prop":"TEDFeatureFocus","value":["Could cause","Could cause","","Could Not cause"],"time":1557935058443},{"prop":"CHG:FFocus:1:Row-4 Col-3","value":"Could Not cause","time":1557935063307},{"prop":"TEDFeatureFocus","value":["Could cause","Could cause","","Could Not cause"],"time":1557935063307},{"prop":"FFocus:1_CorrExp:","value":{"Row-1 Col-1":"Hot","Row-2 Col-1":"Brown Sugar","Row-4 Col-2":"Twine"},"time":1557935111792},{"prop":"TEDcorrection","value":3,"time":1557935112106},{"prop":"CHG:FFocus:1_CorrExp::Row-1 Col-1","value":"Hot","time":1557935125690},{"prop":"TEDcorrection","value":2,"time":1557935125691},{"prop":"CHG:FFocus:1_CorrExp::Row-2 Col-1","value":"Brown Sugar","time":1557935130296},{"prop":"TEDcorrection","value":1,"time":1557935130297},{"prop":"CHG:FFocus:1_CorrExp::Row-4 Col-2","value":"Twine","time":1557935134886},{"prop":"TEDcorrection","value":0,"time":1557935134886},{"prop":"FFocus:1_Explain:","value":{"name":"{{$EFO_TED_E1_LISTQ9|ans1}}","value":"$EFL_efdata.TED.E1.LISTQ9","ontologyKey":"TED_E1_LISTQ9|yes","index":1,"id":"1"},"time":1557935170216},{"prop":"TEDExptNonTarget","value":[1,2,3],"time":1557935207204},{"prop":"TEDExptConfounds","value":[3],"time":1557935207204},{"prop":"TEDExptDifferent","value":[3,4],"time":1557935207204},{"prop":"TEDExptArea","value":{"ontologyKey":"S_A1","index":1},"time":1557935207205},{"prop":"TEDExptTopic","value":{"ontologyKey":"S_A1_T1","index":1},"time":1557935207205},{"prop":"TEDExptVariable","value":{"ontologyKey":"S_A1_T1_V4","index":4},"time":1557935207205},{"prop":"TEDExptRQ","value":{"ontologyKey":"S_A1_T1_RQ4","index":4},"time":1557935207205},{"prop":"TEDExptVarNC1","value":{"ontologyKey":"S_A1_T1_V1","index":1},"time":1557935207205},{"prop":"TEDExptVarNC2","value":{"ontologyKey":"S_A1_T1_V2","index":2},"time":1557935207205},{"prop":"TEDExptVarNC3","value":{"ontologyKey":"S_A1_T1_V3","index":3},"time":1557935207205},{"prop":"TEDExptPOSTSequence","value":[{"ontologyKey":"S_A1_T1_V3","index":3},{"ontologyKey":"S_A1_T1_V4","index":4},{"ontologyKey":"S_A1_T1_V1","index":1}],"time":1557935207205},{"prop":"TEDExpt1V1","value":{"ontologyKey":"S_A1_T1_V1_A","index":1},"time":1557935207205},{"prop":"TEDExpt2V1","value":{"ontologyKey":"S_A1_T1_V1_A","index":1},"time":1557935207206},{"prop":"TEDExpt1V2","value":{"ontologyKey":"S_A1_T1_V2_A","index":2},"time":1557935207206},{"prop":"TEDExpt2V2","value":{"ontologyKey":"S_A1_T1_V2_A","index":2},"time":1557935207206},{"prop":"TEDExpt1V3","value":{"ontologyKey":"S_A1_T1_V3_A","index":3},"time":1557935207206},{"prop":"TEDExpt2V3","value":{"ontologyKey":"S_A1_T1_V3_A","index":3},"time":1557935207206},{"prop":"TEDExpt1V4","value":{"ontologyKey":"S_A1_T1_V4_A","index":4},"time":1557935207206},{"prop":"TEDExpt2V4","value":{"ontologyKey":"S_A1_T1_V4_A","index":4},"time":1557935207206},{"prop":"TEDExpt2V3","value":{"ontologyKey":"S_A1_T1_V3_B","index":3},"time":1557935207206},{"prop":"TEDExpt2V4","value":{"ontologyKey":"S_A1_T1_V4_B","index":4},"time":1557935207206},{"prop":"TEDExptNC1SameDiff","value":{"ontologyKey":"TED_E1_Q7NC1SAME","value":"same","index":1},"time":1557935207206},{"prop":"TEDExptNC2SameDiff","value":{"ontologyKey":"TED_E1_Q7NC2SAME","value":"same","index":2},"time":1557935207206},{"prop":"TEDExptNC3SameDiff","value":{"ontologyKey":"TED_E1_Q7NC3DIFF","value":"diff","index":3},"time":1557935207206},{"prop":"TEDExptNC1Confound","value":{"ontologyKey":"S_A1_T1_V3","index":3},"time":1557935207206},{"prop":"Expt1_Q1","value":{"name":"{{$EFO_TED_E1_LISTYN|yes}}","ontologyKey":"TED_E1_LISTYN|yes","index":1,"value":false,"id":"incorrect"},"time":1557935266613},{"prop":"Expt2_Q","value":{"name":"{{$EFO_TED_E1_LISTYN|yes}}","ontologyKey":"TED_E1_LISTYN|yes","index":1,"value":false,"id":"incorrect"},"time":1557935266613},{"prop":"Expt2_Reason","value":{"name":"{{$EFO_TED_E1_LISTQ23|ans1}}","value":"$EFL_efdata.TED.E1.LISTQ23","ontologyKey":"TED_E1_LISTQ23|yes","index":1,"id":"1"},"time":1557935283569},{"prop":"Expt1_Q4","value":{"name":"{{$EFO_TED_E1_LISTYN|no}}","ontologyKey":"TED_E1_LISTYN|no","index":2,"value":true,"id":"correct"},"time":1557935329329},{"prop":"Imagine2","value":{"name":"{{$EFO_TED_E1_LISTYN|no}}","ontologyKey":"TED_E1_LISTYN|no","index":2,"value":true,"id":"correct"},"time":1557935329329},{"prop":"Imagine2_Reason","value":{"name":"{{$EFO_TED_E1_LISTQ56|ans2}}","value":"$EFL_efdata.TED.E1.LISTQ56","ontologyKey":"TED_E1_LISTQ56|yes","index":2,"id":"2"},"time":1557935367492},{"prop":"FFocus:2","value":{"Row-1 Col-3":"Could cause","Row-2 Col-3":"Could Not cause","Row-3 Col-3":"Could Not cause"},"time":1557935379189},{"prop":"TEDFeatureFocus","value":["Could cause","Could Not cause","Could Not cause",""],"time":1557935379478},{"prop":"CHG:FFocus:2:Row-1 Col-3","value":"Could cause","time":1557935405856},{"prop":"TEDFeatureFocus","value":["Could cause","Could Not cause","Could Not cause",""],"time":1557935405856},{"prop":"CHG:FFocus:2:Row-2 Col-3","value":"Could Not cause","time":1557935408567},{"prop":"TEDFeatureFocus","value":["Could cause","Could Not cause","Could Not cause",""],"time":1557935408567},{"prop":"CHG:FFocus:2:Row-3 Col-3","value":"Could Not cause","time":1557935411437},{"prop":"TEDFeatureFocus","value":["Could cause","Could Not cause","Could Not cause",""],"time":1557935411437},{"prop":"FFocus:2_CorrExp:","value":{"Row-3 Col-2":"A little"},"time":1557935457728},{"prop":"TEDcorrection","value":1,"time":1557935458049},{"prop":"CHG:FFocus:2_CorrExp::Row-3 Col-2","value":"A little","time":1557935470049},{"prop":"TEDcorrection","value":0,"time":1557935470050},{"prop":"CHG:FFocus:2_CorrExp::Row-3 Col-2","value":"None","time":1557935474239},{"prop":"TEDcorrection","value":1,"time":1557935474239},{"prop":"CHG:FFocus:2_CorrExp::Row-3 Col-2","value":"A little","time":1557935475942},{"prop":"TEDcorrection","value":0,"time":1557935475942},{"prop":"FFocus:2_Explain:","value":{"name":"{{$EFO_TED_E1_LISTQ9|ans3}}","value":"$EFL_efdata.TED.E1.LISTQ9","ontologyKey":"TED_E1_LISTQ9|yes","index":3,"id":"3"},"time":1557935501076},{"prop":"TEDExptPOSTTV","value":{"ontologyKey":"S_A1_T1_V2","index":2},"time":1557935551119},{"prop":"POSTQ:1","value":{},"time":1557935551119}],"Expt1_Q1":{"name":"{{$EFO_TED_E1_LISTYN|yes}}","ontologyKey":"TED_E1_LISTYN|yes","index":1,"value":false,"id":"incorrect"},"Expt1_Q":{"name":"{{$EFO_TED_E1_LISTYN|yes}}","ontologyKey":"TED_E1_LISTYN|yes","index":1,"value":false,"id":"incorrect"},"Expt1_Reason":{"name":"{{$EFO_TED_E1_LISTQ23|ans4}}","value":"$EFL_efdata.TED.E1.LISTQ23","ontologyKey":"TED_E1_LISTQ23|yes","index":4,"id":"4"},"Expt1_Q4":{"name":"{{$EFO_TED_E1_LISTYN|no}}","ontologyKey":"TED_E1_LISTYN|no","index":2,"value":true,"id":"correct"},"Imagine1":{"name":"{{$EFO_TED_E1_LISTYN|yes}}","ontologyKey":"TED_E1_LISTYN|yes","index":1,"value":false,"id":"incorrect"},"Imagine1_Reason":{"name":"{{$EFO_TED_E1_LISTQ56|ans2}}","value":"$EFL_efdata.TED.E1.LISTQ56","ontologyKey":"TED_E1_LISTQ56|yes","index":2,"id":"2"},"FFocus:1":{"Row-1 Col-3":"Could cause","Row-2 Col-3":"Could cause","Row-4 Col-3":"Could Not cause"},"TEDFeatureFocus":["Could cause","Could Not cause","Could Not cause",""],"CHG:FFocus:1:Row-1 Col-3":"Could cause","CHG:FFocus:1:Row-2 Col-3":"Could cause","CHG:FFocus:1:Row-4 Col-3":"Could Not cause","FFocus:1_CorrExp:":{"Row-1 Col-1":"Hot","Row-2 Col-1":"Brown Sugar","Row-4 Col-2":"Twine"},"TEDcorrection":0,"CHG:FFocus:1_CorrExp::Row-1 Col-1":"Hot","CHG:FFocus:1_CorrExp::Row-2 Col-1":"Brown Sugar","CHG:FFocus:1_CorrExp::Row-4 Col-2":"Twine","FFocus:1_Explain:":{"name":"{{$EFO_TED_E1_LISTQ9|ans1}}","value":"$EFL_efdata.TED.E1.LISTQ9","ontologyKey":"TED_E1_LISTQ9|yes","index":1,"id":"1"},"Expt2_Q":{"name":"{{$EFO_TED_E1_LISTYN|yes}}","ontologyKey":"TED_E1_LISTYN|yes","index":1,"value":false,"id":"incorrect"},"Expt2_Reason":{"name":"{{$EFO_TED_E1_LISTQ23|ans1}}","value":"$EFL_efdata.TED.E1.LISTQ23","ontologyKey":"TED_E1_LISTQ23|yes","index":1,"id":"1"},"Imagine2":{"name":"{{$EFO_TED_E1_LISTYN|no}}","ontologyKey":"TED_E1_LISTYN|no","index":2,"value":true,"id":"correct"},"Imagine2_Reason":{"name":"{{$EFO_TED_E1_LISTQ56|ans2}}","value":"$EFL_efdata.TED.E1.LISTQ56","ontologyKey":"TED_E1_LISTQ56|yes","index":2,"id":"2"},"FFocus:2":{"Row-1 Col-3":"Could cause","Row-2 Col-3":"Could Not cause","Row-3 Col-3":"Could Not cause"},"CHG:FFocus:2:Row-1 Col-3":"Could cause","CHG:FFocus:2:Row-2 Col-3":"Could Not cause","CHG:FFocus:2:Row-3 Col-3":"Could Not cause","FFocus:2_CorrExp:":{"Row-3 Col-2":"A little"},"CHG:FFocus:2_CorrExp::Row-3 Col-2":"A little","FFocus:2_Explain:":{"name":"{{$EFO_TED_E1_LISTQ9|ans3}}","value":"$EFL_efdata.TED.E1.LISTQ9","ontologyKey":"TED_E1_LISTQ9|yes","index":3,"id":"3"},"TEDExptPOSTTV":{"ontologyKey":"S_A1_T1_V2","index":2},"POSTQ:1":{}},"tutor":{"experimentalGroup":{"ontologyKey":"EG_A1"},"$seq":[{"prop":"experimentalGroup.ontologyKey","value":"EG_A1","time":1557934790407}]}}