{"scene":{"SNavigator":{},"SScene1":{"rowsComplete":4,"$seq":[{"prop":"rowsComplete","value":0,"time":1557849396993},{"prop":"complete","value":false,"time":1557849397300},{"prop":"currentRow","value":2,"time":1557849408252},{"prop":"correct","value":true,"time":1557849408252},{"prop":"correct","value":false,"time":1557849408365},{"prop":"correct","value":false,"time":1557849413651},{"prop":"correct","value":false,"time":1557849413652},{"prop":"TVSel.col1","value":2,"time":1557849418403},{"prop":"TVSel.col2","value":1,"time":1557849421047},{"prop":"correct","value":true,"time":1557849421047},{"prop":"correct","value":false,"time":1557849421097},{"prop":"rowsComplete","value":1,"time":1557849421101},{"prop":"currentRow","value":0,"time":1557849430360},{"prop":"currentRow","value":1,"time":1557849430361},{"prop":"correct","value":false,"time":1557849430361},{"prop":"VSel.col1","value":null,"time":1557849430361},{"prop":"VSel.col2","value":null,"time":1557849430361},{"prop":"correct","value":false,"time":1557849430363},{"prop":"VSel.col1","value":2,"time":1557849436315},{"prop":"VSel.col2","value":1,"time":1557849437921},{"prop":"correct","value":false,"time":1557849437922},{"prop":"correct","value":false,"time":1557849437950},{"prop":"VSel.col2","value":2,"time":1557849445394},{"prop":"correct","value":true,"time":1557849445394},{"prop":"correct","value":false,"time":1557849445417},{"prop":"rowsComplete","value":2,"time":1557849445420},{"prop":"currentRow","value":3,"time":1557849450846},{"prop":"correct","value":false,"time":1557849450846},{"prop":"VSel.col1","value":null,"time":1557849450847},{"prop":"VSel.col2","value":null,"time":1557849450847},{"prop":"correct","value":false,"time":1557849450849},{"prop":"VSel.col1","value":1,"time":1557849457748},{"prop":"VSel.col2","value":1,"time":1557849461255},{"prop":"correct","value":true,"time":1557849461255},{"prop":"correct","value":false,"time":1557849461281},{"prop":"rowsComplete","value":3,"time":1557849461284},{"prop":"currentRow","value":4,"time":1557849466663},{"prop":"correct","value":false,"time":1557849466664},{"prop":"VSel.col1","value":null,"time":1557849466664},{"prop":"VSel.col2","value":null,"time":1557849466664},{"prop":"correct","value":false,"time":1557849466665},{"prop":"VSel.col1","value":1,"time":1557849470301},{"prop":"VSel.col2","value":2,"time":1557849472363},{"prop":"correct","value":false,"time":1557849472363},{"prop":"correct","value":false,"time":1557849472391},{"prop":"VSel.col2","value":1,"time":1557849475743},{"prop":"correct","value":true,"time":1557849475743},{"prop":"correct","value":false,"time":1557849475770},{"prop":"rowsComplete","value":4,"time":1557849475773},{"prop":"currentRow","value":5,"time":1557849481113},{"prop":"complete","value":true,"time":1557849481113},{"prop":"correct","value":false,"time":1557849481114}],"complete":true,"currentRow":5,"correct":false,"TVSel":{"col1":2,"col2":1},"VSel":{"col1":1,"col2":1}},"SScene2":{"complete":true,"$seq":[{"prop":"complete","value":false,"time":1557849482014},{"prop":"complete","value":true,"time":1557849502132},{"prop":"correct","value":false,"time":1557849503208}],"correct":false},"SSceneEnd":{}},"module":{"selectedArea":{"ontologyKey":"S_A1|name","index":1},"selectedTopic":{"ontologyKey":"S_A1_T1|name","index":1},"selectedVariable":{"ontologyKey":"S_A1_T1_V2|name","index":2},"selectedRQ":{"ontologyKey":"S_A1_T1_RQ2","index":"2"},"RQconfirmation":"OK","TEDExptNonTarget":[1,2,4],"$seq":[{"prop":"TEDExptNonTarget","value":[1,2,4],"time":1557849396882},{"prop":"TEDExptConfounds","value":[4,1,2],"time":1557849396882},{"prop":"TEDExptDifferent","value":[4,1,2,3],"time":1557849396882},{"prop":"TEDExptArea","value":{"ontologyKey":"S_A1","index":1},"time":1557849396882},{"prop":"TEDExptTopic","value":{"ontologyKey":"S_A1_T1","index":1},"time":1557849396882},{"prop":"TEDExptVariable","value":{"ontologyKey":"S_A1_T1_V3","index":3},"time":1557849396882},{"prop":"TEDExptRQ","value":{"ontologyKey":"S_A1_T1_RQ3","index":3},"time":1557849396883},{"prop":"TEDExptVarNC1","value":{"ontologyKey":"S_A1_T1_V1","index":1},"time":1557849396883},{"prop":"TEDExptVarNC2","value":{"ontologyKey":"S_A1_T1_V2","index":2},"time":1557849396883},{"prop":"TEDExptVarNC3","value":{"ontologyKey":"S_A1_T1_V4","index":4},"time":1557849396883},{"prop":"TEDExptPOSTSequence","value":[{"ontologyKey":"S_A1_T1_V2","index":2},{"ontologyKey":"S_A1_T1_V3","index":3},{"ontologyKey":"S_A1_T1_V4","index":4},{"ontologyKey":"S_A1_T1_V1","index":1}],"time":1557849396883},{"prop":"TEDExpt1V1","value":{"ontologyKey":"S_A1_T1_V1_A","index":1},"time":1557849396883},{"prop":"TEDExpt2V1","value":{"ontologyKey":"S_A1_T1_V1_A","index":1},"time":1557849396883},{"prop":"TEDExpt1V2","value":{"ontologyKey":"S_A1_T1_V2_A","index":2},"time":1557849396883},{"prop":"TEDExpt2V2","value":{"ontologyKey":"S_A1_T1_V2_A","index":2},"time":1557849396883},{"prop":"TEDExpt1V3","value":{"ontologyKey":"S_A1_T1_V3_A","index":3},"time":1557849396883},{"prop":"TEDExpt2V3","value":{"ontologyKey":"S_A1_T1_V3_A","index":3},"time":1557849396884},{"prop":"TEDExpt1V4","value":{"ontologyKey":"S_A1_T1_V4_A","index":4},"time":1557849396884},{"prop":"TEDExpt2V4","value":{"ontologyKey":"S_A1_T1_V4_A","index":4},"time":1557849396884},{"prop":"TEDExpt2V4","value":{"ontologyKey":"S_A1_T1_V4_B","index":4},"time":1557849396884},{"prop":"TEDExpt2V1","value":{"ontologyKey":"S_A1_T1_V1_B","index":1},"time":1557849396884},{"prop":"TEDExpt2V2","value":{"ontologyKey":"S_A1_T1_V2_B","index":2},"time":1557849396884},{"prop":"TEDExpt2V3","value":{"ontologyKey":"S_A1_T1_V3_B","index":3},"time":1557849396884},{"prop":"TEDExptNC1SameDiff","value":{"ontologyKey":"TED_E1_Q7NC1DIFF","value":"diff","index":1},"time":1557849396884},{"prop":"TEDExptNC1Confound","value":{"ontologyKey":"S_A1_T1_V1","index":1},"time":1557849396884},{"prop":"TEDExptNC2SameDiff","value":{"ontologyKey":"TED_E1_Q7NC2DIFF","value":"diff","index":2},"time":1557849396884},{"prop":"TEDExptNC2Confound","value":{"ontologyKey":"S_A1_T1_V2","index":2},"time":1557849396884},{"prop":"TEDExptNC3SameDiff","value":{"ontologyKey":"TED_E1_Q7NC3DIFF","value":"diff","index":4},"time":1557849396884},{"prop":"TEDExptNC3Confound","value":{"ontologyKey":"S_A1_T1_V4","index":4},"time":1557849396884},{"prop":"TEDExptNonTarget","value":[1,2,4],"time":1557849396967},{"prop":"TEDExptConfounds","value":[4,1,2],"time":1557849396967},{"prop":"TEDExptDifferent","value":[4,1,2,3],"time":1557849396967},{"prop":"TEDExptArea","value":{"ontologyKey":"S_A1","index":1},"time":1557849396967},{"prop":"TEDExptTopic","value":{"ontologyKey":"S_A1_T1","index":1},"time":1557849396967},{"prop":"TEDExptVariable","value":{"ontologyKey":"S_A1_T1_V3","index":3},"time":1557849396967},{"prop":"TEDExptRQ","value":{"ontologyKey":"S_A1_T1_RQ3","index":3},"time":1557849396967},{"prop":"TEDExptVarNC1","value":{"ontologyKey":"S_A1_T1_V1","index":1},"time":1557849396967},{"prop":"TEDExptVarNC2","value":{"ontologyKey":"S_A1_T1_V2","index":2},"time":1557849396967},{"prop":"TEDExptVarNC3","value":{"ontologyKey":"S_A1_T1_V4","index":4},"time":1557849396967},{"prop":"TEDExptPOSTSequence","value":[{"ontologyKey":"S_A1_T1_V2","index":2},{"ontologyKey":"S_A1_T1_V3","index":3},{"ontologyKey":"S_A1_T1_V4","index":4},{"ontologyKey":"S_A1_T1_V1","index":1}],"time":1557849396967},{"prop":"TEDExpt1V1","value":{"ontologyKey":"S_A1_T1_V1_A","index":1},"time":1557849396967},{"prop":"TEDExpt2V1","value":{"ontologyKey":"S_A1_T1_V1_A","index":1},"time":1557849396967},{"prop":"TEDExpt1V2","value":{"ontologyKey":"S_A1_T1_V2_A","index":2},"time":1557849396967},{"prop":"TEDExpt2V2","value":{"ontologyKey":"S_A1_T1_V2_A","index":2},"time":1557849396968},{"prop":"TEDExpt1V3","value":{"ontologyKey":"S_A1_T1_V3_A","index":3},"time":1557849396968},{"prop":"TEDExpt2V3","value":{"ontologyKey":"S_A1_T1_V3_A","index":3},"time":1557849396968},{"prop":"TEDExpt1V4","value":{"ontologyKey":"S_A1_T1_V4_A","index":4},"time":1557849396968},{"prop":"TEDExpt2V4","value":{"ontologyKey":"S_A1_T1_V4_A","index":4},"time":1557849396968},{"prop":"TEDExpt2V4","value":{"ontologyKey":"S_A1_T1_V4_B","index":4},"time":1557849396968},{"prop":"TEDExpt2V1","value":{"ontologyKey":"S_A1_T1_V1_B","index":1},"time":1557849396968},{"prop":"TEDExpt2V2","value":{"ontologyKey":"S_A1_T1_V2_B","index":2},"time":1557849396968},{"prop":"TEDExpt2V3","value":{"ontologyKey":"S_A1_T1_V3_B","index":3},"time":1557849396968},{"prop":"TEDExptNC1SameDiff","value":{"ontologyKey":"TED_E1_Q7NC1DIFF","value":"diff","index":1},"time":1557849396968},{"prop":"TEDExptNC1Confound","value":{"ontologyKey":"S_A1_T1_V1","index":1},"time":1557849396968},{"prop":"TEDExptNC2SameDiff","value":{"ontologyKey":"TED_E1_Q7NC2DIFF","value":"diff","index":2},"time":1557849396968},{"prop":"TEDExptNC2Confound","value":{"ontologyKey":"S_A1_T1_V2","index":2},"time":1557849396968},{"prop":"TEDExptNC3SameDiff","value":{"ontologyKey":"TED_E1_Q7NC3DIFF","value":"diff","index":4},"time":1557849396968},{"prop":"TEDExptNC3Confound","value":{"ontologyKey":"S_A1_T1_V4","index":4},"time":1557849396968},{"prop":"TEDExptNonTarget","value":[1,2,4],"time":1557849397300},{"prop":"TEDExptConfounds","value":[4,1,2],"time":1557849397300},{"prop":"TEDExptDifferent","value":[4,1,2,3],"time":1557849397300},{"prop":"TEDExptArea","value":{"ontologyKey":"S_A1","index":1},"time":1557849397300},{"prop":"TEDExptTopic","value":{"ontologyKey":"S_A1_T1","index":1},"time":1557849397300},{"prop":"TEDExptVariable","value":{"ontologyKey":"S_A1_T1_V3","index":3},"time":1557849397300},{"prop":"TEDExptRQ","value":{"ontologyKey":"S_A1_T1_RQ3","index":3},"time":1557849397300},{"prop":"TEDExptVarNC1","value":{"ontologyKey":"S_A1_T1_V1","index":1},"time":1557849397300},{"prop":"TEDExptVarNC2","value":{"ontologyKey":"S_A1_T1_V2","index":2},"time":1557849397300},{"prop":"TEDExptVarNC3","value":{"ontologyKey":"S_A1_T1_V4","index":4},"time":1557849397300},{"prop":"TEDExptPOSTSequence","value":[{"ontologyKey":"S_A1_T1_V2","index":2},{"ontologyKey":"S_A1_T1_V3","index":3},{"ontologyKey":"S_A1_T1_V4","index":4},{"ontologyKey":"S_A1_T1_V1","index":1}],"time":1557849397300},{"prop":"TEDExpt1V1","value":{"ontologyKey":"S_A1_T1_V1_A","index":1},"time":1557849397300},{"prop":"TEDExpt2V1","value":{"ontologyKey":"S_A1_T1_V1_A","index":1},"time":1557849397300},{"prop":"TEDExpt1V2","value":{"ontologyKey":"S_A1_T1_V2_A","index":2},"time":1557849397300},{"prop":"TEDExpt2V2","value":{"ontologyKey":"S_A1_T1_V2_A","index":2},"time":1557849397300},{"prop":"TEDExpt1V3","value":{"ontologyKey":"S_A1_T1_V3_A","index":3},"time":1557849397300},{"prop":"TEDExpt2V3","value":{"ontologyKey":"S_A1_T1_V3_A","index":3},"time":1557849397300},{"prop":"TEDExpt1V4","value":{"ontologyKey":"S_A1_T1_V4_A","index":4},"time":1557849397300},{"prop":"TEDExpt2V4","value":{"ontologyKey":"S_A1_T1_V4_A","index":4},"time":1557849397300},{"prop":"TEDExpt2V4","value":{"ontologyKey":"S_A1_T1_V4_B","index":4},"time":1557849397300},{"prop":"TEDExpt2V1","value":{"ontologyKey":"S_A1_T1_V1_B","index":1},"time":1557849397300},{"prop":"TEDExpt2V2","value":{"ontologyKey":"S_A1_T1_V2_B","index":2},"time":1557849397300},{"prop":"TEDExpt2V3","value":{"ontologyKey":"S_A1_T1_V3_B","index":3},"time":1557849397300},{"prop":"TEDExptNC1SameDiff","value":{"ontologyKey":"TED_E1_Q7NC1DIFF","value":"diff","index":1},"time":1557849397300},{"prop":"TEDExptNC1Confound","value":{"ontologyKey":"S_A1_T1_V1","index":1},"time":1557849397300},{"prop":"TEDExptNC2SameDiff","value":{"ontologyKey":"TED_E1_Q7NC2DIFF","value":"diff","index":2},"time":1557849397300},{"prop":"TEDExptNC2Confound","value":{"ontologyKey":"S_A1_T1_V2","index":2},"time":1557849397300},{"prop":"TEDExptNC3SameDiff","value":{"ontologyKey":"TED_E1_Q7NC3DIFF","value":"diff","index":4},"time":1557849397300},{"prop":"TEDExptNC3Confound","value":{"ontologyKey":"S_A1_T1_V4","index":4},"time":1557849397300},{"prop":"differentRow","value":2,"time":1557849421101},{"prop":"independentVarN","value":{"row":1,"col":0,"ontologyKey":"S_A1_T1_V1|name","isText":true,"selectedValue":"Water Temperature","cell":{}},"time":1557849430361},{"prop":"sameRow1","value":1,"time":1557849445420},{"prop":"independentVarN","value":{"row":3,"col":0,"ontologyKey":"S_A1_T1_V3|name","isText":true,"selectedValue":"Initial Amount of Crystals on String","cell":{}},"time":1557849450846},{"prop":"sameRow2","value":3,"time":1557849461283},{"prop":"independentVarN","value":{"row":4,"col":0,"ontologyKey":"S_A1_T1_V4|name","isText":true,"selectedValue":"Type of String","cell":{}},"time":1557849466663},{"prop":"sameRow3","value":4,"time":1557849475773},{"prop":"independentVarN","time":1557849481113}],"TEDExptConfounds":[4,1,2],"TEDExptDifferent":[4,1,2,3],"TEDExptArea":{"ontologyKey":"S_A1","index":1},"TEDExptTopic":{"ontologyKey":"S_A1_T1","index":1},"TEDExptVariable":{"ontologyKey":"S_A1_T1_V3","index":3},"TEDExptRQ":{"ontologyKey":"S_A1_T1_RQ3","index":3},"TEDExptVarNC1":{"ontologyKey":"S_A1_T1_V1","index":1},"TEDExptVarNC2":{"ontologyKey":"S_A1_T1_V2","index":2},"TEDExptVarNC3":{"ontologyKey":"S_A1_T1_V4","index":4},"TEDExptPOSTSequence":[{"ontologyKey":"S_A1_T1_V2","index":2},{"ontologyKey":"S_A1_T1_V3","index":3},{"ontologyKey":"S_A1_T1_V4","index":4},{"ontologyKey":"S_A1_T1_V1","index":1}],"TEDExpt1V1":{"ontologyKey":"S_A1_T1_V1_A","index":1},"TEDExpt2V1":{"ontologyKey":"S_A1_T1_V1_B","index":1},"TEDExpt1V2":{"ontologyKey":"S_A1_T1_V2_A","index":2},"TEDExpt2V2":{"ontologyKey":"S_A1_T1_V2_B","index":2},"TEDExpt1V3":{"ontologyKey":"S_A1_T1_V3_A","index":3},"TEDExpt2V3":{"ontologyKey":"S_A1_T1_V3_B","index":3},"TEDExpt1V4":{"ontologyKey":"S_A1_T1_V4_A","index":4},"TEDExpt2V4":{"ontologyKey":"S_A1_T1_V4_B","index":4},"TEDExptNC1SameDiff":{"ontologyKey":"TED_E1_Q7NC1DIFF","value":"diff","index":1},"TEDExptNC1Confound":{"ontologyKey":"S_A1_T1_V1","index":1},"TEDExptNC2SameDiff":{"ontologyKey":"TED_E1_Q7NC2DIFF","value":"diff","index":2},"TEDExptNC2Confound":{"ontologyKey":"S_A1_T1_V2","index":2},"TEDExptNC3SameDiff":{"ontologyKey":"TED_E1_Q7NC3DIFF","value":"diff","index":4},"TEDExptNC3Confound":{"ontologyKey":"S_A1_T1_V4","index":4},"differentRow":2,"sameRow1":1,"sameRow2":3,"sameRow3":4},"tutor":{"experimentalGroup":{"ontologyKey":"EG_A1"},"$seq":[{"prop":"experimentalGroup.ontologyKey","value":"EG_A1","time":1557849396876}]}}