{"scene":{"SNavigator":{},"SScene1":{"rowsComplete":4,"$seq":[{"prop":"rowsComplete","value":0,"time":1556213987187},{"prop":"complete","value":false,"time":1556213987488},{"prop":"currentRow","value":2,"time":1556214004130},{"prop":"correct","value":false,"time":1556214004130},{"prop":"correct","value":false,"time":1556214004146},{"prop":"currentRow","value":1,"time":1556214005670},{"prop":"correct","value":false,"time":1556214005670},{"prop":"correct","value":false,"time":1556214005680},{"prop":"currentRow","value":4,"time":1556214006531},{"prop":"correct","value":true,"time":1556214006531},{"prop":"correct","value":false,"time":1556214006551},{"prop":"correct","value":false,"time":1556214012038},{"prop":"correct","value":false,"time":1556214012043},{"prop":"TVSel.col1","value":1,"time":1556214021773},{"prop":"TVSel.col2","value":2,"time":1556214023761},{"prop":"correct","value":true,"time":1556214023761},{"prop":"correct","value":false,"time":1556214023813},{"prop":"rowsComplete","value":1,"time":1556214023821},{"prop":"currentRow","value":0,"time":1556214033344},{"prop":"currentRow","value":1,"time":1556214033345},{"prop":"correct","value":false,"time":1556214033346},{"prop":"VSel.col1","value":null,"time":1556214033346},{"prop":"VSel.col2","value":null,"time":1556214033346},{"prop":"correct","value":false,"time":1556214033349},{"prop":"VSel.col1","value":2,"time":1556214040971},{"prop":"VSel.col2","value":1,"time":1556214042615},{"prop":"correct","value":false,"time":1556214042616},{"prop":"correct","value":false,"time":1556214042651},{"prop":"VSel.col2","value":2,"time":1556214051062},{"prop":"correct","value":true,"time":1556214051062},{"prop":"correct","value":false,"time":1556214051081},{"prop":"rowsComplete","value":2,"time":1556214051083},{"prop":"currentRow","value":2,"time":1556214056742},{"prop":"correct","value":false,"time":1556214056744},{"prop":"VSel.col1","value":null,"time":1556214056744},{"prop":"VSel.col2","value":null,"time":1556214056744},{"prop":"correct","value":false,"time":1556214056749},{"prop":"VSel.col1","value":1,"time":1556214059205},{"prop":"VSel.col2","value":1,"time":1556214060516},{"prop":"correct","value":true,"time":1556214060516},{"prop":"correct","value":false,"time":1556214060538},{"prop":"rowsComplete","value":3,"time":1556214060542},{"prop":"currentRow","value":3,"time":1556214066097},{"prop":"correct","value":false,"time":1556214066099},{"prop":"VSel.col1","value":null,"time":1556214066099},{"prop":"VSel.col2","value":null,"time":1556214066099},{"prop":"correct","value":false,"time":1556214066101},{"prop":"VSel.col1","value":2,"time":1556214068317},{"prop":"VSel.col2","value":2,"time":1556214070298},{"prop":"correct","value":true,"time":1556214070298},{"prop":"correct","value":false,"time":1556214070330},{"prop":"rowsComplete","value":4,"time":1556214070332},{"prop":"currentRow","value":5,"time":1556214075943},{"prop":"complete","value":true,"time":1556214075943},{"prop":"correct","value":false,"time":1556214075945}],"complete":true,"currentRow":5,"correct":false,"TVSel":{"col1":1,"col2":2},"VSel":{"col1":2,"col2":2}},"SScene2":{"complete":true,"$seq":[{"prop":"complete","value":false,"time":1556214078599},{"prop":"complete","value":true,"time":1556214098350},{"prop":"correct","value":false,"time":1556214099947}],"correct":false},"SScene3":{"complete":true,"$seq":[{"prop":"complete","value":false,"time":1556214100032},{"prop":"complete","value":true,"time":1556214107404}]},"SScene4":{"complete":true,"$seq":[{"prop":"complete","value":false,"time":1556214114051},{"prop":"complete","value":true,"time":1556214126121}]},"SScene5":{"complete":true,"$seq":[{"prop":"complete","value":false,"time":1556214127036},{"prop":"complete","value":true,"time":1556214132997}]},"SScene6":{"complete":true,"$seq":[{"prop":"complete","value":false,"time":1556214135773},{"prop":"complete","value":true,"time":1556214147550}]},"SScene7":{"complete":true,"$seq":[{"prop":"complete","value":false,"time":1556214150721},{"prop":"complete","value":true,"time":1556214160364}]},"SScene8":{"complete":true,"$seq":[{"prop":"complete","value":false,"time":1556214162409},{"prop":"complete","value":true,"time":1556214209130}]},"SScene9":{"complete":false,"$seq":[{"prop":"complete","value":false,"time":1556214210788},{"prop":"complete","value":true,"time":1556214216092},{"prop":"complete","value":false,"time":1556214220752}]},"SScene10":{"complete":true,"$seq":[{"prop":"complete","value":false,"time":1556214224630},{"prop":"complete","value":true,"time":1556214236048},{"prop":"complete","value":true,"time":1556214248069}]},"SScene12":{"complete":true,"$seq":[{"prop":"complete","value":false,"time":1556214257098},{"prop":"complete","value":true,"time":1556214264335}]},"SScene12A":{"complete":false,"$seq":[{"prop":"complete","value":false,"time":1556214270035}]}},"module":{"selectedArea":{"ontologyKey":"S_A1|name","index":1},"selectedTopic":{"ontologyKey":"S_A1_T2|name","index":2},"selectedVariable":{"ontologyKey":"S_A1_T2_V4|name","index":4},"selectedRQ":{"ontologyKey":"S_A1_T2_RQ4"},"AreaSelectedID":"Sarea1|Sselected","AreaButtonID":"Sbutton1","TopicSelectedID":"Stopic2|Sselected","TopicButtonID":"Sbutton2","VariableHighlightID":"SbuttonHL4","VariableClickMaskID":"SclickMask4","RQconfirmation":"UNKNOWN","$seq":[{"prop":"selectedArea","value":{"ontologyKey":"S_A1|name","index":1},"time":1556213987090},{"prop":"selectedTopic","value":{"ontologyKey":"S_A1_T2|name","index":2},"time":1556213987090},{"prop":"selectedVariable","value":{"ontologyKey":"S_A1_T2_V4|name","index":4},"time":1556213987090},{"prop":"selectedRQ","value":{"ontologyKey":"S_A1_T2_RQ4"},"time":1556213987090},{"prop":"AreaSelectedID","value":"Sarea1|Sselected","time":1556213987090},{"prop":"AreaButtonID","value":"Sbutton1","time":1556213987090},{"prop":"TopicSelectedID","value":"Stopic2|Sselected","time":1556213987090},{"prop":"TopicButtonID","value":"Sbutton2","time":1556213987090},{"prop":"VariableHighlightID","value":"SbuttonHL4","time":1556213987090},{"prop":"VariableClickMaskID","value":"SclickMask4","time":1556213987090},{"prop":"TEDExptNonTarget","value":[2,3,4],"time":1556213987094},{"prop":"TEDExptConfounds","value":[2,3,4],"time":1556213987094},{"prop":"TEDExptDifferent","value":[2,3,4,1],"time":1556213987094},{"prop":"TEDExptArea","value":{"ontologyKey":"S_A1","index":1},"time":1556213987094},{"prop":"TEDExptTopic","value":{"ontologyKey":"S_A1_T2","index":2},"time":1556213987094},{"prop":"TEDExptVariable","value":{"ontologyKey":"S_A1_T2_V1","index":1},"time":1556213987094},{"prop":"TEDExptRQ","value":{"ontologyKey":"S_A1_T2_RQ1","index":1},"time":1556213987095},{"prop":"TEDExptVarNC1","value":{"ontologyKey":"S_A1_T2_V2","index":2},"time":1556213987095},{"prop":"TEDExptVarNC2","value":{"ontologyKey":"S_A1_T2_V3","index":3},"time":1556213987095},{"prop":"TEDExptVarNC3","value":{"ontologyKey":"S_A1_T2_V4","index":4},"time":1556213987095},{"prop":"TEDExptPOSTSequence","value":[{"ontologyKey":"S_A1_T2_V4","index":4},{"ontologyKey":"S_A1_T2_V1","index":1},{"ontologyKey":"S_A1_T2_V2","index":2},{"ontologyKey":"S_A1_T2_V3","index":3}],"time":1556213987095},{"prop":"TEDExpt1V1","value":{"ontologyKey":"S_A1_T2_V1_A","index":1},"time":1556213987095},{"prop":"TEDExpt2V1","value":{"ontologyKey":"S_A1_T2_V1_A","index":1},"time":1556213987095},{"prop":"TEDExpt1V2","value":{"ontologyKey":"S_A1_T2_V2_A","index":2},"time":1556213987095},{"prop":"TEDExpt2V2","value":{"ontologyKey":"S_A1_T2_V2_A","index":2},"time":1556213987095},{"prop":"TEDExpt1V3","value":{"ontologyKey":"S_A1_T2_V3_A","index":3},"time":1556213987095},{"prop":"TEDExpt2V3","value":{"ontologyKey":"S_A1_T2_V3_A","index":3},"time":1556213987095},{"prop":"TEDExpt1V4","value":{"ontologyKey":"S_A1_T2_V4_A","index":4},"time":1556213987095},{"prop":"TEDExpt2V4","value":{"ontologyKey":"S_A1_T2_V4_A","index":4},"time":1556213987095},{"prop":"TEDExpt2V2","value":{"ontologyKey":"S_A1_T2_V2_B","index":2},"time":1556213987095},{"prop":"TEDExpt2V3","value":{"ontologyKey":"S_A1_T2_V3_B","index":3},"time":1556213987095},{"prop":"TEDExpt2V4","value":{"ontologyKey":"S_A1_T2_V4_B","index":4},"time":1556213987095},{"prop":"TEDExpt2V1","value":{"ontologyKey":"S_A1_T2_V1_B","index":1},"time":1556213987095},{"prop":"TEDExptNC1SameDiff","value":{"ontologyKey":"TED_E1_Q7NC1DIFF","value":"diff","index":2},"time":1556213987095},{"prop":"TEDExptNC1Confound","value":{"ontologyKey":"S_A1_T2_V2","index":2},"time":1556213987095},{"prop":"TEDExptNC2SameDiff","value":{"ontologyKey":"TED_E1_Q7NC2DIFF","value":"diff","index":3},"time":1556213987095},{"prop":"TEDExptNC2Confound","value":{"ontologyKey":"S_A1_T2_V3","index":3},"time":1556213987095},{"prop":"TEDExptNC3SameDiff","value":{"ontologyKey":"TED_E1_Q7NC3DIFF","value":"diff","index":4},"time":1556213987095},{"prop":"TEDExptNC3Confound","value":{"ontologyKey":"S_A1_T2_V4","index":4},"time":1556213987095},{"prop":"TEDExptNonTarget","value":[2,3,4],"time":1556213987165},{"prop":"TEDExptConfounds","value":[2,3,4],"time":1556213987165},{"prop":"TEDExptDifferent","value":[2,3,4,1],"time":1556213987165},{"prop":"TEDExptArea","value":{"ontologyKey":"S_A1","index":1},"time":1556213987165},{"prop":"TEDExptTopic","value":{"ontologyKey":"S_A1_T2","index":2},"time":1556213987165},{"prop":"TEDExptVariable","value":{"ontologyKey":"S_A1_T2_V1","index":1},"time":1556213987165},{"prop":"TEDExptRQ","value":{"ontologyKey":"S_A1_T2_RQ1","index":1},"time":1556213987165},{"prop":"TEDExptVarNC1","value":{"ontologyKey":"S_A1_T2_V2","index":2},"time":1556213987165},{"prop":"TEDExptVarNC2","value":{"ontologyKey":"S_A1_T2_V3","index":3},"time":1556213987165},{"prop":"TEDExptVarNC3","value":{"ontologyKey":"S_A1_T2_V4","index":4},"time":1556213987165},{"prop":"TEDExptPOSTSequence","value":[{"ontologyKey":"S_A1_T2_V4","index":4},{"ontologyKey":"S_A1_T2_V1","index":1},{"ontologyKey":"S_A1_T2_V2","index":2},{"ontologyKey":"S_A1_T2_V3","index":3}],"time":1556213987165},{"prop":"TEDExpt1V1","value":{"ontologyKey":"S_A1_T2_V1_A","index":1},"time":1556213987165},{"prop":"TEDExpt2V1","value":{"ontologyKey":"S_A1_T2_V1_A","index":1},"time":1556213987165},{"prop":"TEDExpt1V2","value":{"ontologyKey":"S_A1_T2_V2_A","index":2},"time":1556213987165},{"prop":"TEDExpt2V2","value":{"ontologyKey":"S_A1_T2_V2_A","index":2},"time":1556213987165},{"prop":"TEDExpt1V3","value":{"ontologyKey":"S_A1_T2_V3_A","index":3},"time":1556213987165},{"prop":"TEDExpt2V3","value":{"ontologyKey":"S_A1_T2_V3_A","index":3},"time":1556213987165},{"prop":"TEDExpt1V4","value":{"ontologyKey":"S_A1_T2_V4_A","index":4},"time":1556213987165},{"prop":"TEDExpt2V4","value":{"ontologyKey":"S_A1_T2_V4_A","index":4},"time":1556213987165},{"prop":"TEDExpt2V2","value":{"ontologyKey":"S_A1_T2_V2_B","index":2},"time":1556213987165},{"prop":"TEDExpt2V3","value":{"ontologyKey":"S_A1_T2_V3_B","index":3},"time":1556213987165},{"prop":"TEDExpt2V4","value":{"ontologyKey":"S_A1_T2_V4_B","index":4},"time":1556213987165},{"prop":"TEDExpt2V1","value":{"ontologyKey":"S_A1_T2_V1_B","index":1},"time":1556213987165},{"prop":"TEDExptNC1SameDiff","value":{"ontologyKey":"TED_E1_Q7NC1DIFF","value":"diff","index":2},"time":1556213987165},{"prop":"TEDExptNC1Confound","value":{"ontologyKey":"S_A1_T2_V2","index":2},"time":1556213987165},{"prop":"TEDExptNC2SameDiff","value":{"ontologyKey":"TED_E1_Q7NC2DIFF","value":"diff","index":3},"time":1556213987165},{"prop":"TEDExptNC2Confound","value":{"ontologyKey":"S_A1_T2_V3","index":3},"time":1556213987165},{"prop":"TEDExptNC3SameDiff","value":{"ontologyKey":"TED_E1_Q7NC3DIFF","value":"diff","index":4},"time":1556213987166},{"prop":"TEDExptNC3Confound","value":{"ontologyKey":"S_A1_T2_V4","index":4},"time":1556213987166},{"prop":"TEDExptNonTarget","value":[2,3,4],"time":1556213987488},{"prop":"TEDExptConfounds","value":[2,3,4],"time":1556213987488},{"prop":"TEDExptDifferent","value":[2,3,4,1],"time":1556213987488},{"prop":"TEDExptArea","value":{"ontologyKey":"S_A1","index":1},"time":1556213987488},{"prop":"TEDExptTopic","value":{"ontologyKey":"S_A1_T2","index":2},"time":1556213987488},{"prop":"TEDExptVariable","value":{"ontologyKey":"S_A1_T2_V1","index":1},"time":1556213987488},{"prop":"TEDExptRQ","value":{"ontologyKey":"S_A1_T2_RQ1","index":1},"time":1556213987488},{"prop":"TEDExptVarNC1","value":{"ontologyKey":"S_A1_T2_V2","index":2},"time":1556213987488},{"prop":"TEDExptVarNC2","value":{"ontologyKey":"S_A1_T2_V3","index":3},"time":1556213987489},{"prop":"TEDExptVarNC3","value":{"ontologyKey":"S_A1_T2_V4","index":4},"time":1556213987489},{"prop":"TEDExptPOSTSequence","value":[{"ontologyKey":"S_A1_T2_V4","index":4},{"ontologyKey":"S_A1_T2_V1","index":1},{"ontologyKey":"S_A1_T2_V2","index":2},{"ontologyKey":"S_A1_T2_V3","index":3}],"time":1556213987489},{"prop":"TEDExpt1V1","value":{"ontologyKey":"S_A1_T2_V1_A","index":1},"time":1556213987489},{"prop":"TEDExpt2V1","value":{"ontologyKey":"S_A1_T2_V1_A","index":1},"time":1556213987489},{"prop":"TEDExpt1V2","value":{"ontologyKey":"S_A1_T2_V2_A","index":2},"time":1556213987489},{"prop":"TEDExpt2V2","value":{"ontologyKey":"S_A1_T2_V2_A","index":2},"time":1556213987489},{"prop":"TEDExpt1V3","value":{"ontologyKey":"S_A1_T2_V3_A","index":3},"time":1556213987489},{"prop":"TEDExpt2V3","value":{"ontologyKey":"S_A1_T2_V3_A","index":3},"time":1556213987489},{"prop":"TEDExpt1V4","value":{"ontologyKey":"S_A1_T2_V4_A","index":4},"time":1556213987489},{"prop":"TEDExpt2V4","value":{"ontologyKey":"S_A1_T2_V4_A","index":4},"time":1556213987489},{"prop":"TEDExpt2V2","value":{"ontologyKey":"S_A1_T2_V2_B","index":2},"time":1556213987489},{"prop":"TEDExpt2V3","value":{"ontologyKey":"S_A1_T2_V3_B","index":3},"time":1556213987489},{"prop":"TEDExpt2V4","value":{"ontologyKey":"S_A1_T2_V4_B","index":4},"time":1556213987489},{"prop":"TEDExpt2V1","value":{"ontologyKey":"S_A1_T2_V1_B","index":1},"time":1556213987489},{"prop":"TEDExptNC1SameDiff","value":{"ontologyKey":"TED_E1_Q7NC1DIFF","value":"diff","index":2},"time":1556213987489},{"prop":"TEDExptNC1Confound","value":{"ontologyKey":"S_A1_T2_V2","index":2},"time":1556213987489},{"prop":"TEDExptNC2SameDiff","value":{"ontologyKey":"TED_E1_Q7NC2DIFF","value":"diff","index":3},"time":1556213987489},{"prop":"TEDExptNC2Confound","value":{"ontologyKey":"S_A1_T2_V3","index":3},"time":1556213987489},{"prop":"TEDExptNC3SameDiff","value":{"ontologyKey":"TED_E1_Q7NC3DIFF","value":"diff","index":4},"time":1556213987489},{"prop":"TEDExptNC3Confound","value":{"ontologyKey":"S_A1_T2_V4","index":4},"time":1556213987489},{"prop":"differentRow","value":4,"time":1556214023821},{"prop":"independentVarN","value":{"row":1,"col":0,"ontologyKey":"S_A1_T2_V1|name","isText":true,"selectedValue":"Type of Sweetener","cell":{}},"time":1556214033345},{"prop":"sameRow1","value":1,"time":1556214051083},{"prop":"independentVarN","value":{"row":2,"col":0,"ontologyKey":"S_A1_T2_V2|name","isText":true,"selectedValue":"Amount of Caffeine","cell":{}},"time":1556214056742},{"prop":"sameRow2","value":2,"time":1556214060542},{"prop":"independentVarN","value":{"row":3,"col":0,"ontologyKey":"S_A1_T2_V3|name","isText":true,"selectedValue":"Texture of Mint","cell":{}},"time":1556214066097},{"prop":"sameRow3","value":3,"time":1556214070332},{"prop":"independentVarN","value":{"row":4,"col":0,"ontologyKey":"S_A1_T2_V4|name","isText":true,"selectedValue":"Amount of CO2","cell":{},"processed":true},"time":1556214075943},{"prop":"Expt1_Q1","value":{"name":"{{$EFO_TED_E1_LISTYN|no}}","ontologyKey":"TED_E1_LISTYN|no","index":2,"value":true,"id":"correct"},"time":1556214216092},{"prop":"Expt1_Q","value":{"name":"{{$EFO_TED_E1_LISTYN|no}}","ontologyKey":"TED_E1_LISTYN|no","index":2,"value":true,"id":"correct"},"time":1556214216092},{"prop":"Expt1_Reason","value":{"name":"{{$EFO_TED_E1_LISTQ23|ans2}}","value":"$EFL_efdata.TED.E1.LISTQ23","ontologyKey":"TED_E1_LISTQ23|yes","index":2,"id":"2"},"time":1556214236048},{"prop":"Expt1_Reason","value":{"name":"{{$EFO_TED_E1_LISTQ23|ans4}}","value":"$EFL_efdata.TED.E1.LISTQ23","ontologyKey":"TED_E1_LISTQ23|yes","index":4,"id":"4"},"time":1556214248069}],"TEDExptNonTarget":[2,3,4],"TEDExptConfounds":[2,3,4],"TEDExptDifferent":[2,3,4,1],"TEDExptArea":{"ontologyKey":"S_A1","index":1},"TEDExptTopic":{"ontologyKey":"S_A1_T2","index":2},"TEDExptVariable":{"ontologyKey":"S_A1_T2_V1","index":1},"TEDExptRQ":{"ontologyKey":"S_A1_T2_RQ1","index":1},"TEDExptVarNC1":{"ontologyKey":"S_A1_T2_V2","index":2},"TEDExptVarNC2":{"ontologyKey":"S_A1_T2_V3","index":3},"TEDExptVarNC3":{"ontologyKey":"S_A1_T2_V4","index":4},"TEDExptPOSTSequence":[{"ontologyKey":"S_A1_T2_V4","index":4},{"ontologyKey":"S_A1_T2_V1","index":1},{"ontologyKey":"S_A1_T2_V2","index":2},{"ontologyKey":"S_A1_T2_V3","index":3}],"TEDExpt1V1":{"ontologyKey":"S_A1_T2_V1_A","index":1},"TEDExpt2V1":{"ontologyKey":"S_A1_T2_V1_B","index":1},"TEDExpt1V2":{"ontologyKey":"S_A1_T2_V2_A","index":2},"TEDExpt2V2":{"ontologyKey":"S_A1_T2_V2_B","index":2},"TEDExpt1V3":{"ontologyKey":"S_A1_T2_V3_A","index":3},"TEDExpt2V3":{"ontologyKey":"S_A1_T2_V3_B","index":3},"TEDExpt1V4":{"ontologyKey":"S_A1_T2_V4_A","index":4},"TEDExpt2V4":{"ontologyKey":"S_A1_T2_V4_B","index":4},"TEDExptNC1SameDiff":{"ontologyKey":"TED_E1_Q7NC1DIFF","value":"diff","index":2},"TEDExptNC1Confound":{"ontologyKey":"S_A1_T2_V2","index":2},"TEDExptNC2SameDiff":{"ontologyKey":"TED_E1_Q7NC2DIFF","value":"diff","index":3},"TEDExptNC2Confound":{"ontologyKey":"S_A1_T2_V3","index":3},"TEDExptNC3SameDiff":{"ontologyKey":"TED_E1_Q7NC3DIFF","value":"diff","index":4},"TEDExptNC3Confound":{"ontologyKey":"S_A1_T2_V4","index":4},"differentRow":4,"independentVarN":{"row":4,"col":0,"ontologyKey":"S_A1_T2_V4|name","isText":true,"selectedValue":"Amount of CO2","cell":{},"processed":true},"sameRow1":1,"sameRow2":2,"sameRow3":3,"Expt1_Q1":{"name":"{{$EFO_TED_E1_LISTYN|no}}","ontologyKey":"TED_E1_LISTYN|no","index":2,"value":true,"id":"correct"},"Expt1_Q":{"name":"{{$EFO_TED_E1_LISTYN|no}}","ontologyKey":"TED_E1_LISTYN|no","index":2,"value":true,"id":"correct"},"Expt1_Reason":{"name":"{{$EFO_TED_E1_LISTQ23|ans4}}","value":"$EFL_efdata.TED.E1.LISTQ23","ontologyKey":"TED_E1_LISTQ23|yes","index":4,"id":"4"}},"tutor":{"experimentalGroup":{"ontologyKey":"EG_A2"},"$seq":[{"prop":"experimentalGroup.ontologyKey","value":"EG_A2","time":1556213987090}]}}