{"scene":{"SNavigator":{},"SScene1":{"rowsComplete":4,"$seq":[{"prop":"rowsComplete","value":0,"time":1556213987187},{"prop":"complete","value":false,"time":1556213987488},{"prop":"currentRow","value":2,"time":1556214004130},{"prop":"correct","value":false,"time":1556214004130},{"prop":"correct","value":false,"time":1556214004146},{"prop":"currentRow","value":1,"time":1556214005670},{"prop":"correct","value":false,"time":1556214005670},{"prop":"correct","value":false,"time":1556214005680},{"prop":"currentRow","value":4,"time":1556214006531},{"prop":"correct","value":true,"time":1556214006531},{"prop":"correct","value":false,"time":1556214006551},{"prop":"correct","value":false,"time":1556214012038},{"prop":"correct","value":false,"time":1556214012043},{"prop":"TVSel.col1","value":1,"time":1556214021773},{"prop":"TVSel.col2","value":2,"time":1556214023761},{"prop":"correct","value":true,"time":1556214023761},{"prop":"correct","value":false,"time":1556214023813},{"prop":"rowsComplete","value":1,"time":1556214023821},{"prop":"currentRow","value":0,"time":1556214033344},{"prop":"currentRow","value":1,"time":1556214033345},{"prop":"correct","value":false,"time":1556214033346},{"prop":"VSel.col1","value":null,"time":1556214033346},{"prop":"VSel.col2","value":null,"time":1556214033346},{"prop":"correct","value":false,"time":1556214033349},{"prop":"VSel.col1","value":2,"time":1556214040971},{"prop":"VSel.col2","value":1,"time":1556214042615},{"prop":"correct","value":false,"time":1556214042616},{"prop":"correct","value":false,"time":1556214042651},{"prop":"VSel.col2","value":2,"time":1556214051062},{"prop":"correct","value":true,"time":1556214051062},{"prop":"correct","value":false,"time":1556214051081},{"prop":"rowsComplete","value":2,"time":1556214051083},{"prop":"currentRow","value":2,"time":1556214056742},{"prop":"correct","value":false,"time":1556214056744},{"prop":"VSel.col1","value":null,"time":1556214056744},{"prop":"VSel.col2","value":null,"time":1556214056744},{"prop":"correct","value":false,"time":1556214056749},{"prop":"VSel.col1","value":1,"time":1556214059205},{"prop":"VSel.col2","value":1,"time":1556214060516},{"prop":"correct","value":true,"time":1556214060516},{"prop":"correct","value":false,"time":1556214060538},{"prop":"rowsComplete","value":3,"time":1556214060542},{"prop":"currentRow","value":3,"time":1556214066097},{"prop":"correct","value":false,"time":1556214066099},{"prop":"VSel.col1","value":null,"time":1556214066099},{"prop":"VSel.col2","value":null,"time":1556214066099},{"prop":"correct","value":false,"time":1556214066101},{"prop":"VSel.col1","value":2,"time":1556214068317},{"prop":"VSel.col2","value":2,"time":1556214070298},{"prop":"correct","value":true,"time":1556214070298},{"prop":"correct","value":false,"time":1556214070330},{"prop":"rowsComplete","value":4,"time":1556214070332},{"prop":"currentRow","value":5,"time":1556214075943},{"prop":"complete","value":true,"time":1556214075943},{"prop":"correct","value":false,"time":1556214075945}],"complete":true,"currentRow":5,"correct":false,"TVSel":{"col1":1,"col2":2},"VSel":{"col1":2,"col2":2}},"SScene2":{"complete":true,"$seq":[{"prop":"complete","value":false,"time":1556214078599},{"prop":"complete","value":true,"time":1556214098350},{"prop":"correct","value":false,"time":1556214099947}],"correct":false},"SScene3":{"complete":true,"$seq":[{"prop":"complete","value":false,"time":1556214100032},{"prop":"complete","value":true,"time":1556214107404}]},"SScene4":{"complete":true,"$seq":[{"prop":"complete","value":false,"time":1556214114051},{"prop":"complete","value":true,"time":1556214126121}]},"SScene5":{"complete":true,"$seq":[{"prop":"complete","value":false,"time":1556214127036},{"prop":"complete","value":true,"time":1556214132997}]},"SScene6":{"complete":true,"$seq":[{"prop":"complete","value":false,"time":1556214135773},{"prop":"complete","value":true,"time":1556214147550}]},"SScene7":{"complete":true,"$seq":[{"prop":"complete","value":false,"time":1556214469273},{"prop":"complete","value":true,"time":1556214478432}]},"SScene8":{"complete":true,"$seq":[{"prop":"complete","value":false,"time":1556214481429},{"prop":"complete","value":true,"time":1556214526064}]},"SScene9":{"complete":false,"$seq":[{"prop":"complete","value":false,"time":1556214528801},{"prop":"complete","value":true,"time":1556214532398},{"prop":"complete","value":false,"time":1556214533978}]},"SScene10":{"complete":true,"$seq":[{"prop":"complete","value":false,"time":1556214537805},{"prop":"complete","value":true,"time":1556214550921}]},"SScene12":{"complete":true,"$seq":[{"prop":"complete","value":false,"time":1556214552561},{"prop":"complete","value":true,"time":1556214559781}]},"SScene12A":{"complete":false,"$seq":[{"prop":"complete","value":false,"time":1556214563453},{"prop":"complete","value":true,"time":1556214584828},{"prop":"complete","value":false,"time":1556214585962}]},"SScene14":{"complete":false,"$seq":[{"prop":"complete","value":false,"time":1556214598149},{"prop":"complete","value":true,"time":1556214620413},{"prop":"complete","value":false,"time":1556214621749}]},"SScene15":{"complete":true,"$seq":[{"prop":"complete","value":false,"time":1556214632836},{"prop":"complete","value":false,"time":1556214657844},{"prop":"complete","value":false,"time":1556214661741},{"prop":"complete","value":true,"time":1556214663138},{"prop":"complete","value":false,"time":1556214663976},{"prop":"complete","value":true,"time":1556214704384}]},"SScene16":{"complete":true,"$seq":[{"prop":"complete","value":false,"time":1556214706113},{"prop":"complete","value":true,"time":1556214713172}]},"SScene17":{"complete":true,"$seq":[{"prop":"complete","value":false,"time":1556214714460},{"prop":"complete","value":true,"time":1556214723408},{"prop":"complete","value":true,"time":1556214723408},{"prop":"complete","value":false,"time":1556214724490},{"prop":"complete","value":true,"time":1556214753666}]},"SScene18":{"complete":true,"$seq":[{"prop":"complete","value":false,"time":1556214754782},{"prop":"complete","value":true,"time":1556214760362}]},"SScene19":{"complete":false,"$seq":[{"prop":"complete","value":false,"time":1556214858114}]},"SScene20":{"complete":true,"$seq":[{"prop":"complete","value":false,"time":1556214845828},{"prop":"complete","value":true,"time":1556214856835}]}},"module":{"selectedArea":{"ontologyKey":"S_A1|name","index":1},"selectedTopic":{"ontologyKey":"S_A1_T2|name","index":2},"selectedVariable":{"ontologyKey":"S_A1_T2_V4|name","index":4},"selectedRQ":{"ontologyKey":"S_A1_T2_RQ4"},"AreaSelectedID":"Sarea1|Sselected","AreaButtonID":"Sbutton1","TopicSelectedID":"Stopic2|Sselected","TopicButtonID":"Sbutton2","VariableHighlightID":"SbuttonHL4","VariableClickMaskID":"SclickMask4","RQconfirmation":"UNKNOWN","$seq":[{"prop":"selectedArea","value":{"ontologyKey":"S_A1|name","index":1},"time":1556213987090},{"prop":"selectedTopic","value":{"ontologyKey":"S_A1_T2|name","index":2},"time":1556213987090},{"prop":"selectedVariable","value":{"ontologyKey":"S_A1_T2_V4|name","index":4},"time":1556213987090},{"prop":"selectedRQ","value":{"ontologyKey":"S_A1_T2_RQ4"},"time":1556213987090},{"prop":"AreaSelectedID","value":"Sarea1|Sselected","time":1556213987090},{"prop":"AreaButtonID","value":"Sbutton1","time":1556213987090},{"prop":"TopicSelectedID","value":"Stopic2|Sselected","time":1556213987090},{"prop":"TopicButtonID","value":"Sbutton2","time":1556213987090},{"prop":"VariableHighlightID","value":"SbuttonHL4","time":1556213987090},{"prop":"VariableClickMaskID","value":"SclickMask4","time":1556213987090},{"prop":"TEDExptNonTarget","value":[2,3,4],"time":1556213987094},{"prop":"TEDExptConfounds","value":[2,3,4],"time":1556213987094},{"prop":"TEDExptDifferent","value":[2,3,4,1],"time":1556213987094},{"prop":"TEDExptArea","value":{"ontologyKey":"S_A1","index":1},"time":1556213987094},{"prop":"TEDExptTopic","value":{"ontologyKey":"S_A1_T2","index":2},"time":1556213987094},{"prop":"TEDExptVariable","value":{"ontologyKey":"S_A1_T2_V1","index":1},"time":1556213987094},{"prop":"TEDExptRQ","value":{"ontologyKey":"S_A1_T2_RQ1","index":1},"time":1556213987095},{"prop":"TEDExptVarNC1","value":{"ontologyKey":"S_A1_T2_V2","index":2},"time":1556213987095},{"prop":"TEDExptVarNC2","value":{"ontologyKey":"S_A1_T2_V3","index":3},"time":1556213987095},{"prop":"TEDExptVarNC3","value":{"ontologyKey":"S_A1_T2_V4","index":4},"time":1556213987095},{"prop":"TEDExptPOSTSequence","value":[{"ontologyKey":"S_A1_T2_V4","index":4},{"ontologyKey":"S_A1_T2_V1","index":1},{"ontologyKey":"S_A1_T2_V2","index":2},{"ontologyKey":"S_A1_T2_V3","index":3}],"time":1556213987095},{"prop":"TEDExpt1V1","value":{"ontologyKey":"S_A1_T2_V1_A","index":1},"time":1556213987095},{"prop":"TEDExpt2V1","value":{"ontologyKey":"S_A1_T2_V1_A","index":1},"time":1556213987095},{"prop":"TEDExpt1V2","value":{"ontologyKey":"S_A1_T2_V2_A","index":2},"time":1556213987095},{"prop":"TEDExpt2V2","value":{"ontologyKey":"S_A1_T2_V2_A","index":2},"time":1556213987095},{"prop":"TEDExpt1V3","value":{"ontologyKey":"S_A1_T2_V3_A","index":3},"time":1556213987095},{"prop":"TEDExpt2V3","value":{"ontologyKey":"S_A1_T2_V3_A","index":3},"time":1556213987095},{"prop":"TEDExpt1V4","value":{"ontologyKey":"S_A1_T2_V4_A","index":4},"time":1556213987095},{"prop":"TEDExpt2V4","value":{"ontologyKey":"S_A1_T2_V4_A","index":4},"time":1556213987095},{"prop":"TEDExpt2V2","value":{"ontologyKey":"S_A1_T2_V2_B","index":2},"time":1556213987095},{"prop":"TEDExpt2V3","value":{"ontologyKey":"S_A1_T2_V3_B","index":3},"time":1556213987095},{"prop":"TEDExpt2V4","value":{"ontologyKey":"S_A1_T2_V4_B","index":4},"time":1556213987095},{"prop":"TEDExpt2V1","value":{"ontologyKey":"S_A1_T2_V1_B","index":1},"time":1556213987095},{"prop":"TEDExptNC1SameDiff","value":{"ontologyKey":"TED_E1_Q7NC1DIFF","value":"diff","index":2},"time":1556213987095},{"prop":"TEDExptNC1Confound","value":{"ontologyKey":"S_A1_T2_V2","index":2},"time":1556213987095},{"prop":"TEDExptNC2SameDiff","value":{"ontologyKey":"TED_E1_Q7NC2DIFF","value":"diff","index":3},"time":1556213987095},{"prop":"TEDExptNC2Confound","value":{"ontologyKey":"S_A1_T2_V3","index":3},"time":1556213987095},{"prop":"TEDExptNC3SameDiff","value":{"ontologyKey":"TED_E1_Q7NC3DIFF","value":"diff","index":4},"time":1556213987095},{"prop":"TEDExptNC3Confound","value":{"ontologyKey":"S_A1_T2_V4","index":4},"time":1556213987095},{"prop":"TEDExptNonTarget","value":[2,3,4],"time":1556213987165},{"prop":"TEDExptConfounds","value":[2,3,4],"time":1556213987165},{"prop":"TEDExptDifferent","value":[2,3,4,1],"time":1556213987165},{"prop":"TEDExptArea","value":{"ontologyKey":"S_A1","index":1},"time":1556213987165},{"prop":"TEDExptTopic","value":{"ontologyKey":"S_A1_T2","index":2},"time":1556213987165},{"prop":"TEDExptVariable","value":{"ontologyKey":"S_A1_T2_V1","index":1},"time":1556213987165},{"prop":"TEDExptRQ","value":{"ontologyKey":"S_A1_T2_RQ1","index":1},"time":1556213987165},{"prop":"TEDExptVarNC1","value":{"ontologyKey":"S_A1_T2_V2","index":2},"time":1556213987165},{"prop":"TEDExptVarNC2","value":{"ontologyKey":"S_A1_T2_V3","index":3},"time":1556213987165},{"prop":"TEDExptVarNC3","value":{"ontologyKey":"S_A1_T2_V4","index":4},"time":1556213987165},{"prop":"TEDExptPOSTSequence","value":[{"ontologyKey":"S_A1_T2_V4","index":4},{"ontologyKey":"S_A1_T2_V1","index":1},{"ontologyKey":"S_A1_T2_V2","index":2},{"ontologyKey":"S_A1_T2_V3","index":3}],"time":1556213987165},{"prop":"TEDExpt1V1","value":{"ontologyKey":"S_A1_T2_V1_A","index":1},"time":1556213987165},{"prop":"TEDExpt2V1","value":{"ontologyKey":"S_A1_T2_V1_A","index":1},"time":1556213987165},{"prop":"TEDExpt1V2","value":{"ontologyKey":"S_A1_T2_V2_A","index":2},"time":1556213987165},{"prop":"TEDExpt2V2","value":{"ontologyKey":"S_A1_T2_V2_A","index":2},"time":1556213987165},{"prop":"TEDExpt1V3","value":{"ontologyKey":"S_A1_T2_V3_A","index":3},"time":1556213987165},{"prop":"TEDExpt2V3","value":{"ontologyKey":"S_A1_T2_V3_A","index":3},"time":1556213987165},{"prop":"TEDExpt1V4","value":{"ontologyKey":"S_A1_T2_V4_A","index":4},"time":1556213987165},{"prop":"TEDExpt2V4","value":{"ontologyKey":"S_A1_T2_V4_A","index":4},"time":1556213987165},{"prop":"TEDExpt2V2","value":{"ontologyKey":"S_A1_T2_V2_B","index":2},"time":1556213987165},{"prop":"TEDExpt2V3","value":{"ontologyKey":"S_A1_T2_V3_B","index":3},"time":1556213987165},{"prop":"TEDExpt2V4","value":{"ontologyKey":"S_A1_T2_V4_B","index":4},"time":1556213987165},{"prop":"TEDExpt2V1","value":{"ontologyKey":"S_A1_T2_V1_B","index":1},"time":1556213987165},{"prop":"TEDExptNC1SameDiff","value":{"ontologyKey":"TED_E1_Q7NC1DIFF","value":"diff","index":2},"time":1556213987165},{"prop":"TEDExptNC1Confound","value":{"ontologyKey":"S_A1_T2_V2","index":2},"time":1556213987165},{"prop":"TEDExptNC2SameDiff","value":{"ontologyKey":"TED_E1_Q7NC2DIFF","value":"diff","index":3},"time":1556213987165},{"prop":"TEDExptNC2Confound","value":{"ontologyKey":"S_A1_T2_V3","index":3},"time":1556213987165},{"prop":"TEDExptNC3SameDiff","value":{"ontologyKey":"TED_E1_Q7NC3DIFF","value":"diff","index":4},"time":1556213987166},{"prop":"TEDExptNC3Confound","value":{"ontologyKey":"S_A1_T2_V4","index":4},"time":1556213987166},{"prop":"TEDExptNonTarget","value":[2,3,4],"time":1556213987488},{"prop":"TEDExptConfounds","value":[2,3,4],"time":1556213987488},{"prop":"TEDExptDifferent","value":[2,3,4,1],"time":1556213987488},{"prop":"TEDExptArea","value":{"ontologyKey":"S_A1","index":1},"time":1556213987488},{"prop":"TEDExptTopic","value":{"ontologyKey":"S_A1_T2","index":2},"time":1556213987488},{"prop":"TEDExptVariable","value":{"ontologyKey":"S_A1_T2_V1","index":1},"time":1556213987488},{"prop":"TEDExptRQ","value":{"ontologyKey":"S_A1_T2_RQ1","index":1},"time":1556213987488},{"prop":"TEDExptVarNC1","value":{"ontologyKey":"S_A1_T2_V2","index":2},"time":1556213987488},{"prop":"TEDExptVarNC2","value":{"ontologyKey":"S_A1_T2_V3","index":3},"time":1556213987489},{"prop":"TEDExptVarNC3","value":{"ontologyKey":"S_A1_T2_V4","index":4},"time":1556213987489},{"prop":"TEDExptPOSTSequence","value":[{"ontologyKey":"S_A1_T2_V4","index":4},{"ontologyKey":"S_A1_T2_V1","index":1},{"ontologyKey":"S_A1_T2_V2","index":2},{"ontologyKey":"S_A1_T2_V3","index":3}],"time":1556213987489},{"prop":"TEDExpt1V1","value":{"ontologyKey":"S_A1_T2_V1_A","index":1},"time":1556213987489},{"prop":"TEDExpt2V1","value":{"ontologyKey":"S_A1_T2_V1_A","index":1},"time":1556213987489},{"prop":"TEDExpt1V2","value":{"ontologyKey":"S_A1_T2_V2_A","index":2},"time":1556213987489},{"prop":"TEDExpt2V2","value":{"ontologyKey":"S_A1_T2_V2_A","index":2},"time":1556213987489},{"prop":"TEDExpt1V3","value":{"ontologyKey":"S_A1_T2_V3_A","index":3},"time":1556213987489},{"prop":"TEDExpt2V3","value":{"ontologyKey":"S_A1_T2_V3_A","index":3},"time":1556213987489},{"prop":"TEDExpt1V4","value":{"ontologyKey":"S_A1_T2_V4_A","index":4},"time":1556213987489},{"prop":"TEDExpt2V4","value":{"ontologyKey":"S_A1_T2_V4_A","index":4},"time":1556213987489},{"prop":"TEDExpt2V2","value":{"ontologyKey":"S_A1_T2_V2_B","index":2},"time":1556213987489},{"prop":"TEDExpt2V3","value":{"ontologyKey":"S_A1_T2_V3_B","index":3},"time":1556213987489},{"prop":"TEDExpt2V4","value":{"ontologyKey":"S_A1_T2_V4_B","index":4},"time":1556213987489},{"prop":"TEDExpt2V1","value":{"ontologyKey":"S_A1_T2_V1_B","index":1},"time":1556213987489},{"prop":"TEDExptNC1SameDiff","value":{"ontologyKey":"TED_E1_Q7NC1DIFF","value":"diff","index":2},"time":1556213987489},{"prop":"TEDExptNC1Confound","value":{"ontologyKey":"S_A1_T2_V2","index":2},"time":1556213987489},{"prop":"TEDExptNC2SameDiff","value":{"ontologyKey":"TED_E1_Q7NC2DIFF","value":"diff","index":3},"time":1556213987489},{"prop":"TEDExptNC2Confound","value":{"ontologyKey":"S_A1_T2_V3","index":3},"time":1556213987489},{"prop":"TEDExptNC3SameDiff","value":{"ontologyKey":"TED_E1_Q7NC3DIFF","value":"diff","index":4},"time":1556213987489},{"prop":"TEDExptNC3Confound","value":{"ontologyKey":"S_A1_T2_V4","index":4},"time":1556213987489},{"prop":"differentRow","value":4,"time":1556214023821},{"prop":"independentVarN","value":{"row":1,"col":0,"ontologyKey":"S_A1_T2_V1|name","isText":true,"selectedValue":"Type of Sweetener","cell":{}},"time":1556214033345},{"prop":"sameRow1","value":1,"time":1556214051083},{"prop":"independentVarN","value":{"row":2,"col":0,"ontologyKey":"S_A1_T2_V2|name","isText":true,"selectedValue":"Amount of Caffeine","cell":{}},"time":1556214056742},{"prop":"sameRow2","value":2,"time":1556214060542},{"prop":"independentVarN","value":{"row":3,"col":0,"ontologyKey":"S_A1_T2_V3|name","isText":true,"selectedValue":"Texture of Mint","cell":{}},"time":1556214066097},{"prop":"sameRow3","value":3,"time":1556214070332},{"prop":"independentVarN","value":{"row":4,"col":0,"ontologyKey":"S_A1_T2_V4|name","isText":true,"selectedValue":"Amount of CO2","cell":{},"processed":true},"time":1556214075943},{"prop":"Expt1_Q1","value":{"name":"{{$EFO_TED_E1_LISTYN|no}}","ontologyKey":"TED_E1_LISTYN|no","index":2,"value":true,"id":"correct"},"time":1556214216092},{"prop":"Expt1_Q","value":{"name":"{{$EFO_TED_E1_LISTYN|no}}","ontologyKey":"TED_E1_LISTYN|no","index":2,"value":true,"id":"correct"},"time":1556214216092},{"prop":"Expt1_Reason","value":{"name":"{{$EFO_TED_E1_LISTQ23|ans2}}","value":"$EFL_efdata.TED.E1.LISTQ23","ontologyKey":"TED_E1_LISTQ23|yes","index":2,"id":"2"},"time":1556214236048},{"prop":"Expt1_Reason","value":{"name":"{{$EFO_TED_E1_LISTQ23|ans4}}","value":"$EFL_efdata.TED.E1.LISTQ23","ontologyKey":"TED_E1_LISTQ23|yes","index":4,"id":"4"},"time":1556214248069},{"prop":"Expt1_Q4","value":{"name":"{{$EFO_TED_E1_LISTYN|yes}}","ontologyKey":"TED_E1_LISTYN|yes","index":1,"value":false,"id":"incorrect"},"time":1556214289447},{"prop":"Imagine1","value":{"name":"{{$EFO_TED_E1_LISTYN|yes}}","ontologyKey":"TED_E1_LISTYN|yes","index":1,"value":false,"id":"incorrect"},"time":1556214289447},{"prop":"Imagine1_Reason","value":{"name":"{{$EFO_TED_E1_LISTQ56|ans1}}","value":"$EFL_efdata.TED.E1.LISTQ56","ontologyKey":"TED_E1_LISTQ56|yes","index":1,"id":"1"},"time":1556214315152},{"prop":"Imagine1_Reason","value":{"name":"{{$EFO_TED_E1_LISTQ56|ans2}}","value":"$EFL_efdata.TED.E1.LISTQ56","ontologyKey":"TED_E1_LISTQ56|yes","index":2,"id":"2"},"time":1556214323427},{"prop":"FFocus:1","value":{"Row-2 Col-3":"Could cause","Row-3 Col-3":"Could cause","Row-4 Col-3":"Could cause"},"time":1556214335929},{"prop":"TEDFeatureFocus","value":["","Could cause","Could cause","Could cause"],"time":1556214336279},{"prop":"CHG:FFocus:1:Row-2 Col-3","value":"Could cause","time":1556214363664},{"prop":"TEDFeatureFocus","value":["","Could cause","Could cause","Could cause"],"time":1556214363664},{"prop":"CHG:FFocus:1:Row-3 Col-3","value":"Could cause","time":1556214365343},{"prop":"TEDFeatureFocus","value":["","Could cause","Could cause","Could cause"],"time":1556214365343},{"prop":"CHG:FFocus:1:Row-4 Col-3","value":"Could cause","time":1556214367482},{"prop":"TEDFeatureFocus","value":["","Could cause","Could cause","Could cause"],"time":1556214367482},{"prop":"FFocus:1_CorrExp:","value":{"Row-2 Col-2":"Some","Row-3 Col-2":"Smooth","Row-4 Col-2":"High"},"time":1556214412957},{"prop":"TEDcorrection","value":3,"time":1556214413287},{"prop":"CHG:FFocus:1_CorrExp::Row-2 Col-2","value":"Some","time":1556214419846},{"prop":"TEDcorrection","value":2,"time":1556214419846},{"prop":"CHG:FFocus:1_CorrExp::Row-3 Col-2","value":"Smooth","time":1556214421595},{"prop":"TEDcorrection","value":1,"time":1556214421595},{"prop":"CHG:FFocus:1_CorrExp::Row-4 Col-2","value":"High","time":1556214424074},{"prop":"TEDcorrection","value":0,"time":1556214424075},{"prop":"FFocus:1_Explain:","value":{"name":"{{$EFO_TED_E1_LISTQ9|ans3}}","value":"$EFL_efdata.TED.E1.LISTQ9","ontologyKey":"TED_E1_LISTQ9|yes","index":3,"id":"3"},"time":1556214435959},{"prop":"FFocus:1_Explain:","value":{"name":"{{$EFO_TED_E1_LISTQ9|ans2}}","value":"$EFL_efdata.TED.E1.LISTQ9","ontologyKey":"TED_E1_LISTQ9|yes","index":2,"id":"2"},"time":1556214437983},{"prop":"TEDExptNonTarget","value":[1,3,4],"time":1556214469258},{"prop":"TEDExptConfounds","value":[1],"time":1556214469258},{"prop":"TEDExptDifferent","value":[1,2],"time":1556214469258},{"prop":"TEDExptArea","value":{"ontologyKey":"S_A1","index":1},"time":1556214469258},{"prop":"TEDExptTopic","value":{"ontologyKey":"S_A1_T2","index":2},"time":1556214469258},{"prop":"TEDExptVariable","value":{"ontologyKey":"S_A1_T2_V2","index":2},"time":1556214469258},{"prop":"TEDExptRQ","value":{"ontologyKey":"S_A1_T2_RQ2","index":2},"time":1556214469258},{"prop":"TEDExptVarNC1","value":{"ontologyKey":"S_A1_T2_V1","index":1},"time":1556214469258},{"prop":"TEDExptVarNC2","value":{"ontologyKey":"S_A1_T2_V3","index":3},"time":1556214469258},{"prop":"TEDExptVarNC3","value":{"ontologyKey":"S_A1_T2_V4","index":4},"time":1556214469258},{"prop":"TEDExptPOSTSequence","value":[{"ontologyKey":"S_A1_T2_V3","index":3}],"time":1556214469258},{"prop":"TEDExpt1V1","value":{"ontologyKey":"S_A1_T2_V1_A","index":1},"time":1556214469258},{"prop":"TEDExpt2V1","value":{"ontologyKey":"S_A1_T2_V1_A","index":1},"time":1556214469258},{"prop":"TEDExpt1V2","value":{"ontologyKey":"S_A1_T2_V2_A","index":2},"time":1556214469258},{"prop":"TEDExpt2V2","value":{"ontologyKey":"S_A1_T2_V2_A","index":2},"time":1556214469258},{"prop":"TEDExpt1V3","value":{"ontologyKey":"S_A1_T2_V3_A","index":3},"time":1556214469258},{"prop":"TEDExpt2V3","value":{"ontologyKey":"S_A1_T2_V3_A","index":3},"time":1556214469258},{"prop":"TEDExpt1V4","value":{"ontologyKey":"S_A1_T2_V4_A","index":4},"time":1556214469258},{"prop":"TEDExpt2V4","value":{"ontologyKey":"S_A1_T2_V4_A","index":4},"time":1556214469258},{"prop":"TEDExpt2V1","value":{"ontologyKey":"S_A1_T2_V1_B","index":1},"time":1556214469258},{"prop":"TEDExpt2V2","value":{"ontologyKey":"S_A1_T2_V2_B","index":2},"time":1556214469258},{"prop":"TEDExptNC1SameDiff","value":{"ontologyKey":"TED_E1_Q7NC1DIFF","value":"diff","index":1},"time":1556214469258},{"prop":"TEDExptNC1Confound","value":{"ontologyKey":"S_A1_T2_V1","index":1},"time":1556214469258},{"prop":"TEDExptNC2SameDiff","value":{"ontologyKey":"TED_E1_Q7NC2SAME","value":"same","index":3},"time":1556214469258},{"prop":"TEDExptNC3SameDiff","value":{"ontologyKey":"TED_E1_Q7NC3SAME","value":"same","index":4},"time":1556214469258},{"prop":"Expt1_Q1","value":{"name":"{{$EFO_TED_E1_LISTYN|no}}","ontologyKey":"TED_E1_LISTYN|no","index":2,"value":true,"id":"correct"},"time":1556214532398},{"prop":"Expt2_Q","value":{"name":"{{$EFO_TED_E1_LISTYN|no}}","ontologyKey":"TED_E1_LISTYN|no","index":2,"value":true,"id":"correct"},"time":1556214532398},{"prop":"Expt2_Reason","value":{"name":"{{$EFO_TED_E1_LISTQ23|ans4}}","value":"$EFL_efdata.TED.E1.LISTQ23","ontologyKey":"TED_E1_LISTQ23|yes","index":4,"id":"4"},"time":1556214550921},{"prop":"Expt1_Q4","value":{"name":"{{$EFO_TED_E1_LISTYN|yes}}","ontologyKey":"TED_E1_LISTYN|yes","index":1,"value":false,"id":"incorrect"},"time":1556214584828},{"prop":"Imagine2","value":{"name":"{{$EFO_TED_E1_LISTYN|yes}}","ontologyKey":"TED_E1_LISTYN|yes","index":1,"value":false,"id":"incorrect"},"time":1556214584828},{"prop":"Imagine2_Reason","value":{"name":"{{$EFO_TED_E1_LISTQ56|ans2}}","value":"$EFL_efdata.TED.E1.LISTQ56","ontologyKey":"TED_E1_LISTQ56|yes","index":2,"id":"2"},"time":1556214620413},{"prop":"FFocus:2","value":{"Row-1 Col-3":"Could cause","Row-3 Col-3":"Could Not cause","Row-4 Col-3":"Could Not cause"},"time":1556214632836},{"prop":"TEDFeatureFocus","value":["Could cause","","Could Not cause","Could Not cause"],"time":1556214633168},{"prop":"CHG:FFocus:2:Row-1 Col-3","value":"Could cause","time":1556214657844},{"prop":"TEDFeatureFocus","value":["Could cause","","Could Not cause","Could Not cause"],"time":1556214657844},{"prop":"CHG:FFocus:2:Row-3 Col-3","value":"Could Not cause","time":1556214661741},{"prop":"TEDFeatureFocus","value":["Could cause","","Could Not cause","Could Not cause"],"time":1556214661741},{"prop":"CHG:FFocus:2:Row-4 Col-3","value":"Could Not cause","time":1556214663138},{"prop":"TEDFeatureFocus","value":["Could cause","","Could Not cause","Could Not cause"],"time":1556214663138},{"prop":"FFocus:2_CorrExp:","value":{"Row-1 Col-2":"Sugar"},"time":1556214706113},{"prop":"TEDcorrection","value":1,"time":1556214706434},{"prop":"CHG:FFocus:2_CorrExp::Row-1 Col-2","value":"Sugar","time":1556214713172},{"prop":"TEDcorrection","value":0,"time":1556214713172},{"prop":"FFocus:2_Explain:","value":{"name":"{{$EFO_TED_E1_LISTQ9|ans2}}","value":"$EFL_efdata.TED.E1.LISTQ9","ontologyKey":"TED_E1_LISTQ9|yes","index":2,"id":"2"},"time":1556214723408},{"prop":"TEDExptPOSTTV","value":{"ontologyKey":"S_A1_T2_V4","index":4},"time":1556214772521},{"prop":"POSTQ:1","value":{"Row-1 Col-1":"Aspartame","Row-1 Col-2":"Aspartame","Row-2 Col-1":"Some","Row-2 Col-2":"Some","Row-3 Col-1":"Smooth","Row-3 Col-2":"Smooth","Row-4 Col-1":"Low","Row-4 Col-2":"High"},"time":1556214772521},{"prop":"CHG:POSTQ:1:Row-1 Col-1","value":"Aspartame","time":1556214781936},{"prop":"CHG:POSTQ:1:Row-1 Col-2","value":"Aspartame","time":1556214783261},{"prop":"CHG:POSTQ:1:Row-2 Col-1","value":"Some","time":1556214785611},{"prop":"CHG:POSTQ:1:Row-2 Col-2","value":"Some","time":1556214787059},{"prop":"CHG:POSTQ:1:Row-3 Col-1","value":"Smooth","time":1556214788934},{"prop":"CHG:POSTQ:1:Row-3 Col-2","value":"Smooth","time":1556214790158},{"prop":"CHG:POSTQ:1:Row-4 Col-1","value":"Low","time":1556214791418},{"prop":"CHG:POSTQ:1:Row-4 Col-2","value":"High","time":1556214792632},{"prop":"POSTQ:1_Reason:","value":{"name":"{{$EFO_TED_E1_LISTPOST|ans2}}","value":"$EFL_efdata.TED.E1.LISTPOST","ontologyKey":"TED_E1_LISTPOST|yes","index":2,"id":"2"},"time":1556214821229},{"prop":"TEDExptPOSTTV","value":{"ontologyKey":"S_A1_T2_V1","index":1},"time":1556214822496},{"prop":"POSTQ:2","value":{"Row-1 Col-1":"Aspartame","Row-1 Col-2":"Sugar","Row-2 Col-1":"Some","Row-3 Col-2":"Rough","Row-2 Col-2":"Some","Row-3 Col-1":"Rough","Row-4 Col-1":"Low","Row-4 Col-2":"Low"},"time":1556214822496},{"prop":"CHG:POSTQ:2:Row-1 Col-1","value":"Aspartame","time":1556214831793},{"prop":"CHG:POSTQ:2:Row-1 Col-2","value":"Sugar","time":1556214833999},{"prop":"CHG:POSTQ:2:Row-2 Col-1","value":"Some","time":1556214835259},{"prop":"CHG:POSTQ:2:Row-3 Col-2","value":"Rough","time":1556214837311},{"prop":"CHG:POSTQ:2:Row-2 Col-2","value":"Some","time":1556214838650},{"prop":"CHG:POSTQ:2:Row-3 Col-1","value":"Smooth","time":1556214839915},{"prop":"CHG:POSTQ:2:Row-3 Col-1","value":"Rough","time":1556214841558},{"prop":"CHG:POSTQ:2:Row-4 Col-1","value":"Low","time":1556214843545},{"prop":"CHG:POSTQ:2:Row-4 Col-2","value":"Low","time":1556214844988},{"prop":"POSTQ:2_Reason:","value":{"name":"{{$EFO_TED_E1_LISTPOST|ans4}}","value":"$EFL_efdata.TED.E1.LISTPOST","ontologyKey":"TED_E1_LISTPOST|yes","index":4,"id":"4"},"time":1556214856835},{"prop":"TEDExptPOSTTV","value":{"ontologyKey":"S_A1_T2_V2","index":2},"time":1556214858095},{"prop":"POSTQ:3","value":{},"time":1556214858095}],"TEDExptNonTarget":[1,3,4],"TEDExptConfounds":[1],"TEDExptDifferent":[1,2],"TEDExptArea":{"ontologyKey":"S_A1","index":1},"TEDExptTopic":{"ontologyKey":"S_A1_T2","index":2},"TEDExptVariable":{"ontologyKey":"S_A1_T2_V2","index":2},"TEDExptRQ":{"ontologyKey":"S_A1_T2_RQ2","index":2},"TEDExptVarNC1":{"ontologyKey":"S_A1_T2_V1","index":1},"TEDExptVarNC2":{"ontologyKey":"S_A1_T2_V3","index":3},"TEDExptVarNC3":{"ontologyKey":"S_A1_T2_V4","index":4},"TEDExptPOSTSequence":[{"ontologyKey":"S_A1_T2_V3","index":3}],"TEDExpt1V1":{"ontologyKey":"S_A1_T2_V1_A","index":1},"TEDExpt2V1":{"ontologyKey":"S_A1_T2_V1_B","index":1},"TEDExpt1V2":{"ontologyKey":"S_A1_T2_V2_A","index":2},"TEDExpt2V2":{"ontologyKey":"S_A1_T2_V2_B","index":2},"TEDExpt1V3":{"ontologyKey":"S_A1_T2_V3_A","index":3},"TEDExpt2V3":{"ontologyKey":"S_A1_T2_V3_A","index":3},"TEDExpt1V4":{"ontologyKey":"S_A1_T2_V4_A","index":4},"TEDExpt2V4":{"ontologyKey":"S_A1_T2_V4_A","index":4},"TEDExptNC1SameDiff":{"ontologyKey":"TED_E1_Q7NC1DIFF","value":"diff","index":1},"TEDExptNC1Confound":{"ontologyKey":"S_A1_T2_V1","index":1},"TEDExptNC2SameDiff":{"ontologyKey":"TED_E1_Q7NC2SAME","value":"same","index":3},"TEDExptNC2Confound":{"ontologyKey":"S_A1_T2_V3","index":3},"TEDExptNC3SameDiff":{"ontologyKey":"TED_E1_Q7NC3SAME","value":"same","index":4},"TEDExptNC3Confound":{"ontologyKey":"S_A1_T2_V4","index":4},"differentRow":4,"independentVarN":{"row":4,"col":0,"ontologyKey":"S_A1_T2_V4|name","isText":true,"selectedValue":"Amount of CO2","cell":{},"processed":true},"sameRow1":1,"sameRow2":2,"sameRow3":3,"Expt1_Q1":{"name":"{{$EFO_TED_E1_LISTYN|no}}","ontologyKey":"TED_E1_LISTYN|no","index":2,"value":true,"id":"correct"},"Expt1_Q":{"name":"{{$EFO_TED_E1_LISTYN|no}}","ontologyKey":"TED_E1_LISTYN|no","index":2,"value":true,"id":"correct"},"Expt1_Reason":{"name":"{{$EFO_TED_E1_LISTQ23|ans4}}","value":"$EFL_efdata.TED.E1.LISTQ23","ontologyKey":"TED_E1_LISTQ23|yes","index":4,"id":"4"},"Expt1_Q4":{"name":"{{$EFO_TED_E1_LISTYN|yes}}","ontologyKey":"TED_E1_LISTYN|yes","index":1,"value":false,"id":"incorrect"},"Imagine1":{"name":"{{$EFO_TED_E1_LISTYN|yes}}","ontologyKey":"TED_E1_LISTYN|yes","index":1,"value":false,"id":"incorrect"},"Imagine1_Reason":{"name":"{{$EFO_TED_E1_LISTQ56|ans2}}","value":"$EFL_efdata.TED.E1.LISTQ56","ontologyKey":"TED_E1_LISTQ56|yes","index":2,"id":"2"},"FFocus:1":{"Row-2 Col-3":"Could cause","Row-3 Col-3":"Could cause","Row-4 Col-3":"Could cause"},"TEDFeatureFocus":["Could cause","","Could Not cause","Could Not cause"],"CHG:FFocus:1:Row-2 Col-3":"Could cause","CHG:FFocus:1:Row-3 Col-3":"Could cause","CHG:FFocus:1:Row-4 Col-3":"Could cause","FFocus:1_CorrExp:":{"Row-2 Col-2":"Some","Row-3 Col-2":"Smooth","Row-4 Col-2":"High"},"TEDcorrection":0,"CHG:FFocus:1_CorrExp::Row-2 Col-2":"Some","CHG:FFocus:1_CorrExp::Row-3 Col-2":"Smooth","CHG:FFocus:1_CorrExp::Row-4 Col-2":"High","FFocus:1_Explain:":{"name":"{{$EFO_TED_E1_LISTQ9|ans2}}","value":"$EFL_efdata.TED.E1.LISTQ9","ontologyKey":"TED_E1_LISTQ9|yes","index":2,"id":"2"},"Expt2_Q":{"name":"{{$EFO_TED_E1_LISTYN|no}}","ontologyKey":"TED_E1_LISTYN|no","index":2,"value":true,"id":"correct"},"Expt2_Reason":{"name":"{{$EFO_TED_E1_LISTQ23|ans4}}","value":"$EFL_efdata.TED.E1.LISTQ23","ontologyKey":"TED_E1_LISTQ23|yes","index":4,"id":"4"},"Imagine2":{"name":"{{$EFO_TED_E1_LISTYN|yes}}","ontologyKey":"TED_E1_LISTYN|yes","index":1,"value":false,"id":"incorrect"},"Imagine2_Reason":{"name":"{{$EFO_TED_E1_LISTQ56|ans2}}","value":"$EFL_efdata.TED.E1.LISTQ56","ontologyKey":"TED_E1_LISTQ56|yes","index":2,"id":"2"},"FFocus:2":{"Row-1 Col-3":"Could cause","Row-3 Col-3":"Could Not cause","Row-4 Col-3":"Could Not cause"},"CHG:FFocus:2:Row-1 Col-3":"Could cause","CHG:FFocus:2:Row-3 Col-3":"Could Not cause","CHG:FFocus:2:Row-4 Col-3":"Could Not cause","FFocus:2_CorrExp:":{"Row-1 Col-2":"Sugar"},"CHG:FFocus:2_CorrExp::Row-1 Col-2":"Sugar","FFocus:2_Explain:":{"name":"{{$EFO_TED_E1_LISTQ9|ans2}}","value":"$EFL_efdata.TED.E1.LISTQ9","ontologyKey":"TED_E1_LISTQ9|yes","index":2,"id":"2"},"TEDExptPOSTTV":{"ontologyKey":"S_A1_T2_V2","index":2},"POSTQ:1":{"Row-1 Col-1":"Aspartame","Row-1 Col-2":"Aspartame","Row-2 Col-1":"Some","Row-2 Col-2":"Some","Row-3 Col-1":"Smooth","Row-3 Col-2":"Smooth","Row-4 Col-1":"Low","Row-4 Col-2":"High"},"CHG:POSTQ:1:Row-1 Col-1":"Aspartame","CHG:POSTQ:1:Row-1 Col-2":"Aspartame","CHG:POSTQ:1:Row-2 Col-1":"Some","CHG:POSTQ:1:Row-2 Col-2":"Some","CHG:POSTQ:1:Row-3 Col-1":"Smooth","CHG:POSTQ:1:Row-3 Col-2":"Smooth","CHG:POSTQ:1:Row-4 Col-1":"Low","CHG:POSTQ:1:Row-4 Col-2":"High","POSTQ:1_Reason:":{"name":"{{$EFO_TED_E1_LISTPOST|ans2}}","value":"$EFL_efdata.TED.E1.LISTPOST","ontologyKey":"TED_E1_LISTPOST|yes","index":2,"id":"2"},"POSTQ:2":{"Row-1 Col-1":"Aspartame","Row-1 Col-2":"Sugar","Row-2 Col-1":"Some","Row-3 Col-2":"Rough","Row-2 Col-2":"Some","Row-3 Col-1":"Rough","Row-4 Col-1":"Low","Row-4 Col-2":"Low"},"CHG:POSTQ:2:Row-1 Col-1":"Aspartame","CHG:POSTQ:2:Row-1 Col-2":"Sugar","CHG:POSTQ:2:Row-2 Col-1":"Some","CHG:POSTQ:2:Row-3 Col-2":"Rough","CHG:POSTQ:2:Row-2 Col-2":"Some","CHG:POSTQ:2:Row-3 Col-1":"Rough","CHG:POSTQ:2:Row-4 Col-1":"Low","CHG:POSTQ:2:Row-4 Col-2":"Low","POSTQ:2_Reason:":{"name":"{{$EFO_TED_E1_LISTPOST|ans4}}","value":"$EFL_efdata.TED.E1.LISTPOST","ontologyKey":"TED_E1_LISTPOST|yes","index":4,"id":"4"},"POSTQ:3":{}},"tutor":{"experimentalGroup":{"ontologyKey":"EG_A2"},"$seq":[{"prop":"experimentalGroup.ontologyKey","value":"EG_A2","time":1556213987090}]}}