{"scene":{"SNavigator":{},"SScene1":{"rowsComplete":4,"$seq":[{"prop":"rowsComplete","value":0,"time":1542222850975},{"prop":"complete","value":false,"time":1542222851283},{"prop":"currentRow","value":3,"time":1542222860450},{"prop":"correct","value":false,"time":1542222860450},{"prop":"correct","value":false,"time":1542222860483},{"prop":"currentRow","value":1,"time":1542222868940},{"prop":"correct","value":true,"time":1542222868940},{"prop":"correct","value":false,"time":1542222868975},{"prop":"correct","value":false,"time":1542222874508},{"prop":"correct","value":false,"time":1542222874510},{"prop":"TVSel.col1","value":2,"time":1542222882701},{"prop":"TVSel.col2","value":1,"time":1542222886145},{"prop":"correct","value":true,"time":1542222886145},{"prop":"correct","value":false,"time":1542222886195},{"prop":"rowsComplete","value":1,"time":1542222886197},{"prop":"currentRow","value":0,"time":1542222895968},{"prop":"currentRow","value":2,"time":1542222895968},{"prop":"correct","value":false,"time":1542222895969},{"prop":"VSel.col1","value":null,"time":1542222895969},{"prop":"VSel.col2","value":null,"time":1542222895970},{"prop":"correct","value":false,"time":1542222895971},{"prop":"VSel.col1","value":2,"time":1542222906778},{"prop":"VSel.col2","value":1,"time":1542222909850},{"prop":"correct","value":false,"time":1542222909850},{"prop":"correct","value":false,"time":1542222909886},{"prop":"VSel.col1","value":1,"time":1542222912126},{"prop":"correct","value":true,"time":1542222912126},{"prop":"correct","value":false,"time":1542222912177},{"prop":"rowsComplete","value":2,"time":1542222912179},{"prop":"currentRow","value":3,"time":1542222917819},{"prop":"correct","value":false,"time":1542222917820},{"prop":"VSel.col1","value":null,"time":1542222917820},{"prop":"VSel.col2","value":null,"time":1542222917820},{"prop":"correct","value":false,"time":1542222917822},{"prop":"VSel.col1","value":2,"time":1542222920084},{"prop":"VSel.col2","value":1,"time":1542222921984},{"prop":"correct","value":false,"time":1542222921984},{"prop":"correct","value":false,"time":1542222922025},{"prop":"VSel.col1","value":1,"time":1542222926029},{"prop":"correct","value":true,"time":1542222926029},{"prop":"correct","value":false,"time":1542222926063},{"prop":"rowsComplete","value":3,"time":1542222926065},{"prop":"currentRow","value":4,"time":1542222931700},{"prop":"correct","value":false,"time":1542222931701},{"prop":"VSel.col1","value":null,"time":1542222931701},{"prop":"VSel.col2","value":null,"time":1542222931701},{"prop":"correct","value":false,"time":1542222931702},{"prop":"VSel.col1","value":1,"time":1542222937254},{"prop":"VSel.col2","value":1,"time":1542222939211},{"prop":"correct","value":true,"time":1542222939211},{"prop":"correct","value":false,"time":1542222939261},{"prop":"rowsComplete","value":4,"time":1542222939263},{"prop":"currentRow","value":5,"time":1542222944990},{"prop":"complete","value":true,"time":1542222944990},{"prop":"correct","value":false,"time":1542222944991}],"complete":true,"currentRow":5,"correct":false,"TVSel":{"col1":2,"col2":1},"VSel":{"col1":1,"col2":1}},"SScene2":{"complete":true,"$seq":[{"prop":"complete","value":false,"time":1542222946676},{"prop":"complete","value":true,"time":1542222970435},{"prop":"correct","value":false,"time":1542222972984}],"correct":false},"SScene3":{"complete":true,"$seq":[{"prop":"complete","value":false,"time":1542222973090},{"prop":"complete","value":true,"time":1542222980400}]},"SScene4":{"complete":true,"$seq":[{"prop":"complete","value":false,"time":1542222981892},{"prop":"complete","value":true,"time":1542222993968}]},"SScene5":{"complete":true,"$seq":[{"prop":"complete","value":false,"time":1542222995466},{"prop":"complete","value":true,"time":1542223001320}]},"SScene6":{"complete":true,"$seq":[{"prop":"complete","value":false,"time":1542223006102},{"prop":"complete","value":true,"time":1542223017512}]},"SScene7":{"complete":true,"$seq":[{"prop":"complete","value":false,"time":1542223454148},{"prop":"complete","value":true,"time":1542223465597}]},"SScene8":{"complete":true,"$seq":[{"prop":"complete","value":false,"time":1542223469174},{"prop":"complete","value":true,"time":1542223524178}]},"SScene9":{"complete":false,"$seq":[{"prop":"complete","value":false,"time":1542223529752},{"prop":"complete","value":true,"time":1542223533358},{"prop":"complete","value":false,"time":1542223534491}]},"SScene11":{"complete":true,"$seq":[{"prop":"complete","value":false,"time":1542223120512},{"prop":"complete","value":true,"time":1542223141994},{"prop":"complete","value":true,"time":1542223157471}]},"SScene12":{"complete":true,"$seq":[{"prop":"complete","value":false,"time":1542223546797},{"prop":"complete","value":true,"time":1542223556548}]},"SScene12A":{"complete":false,"$seq":[{"prop":"complete","value":false,"time":1542223572180}]},"SScene13":{"complete":false,"$seq":[{"prop":"complete","value":false,"time":1542223206550},{"prop":"complete","value":true,"time":1542223219498},{"prop":"complete","value":false,"time":1542223220767}]},"SScene15":{"complete":true,"$seq":[{"prop":"complete","value":false,"time":1542223232266},{"prop":"complete","value":false,"time":1542223269676},{"prop":"complete","value":false,"time":1542223274004},{"prop":"complete","value":true,"time":1542223280750},{"prop":"complete","value":false,"time":1542223288503},{"prop":"complete","value":false,"time":1542223289647},{"prop":"complete","value":false,"time":1542223290933},{"prop":"complete","value":true,"time":1542223346869}]},"SScene16":{"complete":true,"$seq":[{"prop":"complete","value":false,"time":1542223349231},{"prop":"complete","value":false,"time":1542223362064},{"prop":"complete","value":false,"time":1542223366189},{"prop":"complete","value":true,"time":1542223369323},{"prop":"complete","value":false,"time":1542223372627},{"prop":"complete","value":true,"time":1542223375083}]},"SScene17":{"complete":true,"$seq":[{"prop":"complete","value":false,"time":1542223377831},{"prop":"complete","value":true,"time":1542223385654},{"prop":"complete","value":false,"time":1542223389106},{"prop":"complete","value":false,"time":1542223395172},{"prop":"complete","value":false,"time":1542223396623},{"prop":"complete","value":false,"time":1542223400200},{"prop":"complete","value":false,"time":1542223403725},{"prop":"complete","value":false,"time":1542223405814},{"prop":"complete","value":false,"time":1542223407230},{"prop":"complete","value":false,"time":1542223411174},{"prop":"complete","value":false,"time":1542223414685},{"prop":"complete","value":false,"time":1542223416173},{"prop":"complete","value":false,"time":1542223417697},{"prop":"complete","value":false,"time":1542223422908},{"prop":"complete","value":false,"time":1542223424380},{"prop":"complete","value":true,"time":1542223426481}]},"SScene10":{"complete":true,"$seq":[{"prop":"complete","value":false,"time":1542223537924},{"prop":"complete","value":true,"time":1542223545890}]}},"module":{"EFMod_TEDInstr":{"selectedArea":{"index":4,"ontologyKey":"STBL_A4|name"},"$seq":[{"prop":"selectedArea.index","value":4,"time":1542222850843},{"prop":"selectedArea.ontologyKey","value":"STBL_A4|name","time":1542222850843},{"prop":"selectedTopic.index","value":1,"time":1542222850843},{"prop":"selectedTopic.ontologyKey","value":"STBL_A4_T1|name","time":1542222850843},{"prop":"selectedVariable.index","value":1,"time":1542222850843},{"prop":"selectedVariable.ontologyKey","value":"STBL_A4_T1_V1|name","time":1542222850844},{"prop":"TEDExptNonTarget","value":[1,3,4],"time":1542222850949},{"prop":"TEDExptConfounds","value":[3,4,1],"time":1542222850949},{"prop":"TEDExptDifferent","value":[3,4,1,2],"time":1542222850949},{"prop":"TEDExptArea","value":{"ontologyKey":"STBL_A4","index":4},"time":1542222850949},{"prop":"TEDExptTopic","value":{"ontologyKey":"STBL_A4_T1","index":1},"time":1542222850950},{"prop":"TEDExptVariable","value":{"ontologyKey":"STBL_A4_T1_V2","index":2},"time":1542222850950},{"prop":"TEDExptRQ","value":{"ontologyKey":"S_A4_T1_RQ2","index":2},"time":1542222850950},{"prop":"TEDExptVarNC1","value":{"ontologyKey":"STBL_A4_T1_V1","index":1},"time":1542222850950},{"prop":"TEDExptVarNC2","value":{"ontologyKey":"STBL_A4_T1_V3","index":3},"time":1542222850950},{"prop":"TEDExptVarNC3","value":{"ontologyKey":"STBL_A4_T1_V4","index":4},"time":1542222850950},{"prop":"TEDExptPOSTSequence","value":[{"ontologyKey":"STBL_A4_T1_V1","index":1},{"ontologyKey":"STBL_A4_T1_V2","index":2},{"ontologyKey":"STBL_A4_T1_V3","index":3},{"ontologyKey":"STBL_A4_T1_V4","index":4}],"time":1542222850950},{"prop":"TEDExpt1V1","value":{"ontologyKey":"S_A4_T1_V1_A","index":1},"time":1542222850950},{"prop":"TEDExpt2V1","value":{"ontologyKey":"S_A4_T1_V1_A","index":1},"time":1542222850950},{"prop":"TEDExpt1V2","value":{"ontologyKey":"S_A4_T1_V2_A","index":2},"time":1542222850950},{"prop":"TEDExpt2V2","value":{"ontologyKey":"S_A4_T1_V2_A","index":2},"time":1542222850950},{"prop":"TEDExpt1V3","value":{"ontologyKey":"S_A4_T1_V3_A","index":3},"time":1542222850950},{"prop":"TEDExpt2V3","value":{"ontologyKey":"S_A4_T1_V3_A","index":3},"time":1542222850950},{"prop":"TEDExpt1V4","value":{"ontologyKey":"S_A4_T1_V4_A","index":4},"time":1542222850950},{"prop":"TEDExpt2V4","value":{"ontologyKey":"S_A4_T1_V4_A","index":4},"time":1542222850950},{"prop":"TEDExpt2V3","value":{"ontologyKey":"S_A4_T1_V3_B","index":3},"time":1542222850950},{"prop":"TEDExpt2V4","value":{"ontologyKey":"S_A4_T1_V4_B","index":4},"time":1542222850950},{"prop":"TEDExpt2V1","value":{"ontologyKey":"S_A4_T1_V1_B","index":1},"time":1542222850950},{"prop":"TEDExpt2V2","value":{"ontologyKey":"S_A4_T1_V2_B","index":2},"time":1542222850950},{"prop":"TEDExptNC1SameDiff","value":{"ontologyKey":"TED_E1_Q7NC1DIFF","value":"diff","index":1},"time":1542222850950},{"prop":"TEDExptNC1Confound","value":{"ontologyKey":"STBL_A4_T1_V1","index":1},"time":1542222850950},{"prop":"TEDExptNC2SameDiff","value":{"ontologyKey":"TED_E1_Q7NC2DIFF","value":"diff","index":3},"time":1542222850950},{"prop":"TEDExptNC2Confound","value":{"ontologyKey":"STBL_A4_T1_V3","index":3},"time":1542222850950},{"prop":"TEDExptNC3SameDiff","value":{"ontologyKey":"TED_E1_Q7NC3DIFF","value":"diff","index":4},"time":1542222850950},{"prop":"TEDExptNC3Confound","value":{"ontologyKey":"STBL_A4_T1_V4","index":4},"time":1542222850950},{"prop":"TEDExptNonTarget","value":[1,3,4],"time":1542222851284},{"prop":"TEDExptConfounds","value":[3,4,1],"time":1542222851284},{"prop":"TEDExptDifferent","value":[3,4,1,2],"time":1542222851284},{"prop":"TEDExptArea","value":{"ontologyKey":"STBL_A4","index":4},"time":1542222851284},{"prop":"TEDExptTopic","value":{"ontologyKey":"STBL_A4_T1","index":1},"time":1542222851284},{"prop":"TEDExptVariable","value":{"ontologyKey":"STBL_A4_T1_V2","index":2},"time":1542222851284},{"prop":"TEDExptRQ","value":{"ontologyKey":"S_A4_T1_RQ2","index":2},"time":1542222851284},{"prop":"TEDExptVarNC1","value":{"ontologyKey":"STBL_A4_T1_V1","index":1},"time":1542222851284},{"prop":"TEDExptVarNC2","value":{"ontologyKey":"STBL_A4_T1_V3","index":3},"time":1542222851284},{"prop":"TEDExptVarNC3","value":{"ontologyKey":"STBL_A4_T1_V4","index":4},"time":1542222851284},{"prop":"TEDExptPOSTSequence","value":[{"ontologyKey":"STBL_A4_T1_V1","index":1},{"ontologyKey":"STBL_A4_T1_V2","index":2},{"ontologyKey":"STBL_A4_T1_V3","index":3},{"ontologyKey":"STBL_A4_T1_V4","index":4}],"time":1542222851284},{"prop":"TEDExpt1V1","value":{"ontologyKey":"S_A4_T1_V1_A","index":1},"time":1542222851284},{"prop":"TEDExpt2V1","value":{"ontologyKey":"S_A4_T1_V1_A","index":1},"time":1542222851284},{"prop":"TEDExpt1V2","value":{"ontologyKey":"S_A4_T1_V2_A","index":2},"time":1542222851284},{"prop":"TEDExpt2V2","value":{"ontologyKey":"S_A4_T1_V2_A","index":2},"time":1542222851284},{"prop":"TEDExpt1V3","value":{"ontologyKey":"S_A4_T1_V3_A","index":3},"time":1542222851284},{"prop":"TEDExpt2V3","value":{"ontologyKey":"S_A4_T1_V3_A","index":3},"time":1542222851284},{"prop":"TEDExpt1V4","value":{"ontologyKey":"S_A4_T1_V4_A","index":4},"time":1542222851284},{"prop":"TEDExpt2V4","value":{"ontologyKey":"S_A4_T1_V4_A","index":4},"time":1542222851284},{"prop":"TEDExpt2V3","value":{"ontologyKey":"S_A4_T1_V3_B","index":3},"time":1542222851284},{"prop":"TEDExpt2V4","value":{"ontologyKey":"S_A4_T1_V4_B","index":4},"time":1542222851284},{"prop":"TEDExpt2V1","value":{"ontologyKey":"S_A4_T1_V1_B","index":1},"time":1542222851284},{"prop":"TEDExpt2V2","value":{"ontologyKey":"S_A4_T1_V2_B","index":2},"time":1542222851284},{"prop":"TEDExptNC1SameDiff","value":{"ontologyKey":"TED_E1_Q7NC1DIFF","value":"diff","index":1},"time":1542222851284},{"prop":"TEDExptNC1Confound","value":{"ontologyKey":"STBL_A4_T1_V1","index":1},"time":1542222851284},{"prop":"TEDExptNC2SameDiff","value":{"ontologyKey":"TED_E1_Q7NC2DIFF","value":"diff","index":3},"time":1542222851284},{"prop":"TEDExptNC2Confound","value":{"ontologyKey":"STBL_A4_T1_V3","index":3},"time":1542222851284},{"prop":"TEDExptNC3SameDiff","value":{"ontologyKey":"TED_E1_Q7NC3DIFF","value":"diff","index":4},"time":1542222851285},{"prop":"TEDExptNC3Confound","value":{"ontologyKey":"STBL_A4_T1_V4","index":4},"time":1542222851285},{"prop":"differentRow","value":1,"time":1542222886197},{"prop":"independentVarN","value":{"row":2,"col":0,"ontologyKey":"STBL_A4_T1_V2|name","isText":true,"selectedValue":"Amount of Sunlight","cell":{}},"time":1542222895968},{"prop":"sameRow1","value":2,"time":1542222912179},{"prop":"independentVarN","value":{"row":3,"col":0,"ontologyKey":"STBL_A4_T1_V3|name","isText":true,"selectedValue":"Amount of Fertilizer","cell":{}},"time":1542222917819},{"prop":"sameRow2","value":3,"time":1542222926065},{"prop":"independentVarN","value":{"row":4,"col":0,"ontologyKey":"STBL_A4_T1_V4|name","isText":true,"selectedValue":"Type of Water","cell":{}},"time":1542222931700},{"prop":"sameRow3","value":4,"time":1542222939263},{"prop":"independentVarN","time":1542222944990},{"prop":"Expt1_Q1","value":{"name":"{{$EFO_TED_E1_LISTYN|yes}}","ontologyKey":"TED_E1_LISTYN|yes","index":1,"value":false,"id":"incorrect"},"time":1542223115070},{"prop":"Expt1_Q3_WRONG","value":{"name":"{{$EFO_TED_E1_LISTQ23|ans6}}","value":"$EFL_efdata.TED.E1.LISTQ23","ontologyKey":"TED_E1_LISTQ23|yes","index":6,"id":"6"},"time":1542223141994},{"prop":"Expt1_Q3_WRONG","value":{"name":"{{$EFO_TED_E1_LISTQ23|ans4}}","value":"$EFL_efdata.TED.E1.LISTQ23","ontologyKey":"TED_E1_LISTQ23|yes","index":4,"id":"4"},"time":1542223157471},{"prop":"Expt1_Q4","value":{"name":"{{$EFO_TED_E1_LISTYN|no}}","ontologyKey":"TED_E1_LISTYN|no","index":2,"value":true,"id":"correct"},"time":1542223190413},{"prop":"Expt1_Q4A_RIGHT","value":{"name":"{{$EFO_TED_E1_LISTQ56|ans5}}","value":"$EFL_efdata.TED.E1.LISTQ56","ontologyKey":"TED_E1_LISTQ56|yes","index":5,"id":"5"},"time":1542223219498},{"prop":"TEDFeatureFocus","value":["Could Not cause","","Could Not cause","Could cause"],"time":1542223232593},{"prop":"TEDFeatureFocus","value":["Could Not cause","","Could Not cause","Could cause"],"time":1542223269675},{"prop":"TEDFeatureFocus","value":["Could Not cause","","Could Not cause","Could cause"],"time":1542223274004},{"prop":"TEDFeatureFocus","value":["Could Not cause","","Could Not cause","Could cause"],"time":1542223280750},{"prop":"TEDcorrection","value":3,"time":1542223349545},{"prop":"TEDcorrection","value":2,"time":1542223362064},{"prop":"TEDcorrection","value":1,"time":1542223366189},{"prop":"TEDcorrection","value":0,"time":1542223369323},{"prop":"TEDcorrection","value":1,"time":1542223372627},{"prop":"TEDcorrection","value":0,"time":1542223375083},{"prop":"TEDExptNonTarget","value":[1,2,4],"time":1542223454147},{"prop":"TEDExptConfounds","value":[2],"time":1542223454147},{"prop":"TEDExptDifferent","value":[2,3],"time":1542223454147},{"prop":"TEDExptArea","value":{"ontologyKey":"STBL_A4","index":4},"time":1542223454147},{"prop":"TEDExptTopic","value":{"ontologyKey":"STBL_A4_T1","index":1},"time":1542223454147},{"prop":"TEDExptVariable","value":{"ontologyKey":"STBL_A4_T1_V3","index":3},"time":1542223454147},{"prop":"TEDExptRQ","value":{"ontologyKey":"S_A4_T1_RQ3","index":3},"time":1542223454147},{"prop":"TEDExptVarNC1","value":{"ontologyKey":"STBL_A4_T1_V1","index":1},"time":1542223454147},{"prop":"TEDExptVarNC2","value":{"ontologyKey":"STBL_A4_T1_V2","index":2},"time":1542223454147},{"prop":"TEDExptVarNC3","value":{"ontologyKey":"STBL_A4_T1_V4","index":4},"time":1542223454147},{"prop":"TEDExptPOSTSequence","value":[{"ontologyKey":"STBL_A4_T1_V1","index":1},{"ontologyKey":"STBL_A4_T1_V2","index":2},{"ontologyKey":"STBL_A4_T1_V3","index":3},{"ontologyKey":"STBL_A4_T1_V4","index":4}],"time":1542223454147},{"prop":"TEDExpt1V1","value":{"ontologyKey":"S_A4_T1_V1_A","index":1},"time":1542223454147},{"prop":"TEDExpt2V1","value":{"ontologyKey":"S_A4_T1_V1_A","index":1},"time":1542223454147},{"prop":"TEDExpt1V2","value":{"ontologyKey":"S_A4_T1_V2_A","index":2},"time":1542223454147},{"prop":"TEDExpt2V2","value":{"ontologyKey":"S_A4_T1_V2_A","index":2},"time":1542223454147},{"prop":"TEDExpt1V3","value":{"ontologyKey":"S_A4_T1_V3_A","index":3},"time":1542223454147},{"prop":"TEDExpt2V3","value":{"ontologyKey":"S_A4_T1_V3_A","index":3},"time":1542223454147},{"prop":"TEDExpt1V4","value":{"ontologyKey":"S_A4_T1_V4_A","index":4},"time":1542223454147},{"prop":"TEDExpt2V4","value":{"ontologyKey":"S_A4_T1_V4_A","index":4},"time":1542223454147},{"prop":"TEDExpt2V2","value":{"ontologyKey":"S_A4_T1_V2_B","index":2},"time":1542223454147},{"prop":"TEDExpt2V3","value":{"ontologyKey":"S_A4_T1_V3_B","index":3},"time":1542223454147},{"prop":"TEDExptNC1SameDiff","value":{"ontologyKey":"TED_E1_Q7NC1SAME","value":"same","index":1},"time":1542223454147},{"prop":"TEDExptNC2SameDiff","value":{"ontologyKey":"TED_E1_Q7NC2DIFF","value":"diff","index":2},"time":1542223454148},{"prop":"TEDExptNC1Confound","value":{"ontologyKey":"STBL_A4_T1_V2","index":2},"time":1542223454148},{"prop":"TEDExptNC3SameDiff","value":{"ontologyKey":"TED_E1_Q7NC3SAME","value":"same","index":4},"time":1542223454148},{"prop":"Expt1_Q1","value":{"name":"{{$EFO_TED_E1_LISTYN|no}}","ontologyKey":"TED_E1_LISTYN|no","index":2,"value":true,"id":"correct"},"time":1542223533358},{"prop":"Expt1_Q2_RIGHT","value":{"name":"{{$EFO_TED_E1_LISTQ23|ans6}}","value":"$EFL_efdata.TED.E1.LISTQ23","ontologyKey":"TED_E1_LISTQ23|yes","index":6,"id":"6"},"time":1542223545890}],"selectedTopic":{"index":1,"ontologyKey":"STBL_A4_T1|name"},"selectedVariable":{"index":1,"ontologyKey":"STBL_A4_T1_V1|name"},"TEDExptNonTarget":[1,2,4],"TEDExptConfounds":[2],"TEDExptDifferent":[2,3],"TEDExptArea":{"ontologyKey":"STBL_A4","index":4},"TEDExptTopic":{"ontologyKey":"STBL_A4_T1","index":1},"TEDExptVariable":{"ontologyKey":"STBL_A4_T1_V3","index":3},"TEDExptRQ":{"ontologyKey":"S_A4_T1_RQ3","index":3},"TEDExptVarNC1":{"ontologyKey":"STBL_A4_T1_V1","index":1},"TEDExptVarNC2":{"ontologyKey":"STBL_A4_T1_V2","index":2},"TEDExptVarNC3":{"ontologyKey":"STBL_A4_T1_V4","index":4},"TEDExptPOSTSequence":[{"ontologyKey":"STBL_A4_T1_V1","index":1},{"ontologyKey":"STBL_A4_T1_V2","index":2},{"ontologyKey":"STBL_A4_T1_V3","index":3},{"ontologyKey":"STBL_A4_T1_V4","index":4}],"TEDExpt1V1":{"ontologyKey":"S_A4_T1_V1_A","index":1},"TEDExpt2V1":{"ontologyKey":"S_A4_T1_V1_A","index":1},"TEDExpt1V2":{"ontologyKey":"S_A4_T1_V2_A","index":2},"TEDExpt2V2":{"ontologyKey":"S_A4_T1_V2_B","index":2},"TEDExpt1V3":{"ontologyKey":"S_A4_T1_V3_A","index":3},"TEDExpt2V3":{"ontologyKey":"S_A4_T1_V3_B","index":3},"TEDExpt1V4":{"ontologyKey":"S_A4_T1_V4_A","index":4},"TEDExpt2V4":{"ontologyKey":"S_A4_T1_V4_A","index":4},"TEDExptNC1SameDiff":{"ontologyKey":"TED_E1_Q7NC1SAME","value":"same","index":1},"TEDExptNC1Confound":{"ontologyKey":"STBL_A4_T1_V2","index":2},"TEDExptNC2SameDiff":{"ontologyKey":"TED_E1_Q7NC2DIFF","value":"diff","index":2},"TEDExptNC2Confound":{"ontologyKey":"STBL_A4_T1_V3","index":3},"TEDExptNC3SameDiff":{"ontologyKey":"TED_E1_Q7NC3SAME","value":"same","index":4},"TEDExptNC3Confound":{"ontologyKey":"STBL_A4_T1_V4","index":4},"differentRow":1,"sameRow1":2,"sameRow2":3,"sameRow3":4,"Expt1_Q1":{"name":"{{$EFO_TED_E1_LISTYN|no}}","ontologyKey":"TED_E1_LISTYN|no","index":2,"value":true,"id":"correct"},"Expt1_Q3_WRONG":{"name":"{{$EFO_TED_E1_LISTQ23|ans4}}","value":"$EFL_efdata.TED.E1.LISTQ23","ontologyKey":"TED_E1_LISTQ23|yes","index":4,"id":"4"},"Expt1_Q4":{"name":"{{$EFO_TED_E1_LISTYN|no}}","ontologyKey":"TED_E1_LISTYN|no","index":2,"value":true,"id":"correct"},"Expt1_Q4A_RIGHT":{"name":"{{$EFO_TED_E1_LISTQ56|ans5}}","value":"$EFL_efdata.TED.E1.LISTQ56","ontologyKey":"TED_E1_LISTQ56|yes","index":5,"id":"5"},"TEDFeatureFocus":["Could Not cause","","Could Not cause","Could cause"],"TEDcorrection":0,"Expt1_Q2_RIGHT":{"name":"{{$EFO_TED_E1_LISTQ23|ans6}}","value":"$EFL_efdata.TED.E1.LISTQ23","ontologyKey":"TED_E1_LISTQ23|yes","index":6,"id":"6"}}},"tutor":{"experimentalGroup":{"ontologyKey":"EG_A3"},"$seq":[{"prop":"experimentalGroup.ontologyKey","value":"EG_A3","time":1542222850843}]}}