{"scene":{"SNavigator":{},"SScene1":{"rowsComplete":4,"$seq":[{"prop":"rowsComplete","value":0,"time":1542222850975},{"prop":"complete","value":false,"time":1542222851283},{"prop":"currentRow","value":3,"time":1542222860450},{"prop":"correct","value":false,"time":1542222860450},{"prop":"correct","value":false,"time":1542222860483},{"prop":"currentRow","value":1,"time":1542222868940},{"prop":"correct","value":true,"time":1542222868940},{"prop":"correct","value":false,"time":1542222868975},{"prop":"correct","value":false,"time":1542222874508},{"prop":"correct","value":false,"time":1542222874510},{"prop":"TVSel.col1","value":2,"time":1542222882701},{"prop":"TVSel.col2","value":1,"time":1542222886145},{"prop":"correct","value":true,"time":1542222886145},{"prop":"correct","value":false,"time":1542222886195},{"prop":"rowsComplete","value":1,"time":1542222886197},{"prop":"currentRow","value":0,"time":1542222895968},{"prop":"currentRow","value":2,"time":1542222895968},{"prop":"correct","value":false,"time":1542222895969},{"prop":"VSel.col1","value":null,"time":1542222895969},{"prop":"VSel.col2","value":null,"time":1542222895970},{"prop":"correct","value":false,"time":1542222895971},{"prop":"VSel.col1","value":2,"time":1542222906778},{"prop":"VSel.col2","value":1,"time":1542222909850},{"prop":"correct","value":false,"time":1542222909850},{"prop":"correct","value":false,"time":1542222909886},{"prop":"VSel.col1","value":1,"time":1542222912126},{"prop":"correct","value":true,"time":1542222912126},{"prop":"correct","value":false,"time":1542222912177},{"prop":"rowsComplete","value":2,"time":1542222912179},{"prop":"currentRow","value":3,"time":1542222917819},{"prop":"correct","value":false,"time":1542222917820},{"prop":"VSel.col1","value":null,"time":1542222917820},{"prop":"VSel.col2","value":null,"time":1542222917820},{"prop":"correct","value":false,"time":1542222917822},{"prop":"VSel.col1","value":2,"time":1542222920084},{"prop":"VSel.col2","value":1,"time":1542222921984},{"prop":"correct","value":false,"time":1542222921984},{"prop":"correct","value":false,"time":1542222922025},{"prop":"VSel.col1","value":1,"time":1542222926029},{"prop":"correct","value":true,"time":1542222926029},{"prop":"correct","value":false,"time":1542222926063},{"prop":"rowsComplete","value":3,"time":1542222926065},{"prop":"currentRow","value":4,"time":1542222931700},{"prop":"correct","value":false,"time":1542222931701},{"prop":"VSel.col1","value":null,"time":1542222931701},{"prop":"VSel.col2","value":null,"time":1542222931701},{"prop":"correct","value":false,"time":1542222931702},{"prop":"VSel.col1","value":1,"time":1542222937254},{"prop":"VSel.col2","value":1,"time":1542222939211},{"prop":"correct","value":true,"time":1542222939211},{"prop":"correct","value":false,"time":1542222939261},{"prop":"rowsComplete","value":4,"time":1542222939263},{"prop":"currentRow","value":5,"time":1542222944990},{"prop":"complete","value":true,"time":1542222944990},{"prop":"correct","value":false,"time":1542222944991}],"complete":true,"currentRow":5,"correct":false,"TVSel":{"col1":2,"col2":1},"VSel":{"col1":1,"col2":1}},"SScene2":{"complete":true,"$seq":[{"prop":"complete","value":false,"time":1542222946676},{"prop":"complete","value":true,"time":1542222970435},{"prop":"correct","value":false,"time":1542222972984}],"correct":false},"SScene3":{"complete":false,"$seq":[{"prop":"complete","value":false,"time":1542222973090}]}},"module":{"EFMod_TEDInstr":{"selectedArea":{"index":4,"ontologyKey":"STBL_A4|name"},"$seq":[{"prop":"selectedArea.index","value":4,"time":1542222850843},{"prop":"selectedArea.ontologyKey","value":"STBL_A4|name","time":1542222850843},{"prop":"selectedTopic.index","value":1,"time":1542222850843},{"prop":"selectedTopic.ontologyKey","value":"STBL_A4_T1|name","time":1542222850843},{"prop":"selectedVariable.index","value":1,"time":1542222850843},{"prop":"selectedVariable.ontologyKey","value":"STBL_A4_T1_V1|name","time":1542222850844},{"prop":"TEDExptNonTarget","value":[1,3,4],"time":1542222850949},{"prop":"TEDExptConfounds","value":[3,4,1],"time":1542222850949},{"prop":"TEDExptDifferent","value":[3,4,1,2],"time":1542222850949},{"prop":"TEDExptArea","value":{"ontologyKey":"STBL_A4","index":4},"time":1542222850949},{"prop":"TEDExptTopic","value":{"ontologyKey":"STBL_A4_T1","index":1},"time":1542222850950},{"prop":"TEDExptVariable","value":{"ontologyKey":"STBL_A4_T1_V2","index":2},"time":1542222850950},{"prop":"TEDExptRQ","value":{"ontologyKey":"S_A4_T1_RQ2","index":2},"time":1542222850950},{"prop":"TEDExptVarNC1","value":{"ontologyKey":"STBL_A4_T1_V1","index":1},"time":1542222850950},{"prop":"TEDExptVarNC2","value":{"ontologyKey":"STBL_A4_T1_V3","index":3},"time":1542222850950},{"prop":"TEDExptVarNC3","value":{"ontologyKey":"STBL_A4_T1_V4","index":4},"time":1542222850950},{"prop":"TEDExptPOSTSequence","value":[{"ontologyKey":"STBL_A4_T1_V1","index":1},{"ontologyKey":"STBL_A4_T1_V2","index":2},{"ontologyKey":"STBL_A4_T1_V3","index":3},{"ontologyKey":"STBL_A4_T1_V4","index":4}],"time":1542222850950},{"prop":"TEDExpt1V1","value":{"ontologyKey":"S_A4_T1_V1_A","index":1},"time":1542222850950},{"prop":"TEDExpt2V1","value":{"ontologyKey":"S_A4_T1_V1_A","index":1},"time":1542222850950},{"prop":"TEDExpt1V2","value":{"ontologyKey":"S_A4_T1_V2_A","index":2},"time":1542222850950},{"prop":"TEDExpt2V2","value":{"ontologyKey":"S_A4_T1_V2_A","index":2},"time":1542222850950},{"prop":"TEDExpt1V3","value":{"ontologyKey":"S_A4_T1_V3_A","index":3},"time":1542222850950},{"prop":"TEDExpt2V3","value":{"ontologyKey":"S_A4_T1_V3_A","index":3},"time":1542222850950},{"prop":"TEDExpt1V4","value":{"ontologyKey":"S_A4_T1_V4_A","index":4},"time":1542222850950},{"prop":"TEDExpt2V4","value":{"ontologyKey":"S_A4_T1_V4_A","index":4},"time":1542222850950},{"prop":"TEDExpt2V3","value":{"ontologyKey":"S_A4_T1_V3_B","index":3},"time":1542222850950},{"prop":"TEDExpt2V4","value":{"ontologyKey":"S_A4_T1_V4_B","index":4},"time":1542222850950},{"prop":"TEDExpt2V1","value":{"ontologyKey":"S_A4_T1_V1_B","index":1},"time":1542222850950},{"prop":"TEDExpt2V2","value":{"ontologyKey":"S_A4_T1_V2_B","index":2},"time":1542222850950},{"prop":"TEDExptNC1SameDiff","value":{"ontologyKey":"TED_E1_Q7NC1DIFF","value":"diff","index":1},"time":1542222850950},{"prop":"TEDExptNC1Confound","value":{"ontologyKey":"STBL_A4_T1_V1","index":1},"time":1542222850950},{"prop":"TEDExptNC2SameDiff","value":{"ontologyKey":"TED_E1_Q7NC2DIFF","value":"diff","index":3},"time":1542222850950},{"prop":"TEDExptNC2Confound","value":{"ontologyKey":"STBL_A4_T1_V3","index":3},"time":1542222850950},{"prop":"TEDExptNC3SameDiff","value":{"ontologyKey":"TED_E1_Q7NC3DIFF","value":"diff","index":4},"time":1542222850950},{"prop":"TEDExptNC3Confound","value":{"ontologyKey":"STBL_A4_T1_V4","index":4},"time":1542222850950},{"prop":"TEDExptNonTarget","value":[1,3,4],"time":1542222851284},{"prop":"TEDExptConfounds","value":[3,4,1],"time":1542222851284},{"prop":"TEDExptDifferent","value":[3,4,1,2],"time":1542222851284},{"prop":"TEDExptArea","value":{"ontologyKey":"STBL_A4","index":4},"time":1542222851284},{"prop":"TEDExptTopic","value":{"ontologyKey":"STBL_A4_T1","index":1},"time":1542222851284},{"prop":"TEDExptVariable","value":{"ontologyKey":"STBL_A4_T1_V2","index":2},"time":1542222851284},{"prop":"TEDExptRQ","value":{"ontologyKey":"S_A4_T1_RQ2","index":2},"time":1542222851284},{"prop":"TEDExptVarNC1","value":{"ontologyKey":"STBL_A4_T1_V1","index":1},"time":1542222851284},{"prop":"TEDExptVarNC2","value":{"ontologyKey":"STBL_A4_T1_V3","index":3},"time":1542222851284},{"prop":"TEDExptVarNC3","value":{"ontologyKey":"STBL_A4_T1_V4","index":4},"time":1542222851284},{"prop":"TEDExptPOSTSequence","value":[{"ontologyKey":"STBL_A4_T1_V1","index":1},{"ontologyKey":"STBL_A4_T1_V2","index":2},{"ontologyKey":"STBL_A4_T1_V3","index":3},{"ontologyKey":"STBL_A4_T1_V4","index":4}],"time":1542222851284},{"prop":"TEDExpt1V1","value":{"ontologyKey":"S_A4_T1_V1_A","index":1},"time":1542222851284},{"prop":"TEDExpt2V1","value":{"ontologyKey":"S_A4_T1_V1_A","index":1},"time":1542222851284},{"prop":"TEDExpt1V2","value":{"ontologyKey":"S_A4_T1_V2_A","index":2},"time":1542222851284},{"prop":"TEDExpt2V2","value":{"ontologyKey":"S_A4_T1_V2_A","index":2},"time":1542222851284},{"prop":"TEDExpt1V3","value":{"ontologyKey":"S_A4_T1_V3_A","index":3},"time":1542222851284},{"prop":"TEDExpt2V3","value":{"ontologyKey":"S_A4_T1_V3_A","index":3},"time":1542222851284},{"prop":"TEDExpt1V4","value":{"ontologyKey":"S_A4_T1_V4_A","index":4},"time":1542222851284},{"prop":"TEDExpt2V4","value":{"ontologyKey":"S_A4_T1_V4_A","index":4},"time":1542222851284},{"prop":"TEDExpt2V3","value":{"ontologyKey":"S_A4_T1_V3_B","index":3},"time":1542222851284},{"prop":"TEDExpt2V4","value":{"ontologyKey":"S_A4_T1_V4_B","index":4},"time":1542222851284},{"prop":"TEDExpt2V1","value":{"ontologyKey":"S_A4_T1_V1_B","index":1},"time":1542222851284},{"prop":"TEDExpt2V2","value":{"ontologyKey":"S_A4_T1_V2_B","index":2},"time":1542222851284},{"prop":"TEDExptNC1SameDiff","value":{"ontologyKey":"TED_E1_Q7NC1DIFF","value":"diff","index":1},"time":1542222851284},{"prop":"TEDExptNC1Confound","value":{"ontologyKey":"STBL_A4_T1_V1","index":1},"time":1542222851284},{"prop":"TEDExptNC2SameDiff","value":{"ontologyKey":"TED_E1_Q7NC2DIFF","value":"diff","index":3},"time":1542222851284},{"prop":"TEDExptNC2Confound","value":{"ontologyKey":"STBL_A4_T1_V3","index":3},"time":1542222851284},{"prop":"TEDExptNC3SameDiff","value":{"ontologyKey":"TED_E1_Q7NC3DIFF","value":"diff","index":4},"time":1542222851285},{"prop":"TEDExptNC3Confound","value":{"ontologyKey":"STBL_A4_T1_V4","index":4},"time":1542222851285},{"prop":"differentRow","value":1,"time":1542222886197},{"prop":"independentVarN","value":{"row":2,"col":0,"ontologyKey":"STBL_A4_T1_V2|name","isText":true,"selectedValue":"Amount of Sunlight","cell":{}},"time":1542222895968},{"prop":"sameRow1","value":2,"time":1542222912179},{"prop":"independentVarN","value":{"row":3,"col":0,"ontologyKey":"STBL_A4_T1_V3|name","isText":true,"selectedValue":"Amount of Fertilizer","cell":{}},"time":1542222917819},{"prop":"sameRow2","value":3,"time":1542222926065},{"prop":"independentVarN","value":{"row":4,"col":0,"ontologyKey":"STBL_A4_T1_V4|name","isText":true,"selectedValue":"Type of Water","cell":{}},"time":1542222931700},{"prop":"sameRow3","value":4,"time":1542222939263},{"prop":"independentVarN","time":1542222944990}],"selectedTopic":{"index":1,"ontologyKey":"STBL_A4_T1|name"},"selectedVariable":{"index":1,"ontologyKey":"STBL_A4_T1_V1|name"},"TEDExptNonTarget":[1,3,4],"TEDExptConfounds":[3,4,1],"TEDExptDifferent":[3,4,1,2],"TEDExptArea":{"ontologyKey":"STBL_A4","index":4},"TEDExptTopic":{"ontologyKey":"STBL_A4_T1","index":1},"TEDExptVariable":{"ontologyKey":"STBL_A4_T1_V2","index":2},"TEDExptRQ":{"ontologyKey":"S_A4_T1_RQ2","index":2},"TEDExptVarNC1":{"ontologyKey":"STBL_A4_T1_V1","index":1},"TEDExptVarNC2":{"ontologyKey":"STBL_A4_T1_V3","index":3},"TEDExptVarNC3":{"ontologyKey":"STBL_A4_T1_V4","index":4},"TEDExptPOSTSequence":[{"ontologyKey":"STBL_A4_T1_V1","index":1},{"ontologyKey":"STBL_A4_T1_V2","index":2},{"ontologyKey":"STBL_A4_T1_V3","index":3},{"ontologyKey":"STBL_A4_T1_V4","index":4}],"TEDExpt1V1":{"ontologyKey":"S_A4_T1_V1_A","index":1},"TEDExpt2V1":{"ontologyKey":"S_A4_T1_V1_B","index":1},"TEDExpt1V2":{"ontologyKey":"S_A4_T1_V2_A","index":2},"TEDExpt2V2":{"ontologyKey":"S_A4_T1_V2_B","index":2},"TEDExpt1V3":{"ontologyKey":"S_A4_T1_V3_A","index":3},"TEDExpt2V3":{"ontologyKey":"S_A4_T1_V3_B","index":3},"TEDExpt1V4":{"ontologyKey":"S_A4_T1_V4_A","index":4},"TEDExpt2V4":{"ontologyKey":"S_A4_T1_V4_B","index":4},"TEDExptNC1SameDiff":{"ontologyKey":"TED_E1_Q7NC1DIFF","value":"diff","index":1},"TEDExptNC1Confound":{"ontologyKey":"STBL_A4_T1_V1","index":1},"TEDExptNC2SameDiff":{"ontologyKey":"TED_E1_Q7NC2DIFF","value":"diff","index":3},"TEDExptNC2Confound":{"ontologyKey":"STBL_A4_T1_V3","index":3},"TEDExptNC3SameDiff":{"ontologyKey":"TED_E1_Q7NC3DIFF","value":"diff","index":4},"TEDExptNC3Confound":{"ontologyKey":"STBL_A4_T1_V4","index":4},"differentRow":1,"sameRow1":2,"sameRow2":3,"sameRow3":4}},"tutor":{"experimentalGroup":{"ontologyKey":"EG_A3"},"$seq":[{"prop":"experimentalGroup.ontologyKey","value":"EG_A3","time":1542222850843}]}}