{"scene":{"SNavigator":{},"SMatsIntro":{"complete":true,"$seq":[{"prop":"complete","value":false,"time":1262461499732},{"prop":"complete","value":true,"time":1262461513601}]},"SMatsPre1":{"complete":true,"$seq":[{"prop":"complete","value":false,"time":1262461515335},{"prop":"Sg1","value":"true","time":1262461545405},{"prop":"PreTest:Sg1","value":"b4","time":1262461545405},{"prop":"complete","value":false,"time":1262461545406},{"prop":"Sg1","value":"true","time":1262461545408},{"prop":"complete","value":false,"time":1262461545408},{"prop":"Sg2","value":"true","time":1262461553710},{"prop":"PreTest:Sg2","value":"b3","time":1262461553710},{"prop":"complete","value":false,"time":1262461553710},{"prop":"Sg2","value":"true","time":1262461553710},{"prop":"complete","value":false,"time":1262461553710},{"prop":"Sg3","value":"true","time":1262461557570},{"prop":"PreTest:Sg3","value":"b3","time":1262461557570},{"prop":"complete","value":false,"time":1262461557570},{"prop":"Sg3","value":"true","time":1262461557571},{"prop":"complete","value":false,"time":1262461557571},{"prop":"Sg4","value":"true","time":1262461564776},{"prop":"PreTest:Sg4","value":"b5","time":1262461564777},{"prop":"complete","value":true,"time":1262461564777},{"prop":"Sg4","value":"true","time":1262461564777},{"prop":"complete","value":true,"time":1262461564777}],"Sg1":"true","PreTest:Sg1":"b4","Sg2":"true","PreTest:Sg2":"b3","Sg3":"true","PreTest:Sg3":"b3","Sg4":"true","PreTest:Sg4":"b5"},"SMatsPre2":{"complete":true,"$seq":[{"prop":"complete","value":false,"time":1262461565803},{"prop":"Sg1","value":"true","time":1262461578110},{"prop":"PreTest:Sg1","value":"b3","time":1262461578110},{"prop":"complete","value":false,"time":1262461578110},{"prop":"Sg1","value":"true","time":1262461578111},{"prop":"complete","value":false,"time":1262461578111},{"prop":"Sg1","value":"true","time":1262461578671},{"prop":"PreTest:Sg1","value":"b2","time":1262461578671},{"prop":"complete","value":false,"time":1262461578671},{"prop":"Sg1","value":"true","time":1262461578672},{"prop":"complete","value":false,"time":1262461578672},{"prop":"Sg2","value":"true","time":1262461581904},{"prop":"PreTest:Sg2","value":"b4","time":1262461581904},{"prop":"complete","value":false,"time":1262461581904},{"prop":"Sg2","value":"true","time":1262461581904},{"prop":"complete","value":false,"time":1262461581904},{"prop":"Sg3","value":"true","time":1262461585051},{"prop":"PreTest:Sg3","value":"b5","time":1262461585051},{"prop":"complete","value":false,"time":1262461585051},{"prop":"Sg3","value":"true","time":1262461585051},{"prop":"complete","value":false,"time":1262461585051},{"prop":"Sg4","value":"true","time":1262461588832},{"prop":"PreTest:Sg4","value":"b1","time":1262461588832},{"prop":"complete","value":true,"time":1262461588832},{"prop":"Sg4","value":"true","time":1262461588832},{"prop":"complete","value":true,"time":1262461588832}],"Sg1":"true","PreTest:Sg1":"b2","Sg2":"true","PreTest:Sg2":"b4","Sg3":"true","PreTest:Sg3":"b5","Sg4":"true","PreTest:Sg4":"b1"},"SMatsPre3":{"complete":true,"$seq":[{"prop":"complete","value":false,"time":1262461589770},{"prop":"Sg1","value":"true","time":1262461597912},{"prop":"PreTest:Sg1","value":"b3","time":1262461597912},{"prop":"complete","value":false,"time":1262461597912},{"prop":"Sg1","value":"true","time":1262461597913},{"prop":"complete","value":false,"time":1262461597913},{"prop":"Sg2","value":"true","time":1262461599360},{"prop":"PreTest:Sg2","value":"b3","time":1262461599360},{"prop":"complete","value":false,"time":1262461599360},{"prop":"Sg2","value":"true","time":1262461599361},{"prop":"complete","value":false,"time":1262461599361},{"prop":"Sg2","value":"true","time":1262461600377},{"prop":"PreTest:Sg2","value":"b2","time":1262461600377},{"prop":"complete","value":false,"time":1262461600377},{"prop":"Sg2","value":"true","time":1262461600377},{"prop":"complete","value":false,"time":1262461600377},{"prop":"Sg3","value":"true","time":1262461605691},{"prop":"PreTest:Sg3","value":"b3","time":1262461605691},{"prop":"complete","value":false,"time":1262461605691},{"prop":"Sg3","value":"true","time":1262461605691},{"prop":"complete","value":false,"time":1262461605691},{"prop":"Sg4","value":"true","time":1262461609463},{"prop":"PreTest:Sg4","value":"b3","time":1262461609463},{"prop":"complete","value":true,"time":1262461609464},{"prop":"Sg4","value":"true","time":1262461609464},{"prop":"complete","value":true,"time":1262461609464}],"Sg1":"true","PreTest:Sg1":"b3","Sg2":"true","PreTest:Sg2":"b2","Sg3":"true","PreTest:Sg3":"b3","Sg4":"true","PreTest:Sg4":"b3"},"SMatsPre4":{"complete":false,"$seq":[{"prop":"complete","value":false,"time":1262461610711}]}},"module":{},"tutor":{}}