{"scene":{"SNavigator":{},"SScene1":{"rowsComplete":4,"$seq":[{"prop":"rowsComplete","value":0,"time":1543860319410},{"prop":"complete","value":false,"time":1543860319740},{"prop":"currentRow","value":4,"time":1543860333382},{"prop":"correct","value":true,"time":1543860333383},{"prop":"correct","value":false,"time":1543860333498},{"prop":"correct","value":false,"time":1543860338883},{"prop":"correct","value":false,"time":1543860338885},{"prop":"TVSel.col1","value":2,"time":1543860344967},{"prop":"TVSel.col2","value":1,"time":1543860346508},{"prop":"correct","value":true,"time":1543860346508},{"prop":"correct","value":false,"time":1543860346544},{"prop":"rowsComplete","value":1,"time":1543860346551},{"prop":"currentRow","value":0,"time":1543860356259},{"prop":"currentRow","value":1,"time":1543860356259},{"prop":"correct","value":false,"time":1543860356261},{"prop":"VSel.col1","value":null,"time":1543860356261},{"prop":"VSel.col2","value":null,"time":1543860356261},{"prop":"correct","value":false,"time":1543860356263},{"prop":"VSel.col1","value":1,"time":1543860360924},{"prop":"VSel.col2","value":2,"time":1543860362867},{"prop":"correct","value":false,"time":1543860362867},{"prop":"correct","value":false,"time":1543860362881},{"prop":"VSel.col1","value":2,"time":1543860366247},{"prop":"correct","value":true,"time":1543860366247},{"prop":"correct","value":false,"time":1543860366298},{"prop":"rowsComplete","value":2,"time":1543860366301},{"prop":"currentRow","value":2,"time":1543860371985},{"prop":"correct","value":false,"time":1543860371986},{"prop":"VSel.col1","value":null,"time":1543860371987},{"prop":"VSel.col2","value":null,"time":1543860371987},{"prop":"correct","value":false,"time":1543860371989},{"prop":"VSel.col1","value":1,"time":1543860375510},{"prop":"VSel.col2","value":2,"time":1543860376792},{"prop":"correct","value":false,"time":1543860376792},{"prop":"correct","value":false,"time":1543860376838},{"prop":"VSel.col2","value":1,"time":1543860378045},{"prop":"correct","value":true,"time":1543860378046},{"prop":"correct","value":false,"time":1543860378073},{"prop":"rowsComplete","value":3,"time":1543860378079},{"prop":"currentRow","value":3,"time":1543860383735},{"prop":"correct","value":false,"time":1543860383736},{"prop":"VSel.col1","value":null,"time":1543860383736},{"prop":"VSel.col2","value":null,"time":1543860383736},{"prop":"correct","value":false,"time":1543860383738},{"prop":"VSel.col1","value":2,"time":1543860385728},{"prop":"VSel.col2","value":2,"time":1543860387550},{"prop":"correct","value":true,"time":1543860387550},{"prop":"correct","value":false,"time":1543860387613},{"prop":"rowsComplete","value":4,"time":1543860387618},{"prop":"currentRow","value":5,"time":1543860393371},{"prop":"complete","value":true,"time":1543860393371},{"prop":"correct","value":false,"time":1543860393373}],"complete":true,"currentRow":5,"correct":false,"TVSel":{"col1":2,"col2":1},"VSel":{"col1":2,"col2":2}},"SScene2":{"complete":false,"$seq":[{"prop":"complete","value":false,"time":1543860394467}]},"SScene3":{"TopicSelected":true,"$seq":[{"prop":"TopicSelected","value":false,"time":1543860136998},{"prop":"TopicSelected","value":true,"time":1543860155974},{"prop":"Topic Index:2","time":1543860155976}]},"SScene4":{"complete":true,"$seq":[{"prop":"complete","value":false,"time":1543860156859},{"prop":"complete","value":true,"time":1543860177633}]},"SScene5":{"complete":true,"$seq":[{"prop":"complete","value":false,"time":1543860183495},{"prop":"complete","value":true,"time":1543860188100}]},"SScene5a":{"complete":true,"$seq":[{"prop":"complete","value":false,"time":1543860189316},{"prop":"complete","value":true,"time":1543860201398}]},"SScene6a":{},"SScene6b":{},"SScene6c":{},"SScene7":{"complete":true,"$seq":[{"prop":"complete","value":false,"time":1543860220397},{"prop":"complete","value":true,"time":1543860243598}]},"SScene8":{"complete":true,"$seq":[{"prop":"complete","value":false,"time":1543860246276},{"prop":"complete","value":true,"time":1543860288790}]},"SScene9":{"RQSelected":true,"$seq":[{"prop":"RQSelected","value":false,"time":1543860290526},{"prop":"RQSelected","value":true,"time":1543860304464},{"prop":"Variable Index:4","time":1543860304465},{"prop":"RQSelected","value":true,"time":1543860304770},{"prop":"Variable Index:4","time":1543860304770}]},"SScene11":{"RQconfirmed":false,"$seq":[{"prop":"RQconfirmed","value":false,"time":1543860304679},{"prop":"complete","value":true,"time":1543860315277}],"complete":true},"SSceneEnd":{"complete":false,"$seq":[{"prop":"complete","value":false,"time":1543860317326}]}},"module":{"selectedArea":{"ontologyKey":"S_A1|name","index":1},"selectedTopic":{"ontologyKey":"S_A1_T2|name","index":2},"selectedVariable":{"ontologyKey":"S_A1_T2_V4|name","index":4},"selectedRQ":{"ontologyKey":"S_A1_T2_RQ4"},"AreaSelectedID":"Sarea1|Sselected","AreaButtonID":"Sbutton1","TopicSelectedID":"Stopic2|Sselected","TopicButtonID":"Sbutton2","VariableHighlightID":"SbuttonHL4","VariableClickMaskID":"SclickMask4","RQconfirmation":"UNKNOWN","$seq":[{"prop":"selectedArea","value":{"ontologyKey":"S_A1|name","index":1},"time":1543860319315},{"prop":"selectedTopic","value":{"ontologyKey":"S_A1_T2|name","index":2},"time":1543860319315},{"prop":"selectedVariable","value":{"ontologyKey":"S_A1_T2_V4|name","index":4},"time":1543860319315},{"prop":"selectedRQ","value":{"ontologyKey":"S_A1_T2_RQ4"},"time":1543860319315},{"prop":"AreaSelectedID","value":"Sarea1|Sselected","time":1543860319315},{"prop":"AreaButtonID","value":"Sbutton1","time":1543860319315},{"prop":"TopicSelectedID","value":"Stopic2|Sselected","time":1543860319315},{"prop":"TopicButtonID","value":"Sbutton2","time":1543860319315},{"prop":"VariableHighlightID","value":"SbuttonHL4","time":1543860319315},{"prop":"VariableClickMaskID","value":"SclickMask4","time":1543860319315},{"prop":"TEDExptNonTarget","value":[2,3,4],"time":1543860319318},{"prop":"TEDExptConfounds","value":[2,3,4],"time":1543860319318},{"prop":"TEDExptDifferent","value":[2,3,4,1],"time":1543860319318},{"prop":"TEDExptArea","value":{"ontologyKey":"S_A1","index":1},"time":1543860319318},{"prop":"TEDExptTopic","value":{"ontologyKey":"S_A1_T2","index":2},"time":1543860319318},{"prop":"TEDExptVariable","value":{"ontologyKey":"S_A1_T2_V1","index":1},"time":1543860319318},{"prop":"TEDExptRQ","value":{"ontologyKey":"S_A1_T2_RQ1","index":1},"time":1543860319318},{"prop":"TEDExptVarNC1","value":{"ontologyKey":"S_A1_T2_V2","index":2},"time":1543860319318},{"prop":"TEDExptVarNC2","value":{"ontologyKey":"S_A1_T2_V3","index":3},"time":1543860319318},{"prop":"TEDExptVarNC3","value":{"ontologyKey":"S_A1_T2_V4","index":4},"time":1543860319318},{"prop":"TEDExptPOSTSequence","value":[{"ontologyKey":"S_A1_T2_V4","index":4},{"ontologyKey":"S_A1_T2_V1","index":1},{"ontologyKey":"S_A1_T2_V2","index":2},{"ontologyKey":"S_A1_T2_V3","index":3}],"time":1543860319318},{"prop":"TEDExpt1V1","value":{"ontologyKey":"S_A1_T2_V1_A","index":1},"time":1543860319318},{"prop":"TEDExpt2V1","value":{"ontologyKey":"S_A1_T2_V1_A","index":1},"time":1543860319318},{"prop":"TEDExpt1V2","value":{"ontologyKey":"S_A1_T2_V2_A","index":2},"time":1543860319318},{"prop":"TEDExpt2V2","value":{"ontologyKey":"S_A1_T2_V2_A","index":2},"time":1543860319318},{"prop":"TEDExpt1V3","value":{"ontologyKey":"S_A1_T2_V3_A","index":3},"time":1543860319318},{"prop":"TEDExpt2V3","value":{"ontologyKey":"S_A1_T2_V3_A","index":3},"time":1543860319319},{"prop":"TEDExpt1V4","value":{"ontologyKey":"S_A1_T2_V4_A","index":4},"time":1543860319319},{"prop":"TEDExpt2V4","value":{"ontologyKey":"S_A1_T2_V4_A","index":4},"time":1543860319319},{"prop":"TEDExpt2V2","value":{"ontologyKey":"S_A1_T2_V2_B","index":2},"time":1543860319319},{"prop":"TEDExpt2V3","value":{"ontologyKey":"S_A1_T2_V3_B","index":3},"time":1543860319319},{"prop":"TEDExpt2V4","value":{"ontologyKey":"S_A1_T2_V4_B","index":4},"time":1543860319319},{"prop":"TEDExpt2V1","value":{"ontologyKey":"S_A1_T2_V1_B","index":1},"time":1543860319319},{"prop":"TEDExptNC1SameDiff","value":{"ontologyKey":"TED_E1_Q7NC1DIFF","value":"diff","index":2},"time":1543860319319},{"prop":"TEDExptNC1Confound","value":{"ontologyKey":"S_A1_T2_V2","index":2},"time":1543860319319},{"prop":"TEDExptNC2SameDiff","value":{"ontologyKey":"TED_E1_Q7NC2DIFF","value":"diff","index":3},"time":1543860319319},{"prop":"TEDExptNC2Confound","value":{"ontologyKey":"S_A1_T2_V3","index":3},"time":1543860319319},{"prop":"TEDExptNC3SameDiff","value":{"ontologyKey":"TED_E1_Q7NC3DIFF","value":"diff","index":4},"time":1543860319319},{"prop":"TEDExptNC3Confound","value":{"ontologyKey":"S_A1_T2_V4","index":4},"time":1543860319319},{"prop":"TEDExptNonTarget","value":[2,3,4],"time":1543860319388},{"prop":"TEDExptConfounds","value":[2,3,4],"time":1543860319388},{"prop":"TEDExptDifferent","value":[2,3,4,1],"time":1543860319388},{"prop":"TEDExptArea","value":{"ontologyKey":"S_A1","index":1},"time":1543860319388},{"prop":"TEDExptTopic","value":{"ontologyKey":"S_A1_T2","index":2},"time":1543860319388},{"prop":"TEDExptVariable","value":{"ontologyKey":"S_A1_T2_V1","index":1},"time":1543860319388},{"prop":"TEDExptRQ","value":{"ontologyKey":"S_A1_T2_RQ1","index":1},"time":1543860319388},{"prop":"TEDExptVarNC1","value":{"ontologyKey":"S_A1_T2_V2","index":2},"time":1543860319388},{"prop":"TEDExptVarNC2","value":{"ontologyKey":"S_A1_T2_V3","index":3},"time":1543860319388},{"prop":"TEDExptVarNC3","value":{"ontologyKey":"S_A1_T2_V4","index":4},"time":1543860319388},{"prop":"TEDExptPOSTSequence","value":[{"ontologyKey":"S_A1_T2_V4","index":4},{"ontologyKey":"S_A1_T2_V1","index":1},{"ontologyKey":"S_A1_T2_V2","index":2},{"ontologyKey":"S_A1_T2_V3","index":3}],"time":1543860319388},{"prop":"TEDExpt1V1","value":{"ontologyKey":"S_A1_T2_V1_A","index":1},"time":1543860319388},{"prop":"TEDExpt2V1","value":{"ontologyKey":"S_A1_T2_V1_A","index":1},"time":1543860319388},{"prop":"TEDExpt1V2","value":{"ontologyKey":"S_A1_T2_V2_A","index":2},"time":1543860319388},{"prop":"TEDExpt2V2","value":{"ontologyKey":"S_A1_T2_V2_A","index":2},"time":1543860319388},{"prop":"TEDExpt1V3","value":{"ontologyKey":"S_A1_T2_V3_A","index":3},"time":1543860319388},{"prop":"TEDExpt2V3","value":{"ontologyKey":"S_A1_T2_V3_A","index":3},"time":1543860319388},{"prop":"TEDExpt1V4","value":{"ontologyKey":"S_A1_T2_V4_A","index":4},"time":1543860319388},{"prop":"TEDExpt2V4","value":{"ontologyKey":"S_A1_T2_V4_A","index":4},"time":1543860319388},{"prop":"TEDExpt2V2","value":{"ontologyKey":"S_A1_T2_V2_B","index":2},"time":1543860319388},{"prop":"TEDExpt2V3","value":{"ontologyKey":"S_A1_T2_V3_B","index":3},"time":1543860319388},{"prop":"TEDExpt2V4","value":{"ontologyKey":"S_A1_T2_V4_B","index":4},"time":1543860319389},{"prop":"TEDExpt2V1","value":{"ontologyKey":"S_A1_T2_V1_B","index":1},"time":1543860319389},{"prop":"TEDExptNC1SameDiff","value":{"ontologyKey":"TED_E1_Q7NC1DIFF","value":"diff","index":2},"time":1543860319389},{"prop":"TEDExptNC1Confound","value":{"ontologyKey":"S_A1_T2_V2","index":2},"time":1543860319389},{"prop":"TEDExptNC2SameDiff","value":{"ontologyKey":"TED_E1_Q7NC2DIFF","value":"diff","index":3},"time":1543860319389},{"prop":"TEDExptNC2Confound","value":{"ontologyKey":"S_A1_T2_V3","index":3},"time":1543860319389},{"prop":"TEDExptNC3SameDiff","value":{"ontologyKey":"TED_E1_Q7NC3DIFF","value":"diff","index":4},"time":1543860319389},{"prop":"TEDExptNC3Confound","value":{"ontologyKey":"S_A1_T2_V4","index":4},"time":1543860319389},{"prop":"TEDExptNonTarget","value":[2,3,4],"time":1543860319740},{"prop":"TEDExptConfounds","value":[2,3,4],"time":1543860319740},{"prop":"TEDExptDifferent","value":[2,3,4,1],"time":1543860319740},{"prop":"TEDExptArea","value":{"ontologyKey":"S_A1","index":1},"time":1543860319740},{"prop":"TEDExptTopic","value":{"ontologyKey":"S_A1_T2","index":2},"time":1543860319740},{"prop":"TEDExptVariable","value":{"ontologyKey":"S_A1_T2_V1","index":1},"time":1543860319740},{"prop":"TEDExptRQ","value":{"ontologyKey":"S_A1_T2_RQ1","index":1},"time":1543860319741},{"prop":"TEDExptVarNC1","value":{"ontologyKey":"S_A1_T2_V2","index":2},"time":1543860319741},{"prop":"TEDExptVarNC2","value":{"ontologyKey":"S_A1_T2_V3","index":3},"time":1543860319741},{"prop":"TEDExptVarNC3","value":{"ontologyKey":"S_A1_T2_V4","index":4},"time":1543860319741},{"prop":"TEDExptPOSTSequence","value":[{"ontologyKey":"S_A1_T2_V4","index":4},{"ontologyKey":"S_A1_T2_V1","index":1},{"ontologyKey":"S_A1_T2_V2","index":2},{"ontologyKey":"S_A1_T2_V3","index":3}],"time":1543860319741},{"prop":"TEDExpt1V1","value":{"ontologyKey":"S_A1_T2_V1_A","index":1},"time":1543860319741},{"prop":"TEDExpt2V1","value":{"ontologyKey":"S_A1_T2_V1_A","index":1},"time":1543860319741},{"prop":"TEDExpt1V2","value":{"ontologyKey":"S_A1_T2_V2_A","index":2},"time":1543860319741},{"prop":"TEDExpt2V2","value":{"ontologyKey":"S_A1_T2_V2_A","index":2},"time":1543860319741},{"prop":"TEDExpt1V3","value":{"ontologyKey":"S_A1_T2_V3_A","index":3},"time":1543860319741},{"prop":"TEDExpt2V3","value":{"ontologyKey":"S_A1_T2_V3_A","index":3},"time":1543860319741},{"prop":"TEDExpt1V4","value":{"ontologyKey":"S_A1_T2_V4_A","index":4},"time":1543860319741},{"prop":"TEDExpt2V4","value":{"ontologyKey":"S_A1_T2_V4_A","index":4},"time":1543860319741},{"prop":"TEDExpt2V2","value":{"ontologyKey":"S_A1_T2_V2_B","index":2},"time":1543860319741},{"prop":"TEDExpt2V3","value":{"ontologyKey":"S_A1_T2_V3_B","index":3},"time":1543860319741},{"prop":"TEDExpt2V4","value":{"ontologyKey":"S_A1_T2_V4_B","index":4},"time":1543860319741},{"prop":"TEDExpt2V1","value":{"ontologyKey":"S_A1_T2_V1_B","index":1},"time":1543860319741},{"prop":"TEDExptNC1SameDiff","value":{"ontologyKey":"TED_E1_Q7NC1DIFF","value":"diff","index":2},"time":1543860319741},{"prop":"TEDExptNC1Confound","value":{"ontologyKey":"S_A1_T2_V2","index":2},"time":1543860319741},{"prop":"TEDExptNC2SameDiff","value":{"ontologyKey":"TED_E1_Q7NC2DIFF","value":"diff","index":3},"time":1543860319741},{"prop":"TEDExptNC2Confound","value":{"ontologyKey":"S_A1_T2_V3","index":3},"time":1543860319741},{"prop":"TEDExptNC3SameDiff","value":{"ontologyKey":"TED_E1_Q7NC3DIFF","value":"diff","index":4},"time":1543860319741},{"prop":"TEDExptNC3Confound","value":{"ontologyKey":"S_A1_T2_V4","index":4},"time":1543860319741},{"prop":"differentRow","value":4,"time":1543860346551},{"prop":"independentVarN","value":{"row":1,"col":0,"ontologyKey":"S_A1_T2_V1|name","isText":true,"selectedValue":"Type of Sweetener","cell":{}},"time":1543860356259},{"prop":"sameRow1","value":1,"time":1543860366301},{"prop":"independentVarN","value":{"row":2,"col":0,"ontologyKey":"S_A1_T2_V2|name","isText":true,"selectedValue":"Amount of Caffeine","cell":{}},"time":1543860371985},{"prop":"sameRow2","value":2,"time":1543860378079},{"prop":"independentVarN","value":{"row":3,"col":0,"ontologyKey":"S_A1_T2_V3|name","isText":true,"selectedValue":"Texture of Mint","cell":{}},"time":1543860383735},{"prop":"sameRow3","value":3,"time":1543860387618},{"prop":"independentVarN","value":{"row":4,"col":0,"ontologyKey":"S_A1_T2_V4|name","isText":true,"selectedValue":"Amount of CO2","cell":{},"processed":true},"time":1543860393371}],"TEDExptNonTarget":[2,3,4],"TEDExptConfounds":[2,3,4],"TEDExptDifferent":[2,3,4,1],"TEDExptArea":{"ontologyKey":"S_A1","index":1},"TEDExptTopic":{"ontologyKey":"S_A1_T2","index":2},"TEDExptVariable":{"ontologyKey":"S_A1_T2_V1","index":1},"TEDExptRQ":{"ontologyKey":"S_A1_T2_RQ1","index":1},"TEDExptVarNC1":{"ontologyKey":"S_A1_T2_V2","index":2},"TEDExptVarNC2":{"ontologyKey":"S_A1_T2_V3","index":3},"TEDExptVarNC3":{"ontologyKey":"S_A1_T2_V4","index":4},"TEDExptPOSTSequence":[{"ontologyKey":"S_A1_T2_V4","index":4},{"ontologyKey":"S_A1_T2_V1","index":1},{"ontologyKey":"S_A1_T2_V2","index":2},{"ontologyKey":"S_A1_T2_V3","index":3}],"TEDExpt1V1":{"ontologyKey":"S_A1_T2_V1_A","index":1},"TEDExpt2V1":{"ontologyKey":"S_A1_T2_V1_B","index":1},"TEDExpt1V2":{"ontologyKey":"S_A1_T2_V2_A","index":2},"TEDExpt2V2":{"ontologyKey":"S_A1_T2_V2_B","index":2},"TEDExpt1V3":{"ontologyKey":"S_A1_T2_V3_A","index":3},"TEDExpt2V3":{"ontologyKey":"S_A1_T2_V3_B","index":3},"TEDExpt1V4":{"ontologyKey":"S_A1_T2_V4_A","index":4},"TEDExpt2V4":{"ontologyKey":"S_A1_T2_V4_B","index":4},"TEDExptNC1SameDiff":{"ontologyKey":"TED_E1_Q7NC1DIFF","value":"diff","index":2},"TEDExptNC1Confound":{"ontologyKey":"S_A1_T2_V2","index":2},"TEDExptNC2SameDiff":{"ontologyKey":"TED_E1_Q7NC2DIFF","value":"diff","index":3},"TEDExptNC2Confound":{"ontologyKey":"S_A1_T2_V3","index":3},"TEDExptNC3SameDiff":{"ontologyKey":"TED_E1_Q7NC3DIFF","value":"diff","index":4},"TEDExptNC3Confound":{"ontologyKey":"S_A1_T2_V4","index":4},"differentRow":4,"independentVarN":{"row":4,"col":0,"ontologyKey":"S_A1_T2_V4|name","isText":true,"selectedValue":"Amount of CO2","cell":{},"processed":true},"sameRow1":1,"sameRow2":2,"sameRow3":3},"tutor":{"experimentalGroup":{"ontologyKey":"EG_A2"},"$seq":[{"prop":"experimentalGroup.ontologyKey","value":"EG_A2","time":1543860319315}]}}