{"sceneState":{"SNavigator":{},"SScene1":{"rowsComplete":4,"$seq":[{"prop":"rowsComplete","value":0,"time":1556198062094},{"prop":"complete","value":false,"time":1556198062449},{"prop":"currentRow","value":1,"time":1556198067988},{"prop":"correct","value":true,"time":1556198067988},{"prop":"correct","value":false,"time":1556198068000},{"prop":"correct","value":false,"time":1556198073479},{"prop":"correct","value":false,"time":1556198073481},{"prop":"TVSel.col1","value":1,"time":1556198082014},{"prop":"TVSel.col2","value":2,"time":1556198084214},{"prop":"correct","value":true,"time":1556198084214},{"prop":"correct","value":false,"time":1556198084238},{"prop":"rowsComplete","value":1,"time":1556198084243},{"prop":"currentRow","value":0,"time":1556198093580},{"prop":"currentRow","value":2,"time":1556198093580},{"prop":"correct","value":false,"time":1556198093581},{"prop":"VSel.col1","value":null,"time":1556198093581},{"prop":"VSel.col2","value":null,"time":1556198093582},{"prop":"correct","value":false,"time":1556198093583},{"prop":"VSel.col1","value":1,"time":1556198104982},{"prop":"VSel.col2","value":1,"time":1556198106834},{"prop":"correct","value":true,"time":1556198106834},{"prop":"correct","value":false,"time":1556198106857},{"prop":"rowsComplete","value":2,"time":1556198106860},{"prop":"currentRow","value":3,"time":1556198112468},{"prop":"correct","value":false,"time":1556198112469},{"prop":"VSel.col1","value":null,"time":1556198112470},{"prop":"VSel.col2","value":null,"time":1556198112470},{"prop":"correct","value":false,"time":1556198112471},{"prop":"VSel.col1","value":2,"time":1556198115192},{"prop":"VSel.col2","value":2,"time":1556198116755},{"prop":"correct","value":true,"time":1556198116755},{"prop":"correct","value":false,"time":1556198116790},{"prop":"rowsComplete","value":3,"time":1556198116792},{"prop":"currentRow","value":4,"time":1556198122350},{"prop":"correct","value":false,"time":1556198122351},{"prop":"VSel.col1","value":null,"time":1556198122352},{"prop":"VSel.col2","value":null,"time":1556198122352},{"prop":"correct","value":false,"time":1556198122353},{"prop":"VSel.col1","value":2,"time":1556198125421},{"prop":"VSel.col2","value":2,"time":1556198127115},{"prop":"correct","value":true,"time":1556198127115},{"prop":"correct","value":false,"time":1556198127168},{"prop":"rowsComplete","value":4,"time":1556198127170},{"prop":"currentRow","value":5,"time":1556198132817},{"prop":"complete","value":true,"time":1556198132817},{"prop":"correct","value":false,"time":1556198132818}],"complete":true,"currentRow":5,"correct":false,"TVSel":{"col1":1,"col2":2},"VSel":{"col1":2,"col2":2}},"SScene2":{"complete":true,"$seq":[{"prop":"complete","value":false,"time":1556198134324},{"prop":"complete","value":true,"time":1556198153507},{"prop":"correct","value":false,"time":1556198155795}],"correct":false},"SScene3":{"complete":true,"$seq":[{"prop":"complete","value":false,"time":1556198155879},{"prop":"complete","value":true,"time":1556198162974}]},"SScene4":{"complete":true,"$seq":[{"prop":"complete","value":false,"time":1556198164410},{"prop":"complete","value":true,"time":1556198176336}]},"SScene5":{"complete":true,"$seq":[{"prop":"complete","value":false,"time":1556198178598},{"prop":"complete","value":true,"time":1556198184546}]},"SScene6":{"complete":true,"$seq":[{"prop":"complete","value":false,"time":1556198186165},{"prop":"complete","value":true,"time":1556198197878}]},"SScene7":{"complete":true,"$seq":[{"prop":"complete","value":false,"time":1556198429995},{"prop":"complete","value":true,"time":1556198439864}]},"SScene8":{"complete":true,"$seq":[{"prop":"complete","value":false,"time":1556198440906},{"prop":"complete","value":true,"time":1556198473845}]},"SScene9":{"complete":false,"$seq":[{"prop":"complete","value":false,"time":1556198474999},{"prop":"complete","value":true,"time":1556198478910},{"prop":"complete","value":false,"time":1556198479754}]},"SScene10":{"complete":true,"$seq":[{"prop":"complete","value":false,"time":1556198482572},{"prop":"complete","value":true,"time":1556198493605}]},"SScene12":{"complete":true,"$seq":[{"prop":"complete","value":false,"time":1556198494437},{"prop":"complete","value":true,"time":1556198502150}]},"SScene12A":{"complete":false,"$seq":[{"prop":"complete","value":false,"time":1556198503403},{"prop":"complete","value":true,"time":1556198510278},{"prop":"complete","value":false,"time":1556198511564}]},"SScene13":{"complete":false,"$seq":[{"prop":"complete","value":false,"time":1556198522937},{"prop":"complete","value":true,"time":1556198533291},{"prop":"complete","value":false,"time":1556198533963}]},"SScene15":{"complete":true,"$seq":[{"prop":"complete","value":false,"time":1556198544040},{"prop":"complete","value":false,"time":1556198568267},{"prop":"complete","value":false,"time":1556198569958},{"prop":"complete","value":false,"time":1556198575857},{"prop":"complete","value":true,"time":1556198579949},{"prop":"complete","value":false,"time":1556198581715},{"prop":"complete","value":true,"time":1556198622491}]},"SScene16":{"complete":true,"$seq":[{"prop":"complete","value":false,"time":1556198627701},{"prop":"complete","value":true,"time":1556198635768}]},"SScene17":{"complete":true,"$seq":[{"prop":"complete","value":false,"time":1556198638680},{"prop":"complete","value":true,"time":1556198647949},{"prop":"complete","value":true,"time":1556198647949},{"prop":"complete","value":false,"time":1556198651006},{"prop":"complete","value":true,"time":1556198681207}]},"SScene18":{"complete":true,"$seq":[{"prop":"complete","value":false,"time":1556198682953},{"prop":"complete","value":true,"time":1556198688459}]},"SScene19":{"complete":true,"$seq":[{"prop":"complete","value":false,"time":1556198794022},{"prop":"complete","value":false,"time":1556198798477},{"prop":"complete","value":false,"time":1556198799997},{"prop":"complete","value":false,"time":1556198801443},{"prop":"complete","value":false,"time":1556198802819},{"prop":"complete","value":false,"time":1556198804476},{"prop":"complete","value":false,"time":1556198805801},{"prop":"complete","value":false,"time":1556198807064},{"prop":"complete","value":true,"time":1556198808819}]},"SScene20":{"complete":true,"$seq":[{"prop":"complete","value":false,"time":1556198809768},{"prop":"complete","value":true,"time":1556198814658}]},"SScene21":{"complete":true,"$seq":[{"prop":"complete","value":false,"time":1556198815362},{"prop":"complete","value":true,"time":1556198836037}]},"SSceneEnd":{}},"moduleState":{"selectedArea":{"ontologyKey":"S_A3|name","index":3},"selectedTopic":{"ontologyKey":"S_A3_T1|name","index":1},"selectedVariable":{"ontologyKey":"S_A3_T1_V1|name","index":1},"selectedRQ":{"ontologyKey":"S_A3_T1_RQ1","index":"1"},"RQconfirmation":"UNKNOWN","TEDExptNonTarget":[1,2,4],"TEDExptConfounds":[2],"TEDExptDifferent":[2,3],"TEDExptArea":{"ontologyKey":"S_A3","index":3},"TEDExptTopic":{"ontologyKey":"S_A3_T1","index":1},"TEDExptVariable":{"ontologyKey":"S_A3_T1_V3","index":3},"TEDExptRQ":{"ontologyKey":"S_A3_T1_RQ3","index":3},"TEDExptVarNC1":{"ontologyKey":"S_A3_T1_V1","index":1},"TEDExptVarNC2":{"ontologyKey":"S_A3_T1_V2","index":2},"TEDExptVarNC3":{"ontologyKey":"S_A3_T1_V4","index":4},"TEDExptPOSTSequence":[],"TEDExpt1V1":{"ontologyKey":"S_A3_T1_V1_A","index":1},"TEDExpt2V1":{"ontologyKey":"S_A3_T1_V1_A","index":1},"TEDExpt1V2":{"ontologyKey":"S_A3_T1_V2_A","index":2},"TEDExpt2V2":{"ontologyKey":"S_A3_T1_V2_B","index":2},"TEDExpt1V3":{"ontologyKey":"S_A3_T1_V3_A","index":3},"TEDExpt2V3":{"ontologyKey":"S_A3_T1_V3_B","index":3},"TEDExpt1V4":{"ontologyKey":"S_A3_T1_V4_A","index":4},"TEDExpt2V4":{"ontologyKey":"S_A3_T1_V4_A","index":4},"TEDExptNC1SameDiff":{"ontologyKey":"TED_E1_Q7NC1SAME","value":"same","index":1},"TEDExptNC1Confound":{"ontologyKey":"S_A3_T1_V2","index":2},"TEDExptNC2SameDiff":{"ontologyKey":"TED_E1_Q7NC2DIFF","value":"diff","index":2},"TEDExptNC2Confound":{"ontologyKey":"S_A3_T1_V3","index":3},"TEDExptNC3SameDiff":{"ontologyKey":"TED_E1_Q7NC3SAME","value":"same","index":4},"TEDExptNC3Confound":{"ontologyKey":"S_A3_T1_V4","index":4},"differentRow":1,"sameRow1":2,"sameRow2":3,"sameRow3":4,"Expt1_Q1":{"name":"{{$EFO_TED_E1_LISTYN|no}}","ontologyKey":"TED_E1_LISTYN|no","index":2,"value":true,"id":"correct"},"Expt1_Q":{"name":"{{$EFO_TED_E1_LISTYN|no}}","ontologyKey":"TED_E1_LISTYN|no","index":2,"value":true,"id":"correct"},"Expt1_Reason":{"name":"{{$EFO_TED_E1_LISTQ23|ans2}}","value":"$EFL_efdata.TED.E1.LISTQ23","ontologyKey":"TED_E1_LISTQ23|yes","index":2,"id":"2"},"Expt1_Q4":{"name":"{{$EFO_TED_E1_LISTYN|no}}","ontologyKey":"TED_E1_LISTYN|no","index":2,"value":true,"id":"correct"},"Imagine1":{"name":"{{$EFO_TED_E1_LISTYN|no}}","ontologyKey":"TED_E1_LISTYN|no","index":2,"value":true,"id":"correct"},"Imagine1_Reason":{"name":"{{$EFO_TED_E1_LISTQ56|ans2}}","value":"$EFL_efdata.TED.E1.LISTQ56","ontologyKey":"TED_E1_LISTQ56|yes","index":2,"id":"2"},"FFocus:1":{"Row-1 Col-3":"Could cause","Row-3 Col-3":"Could cause","Row-4 Col-3":"Could cause"},"TEDFeatureFocus":["Could Not cause","Could cause","","Could Not cause"],"CHG:FFocus:1:Row-1 Col-3":"Could cause","CHG:FFocus:1:Row-3 Col-3":"Could cause","CHG:FFocus:1:Row-4 Col-3":"Could cause","FFocus:1_CorrExp:":{"Row-1 Col-1":"Steep","Row-3 Col-1":"Top","Row-4 Col-1":"Smooth"},"TEDcorrection":0,"CHG:FFocus:1_CorrExp::Row-1 Col-1":"Steep","CHG:FFocus:1_CorrExp::Row-3 Col-1":"Top","CHG:FFocus:1_CorrExp::Row-4 Col-1":"Smooth","FFocus:1_Explain:":{"name":"{{$EFO_TED_E1_LISTQ9|ans2}}","value":"$EFL_efdata.TED.E1.LISTQ9","ontologyKey":"TED_E1_LISTQ9|yes","index":2,"id":"2"},"Expt2_Q":{"name":"{{$EFO_TED_E1_LISTYN|no}}","ontologyKey":"TED_E1_LISTYN|no","index":2,"value":true,"id":"correct"},"Expt2_Reason":{"name":"{{$EFO_TED_E1_LISTQ23|ans4}}","value":"$EFL_efdata.TED.E1.LISTQ23","ontologyKey":"TED_E1_LISTQ23|yes","index":4,"id":"4"},"Imagine2":{"name":"{{$EFO_TED_E1_LISTYN|no}}","ontologyKey":"TED_E1_LISTYN|no","index":2,"value":true,"id":"correct"},"Imagine2_Reason":{"name":"{{$EFO_TED_E1_LISTQ56|ans4}}","value":"$EFL_efdata.TED.E1.LISTQ56","ontologyKey":"TED_E1_LISTQ56|yes","index":4,"id":"4"},"FFocus:2":{"Row-1 Col-3":"Could Not cause","Row-2 Col-3":"Could cause","Row-4 Col-3":"Could Not cause"},"CHG:FFocus:2:Row-1 Col-3":"Could Not cause","CHG:FFocus:2:Row-2 Col-3":"Could cause","CHG:FFocus:2:Row-4 Col-3":"Could Not cause","FFocus:2_CorrExp:":{"Row-2 Col-1":"Pink"},"CHG:FFocus:2_CorrExp::Row-2 Col-1":"Pink","FFocus:2_Explain:":{"name":"{{$EFO_TED_E1_LISTQ9|ans2}}","value":"$EFL_efdata.TED.E1.LISTQ9","ontologyKey":"TED_E1_LISTQ9|yes","index":2,"id":"2"},"TEDExptPOSTTV":{"ontologyKey":"S_A3_T1_V4","index":4},"POSTQ:1":{"Row-1 Col-1":"Steep","Row-1 Col-2":"Not Steep","Row-2 Col-1":"Yellow","Row-2 Col-2":"Yellow","Row-4 Col-1":"Rough","Row-4 Col-2":"Rough","Row-3 Col-1":"Middle","Row-3 Col-2":"Middle"},"CHG:POSTQ:1:Row-1 Col-1":"Steep","CHG:POSTQ:1:Row-1 Col-2":"Not Steep","CHG:POSTQ:1:Row-2 Col-1":"Yellow","CHG:POSTQ:1:Row-2 Col-2":"Yellow","CHG:POSTQ:1:Row-4 Col-1":"Rough","CHG:POSTQ:1:Row-4 Col-2":"Rough","CHG:POSTQ:1:Row-3 Col-1":"Middle","CHG:POSTQ:1:Row-3 Col-2":"Middle","POSTQ:1_Reason:":{"name":"{{$EFO_TED_E1_LISTPOST|ans4}}","value":"$EFL_efdata.TED.E1.LISTPOST","ontologyKey":"TED_E1_LISTPOST|yes","index":4,"id":"4"},"POSTQ:2":{"Row-2 Col-1":"Pink","Row-2 Col-2":"Yellow","Row-1 Col-1":"Steep","Row-1 Col-2":"Steep","Row-3 Col-1":"Top","Row-3 Col-2":"Top","Row-4 Col-1":"Smooth","Row-4 Col-2":"Smooth"},"CHG:POSTQ:2:Row-2 Col-1":"Pink","CHG:POSTQ:2:Row-2 Col-2":"Yellow","CHG:POSTQ:2:Row-1 Col-1":"Steep","CHG:POSTQ:2:Row-1 Col-2":"Steep","CHG:POSTQ:2:Row-3 Col-1":"Top","CHG:POSTQ:2:Row-3 Col-2":"Top","CHG:POSTQ:2:Row-4 Col-1":"Smooth","CHG:POSTQ:2:Row-4 Col-2":"Smooth","POSTQ:2_Reason:":{"name":"{{$EFO_TED_E1_LISTPOST|ans4}}","value":"$EFL_efdata.TED.E1.LISTPOST","ontologyKey":"TED_E1_LISTPOST|yes","index":4,"id":"4"},"POSTQ:3":{"Row-3 Col-1":"Top","Row-3 Col-2":"Middle","Row-1 Col-1":"Steep","Row-1 Col-2":"Steep","Row-2 Col-1":"Pink","Row-2 Col-2":"Pink","Row-4 Col-1":"Rough","Row-4 Col-2":"Rough"},"CHG:POSTQ:3:Row-3 Col-1":"Top","CHG:POSTQ:3:Row-3 Col-2":"Middle","CHG:POSTQ:3:Row-1 Col-1":"Steep","CHG:POSTQ:3:Row-1 Col-2":"Steep","CHG:POSTQ:3:Row-2 Col-1":"Pink","CHG:POSTQ:3:Row-2 Col-2":"Pink","CHG:POSTQ:3:Row-4 Col-1":"Rough","CHG:POSTQ:3:Row-4 Col-2":"Rough","POSTQ:3_Reason:":{"name":"{{$EFO_TED_E1_LISTPOST|ans5}}","value":"$EFL_efdata.TED.E1.LISTPOST","ontologyKey":"TED_E1_LISTPOST|yes","index":5,"id":"5"},"POSTQ:4":{"Row-4 Col-1":"Rough","Row-4 Col-2":"Smooth","Row-1 Col-1":"Steep","Row-1 Col-2":"Steep","Row-2 Col-1":"Pink","Row-2 Col-2":"Pink","Row-3 Col-1":"Top","Row-3 Col-2":"Top"},"CHG:POSTQ:4:Row-4 Col-1":"Rough","CHG:POSTQ:4:Row-4 Col-2":"Smooth","CHG:POSTQ:4:Row-1 Col-1":"Steep","CHG:POSTQ:4:Row-1 Col-2":"Steep","CHG:POSTQ:4:Row-2 Col-1":"Pink","CHG:POSTQ:4:Row-2 Col-2":"Pink","CHG:POSTQ:4:Row-3 Col-1":"Top","CHG:POSTQ:4:Row-3 Col-2":"Top","POSTQ:4_Reason:":{"name":"{{$EFO_TED_E1_LISTPOST|ans5}}","value":"$EFL_efdata.TED.E1.LISTPOST","ontologyKey":"TED_E1_LISTPOST|yes","index":5,"id":"5"}},"tutorState":{"experimentalGroup":{"ontologyKey":"EG_A1"}},"fFeatures":{"0":true,"FTR_CHOICE":true,"FTR_PASS2":true,"FTR_RAMPS":true,"FTR_IVLAST":true,"FTR_TEDEXP2":true},"featureID":{"varsel":{"FTR_RAMPS":true}}}