{"scene":{"SNavigator":{},"SScene1":{"rowsComplete":4,"$seq":[{"prop":"rowsComplete","value":0,"time":1543857719025},{"prop":"complete","value":false,"time":1543857719318},{"prop":"currentRow","value":4,"time":1543857738436},{"prop":"correct","value":true,"time":1543857738437},{"prop":"correct","value":false,"time":1543857738461},{"prop":"correct","value":false,"time":1543857743807},{"prop":"correct","value":false,"time":1543857743809},{"prop":"TVSel.col1","value":1,"time":1543857753226},{"prop":"TVSel.col2","value":2,"time":1543857755241},{"prop":"correct","value":true,"time":1543857755241},{"prop":"correct","value":false,"time":1543857755283},{"prop":"rowsComplete","value":1,"time":1543857755288},{"prop":"currentRow","value":0,"time":1543857765034},{"prop":"currentRow","value":1,"time":1543857765034},{"prop":"correct","value":false,"time":1543857765035},{"prop":"VSel.col1","value":null,"time":1543857765036},{"prop":"VSel.col2","value":null,"time":1543857765036},{"prop":"correct","value":false,"time":1543857765038},{"prop":"VSel.col1","value":1,"time":1543857768373},{"prop":"VSel.col2","value":2,"time":1543857769857},{"prop":"correct","value":false,"time":1543857769858},{"prop":"correct","value":false,"time":1543857769890},{"prop":"VSel.col1","value":2,"time":1543857780904},{"prop":"correct","value":true,"time":1543857780904},{"prop":"correct","value":false,"time":1543857780922},{"prop":"rowsComplete","value":2,"time":1543857780924},{"prop":"currentRow","value":2,"time":1543857786542},{"prop":"correct","value":false,"time":1543857786543},{"prop":"VSel.col1","value":null,"time":1543857786543},{"prop":"VSel.col2","value":null,"time":1543857786543},{"prop":"correct","value":false,"time":1543857786550},{"prop":"VSel.col1","value":1,"time":1543857793027},{"prop":"VSel.col2","value":2,"time":1543857794561},{"prop":"correct","value":false,"time":1543857794561},{"prop":"correct","value":false,"time":1543857794602},{"prop":"VSel.col1","value":2,"time":1543857796580},{"prop":"correct","value":true,"time":1543857796581},{"prop":"correct","value":false,"time":1543857796613},{"prop":"rowsComplete","value":3,"time":1543857796615},{"prop":"currentRow","value":3,"time":1543857802295},{"prop":"correct","value":false,"time":1543857802295},{"prop":"VSel.col1","value":null,"time":1543857802296},{"prop":"VSel.col2","value":null,"time":1543857802296},{"prop":"correct","value":false,"time":1543857802297},{"prop":"VSel.col1","value":1,"time":1543857804113},{"prop":"VSel.col2","value":1,"time":1543857805499},{"prop":"correct","value":true,"time":1543857805499},{"prop":"correct","value":false,"time":1543857805520},{"prop":"rowsComplete","value":4,"time":1543857805523},{"prop":"currentRow","value":5,"time":1543857811245},{"prop":"complete","value":true,"time":1543857811246},{"prop":"correct","value":false,"time":1543857811246}],"complete":true,"currentRow":5,"correct":false,"TVSel":{"col1":1,"col2":2},"VSel":{"col1":1,"col2":1}},"SScene2":{"complete":true,"$seq":[{"prop":"complete","value":false,"time":1543857812608},{"prop":"complete","value":true,"time":1543857835868},{"prop":"correct","value":false,"time":1543857838433}],"correct":false},"SScene3":{"TopicSelected":true,"$seq":[{"prop":"TopicSelected","value":false,"time":1543857508992},{"prop":"TopicSelected","value":true,"time":1543857520513},{"prop":"Topic Index:2","time":1543857520513}]},"SScene4":{"complete":true,"$seq":[{"prop":"complete","value":false,"time":1543857520944},{"prop":"complete","value":true,"time":1543857541763}]},"SScene5":{"complete":true,"$seq":[{"prop":"complete","value":false,"time":1543857548888},{"prop":"complete","value":true,"time":1543857553550}]},"SScene5a":{"complete":true,"$seq":[{"prop":"complete","value":false,"time":1543857555037},{"prop":"complete","value":true,"time":1543857566973}]},"SScene6a":{},"SScene6b":{},"SScene6c":{},"SScene7":{"complete":true,"$seq":[{"prop":"complete","value":false,"time":1543857590990},{"prop":"complete","value":true,"time":1543857622300}]},"SScene8":{"complete":true,"$seq":[{"prop":"complete","value":false,"time":1543857624641},{"prop":"complete","value":true,"time":1543857666733}]},"SScene9":{"RQSelected":true,"$seq":[{"prop":"RQSelected","value":false,"time":1543857677650},{"prop":"RQSelected","value":true,"time":1543857703517},{"prop":"Variable Index:4","time":1543857703517},{"prop":"RQSelected","value":true,"time":1543857703757},{"prop":"Variable Index:4","time":1543857703758}]},"SScene11":{"RQconfirmed":false,"$seq":[{"prop":"RQconfirmed","value":false,"time":1543857703635},{"prop":"complete","value":true,"time":1543857714199}],"complete":true},"SSceneEnd":{}},"module":{"selectedArea":{"ontologyKey":"S_A1|name","index":1},"selectedTopic":{"ontologyKey":"S_A1_T2|name","index":2},"selectedVariable":{"ontologyKey":"S_A1_T2_V4|name","index":4},"selectedRQ":{"ontologyKey":"S_A1_T2_RQ4"},"AreaSelectedID":"Sarea1|Sselected","AreaButtonID":"Sbutton1","TopicSelectedID":"Stopic2|Sselected","TopicButtonID":"Sbutton2","VariableHighlightID":"SbuttonHL4","VariableClickMaskID":"SclickMask4","RQconfirmation":"UNKNOWN","$seq":[{"prop":"selectedArea","value":{"ontologyKey":"S_A1|name","index":1},"time":1543857718928},{"prop":"selectedTopic","value":{"ontologyKey":"S_A1_T2|name","index":2},"time":1543857718928},{"prop":"selectedVariable","value":{"ontologyKey":"S_A1_T2_V4|name","index":4},"time":1543857718928},{"prop":"selectedRQ","value":{"ontologyKey":"S_A1_T2_RQ4"},"time":1543857718928},{"prop":"AreaSelectedID","value":"Sarea1|Sselected","time":1543857718928},{"prop":"AreaButtonID","value":"Sbutton1","time":1543857718928},{"prop":"TopicSelectedID","value":"Stopic2|Sselected","time":1543857718928},{"prop":"TopicButtonID","value":"Sbutton2","time":1543857718928},{"prop":"VariableHighlightID","value":"SbuttonHL4","time":1543857718928},{"prop":"VariableClickMaskID","value":"SclickMask4","time":1543857718928},{"prop":"TEDExptNonTarget","value":[2,3,4],"time":1543857718931},{"prop":"TEDExptConfounds","value":[2,3,4],"time":1543857718931},{"prop":"TEDExptDifferent","value":[2,3,4,1],"time":1543857718932},{"prop":"TEDExptArea","value":{"ontologyKey":"S_A1","index":1},"time":1543857718932},{"prop":"TEDExptTopic","value":{"ontologyKey":"S_A1_T2","index":2},"time":1543857718932},{"prop":"TEDExptVariable","value":{"ontologyKey":"S_A1_T2_V1","index":1},"time":1543857718932},{"prop":"TEDExptRQ","value":{"ontologyKey":"S_A1_T2_RQ1","index":1},"time":1543857718932},{"prop":"TEDExptVarNC1","value":{"ontologyKey":"S_A1_T2_V2","index":2},"time":1543857718932},{"prop":"TEDExptVarNC2","value":{"ontologyKey":"S_A1_T2_V3","index":3},"time":1543857718932},{"prop":"TEDExptVarNC3","value":{"ontologyKey":"S_A1_T2_V4","index":4},"time":1543857718932},{"prop":"TEDExptPOSTSequence","value":[{"ontologyKey":"S_A1_T2_V4","index":4},{"ontologyKey":"S_A1_T2_V1","index":1},{"ontologyKey":"S_A1_T2_V2","index":2},{"ontologyKey":"S_A1_T2_V3","index":3}],"time":1543857718932},{"prop":"TEDExpt1V1","value":{"ontologyKey":"S_A1_T2_V1_A","index":1},"time":1543857718932},{"prop":"TEDExpt2V1","value":{"ontologyKey":"S_A1_T2_V1_A","index":1},"time":1543857718932},{"prop":"TEDExpt1V2","value":{"ontologyKey":"S_A1_T2_V2_A","index":2},"time":1543857718932},{"prop":"TEDExpt2V2","value":{"ontologyKey":"S_A1_T2_V2_A","index":2},"time":1543857718932},{"prop":"TEDExpt1V3","value":{"ontologyKey":"S_A1_T2_V3_A","index":3},"time":1543857718932},{"prop":"TEDExpt2V3","value":{"ontologyKey":"S_A1_T2_V3_A","index":3},"time":1543857718932},{"prop":"TEDExpt1V4","value":{"ontologyKey":"S_A1_T2_V4_A","index":4},"time":1543857718932},{"prop":"TEDExpt2V4","value":{"ontologyKey":"S_A1_T2_V4_A","index":4},"time":1543857718932},{"prop":"TEDExpt2V2","value":{"ontologyKey":"S_A1_T2_V2_B","index":2},"time":1543857718932},{"prop":"TEDExpt2V3","value":{"ontologyKey":"S_A1_T2_V3_B","index":3},"time":1543857718932},{"prop":"TEDExpt2V4","value":{"ontologyKey":"S_A1_T2_V4_B","index":4},"time":1543857718932},{"prop":"TEDExpt2V1","value":{"ontologyKey":"S_A1_T2_V1_B","index":1},"time":1543857718932},{"prop":"TEDExptNC1SameDiff","value":{"ontologyKey":"TED_E1_Q7NC1DIFF","value":"diff","index":2},"time":1543857718932},{"prop":"TEDExptNC1Confound","value":{"ontologyKey":"S_A1_T2_V2","index":2},"time":1543857718932},{"prop":"TEDExptNC2SameDiff","value":{"ontologyKey":"TED_E1_Q7NC2DIFF","value":"diff","index":3},"time":1543857718932},{"prop":"TEDExptNC2Confound","value":{"ontologyKey":"S_A1_T2_V3","index":3},"time":1543857718932},{"prop":"TEDExptNC3SameDiff","value":{"ontologyKey":"TED_E1_Q7NC3DIFF","value":"diff","index":4},"time":1543857718932},{"prop":"TEDExptNC3Confound","value":{"ontologyKey":"S_A1_T2_V4","index":4},"time":1543857718932},{"prop":"TEDExptNonTarget","value":[2,3,4],"time":1543857719004},{"prop":"TEDExptConfounds","value":[2,3,4],"time":1543857719004},{"prop":"TEDExptDifferent","value":[2,3,4,1],"time":1543857719004},{"prop":"TEDExptArea","value":{"ontologyKey":"S_A1","index":1},"time":1543857719004},{"prop":"TEDExptTopic","value":{"ontologyKey":"S_A1_T2","index":2},"time":1543857719004},{"prop":"TEDExptVariable","value":{"ontologyKey":"S_A1_T2_V1","index":1},"time":1543857719004},{"prop":"TEDExptRQ","value":{"ontologyKey":"S_A1_T2_RQ1","index":1},"time":1543857719004},{"prop":"TEDExptVarNC1","value":{"ontologyKey":"S_A1_T2_V2","index":2},"time":1543857719004},{"prop":"TEDExptVarNC2","value":{"ontologyKey":"S_A1_T2_V3","index":3},"time":1543857719004},{"prop":"TEDExptVarNC3","value":{"ontologyKey":"S_A1_T2_V4","index":4},"time":1543857719004},{"prop":"TEDExptPOSTSequence","value":[{"ontologyKey":"S_A1_T2_V4","index":4},{"ontologyKey":"S_A1_T2_V1","index":1},{"ontologyKey":"S_A1_T2_V2","index":2},{"ontologyKey":"S_A1_T2_V3","index":3}],"time":1543857719004},{"prop":"TEDExpt1V1","value":{"ontologyKey":"S_A1_T2_V1_A","index":1},"time":1543857719004},{"prop":"TEDExpt2V1","value":{"ontologyKey":"S_A1_T2_V1_A","index":1},"time":1543857719004},{"prop":"TEDExpt1V2","value":{"ontologyKey":"S_A1_T2_V2_A","index":2},"time":1543857719004},{"prop":"TEDExpt2V2","value":{"ontologyKey":"S_A1_T2_V2_A","index":2},"time":1543857719004},{"prop":"TEDExpt1V3","value":{"ontologyKey":"S_A1_T2_V3_A","index":3},"time":1543857719004},{"prop":"TEDExpt2V3","value":{"ontologyKey":"S_A1_T2_V3_A","index":3},"time":1543857719004},{"prop":"TEDExpt1V4","value":{"ontologyKey":"S_A1_T2_V4_A","index":4},"time":1543857719004},{"prop":"TEDExpt2V4","value":{"ontologyKey":"S_A1_T2_V4_A","index":4},"time":1543857719004},{"prop":"TEDExpt2V2","value":{"ontologyKey":"S_A1_T2_V2_B","index":2},"time":1543857719004},{"prop":"TEDExpt2V3","value":{"ontologyKey":"S_A1_T2_V3_B","index":3},"time":1543857719004},{"prop":"TEDExpt2V4","value":{"ontologyKey":"S_A1_T2_V4_B","index":4},"time":1543857719004},{"prop":"TEDExpt2V1","value":{"ontologyKey":"S_A1_T2_V1_B","index":1},"time":1543857719004},{"prop":"TEDExptNC1SameDiff","value":{"ontologyKey":"TED_E1_Q7NC1DIFF","value":"diff","index":2},"time":1543857719004},{"prop":"TEDExptNC1Confound","value":{"ontologyKey":"S_A1_T2_V2","index":2},"time":1543857719004},{"prop":"TEDExptNC2SameDiff","value":{"ontologyKey":"TED_E1_Q7NC2DIFF","value":"diff","index":3},"time":1543857719004},{"prop":"TEDExptNC2Confound","value":{"ontologyKey":"S_A1_T2_V3","index":3},"time":1543857719004},{"prop":"TEDExptNC3SameDiff","value":{"ontologyKey":"TED_E1_Q7NC3DIFF","value":"diff","index":4},"time":1543857719004},{"prop":"TEDExptNC3Confound","value":{"ontologyKey":"S_A1_T2_V4","index":4},"time":1543857719004},{"prop":"TEDExptNonTarget","value":[2,3,4],"time":1543857719319},{"prop":"TEDExptConfounds","value":[2,3,4],"time":1543857719319},{"prop":"TEDExptDifferent","value":[2,3,4,1],"time":1543857719319},{"prop":"TEDExptArea","value":{"ontologyKey":"S_A1","index":1},"time":1543857719319},{"prop":"TEDExptTopic","value":{"ontologyKey":"S_A1_T2","index":2},"time":1543857719319},{"prop":"TEDExptVariable","value":{"ontologyKey":"S_A1_T2_V1","index":1},"time":1543857719319},{"prop":"TEDExptRQ","value":{"ontologyKey":"S_A1_T2_RQ1","index":1},"time":1543857719319},{"prop":"TEDExptVarNC1","value":{"ontologyKey":"S_A1_T2_V2","index":2},"time":1543857719319},{"prop":"TEDExptVarNC2","value":{"ontologyKey":"S_A1_T2_V3","index":3},"time":1543857719319},{"prop":"TEDExptVarNC3","value":{"ontologyKey":"S_A1_T2_V4","index":4},"time":1543857719319},{"prop":"TEDExptPOSTSequence","value":[{"ontologyKey":"S_A1_T2_V4","index":4},{"ontologyKey":"S_A1_T2_V1","index":1},{"ontologyKey":"S_A1_T2_V2","index":2},{"ontologyKey":"S_A1_T2_V3","index":3}],"time":1543857719319},{"prop":"TEDExpt1V1","value":{"ontologyKey":"S_A1_T2_V1_A","index":1},"time":1543857719319},{"prop":"TEDExpt2V1","value":{"ontologyKey":"S_A1_T2_V1_A","index":1},"time":1543857719319},{"prop":"TEDExpt1V2","value":{"ontologyKey":"S_A1_T2_V2_A","index":2},"time":1543857719319},{"prop":"TEDExpt2V2","value":{"ontologyKey":"S_A1_T2_V2_A","index":2},"time":1543857719319},{"prop":"TEDExpt1V3","value":{"ontologyKey":"S_A1_T2_V3_A","index":3},"time":1543857719319},{"prop":"TEDExpt2V3","value":{"ontologyKey":"S_A1_T2_V3_A","index":3},"time":1543857719319},{"prop":"TEDExpt1V4","value":{"ontologyKey":"S_A1_T2_V4_A","index":4},"time":1543857719319},{"prop":"TEDExpt2V4","value":{"ontologyKey":"S_A1_T2_V4_A","index":4},"time":1543857719319},{"prop":"TEDExpt2V2","value":{"ontologyKey":"S_A1_T2_V2_B","index":2},"time":1543857719319},{"prop":"TEDExpt2V3","value":{"ontologyKey":"S_A1_T2_V3_B","index":3},"time":1543857719319},{"prop":"TEDExpt2V4","value":{"ontologyKey":"S_A1_T2_V4_B","index":4},"time":1543857719319},{"prop":"TEDExpt2V1","value":{"ontologyKey":"S_A1_T2_V1_B","index":1},"time":1543857719319},{"prop":"TEDExptNC1SameDiff","value":{"ontologyKey":"TED_E1_Q7NC1DIFF","value":"diff","index":2},"time":1543857719319},{"prop":"TEDExptNC1Confound","value":{"ontologyKey":"S_A1_T2_V2","index":2},"time":1543857719319},{"prop":"TEDExptNC2SameDiff","value":{"ontologyKey":"TED_E1_Q7NC2DIFF","value":"diff","index":3},"time":1543857719319},{"prop":"TEDExptNC2Confound","value":{"ontologyKey":"S_A1_T2_V3","index":3},"time":1543857719319},{"prop":"TEDExptNC3SameDiff","value":{"ontologyKey":"TED_E1_Q7NC3DIFF","value":"diff","index":4},"time":1543857719319},{"prop":"TEDExptNC3Confound","value":{"ontologyKey":"S_A1_T2_V4","index":4},"time":1543857719319},{"prop":"differentRow","value":4,"time":1543857755288},{"prop":"independentVarN","value":{"row":1,"col":0,"ontologyKey":"S_A1_T2_V1|name","isText":true,"selectedValue":"Type of Sweetener","cell":{}},"time":1543857765035},{"prop":"sameRow1","value":1,"time":1543857780924},{"prop":"independentVarN","value":{"row":2,"col":0,"ontologyKey":"S_A1_T2_V2|name","isText":true,"selectedValue":"Amount of Caffeine","cell":{}},"time":1543857786542},{"prop":"sameRow2","value":2,"time":1543857796615},{"prop":"independentVarN","value":{"row":3,"col":0,"ontologyKey":"S_A1_T2_V3|name","isText":true,"selectedValue":"Texture of Mint","cell":{}},"time":1543857802295},{"prop":"sameRow3","value":3,"time":1543857805523},{"prop":"independentVarN","value":{"row":4,"col":0,"ontologyKey":"S_A1_T2_V4|name","isText":true,"selectedValue":"Amount of CO2","cell":{},"processed":true},"time":1543857811246}],"TEDExptNonTarget":[2,3,4],"TEDExptConfounds":[2,3,4],"TEDExptDifferent":[2,3,4,1],"TEDExptArea":{"ontologyKey":"S_A1","index":1},"TEDExptTopic":{"ontologyKey":"S_A1_T2","index":2},"TEDExptVariable":{"ontologyKey":"S_A1_T2_V1","index":1},"TEDExptRQ":{"ontologyKey":"S_A1_T2_RQ1","index":1},"TEDExptVarNC1":{"ontologyKey":"S_A1_T2_V2","index":2},"TEDExptVarNC2":{"ontologyKey":"S_A1_T2_V3","index":3},"TEDExptVarNC3":{"ontologyKey":"S_A1_T2_V4","index":4},"TEDExptPOSTSequence":[{"ontologyKey":"S_A1_T2_V4","index":4},{"ontologyKey":"S_A1_T2_V1","index":1},{"ontologyKey":"S_A1_T2_V2","index":2},{"ontologyKey":"S_A1_T2_V3","index":3}],"TEDExpt1V1":{"ontologyKey":"S_A1_T2_V1_A","index":1},"TEDExpt2V1":{"ontologyKey":"S_A1_T2_V1_B","index":1},"TEDExpt1V2":{"ontologyKey":"S_A1_T2_V2_A","index":2},"TEDExpt2V2":{"ontologyKey":"S_A1_T2_V2_B","index":2},"TEDExpt1V3":{"ontologyKey":"S_A1_T2_V3_A","index":3},"TEDExpt2V3":{"ontologyKey":"S_A1_T2_V3_B","index":3},"TEDExpt1V4":{"ontologyKey":"S_A1_T2_V4_A","index":4},"TEDExpt2V4":{"ontologyKey":"S_A1_T2_V4_B","index":4},"TEDExptNC1SameDiff":{"ontologyKey":"TED_E1_Q7NC1DIFF","value":"diff","index":2},"TEDExptNC1Confound":{"ontologyKey":"S_A1_T2_V2","index":2},"TEDExptNC2SameDiff":{"ontologyKey":"TED_E1_Q7NC2DIFF","value":"diff","index":3},"TEDExptNC2Confound":{"ontologyKey":"S_A1_T2_V3","index":3},"TEDExptNC3SameDiff":{"ontologyKey":"TED_E1_Q7NC3DIFF","value":"diff","index":4},"TEDExptNC3Confound":{"ontologyKey":"S_A1_T2_V4","index":4},"differentRow":4,"independentVarN":{"row":4,"col":0,"ontologyKey":"S_A1_T2_V4|name","isText":true,"selectedValue":"Amount of CO2","cell":{},"processed":true},"sameRow1":1,"sameRow2":2,"sameRow3":3},"tutor":{"experimentalGroup":{"ontologyKey":"EG_A2"},"$seq":[{"prop":"experimentalGroup.ontologyKey","value":"EG_A2","time":1543857718927}]}}