{"scene":{"SNavigator":{},"SScene1":{"complete":true,"$seq":[{"prop":"complete","value":false,"time":1557848001336},{"prop":"complete","value":true,"time":1557848050988}]},"SScene2":{"AreaSelected":true,"$seq":[{"prop":"AreaSelected","value":false,"time":1557848059783},{"prop":"AreaSelected","value":true,"time":1557848108116},{"prop":"Area Name:physical and chemical changes","time":1557848108117},{"prop":"Area Index:1","time":1557848108117}]},"SScene3":{"TopicSelected":false,"$seq":[{"prop":"TopicSelected","value":false,"time":1557848110732}]}},"module":{"selectedArea":{"ontologyKey":"S_A1|name","index":1},"$seq":[{"prop":"selectedArea","value":{"ontologyKey":"S_A1|name","index":1},"time":1557848001206},{"prop":"selectedTopic","value":{"ontologyKey":"S_A1_T2|name","index":2},"time":1557848001206},{"prop":"selectedVariable","value":{"ontologyKey":"S_A1_T2_V4|name","index":4},"time":1557848001206},{"prop":"selectedRQ","value":{"ontologyKey":"S_A1_T2_RQ4"},"time":1557848001206},{"prop":"AreaSelectedID","value":"Sarea1|Sselected","time":1557848001206},{"prop":"AreaButtonID","value":"Sbutton1","time":1557848001206},{"prop":"TopicSelectedID","value":"Stopic2|Sselected","time":1557848001206},{"prop":"TopicButtonID","value":"Sbutton2","time":1557848001206},{"prop":"VariableHighlightID","value":"SbuttonHL4","time":1557848001206},{"prop":"VariableClickMaskID","value":"SclickMask4","time":1557848001206},{"prop":"selectedArea.ontologyKey","value":"S_A1|name","time":1557848108116},{"prop":"selectedArea.index","value":1,"time":1557848108116}],"selectedTopic":{"ontologyKey":"S_A1_T2|name","index":2},"selectedVariable":{"ontologyKey":"S_A1_T2_V4|name","index":4},"selectedRQ":{"ontologyKey":"S_A1_T2_RQ4"},"AreaSelectedID":"Sarea1|Sselected","AreaButtonID":"Sbutton1","TopicSelectedID":"Stopic2|Sselected","TopicButtonID":"Sbutton2","VariableHighlightID":"SbuttonHL4","VariableClickMaskID":"SclickMask4"},"tutor":{"experimentalGroup":{"ontologyKey":"EG_A2"},"$seq":[{"prop":"experimentalGroup.ontologyKey","value":"EG_A2","time":1557848001206}]}}