{"scene":{"SNavigator":{},"SScene1":{"complete":true,"$seq":[{"prop":"complete","value":false,"time":1276229153826},{"prop":"complete","value":true,"time":1276229201612}]},"SScene2":{"AreaSelected":true,"$seq":[{"prop":"AreaSelected","value":false,"time":1276229205252},{"prop":"AreaSelected","value":true,"time":1276229271799},{"prop":"Area Name:physical and chemical changes","time":1276229271801},{"prop":"Area Index:1","time":1276229271801}]},"SScene3":{"TopicSelected":true,"$seq":[{"prop":"TopicSelected","value":false,"time":1276229274322},{"prop":"TopicSelected","value":true,"time":1276229288036},{"prop":"Topic Index:1","time":1276229288037}]},"SScene4":{"complete":true,"$seq":[{"prop":"complete","value":false,"time":1276229288454},{"prop":"complete","value":true,"time":1276229306993}]},"SScene5":{"complete":false,"$seq":[{"prop":"complete","value":false,"time":1276229314866}]}},"module":{"selectedArea":{"ontologyKey":"S_A1|name","index":1},"$seq":[{"prop":"selectedArea.ontologyKey","value":"S_A1|name","time":1276229271799},{"prop":"selectedArea.index","value":1,"time":1276229271799},{"prop":"selectedTopic.ontologyKey","value":"S_A1_T1|name","time":1276229288036},{"prop":"selectedTopic.index","value":1,"time":1276229288036}],"selectedTopic":{"ontologyKey":"S_A1_T1|name","index":1}},"tutor":{"experimentalGroup":{"ontologyKey":"EG_A1"},"$seq":[{"prop":"experimentalGroup.ontologyKey","value":"EG_A1","time":1276229153687}]}}