{"scene":{"SNavigator":{},"SScene1":{"complete":true,"$seq":[{"prop":"complete","value":false,"time":1276229153826},{"prop":"complete","value":true,"time":1276229201612}]},"SScene2":{"AreaSelected":true,"$seq":[{"prop":"AreaSelected","value":false,"time":1276229205252},{"prop":"AreaSelected","value":true,"time":1276229271799},{"prop":"Area Name:physical and chemical changes","time":1276229271801},{"prop":"Area Index:1","time":1276229271801}]},"SScene3":{"TopicSelected":true,"$seq":[{"prop":"TopicSelected","value":false,"time":1276229274322},{"prop":"TopicSelected","value":true,"time":1276229288036},{"prop":"Topic Index:1","time":1276229288037}]},"SScene4":{"complete":true,"$seq":[{"prop":"complete","value":false,"time":1276229288454},{"prop":"complete","value":true,"time":1276229306993}]},"SScene5":{"complete":true,"$seq":[{"prop":"complete","value":false,"time":1276229314866},{"prop":"complete","value":true,"time":1276229319149}]},"SScene5a":{"complete":true,"$seq":[{"prop":"complete","value":false,"time":1276229321966},{"prop":"complete","value":true,"time":1276229339244}]},"SScene6a":{},"SScene6b":{},"SScene6c":{},"SScene6d":{},"SScene6e":{},"SScene6f":{},"SScene7":{"complete":true,"$seq":[{"prop":"complete","value":false,"time":1276229368021},{"prop":"complete","value":true,"time":1276229420976}]},"SScene8":{"complete":true,"$seq":[{"prop":"complete","value":false,"time":1276229425426},{"prop":"complete","value":true,"time":1276229463158}]},"SScene9":{"RQSelected":true,"$seq":[{"prop":"RQSelected","value":false,"time":1276229465295},{"prop":"RQSelected","value":true,"time":1276229484605},{"prop":"Variable Index:1","time":1276229484605}]},"SScene10":{"RQconfirmed":true,"$seq":[{"prop":"RQconfirmed","value":false,"time":1276229484740},{"prop":"RQconfirmed","value":true,"time":1276229494494}]},"SScene11":{"RQconfirmed":false,"$seq":[{"prop":"RQconfirmed","value":false,"time":1276229494615},{"prop":"complete","value":true,"time":1276229503191}],"complete":true}},"module":{"selectedArea":{"ontologyKey":"S_A1|name","index":1},"$seq":[{"prop":"selectedArea.ontologyKey","value":"S_A1|name","time":1276229271799},{"prop":"selectedArea.index","value":1,"time":1276229271799},{"prop":"selectedTopic.ontologyKey","value":"S_A1_T1|name","time":1276229288036},{"prop":"selectedTopic.index","value":1,"time":1276229288036},{"prop":"selectedVariable.ontologyKey","value":"S_A1_T1_V1|name","time":1276229484605},{"prop":"selectedVariable.index","value":1,"time":1276229484605},{"prop":"selectedRQ","value":{"ontologyKey":"S_A1_T1_RQ1","index":"1"},"time":1276229484605},{"prop":"RQconfirmation","value":"UNKNOWN","time":1276229484740},{"prop":"RQconfirmation","value":"OK","time":1276229494494},{"prop":"RQconfirmation","value":"UNKNOWN","time":1276229494615}],"selectedTopic":{"ontologyKey":"S_A1_T1|name","index":1},"selectedVariable":{"ontologyKey":"S_A1_T1_V1|name","index":1},"selectedRQ":{"ontologyKey":"S_A1_T1_RQ1","index":"1"},"RQconfirmation":"UNKNOWN"},"tutor":{"experimentalGroup":{"ontologyKey":"EG_A1"},"$seq":[{"prop":"experimentalGroup.ontologyKey","value":"EG_A1","time":1276229153687}]}}