{"scene":{"SNavigator":{},"SMatsIntro":{"complete":true,"$seq":[{"prop":"complete","value":false,"time":1557762088201},{"prop":"complete","value":true,"time":1557762101463}]},"SMatsPre1":{"complete":true,"$seq":[{"prop":"complete","value":false,"time":1557762104793},{"prop":"Sg1","value":"true","time":1557762114322},{"prop":"PreTest:Sg1","value":"b4","time":1557762114322},{"prop":"complete","value":false,"time":1557762114323},{"prop":"Sg1","value":"true","time":1557762114324},{"prop":"complete","value":false,"time":1557762114324},{"prop":"Sg2","value":"true","time":1557762115864},{"prop":"PreTest:Sg2","value":"b4","time":1557762115864},{"prop":"complete","value":false,"time":1557762115864},{"prop":"Sg2","value":"true","time":1557762115864},{"prop":"complete","value":false,"time":1557762115864},{"prop":"Sg3","value":"true","time":1557762122519},{"prop":"PreTest:Sg3","value":"b3","time":1557762122519},{"prop":"complete","value":false,"time":1557762122519},{"prop":"Sg3","value":"true","time":1557762122521},{"prop":"complete","value":false,"time":1557762122521},{"prop":"Sg4","value":"true","time":1557762127763},{"prop":"PreTest:Sg4","value":"b3","time":1557762127763},{"prop":"complete","value":true,"time":1557762127763},{"prop":"Sg4","value":"true","time":1557762127763},{"prop":"complete","value":true,"time":1557762127763}],"Sg1":"true","PreTest:Sg1":"b4","Sg2":"true","PreTest:Sg2":"b4","Sg3":"true","PreTest:Sg3":"b3","Sg4":"true","PreTest:Sg4":"b3"},"SMatsPre2":{"complete":false,"$seq":[{"prop":"complete","value":false,"time":1557762129053}]}},"module":{},"tutor":{}}