{"scene":{"SNavigator":{},"SMatsIntro":{"complete":true,"$seq":[{"prop":"complete","value":false,"time":1263869679149},{"prop":"complete","value":true,"time":1263869692985}]},"SMatsPre1":{"complete":true,"$seq":[{"prop":"complete","value":false,"time":1263869695584},{"prop":"Sg1","value":"true","time":1263869701398},{"prop":"PreTest:Sg1","value":"b4","time":1263869701398},{"prop":"complete","value":false,"time":1263869701399},{"prop":"Sg1","value":"true","time":1263869701400},{"prop":"complete","value":false,"time":1263869701400},{"prop":"Sg2","value":"true","time":1263869712439},{"prop":"PreTest:Sg2","value":"b2","time":1263869712440},{"prop":"complete","value":false,"time":1263869712440},{"prop":"Sg2","value":"true","time":1263869712440},{"prop":"complete","value":false,"time":1263869712440},{"prop":"Sg3","value":"true","time":1263869719336},{"prop":"PreTest:Sg3","value":"b1","time":1263869719336},{"prop":"complete","value":false,"time":1263869719336},{"prop":"Sg3","value":"true","time":1263869719338},{"prop":"complete","value":false,"time":1263869719338},{"prop":"Sg4","value":"true","time":1263869732453},{"prop":"PreTest:Sg4","value":"b4","time":1263869732453},{"prop":"complete","value":true,"time":1263869732453},{"prop":"Sg4","value":"true","time":1263869732453},{"prop":"complete","value":true,"time":1263869732453}],"Sg1":"true","PreTest:Sg1":"b4","Sg2":"true","PreTest:Sg2":"b2","Sg3":"true","PreTest:Sg3":"b1","Sg4":"true","PreTest:Sg4":"b4"},"SMatsPre2":{"complete":true,"$seq":[{"prop":"complete","value":false,"time":1263869733796},{"prop":"Sg1","value":"true","time":1263869753021},{"prop":"PreTest:Sg1","value":"b3","time":1263869753021},{"prop":"complete","value":false,"time":1263869753022},{"prop":"Sg1","value":"true","time":1263869753022},{"prop":"complete","value":false,"time":1263869753022},{"prop":"Sg2","value":"true","time":1263869770259},{"prop":"PreTest:Sg2","value":"b3","time":1263869770259},{"prop":"complete","value":false,"time":1263869770259},{"prop":"Sg2","value":"true","time":1263869770259},{"prop":"complete","value":false,"time":1263869770259},{"prop":"Sg2","value":"true","time":1263869770576},{"prop":"PreTest:Sg2","value":"b2","time":1263869770576},{"prop":"complete","value":false,"time":1263869770577},{"prop":"Sg2","value":"true","time":1263869770577},{"prop":"complete","value":false,"time":1263869770577},{"prop":"Sg2","value":"true","time":1263869770705},{"prop":"PreTest:Sg2","value":"b3","time":1263869770705},{"prop":"complete","value":false,"time":1263869770705},{"prop":"Sg2","value":"true","time":1263869770705},{"prop":"complete","value":false,"time":1263869770705},{"prop":"Sg3","value":"true","time":1263869785350},{"prop":"PreTest:Sg3","value":"b2","time":1263869785350},{"prop":"complete","value":false,"time":1263869785350},{"prop":"Sg3","value":"true","time":1263869785350},{"prop":"complete","value":false,"time":1263869785350},{"prop":"Sg4","value":"true","time":1263869797864},{"prop":"PreTest:Sg4","value":"b2","time":1263869797864},{"prop":"complete","value":true,"time":1263869797864},{"prop":"Sg4","value":"true","time":1263869797865},{"prop":"complete","value":true,"time":1263869797865}],"Sg1":"true","PreTest:Sg1":"b3","Sg2":"true","PreTest:Sg2":"b3","Sg3":"true","PreTest:Sg3":"b2","Sg4":"true","PreTest:Sg4":"b2"},"SMatsPre3":{"complete":true,"$seq":[{"prop":"complete","value":false,"time":1263869799291},{"prop":"Sg1","value":"true","time":1263869806603},{"prop":"PreTest:Sg1","value":"b4","time":1263869806603},{"prop":"complete","value":false,"time":1263869806603},{"prop":"Sg1","value":"true","time":1263869806604},{"prop":"complete","value":false,"time":1263869806604},{"prop":"Sg2","value":"true","time":1263869810806},{"prop":"PreTest:Sg2","value":"b4","time":1263869810806},{"prop":"complete","value":false,"time":1263869810806},{"prop":"Sg2","value":"true","time":1263869810806},{"prop":"complete","value":false,"time":1263869810807},{"prop":"Sg3","value":"true","time":1263869817578},{"prop":"PreTest:Sg3","value":"b4","time":1263869817578},{"prop":"complete","value":false,"time":1263869817578},{"prop":"Sg3","value":"true","time":1263869817578},{"prop":"complete","value":false,"time":1263869817578},{"prop":"Sg4","value":"true","time":1263869828697},{"prop":"PreTest:Sg4","value":"b4","time":1263869828697},{"prop":"complete","value":true,"time":1263869828697},{"prop":"Sg4","value":"true","time":1263869828697},{"prop":"complete","value":true,"time":1263869828697}],"Sg1":"true","PreTest:Sg1":"b4","Sg2":"true","PreTest:Sg2":"b4","Sg3":"true","PreTest:Sg3":"b4","Sg4":"true","PreTest:Sg4":"b4"},"SMatsPre4":{"complete":false,"$seq":[{"prop":"complete","value":false,"time":1263869829608}]}},"module":{},"tutor":{}}