{"scene":{"SNavigator":{},"SIntro":{"complete":false,"$seq":[{"prop":"complete","value":false,"time":1557762294194}]},"SScene1":{"complete":true,"$seq":[{"prop":"complete","value":false,"time":1557762308553},{"prop":"Sg1","value":"true","time":1557762360301},{"prop":"DR1:Sg1","value":"ans1","time":1557762360301},{"prop":"complete","value":true,"time":1557762360302},{"prop":"Sg1","value":"true","time":1557762360303},{"prop":"complete","value":true,"time":1557762360303}],"Sg1":"true","DR1:Sg1":"ans1"},"SScene2":{"complete":true,"$seq":[{"prop":"complete","value":false,"time":1557762363803},{"prop":"Sg1","value":"true","time":1557762409234},{"prop":"DR2:Sg1","value":"ans1","time":1557762409234},{"prop":"complete","value":true,"time":1557762409234},{"prop":"Sg1","value":"true","time":1557762409235},{"prop":"complete","value":true,"time":1557762409235}],"Sg1":"true","DR2:Sg1":"ans1"},"SScene3":{"complete":true,"$seq":[{"prop":"complete","value":false,"time":1557762413863},{"prop":"Sg1","value":"true","time":1557762520620},{"prop":"DR3:Sg1","value":"ans4","time":1557762520620},{"prop":"complete","value":true,"time":1557762520621},{"prop":"Sg1","value":"true","time":1557762520621},{"prop":"complete","value":true,"time":1557762520621}],"Sg1":"true","DR3:Sg1":"ans4"},"SScene4":{"complete":true,"$seq":[{"prop":"complete","value":false,"time":1557762521161},{"prop":"Sg1","value":"true","time":1557762573301},{"prop":"DR4:Sg1","value":"ans4","time":1557762573301},{"prop":"complete","value":true,"time":1557762573301},{"prop":"Sg1","value":"true","time":1557762573302},{"prop":"complete","value":true,"time":1557762573302}],"Sg1":"true","DR4:Sg1":"ans4"},"SSubmit":{"complete":false,"$seq":[{"prop":"complete","value":false,"time":1557762573966}]}},"module":{},"tutor":{}}