{"scene":{"SNavigator":{},"SScene1":{"complete":true,"$seq":[{"prop":"complete","value":false,"time":1543859981245},{"prop":"complete","value":true,"time":1543860033577}]},"SScene2":{"AreaSelected":true,"$seq":[{"prop":"AreaSelected","value":false,"time":1543860037097},{"prop":"AreaSelected","value":true,"time":1543860133778},{"prop":"Area Name:physical and chemical changes","time":1543860133779},{"prop":"Area Index:1","time":1543860133779}]},"SScene3":{"TopicSelected":true,"$seq":[{"prop":"TopicSelected","value":false,"time":1543860136998},{"prop":"TopicSelected","value":true,"time":1543860155974},{"prop":"Topic Index:2","time":1543860155976}]},"SScene4":{"complete":true,"$seq":[{"prop":"complete","value":false,"time":1543860156859},{"prop":"complete","value":true,"time":1543860177633}]},"SScene5":{"complete":true,"$seq":[{"prop":"complete","value":false,"time":1543860183495},{"prop":"complete","value":true,"time":1543860188100}]},"SScene5a":{"complete":true,"$seq":[{"prop":"complete","value":false,"time":1543860189316},{"prop":"complete","value":true,"time":1543860201398}]},"SScene6a":{},"SScene6b":{},"SScene6c":{},"SScene7":{"complete":true,"$seq":[{"prop":"complete","value":false,"time":1543860220397},{"prop":"complete","value":true,"time":1543860243598}]},"SScene8":{"complete":true,"$seq":[{"prop":"complete","value":false,"time":1543860246276},{"prop":"complete","value":true,"time":1543860288790}]},"SScene9":{"RQSelected":true,"$seq":[{"prop":"RQSelected","value":false,"time":1543860290526},{"prop":"RQSelected","value":true,"time":1543860304464},{"prop":"Variable Index:4","time":1543860304465},{"prop":"RQSelected","value":true,"time":1543860304770},{"prop":"Variable Index:4","time":1543860304770}]},"SScene11":{"RQconfirmed":false,"$seq":[{"prop":"RQconfirmed","value":false,"time":1543860304679},{"prop":"complete","value":true,"time":1543860315277}],"complete":true},"SSceneEnd":{"complete":false,"$seq":[{"prop":"complete","value":false,"time":1543860317326}]}},"module":{"selectedArea":{"ontologyKey":"S_A1|name","index":1},"$seq":[{"prop":"selectedArea","value":{"ontologyKey":"S_A1|name","index":1},"time":1543859981140},{"prop":"selectedTopic","value":{"ontologyKey":"S_A1_T2|name","index":2},"time":1543859981140},{"prop":"selectedVariable","value":{"ontologyKey":"S_A1_T2_V4|name","index":4},"time":1543859981140},{"prop":"selectedRQ","value":{"ontologyKey":"S_A1_T2_RQ4"},"time":1543859981140},{"prop":"AreaSelectedID","value":"Sarea1|Sselected","time":1543859981140},{"prop":"AreaButtonID","value":"Sbutton1","time":1543859981140},{"prop":"TopicSelectedID","value":"Stopic2|Sselected","time":1543859981140},{"prop":"TopicButtonID","value":"Sbutton2","time":1543859981140},{"prop":"VariableHighlightID","value":"SbuttonHL4","time":1543859981140},{"prop":"VariableClickMaskID","value":"SclickMask4","time":1543859981140},{"prop":"selectedArea.ontologyKey","value":"S_A1|name","time":1543860133778},{"prop":"selectedArea.index","value":1,"time":1543860133778},{"prop":"selectedTopic.ontologyKey","value":"S_A1_T2|name","time":1543860155974},{"prop":"selectedTopic.index","value":2,"time":1543860155975},{"prop":"selectedVariable.ontologyKey","value":"S_A1_T2_V4|name","time":1543860304464},{"prop":"selectedVariable.index","value":4,"time":1543860304465},{"prop":"selectedRQ","value":{"ontologyKey":"S_A1_T2_RQ4","index":"4"},"time":1543860304465},{"prop":"RQconfirmation","value":"UNKNOWN","time":1543860304679},{"prop":"selectedVariable.ontologyKey","value":"S_A1_T2_V4|name","time":1543860304770},{"prop":"selectedVariable.index","value":4,"time":1543860304770},{"prop":"selectedRQ","value":{"ontologyKey":"S_A1_T2_RQ4","index":"4"},"time":1543860304770}],"selectedTopic":{"ontologyKey":"S_A1_T2|name","index":2},"selectedVariable":{"ontologyKey":"S_A1_T2_V4|name","index":4},"selectedRQ":{"ontologyKey":"S_A1_T2_RQ4","index":"4"},"AreaSelectedID":"Sarea1|Sselected","AreaButtonID":"Sbutton1","TopicSelectedID":"Stopic2|Sselected","TopicButtonID":"Sbutton2","VariableHighlightID":"SbuttonHL4","VariableClickMaskID":"SclickMask4","RQconfirmation":"UNKNOWN"},"tutor":{"experimentalGroup":{"ontologyKey":"EG_A2"},"$seq":[{"prop":"experimentalGroup.ontologyKey","value":"EG_A2","time":1543859981140}]}}