{"scene":{"SNavigator":{},"SScene1":{"complete":true,"$seq":[{"prop":"complete","value":false,"time":1543859981245},{"prop":"complete","value":true,"time":1543860033577}]},"SScene2":{"AreaSelected":true,"$seq":[{"prop":"AreaSelected","value":false,"time":1543860037097},{"prop":"AreaSelected","value":true,"time":1543860133778},{"prop":"Area Name:physical and chemical changes","time":1543860133779},{"prop":"Area Index:1","time":1543860133779}]},"SScene3":{"TopicSelected":false,"$seq":[{"prop":"TopicSelected","value":false,"time":1543860136998}]}},"module":{"selectedArea":{"ontologyKey":"S_A1|name","index":1},"$seq":[{"prop":"selectedArea","value":{"ontologyKey":"S_A1|name","index":1},"time":1543859981140},{"prop":"selectedTopic","value":{"ontologyKey":"S_A1_T2|name","index":2},"time":1543859981140},{"prop":"selectedVariable","value":{"ontologyKey":"S_A1_T2_V4|name","index":4},"time":1543859981140},{"prop":"selectedRQ","value":{"ontologyKey":"S_A1_T2_RQ4"},"time":1543859981140},{"prop":"AreaSelectedID","value":"Sarea1|Sselected","time":1543859981140},{"prop":"AreaButtonID","value":"Sbutton1","time":1543859981140},{"prop":"TopicSelectedID","value":"Stopic2|Sselected","time":1543859981140},{"prop":"TopicButtonID","value":"Sbutton2","time":1543859981140},{"prop":"VariableHighlightID","value":"SbuttonHL4","time":1543859981140},{"prop":"VariableClickMaskID","value":"SclickMask4","time":1543859981140},{"prop":"selectedArea.ontologyKey","value":"S_A1|name","time":1543860133778},{"prop":"selectedArea.index","value":1,"time":1543860133778}],"selectedTopic":{"ontologyKey":"S_A1_T2|name","index":2},"selectedVariable":{"ontologyKey":"S_A1_T2_V4|name","index":4},"selectedRQ":{"ontologyKey":"S_A1_T2_RQ4"},"AreaSelectedID":"Sarea1|Sselected","AreaButtonID":"Sbutton1","TopicSelectedID":"Stopic2|Sselected","TopicButtonID":"Sbutton2","VariableHighlightID":"SbuttonHL4","VariableClickMaskID":"SclickMask4"},"tutor":{"experimentalGroup":{"ontologyKey":"EG_A2"},"$seq":[{"prop":"experimentalGroup.ontologyKey","value":"EG_A2","time":1543859981140}]}}