{"scene":{"SNavigator":{},"SMatsIntro":{"complete":true,"$seq":[{"prop":"complete","value":false,"time":1556124836571},{"prop":"complete","value":true,"time":1556124850378}]},"SMatsPre1":{"complete":true,"$seq":[{"prop":"complete","value":false,"time":1556124857096},{"prop":"Sg1","value":"true","time":1556124867394},{"prop":"PreTest:Sg1","value":"b4","time":1556124867394},{"prop":"complete","value":false,"time":1556124867394},{"prop":"Sg1","value":"true","time":1556124867396},{"prop":"complete","value":false,"time":1556124867396},{"prop":"Sg2","value":"true","time":1556124871204},{"prop":"PreTest:Sg2","value":"b3","time":1556124871204},{"prop":"complete","value":false,"time":1556124871205},{"prop":"Sg2","value":"true","time":1556124871205},{"prop":"complete","value":false,"time":1556124871205},{"prop":"Sg3","value":"true","time":1556124875379},{"prop":"PreTest:Sg3","value":"b3","time":1556124875379},{"prop":"complete","value":false,"time":1556124875379},{"prop":"Sg3","value":"true","time":1556124875380},{"prop":"complete","value":false,"time":1556124875380},{"prop":"Sg4","value":"true","time":1556124877718},{"prop":"PreTest:Sg4","value":"b4","time":1556124877718},{"prop":"complete","value":true,"time":1556124877718},{"prop":"Sg4","value":"true","time":1556124877719},{"prop":"complete","value":true,"time":1556124877719}],"Sg1":"true","PreTest:Sg1":"b4","Sg2":"true","PreTest:Sg2":"b3","Sg3":"true","PreTest:Sg3":"b3","Sg4":"true","PreTest:Sg4":"b4"},"SMatsPre2":{"complete":true,"$seq":[{"prop":"complete","value":false,"time":1556124880585},{"prop":"Sg1","value":"true","time":1556124886388},{"prop":"PreTest:Sg1","value":"b3","time":1556124886388},{"prop":"complete","value":false,"time":1556124886388},{"prop":"Sg1","value":"true","time":1556124886388},{"prop":"complete","value":false,"time":1556124886388},{"prop":"Sg2","value":"true","time":1556124887274},{"prop":"PreTest:Sg2","value":"b3","time":1556124887274},{"prop":"complete","value":false,"time":1556124887274},{"prop":"Sg2","value":"true","time":1556124887275},{"prop":"complete","value":false,"time":1556124887275},{"prop":"Sg3","value":"true","time":1556124889243},{"prop":"PreTest:Sg3","value":"b3","time":1556124889243},{"prop":"complete","value":false,"time":1556124889243},{"prop":"Sg3","value":"true","time":1556124889244},{"prop":"complete","value":false,"time":1556124889244},{"prop":"Sg4","value":"true","time":1556124891951},{"prop":"PreTest:Sg4","value":"b2","time":1556124891951},{"prop":"complete","value":true,"time":1556124891951},{"prop":"Sg4","value":"true","time":1556124891952},{"prop":"complete","value":true,"time":1556124891952},{"prop":"Sg4","value":"true","time":1556124893120},{"prop":"PreTest:Sg4","value":"b3","time":1556124893120},{"prop":"complete","value":true,"time":1556124893120},{"prop":"Sg4","value":"true","time":1556124893120},{"prop":"complete","value":true,"time":1556124893120}],"Sg1":"true","PreTest:Sg1":"b3","Sg2":"true","PreTest:Sg2":"b3","Sg3":"true","PreTest:Sg3":"b3","Sg4":"true","PreTest:Sg4":"b3"},"SMatsPre3":{"complete":true,"$seq":[{"prop":"complete","value":false,"time":1556124894294},{"prop":"Sg1","value":"true","time":1556124903583},{"prop":"PreTest:Sg1","value":"b4","time":1556124903583},{"prop":"complete","value":false,"time":1556124903583},{"prop":"Sg1","value":"true","time":1556124903583},{"prop":"complete","value":false,"time":1556124903583},{"prop":"Sg2","value":"true","time":1556124907995},{"prop":"PreTest:Sg2","value":"b3","time":1556124907995},{"prop":"complete","value":false,"time":1556124907995},{"prop":"Sg2","value":"true","time":1556124907995},{"prop":"complete","value":false,"time":1556124907995},{"prop":"Sg3","value":"true","time":1556124911201},{"prop":"PreTest:Sg3","value":"b4","time":1556124911201},{"prop":"complete","value":false,"time":1556124911201},{"prop":"Sg3","value":"true","time":1556124911202},{"prop":"complete","value":false,"time":1556124911202},{"prop":"Sg4","value":"true","time":1556124913618},{"prop":"PreTest:Sg4","value":"b4","time":1556124913618},{"prop":"complete","value":true,"time":1556124913618},{"prop":"Sg4","value":"true","time":1556124913618},{"prop":"complete","value":true,"time":1556124913618}],"Sg1":"true","PreTest:Sg1":"b4","Sg2":"true","PreTest:Sg2":"b3","Sg3":"true","PreTest:Sg3":"b4","Sg4":"true","PreTest:Sg4":"b4"},"SMatsPre4":{"complete":true,"$seq":[{"prop":"complete","value":false,"time":1556124914271},{"prop":"Sg1","value":"true","time":1556124932375},{"prop":"PreTest:Sg1","value":"b3","time":1556124932375},{"prop":"complete","value":false,"time":1556124932375},{"prop":"Sg1","value":"true","time":1556124932376},{"prop":"complete","value":false,"time":1556124932376},{"prop":"Sg2","value":"true","time":1556124935090},{"prop":"PreTest:Sg2","value":"b3","time":1556124935090},{"prop":"complete","value":true,"time":1556124935090},{"prop":"prompted","value":true,"time":1556124935090},{"prop":"Sg2","value":"true","time":1556124935091},{"prop":"complete","value":true,"time":1556124935091},{"prop":"complete","value":true,"time":1556124936315}],"Sg1":"true","PreTest:Sg1":"b3","Sg2":"true","PreTest:Sg2":"b3","prompted":true},"SSceneEnd":{"complete":false,"$seq":[{"prop":"complete","value":false,"time":1556124936439}]}},"module":{},"tutor":{}}