{"sceneState":{"SNavigator":{},"SMatsIntro":{"complete":true,"$seq":[{"prop":"complete","value":false,"time":1557762189997},{"prop":"complete","value":true,"time":1557762203364}]},"SMatsPre1":{"complete":true,"$seq":[{"prop":"complete","value":false,"time":1557762213001},{"prop":"Sg1","value":"true","time":1557762221445},{"prop":"PreTest:Sg1","value":"b4","time":1557762221445},{"prop":"complete","value":false,"time":1557762221447},{"prop":"Sg1","value":"true","time":1557762221447},{"prop":"complete","value":false,"time":1557762221447},{"prop":"Sg2","value":"true","time":1557762229904},{"prop":"PreTest:Sg2","value":"b3","time":1557762229904},{"prop":"complete","value":false,"time":1557762229904},{"prop":"Sg2","value":"true","time":1557762229905},{"prop":"complete","value":false,"time":1557762229905},{"prop":"Sg3","value":"true","time":1557762236532},{"prop":"PreTest:Sg3","value":"b2","time":1557762236532},{"prop":"complete","value":false,"time":1557762236532},{"prop":"Sg3","value":"true","time":1557762236532},{"prop":"complete","value":false,"time":1557762236532},{"prop":"Sg4","value":"true","time":1557762240747},{"prop":"PreTest:Sg4","value":"b4","time":1557762240747},{"prop":"complete","value":true,"time":1557762240747},{"prop":"Sg4","value":"true","time":1557762240748},{"prop":"complete","value":true,"time":1557762240748},{"prop":"Sg4","value":"true","time":1557762241159},{"prop":"PreTest:Sg4","value":"b4","time":1557762241159},{"prop":"complete","value":true,"time":1557762241159},{"prop":"Sg4","value":"true","time":1557762241159},{"prop":"complete","value":true,"time":1557762241159}],"Sg1":"true","PreTest:Sg1":"b4","Sg2":"true","PreTest:Sg2":"b3","Sg3":"true","PreTest:Sg3":"b2","Sg4":"true","PreTest:Sg4":"b4"},"SMatsPre2":{"complete":true,"$seq":[{"prop":"complete","value":false,"time":1557762242512},{"prop":"Sg1","value":"true","time":1557762247150},{"prop":"PreTest:Sg1","value":"b2","time":1557762247150},{"prop":"complete","value":false,"time":1557762247150},{"prop":"Sg1","value":"true","time":1557762247150},{"prop":"complete","value":false,"time":1557762247150},{"prop":"Sg2","value":"true","time":1557762252640},{"prop":"PreTest:Sg2","value":"b4","time":1557762252640},{"prop":"complete","value":false,"time":1557762252640},{"prop":"Sg2","value":"true","time":1557762252641},{"prop":"complete","value":false,"time":1557762252641},{"prop":"Sg3","value":"true","time":1557762255613},{"prop":"PreTest:Sg3","value":"b4","time":1557762255613},{"prop":"complete","value":false,"time":1557762255613},{"prop":"Sg3","value":"true","time":1557762255613},{"prop":"complete","value":false,"time":1557762255613},{"prop":"Sg4","value":"true","time":1557762259420},{"prop":"PreTest:Sg4","value":"b2","time":1557762259420},{"prop":"complete","value":true,"time":1557762259420},{"prop":"Sg4","value":"true","time":1557762259421},{"prop":"complete","value":true,"time":1557762259421}],"Sg1":"true","PreTest:Sg1":"b2","Sg2":"true","PreTest:Sg2":"b4","Sg3":"true","PreTest:Sg3":"b4","Sg4":"true","PreTest:Sg4":"b2"},"SMatsPre3":{"complete":true,"$seq":[{"prop":"complete","value":false,"time":1557762260419},{"prop":"Sg1","value":"true","time":1557762264431},{"prop":"PreTest:Sg1","value":"b4","time":1557762264431},{"prop":"complete","value":false,"time":1557762264431},{"prop":"Sg1","value":"true","time":1557762264432},{"prop":"complete","value":false,"time":1557762264432},{"prop":"Sg2","value":"true","time":1557762266546},{"prop":"PreTest:Sg2","value":"b4","time":1557762266546},{"prop":"complete","value":false,"time":1557762266546},{"prop":"Sg2","value":"true","time":1557762266547},{"prop":"complete","value":false,"time":1557762266547},{"prop":"Sg3","value":"true","time":1557762269634},{"prop":"PreTest:Sg3","value":"b3","time":1557762269634},{"prop":"complete","value":false,"time":1557762269634},{"prop":"Sg3","value":"true","time":1557762269634},{"prop":"complete","value":false,"time":1557762269634},{"prop":"Sg4","value":"true","time":1557762276576},{"prop":"PreTest:Sg4","value":"b4","time":1557762276577},{"prop":"complete","value":true,"time":1557762276577},{"prop":"Sg4","value":"true","time":1557762276577},{"prop":"complete","value":true,"time":1557762276577}],"Sg1":"true","PreTest:Sg1":"b4","Sg2":"true","PreTest:Sg2":"b4","Sg3":"true","PreTest:Sg3":"b3","Sg4":"true","PreTest:Sg4":"b4"},"SMatsPre4":{"complete":true,"$seq":[{"prop":"complete","value":false,"time":1557762277450},{"prop":"Sg1","value":"true","time":1557762282676},{"prop":"PreTest:Sg1","value":"b2","time":1557762282676},{"prop":"complete","value":false,"time":1557762282676},{"prop":"Sg1","value":"true","time":1557762282676},{"prop":"complete","value":false,"time":1557762282676},{"prop":"Sg2","value":"true","time":1557762287187},{"prop":"PreTest:Sg2","value":"b2","time":1557762287187},{"prop":"complete","value":true,"time":1557762287187},{"prop":"prompted","value":true,"time":1557762287188},{"prop":"Sg2","value":"true","time":1557762287189},{"prop":"complete","value":true,"time":1557762287189},{"prop":"complete","value":true,"time":1557762293222}],"Sg1":"true","PreTest:Sg1":"b2","Sg2":"true","PreTest:Sg2":"b2","prompted":true},"SSceneEnd":{"complete":false,"$seq":[{"prop":"complete","value":false,"time":1557762293333}]}},"moduleState":{},"tutorState":{},"fFeatures":{"0":true,"FTR_PRE":true,"FTR_PROMPTED":true},"featureID":{}}