{"scene":{"SNavigator":{},"SScene1":{"complete":true,"$seq":[{"prop":"complete","value":false,"time":1276543845204},{"prop":"complete","value":true,"time":1276543892243}]},"SScene2":{"AreaSelected":true,"$seq":[{"prop":"AreaSelected","value":false,"time":1276543895626},{"prop":"AreaSelected","value":true,"time":1276543939871},{"prop":"Area Name:physical and chemical changes","time":1276543939872},{"prop":"Area Index:1","time":1276543939872}]},"SScene3":{"TopicSelected":true,"$seq":[{"prop":"TopicSelected","value":false,"time":1276543942329},{"prop":"TopicSelected","value":true,"time":1276543948659},{"prop":"Topic Index:1","time":1276543948660}]},"SScene4":{"complete":true,"$seq":[{"prop":"complete","value":false,"time":1276543949059},{"prop":"complete","value":true,"time":1276543967609}]},"SScene5":{"complete":true,"$seq":[{"prop":"complete","value":false,"time":1276543968815},{"prop":"complete","value":true,"time":1276543973298}]},"SScene5a":{"complete":true,"$seq":[{"prop":"complete","value":false,"time":1276543974722},{"prop":"complete","value":true,"time":1276543992064}]},"SScene6a":{},"SScene6b":{},"SScene6c":{},"SScene6d":{},"SScene6e":{},"SScene6f":{},"SScene7":{"complete":true,"$seq":[{"prop":"complete","value":false,"time":1276544020651},{"prop":"complete","value":true,"time":1276544073166}]},"SScene8":{"complete":true,"$seq":[{"prop":"complete","value":false,"time":1276544075048},{"prop":"complete","value":true,"time":1276544112577}]},"SScene9":{"RQSelected":true,"$seq":[{"prop":"RQSelected","value":false,"time":1276544113989},{"prop":"RQSelected","value":true,"time":1276544122441},{"prop":"Variable Index:2","time":1276544122442}]},"SScene10":{"RQconfirmed":true,"$seq":[{"prop":"RQconfirmed","value":false,"time":1276544122579},{"prop":"RQconfirmed","value":true,"time":1276544134354}]},"SScene11":{"RQconfirmed":false,"$seq":[{"prop":"RQconfirmed","value":false,"time":1276544134491},{"prop":"complete","value":true,"time":1276544142977}],"complete":true}},"module":{"selectedArea":{"ontologyKey":"S_A1|name","index":1},"$seq":[{"prop":"selectedArea.ontologyKey","value":"S_A1|name","time":1276543939871},{"prop":"selectedArea.index","value":1,"time":1276543939872},{"prop":"selectedTopic.ontologyKey","value":"S_A1_T1|name","time":1276543948659},{"prop":"selectedTopic.index","value":1,"time":1276543948659},{"prop":"selectedVariable.ontologyKey","value":"S_A1_T1_V2|name","time":1276544122442},{"prop":"selectedVariable.index","value":2,"time":1276544122442},{"prop":"selectedRQ","value":{"ontologyKey":"S_A1_T1_RQ2","index":"2"},"time":1276544122442},{"prop":"RQconfirmation","value":"UNKNOWN","time":1276544122579},{"prop":"RQconfirmation","value":"OK","time":1276544134355},{"prop":"RQconfirmation","value":"UNKNOWN","time":1276544134492}],"selectedTopic":{"ontologyKey":"S_A1_T1|name","index":1},"selectedVariable":{"ontologyKey":"S_A1_T1_V2|name","index":2},"selectedRQ":{"ontologyKey":"S_A1_T1_RQ2","index":"2"},"RQconfirmation":"UNKNOWN"},"tutor":{"experimentalGroup":{"ontologyKey":"EG_A1"},"$seq":[{"prop":"experimentalGroup.ontologyKey","value":"EG_A1","time":1276543845092}]}}