{"scene":{"SNavigator":{},"SScene1":{"complete":true,"$seq":[{"prop":"complete","value":false,"time":1276543845204},{"prop":"complete","value":true,"time":1276543892243}]},"SScene2":{"AreaSelected":true,"$seq":[{"prop":"AreaSelected","value":false,"time":1276543895626},{"prop":"AreaSelected","value":true,"time":1276543939871},{"prop":"Area Name:physical and chemical changes","time":1276543939872},{"prop":"Area Index:1","time":1276543939872}]},"SScene3":{"TopicSelected":true,"$seq":[{"prop":"TopicSelected","value":false,"time":1276543942329},{"prop":"TopicSelected","value":true,"time":1276543948659},{"prop":"Topic Index:1","time":1276543948660}]},"SScene4":{"complete":true,"$seq":[{"prop":"complete","value":false,"time":1276543949059},{"prop":"complete","value":true,"time":1276543967609}]},"SScene5":{"complete":true,"$seq":[{"prop":"complete","value":false,"time":1276543968815},{"prop":"complete","value":true,"time":1276543973298}]},"SScene5a":{"complete":true,"$seq":[{"prop":"complete","value":false,"time":1276543974722},{"prop":"complete","value":true,"time":1276543992064}]},"SScene6a":{},"SScene6b":{},"SScene6c":{},"SScene6d":{}},"module":{"selectedArea":{"ontologyKey":"S_A1|name","index":1},"$seq":[{"prop":"selectedArea.ontologyKey","value":"S_A1|name","time":1276543939871},{"prop":"selectedArea.index","value":1,"time":1276543939872},{"prop":"selectedTopic.ontologyKey","value":"S_A1_T1|name","time":1276543948659},{"prop":"selectedTopic.index","value":1,"time":1276543948659}],"selectedTopic":{"ontologyKey":"S_A1_T1|name","index":1}},"tutor":{"experimentalGroup":{"ontologyKey":"EG_A1"},"$seq":[{"prop":"experimentalGroup.ontologyKey","value":"EG_A1","time":1276543845092}]}}