{"scene":{"SNavigator":{},"SIntro":{"complete":false,"$seq":[{"prop":"complete","value":false,"time":1556110548865}]},"SScene1":{"complete":true,"$seq":[{"prop":"complete","value":false,"time":1556110563971},{"prop":"Sg1","value":"true","time":1556110602938},{"prop":"DR1:Sg1","value":"ans1","time":1556110602938},{"prop":"complete","value":true,"time":1556110602938},{"prop":"Sg1","value":"true","time":1556110602942},{"prop":"complete","value":true,"time":1556110602942}],"Sg1":"true","DR1:Sg1":"ans1"},"SScene2":{"complete":true,"$seq":[{"prop":"complete","value":false,"time":1556110604074},{"prop":"Sg1","value":"true","time":1556110627290},{"prop":"DR2:Sg1","value":"ans4","time":1556110627290},{"prop":"complete","value":true,"time":1556110627291},{"prop":"Sg1","value":"true","time":1556110627291},{"prop":"complete","value":true,"time":1556110627291}],"Sg1":"true","DR2:Sg1":"ans4"},"SScene3":{"complete":true,"$seq":[{"prop":"complete","value":false,"time":1556110631063},{"prop":"Sg1","value":"true","time":1556110672035},{"prop":"DR3:Sg1","value":"ans3","time":1556110672035},{"prop":"complete","value":true,"time":1556110672035},{"prop":"Sg1","value":"true","time":1556110672035},{"prop":"complete","value":true,"time":1556110672035}],"Sg1":"true","DR3:Sg1":"ans3"},"SScene4":{"complete":true,"$seq":[{"prop":"complete","value":false,"time":1556110675684},{"prop":"Sg1","value":"true","time":1556110689447},{"prop":"DR4:Sg1","value":"ans1","time":1556110689447},{"prop":"complete","value":true,"time":1556110689447},{"prop":"Sg1","value":"true","time":1556110689448},{"prop":"complete","value":true,"time":1556110689448}],"Sg1":"true","DR4:Sg1":"ans1"},"SSubmit":{"complete":false,"$seq":[{"prop":"complete","value":false,"time":1556110693327}]},"SSceneEnd":{"complete":false,"$seq":[{"prop":"complete","value":false,"time":1556110694866}]}},"module":{},"tutor":{}}