{"sceneState":{"SNavigator":{},"SIntro":{"complete":false,"$seq":[{"prop":"complete","value":false,"time":1556124792424}]},"SScene1":{"complete":true,"$seq":[{"prop":"complete","value":false,"time":1556124807577},{"prop":"Sg1","value":"true","time":1556124833170},{"prop":"DR1:Sg1","value":"ans1","time":1556124833170},{"prop":"complete","value":true,"time":1556124833171},{"prop":"Sg1","value":"true","time":1556124833174},{"prop":"complete","value":true,"time":1556124833174},{"prop":"Sg1","value":"true","time":1556124833925},{"prop":"DR1:Sg1","value":"ans2","time":1556124833925},{"prop":"complete","value":true,"time":1556124833925},{"prop":"Sg1","value":"true","time":1556124833926},{"prop":"complete","value":true,"time":1556124833926},{"prop":"Sg1","value":"true","time":1556124834479},{"prop":"DR1:Sg1","value":"ans1","time":1556124834479},{"prop":"complete","value":true,"time":1556124834479},{"prop":"Sg1","value":"true","time":1556124834480},{"prop":"complete","value":true,"time":1556124834480}],"Sg1":"true","DR1:Sg1":"ans1"},"SScene2":{"complete":true,"$seq":[{"prop":"complete","value":false,"time":1556124835526},{"prop":"Sg1","value":"true","time":1556124869896},{"prop":"DR2:Sg1","value":"ans4","time":1556124869896},{"prop":"complete","value":true,"time":1556124869896},{"prop":"Sg1","value":"true","time":1556124869896},{"prop":"complete","value":true,"time":1556124869896}],"Sg1":"true","DR2:Sg1":"ans4"},"SScene3":{"complete":true,"$seq":[{"prop":"complete","value":false,"time":1556124872454},{"prop":"Sg1","value":"true","time":1556124915951},{"prop":"DR3:Sg1","value":"ans3","time":1556124915951},{"prop":"complete","value":true,"time":1556124915951},{"prop":"Sg1","value":"true","time":1556124915952},{"prop":"complete","value":true,"time":1556124915952}],"Sg1":"true","DR3:Sg1":"ans3"},"SScene4":{"complete":true,"$seq":[{"prop":"complete","value":false,"time":1556124916851},{"prop":"Sg1","value":"true","time":1556124945505},{"prop":"DR4:Sg1","value":"ans1","time":1556124945505},{"prop":"complete","value":true,"time":1556124945506},{"prop":"Sg1","value":"true","time":1556124945506},{"prop":"complete","value":true,"time":1556124945506}],"Sg1":"true","DR4:Sg1":"ans1"},"SSubmit":{"complete":false,"$seq":[{"prop":"complete","value":false,"time":1556124954225}]},"SSceneEnd":{"complete":false,"$seq":[{"prop":"complete","value":false,"time":1556124957190}]}},"moduleState":{},"tutorState":{},"fFeatures":{"0":true},"featureID":{}}