{"scene":{"SNavigator":{},"SScene1":{"complete":true,"$seq":[{"prop":"complete","value":false,"time":1554818010070},{"prop":"complete","value":true,"time":1554818063254}]},"SScene2":{"AreaSelected":true,"$seq":[{"prop":"AreaSelected","value":false,"time":1554818066372},{"prop":"AreaSelected","value":true,"time":1554818121727},{"prop":"Area Name:physical and chemical changes","time":1554818121728},{"prop":"Area Index:1","time":1554818121728}]},"SScene3":{"TopicSelected":true,"$seq":[{"prop":"TopicSelected","value":false,"time":1554818124812},{"prop":"TopicSelected","value":true,"time":1554818132718},{"prop":"Topic Index:2","time":1554818132719}]},"SScene4":{"complete":true,"$seq":[{"prop":"complete","value":false,"time":1554818133107},{"prop":"complete","value":true,"time":1554818153957}]},"SScene5":{"complete":true,"$seq":[{"prop":"complete","value":false,"time":1554818156810},{"prop":"complete","value":true,"time":1554818161416}]},"SScene5a":{"complete":true,"$seq":[{"prop":"complete","value":false,"time":1554818165383},{"prop":"complete","value":true,"time":1554818177422}]},"SScene6a":{},"SScene6b":{},"SScene6c":{},"SScene7":{"complete":true,"$seq":[{"prop":"complete","value":false,"time":1554818191908},{"prop":"complete","value":true,"time":1554818215348}]},"SScene8":{"complete":true,"$seq":[{"prop":"complete","value":false,"time":1554818221532},{"prop":"complete","value":true,"time":1554818263764}]},"SScene9":{"RQSelected":true,"$seq":[{"prop":"RQSelected","value":false,"time":1554818268634},{"prop":"RQSelected","value":true,"time":1554818274012},{"prop":"Variable Index:4","time":1554818274012}]},"SScene11":{"RQconfirmed":false,"$seq":[{"prop":"RQconfirmed","value":false,"time":1554818274115},{"prop":"complete","value":true,"time":1554818284917}],"complete":true},"SSceneEnd":{"complete":false,"$seq":[{"prop":"complete","value":false,"time":1554818296481}]}},"module":{"selectedArea":{"ontologyKey":"S_A1|name","index":1},"$seq":[{"prop":"selectedArea","value":{"ontologyKey":"S_A1|name","index":1},"time":1554818009961},{"prop":"selectedTopic","value":{"ontologyKey":"S_A1_T2|name","index":2},"time":1554818009961},{"prop":"selectedVariable","value":{"ontologyKey":"S_A1_T2_V4|name","index":4},"time":1554818009961},{"prop":"selectedRQ","value":{"ontologyKey":"S_A1_T2_RQ4"},"time":1554818009961},{"prop":"AreaSelectedID","value":"Sarea1|Sselected","time":1554818009961},{"prop":"AreaButtonID","value":"Sbutton1","time":1554818009961},{"prop":"TopicSelectedID","value":"Stopic2|Sselected","time":1554818009961},{"prop":"TopicButtonID","value":"Sbutton2","time":1554818009961},{"prop":"VariableHighlightID","value":"SbuttonHL4","time":1554818009961},{"prop":"VariableClickMaskID","value":"SclickMask4","time":1554818009961},{"prop":"selectedArea.ontologyKey","value":"S_A1|name","time":1554818121727},{"prop":"selectedArea.index","value":1,"time":1554818121727},{"prop":"selectedTopic.ontologyKey","value":"S_A1_T2|name","time":1554818132718},{"prop":"selectedTopic.index","value":2,"time":1554818132718},{"prop":"selectedVariable.ontologyKey","value":"S_A1_T2_V4|name","time":1554818274012},{"prop":"selectedVariable.index","value":4,"time":1554818274012},{"prop":"selectedRQ","value":{"ontologyKey":"S_A1_T2_RQ4","index":"4"},"time":1554818274012},{"prop":"RQconfirmation","value":"UNKNOWN","time":1554818274115}],"selectedTopic":{"ontologyKey":"S_A1_T2|name","index":2},"selectedVariable":{"ontologyKey":"S_A1_T2_V4|name","index":4},"selectedRQ":{"ontologyKey":"S_A1_T2_RQ4","index":"4"},"AreaSelectedID":"Sarea1|Sselected","AreaButtonID":"Sbutton1","TopicSelectedID":"Stopic2|Sselected","TopicButtonID":"Sbutton2","VariableHighlightID":"SbuttonHL4","VariableClickMaskID":"SclickMask4","RQconfirmation":"UNKNOWN"},"tutor":{"experimentalGroup":{"ontologyKey":"EG_A2"},"$seq":[{"prop":"experimentalGroup.ontologyKey","value":"EG_A2","time":1554818009961}]}}