{"scene":{"SNavigator":{},"SScene3":{"complete":true,"$seq":[{"prop":"complete","value":false,"time":1554904083557},{"prop":"complete","value":true,"time":1554904090540}]},"SScene4":{"complete":true,"$seq":[{"prop":"complete","value":false,"time":1554904092631},{"prop":"complete","value":true,"time":1554904104469}]},"SScene5":{"complete":true,"$seq":[{"prop":"complete","value":false,"time":1554904105822},{"prop":"complete","value":true,"time":1554904111701}]},"SScene6":{"complete":true,"$seq":[{"prop":"complete","value":false,"time":1554904120764},{"prop":"complete","value":true,"time":1554904132301}]},"SScene7":{"complete":true,"$seq":[{"prop":"complete","value":false,"time":1554904579720},{"prop":"complete","value":true,"time":1554904589713}]},"SScene8":{"complete":true,"$seq":[{"prop":"complete","value":false,"time":1554904594055},{"prop":"complete","value":true,"time":1554904650731}]},"SScene9":{"complete":false,"$seq":[{"prop":"complete","value":false,"time":1554904658166},{"prop":"complete","value":true,"time":1554904666976},{"prop":"complete","value":false,"time":1554904669960}]},"SScene11":{"complete":true,"$seq":[{"prop":"complete","value":false,"time":1554904674184},{"prop":"complete","value":true,"time":1554904677546}]},"SScene12":{"complete":true,"$seq":[{"prop":"complete","value":false,"time":1554904678821},{"prop":"complete","value":true,"time":1554904687167}]},"SScene12A":{"complete":false,"$seq":[{"prop":"complete","value":false,"time":1554904688407},{"prop":"complete","value":true,"time":1554904695999},{"prop":"complete","value":false,"time":1554904697414},{"prop":"complete","value":false,"time":1554904700139},{"prop":"complete","value":false,"time":1554904701646},{"prop":"complete","value":false,"time":1554904705739},{"prop":"complete","value":false,"time":1554904707303},{"prop":"complete","value":false,"time":1554904708607},{"prop":"complete","value":false,"time":1554904709865}]},"SScene13":{"complete":false,"$seq":[{"prop":"complete","value":false,"time":1554904711289},{"prop":"complete","value":true,"time":1554904714364},{"prop":"complete","value":false,"time":1554904716904}]},"SScene15":{"complete":true,"$seq":[{"prop":"complete","value":false,"time":1554904728221},{"prop":"complete","value":false,"time":1554904781589},{"prop":"complete","value":false,"time":1554904783929},{"prop":"complete","value":true,"time":1554904785202},{"prop":"complete","value":false,"time":1554904786074},{"prop":"complete","value":false,"time":1554904787209},{"prop":"complete","value":false,"time":1554904788606},{"prop":"complete","value":true,"time":1554904834090}]},"SScene16":{"complete":true,"$seq":[{"prop":"complete","value":false,"time":1554904838628},{"prop":"complete","value":true,"time":1554904864500}]},"SScene17":{"complete":true,"$seq":[{"prop":"complete","value":false,"time":1554904867710},{"prop":"complete","value":true,"time":1554904872561},{"prop":"complete","value":true,"time":1554904872561},{"prop":"complete","value":false,"time":1554904873605},{"prop":"complete","value":false,"time":1554904879762},{"prop":"complete","value":false,"time":1554904881229},{"prop":"complete","value":false,"time":1554904884821},{"prop":"complete","value":false,"time":1554904886585},{"prop":"complete","value":false,"time":1554904888687},{"prop":"complete","value":false,"time":1554904890132},{"prop":"complete","value":false,"time":1554904894069},{"prop":"complete","value":false,"time":1554904895762},{"prop":"complete","value":false,"time":1554904897382},{"prop":"complete","value":false,"time":1554904898928},{"prop":"complete","value":false,"time":1554904904208},{"prop":"complete","value":false,"time":1554904905696},{"prop":"complete","value":true,"time":1554904907847}]},"SScene18":{"complete":true,"$seq":[{"prop":"complete","value":false,"time":1554904921286},{"prop":"complete","value":true,"time":1554904927457}]},"SScene19":{"complete":true,"$seq":[{"prop":"complete","value":false,"time":1554905035195},{"prop":"complete","value":false,"time":1554905037894},{"prop":"complete","value":false,"time":1554905038824},{"prop":"complete","value":false,"time":1554905040731},{"prop":"complete","value":false,"time":1554905041695},{"prop":"complete","value":false,"time":1554905044238},{"prop":"complete","value":false,"time":1554905045201},{"prop":"complete","value":false,"time":1554905047847},{"prop":"complete","value":true,"time":1554905048841}]},"SScene20":{"complete":false,"$seq":[{"prop":"complete","value":false,"time":1554905049631}]}},"module":{"selectedArea":{"ontologyKey":"S_A1|name","index":1},"selectedTopic":{"ontologyKey":"S_A1_T2|name","index":2},"selectedVariable":{"ontologyKey":"S_A1_T2_V4|name","index":4},"selectedRQ":{"ontologyKey":"S_A1_T2_RQ4"},"AreaSelectedID":"Sarea1|Sselected","AreaButtonID":"Sbutton1","TopicSelectedID":"Stopic2|Sselected","TopicButtonID":"Sbutton2","VariableHighlightID":"SbuttonHL4","VariableClickMaskID":"SclickMask4","RQconfirmation":"UNKNOWN","TEDExptNonTarget":[1,3,4],"TEDExptConfounds":[1],"TEDExptDifferent":[1,2],"TEDExptArea":{"ontologyKey":"S_A1","index":1},"TEDExptTopic":{"ontologyKey":"S_A1_T2","index":2},"TEDExptVariable":{"ontologyKey":"S_A1_T2_V2","index":2},"TEDExptRQ":{"ontologyKey":"S_A1_T2_RQ2","index":2},"TEDExptVarNC1":{"ontologyKey":"S_A1_T2_V1","index":1},"TEDExptVarNC2":{"ontologyKey":"S_A1_T2_V3","index":3},"TEDExptVarNC3":{"ontologyKey":"S_A1_T2_V4","index":4},"TEDExptPOSTSequence":[],"TEDExpt1V1":{"ontologyKey":"S_A1_T2_V1_A","index":1},"TEDExpt2V1":{"ontologyKey":"S_A1_T2_V1_B","index":1},"TEDExpt1V2":{"ontologyKey":"S_A1_T2_V2_A","index":2},"TEDExpt2V2":{"ontologyKey":"S_A1_T2_V2_B","index":2},"TEDExpt1V3":{"ontologyKey":"S_A1_T2_V3_A","index":3},"TEDExpt2V3":{"ontologyKey":"S_A1_T2_V3_A","index":3},"TEDExpt1V4":{"ontologyKey":"S_A1_T2_V4_A","index":4},"TEDExpt2V4":{"ontologyKey":"S_A1_T2_V4_A","index":4},"TEDExptNC1SameDiff":{"ontologyKey":"TED_E1_Q7NC1DIFF","value":"diff","index":1},"TEDExptNC1Confound":{"ontologyKey":"S_A1_T2_V1","index":1},"TEDExptNC2SameDiff":{"ontologyKey":"TED_E1_Q7NC2SAME","value":"same","index":3},"TEDExptNC2Confound":{"ontologyKey":"S_A1_T2_V3","index":3},"TEDExptNC3SameDiff":{"ontologyKey":"TED_E1_Q7NC3SAME","value":"same","index":4},"TEDExptNC3Confound":{"ontologyKey":"S_A1_T2_V4","index":4},"differentRow":4,"independentVarN":{"row":4,"col":0,"ontologyKey":"S_A1_T2_V4|name","isText":true,"selectedValue":"Amount of CO2","cell":{},"processed":true},"sameRow1":1,"sameRow2":2,"sameRow3":3,"$seq":[{"prop":"selectedArea","value":{"ontologyKey":"S_A1|name","index":1},"time":1554904083468},{"prop":"selectedTopic","value":{"ontologyKey":"S_A1_T2|name","index":2},"time":1554904083468},{"prop":"selectedVariable","value":{"ontologyKey":"S_A1_T2_V4|name","index":4},"time":1554904083468},{"prop":"selectedRQ","value":{"ontologyKey":"S_A1_T2_RQ4"},"time":1554904083468},{"prop":"AreaSelectedID","value":"Sarea1|Sselected","time":1554904083468},{"prop":"AreaButtonID","value":"Sbutton1","time":1554904083468},{"prop":"TopicSelectedID","value":"Stopic2|Sselected","time":1554904083468},{"prop":"TopicButtonID","value":"Sbutton2","time":1554904083468},{"prop":"VariableHighlightID","value":"SbuttonHL4","time":1554904083468},{"prop":"VariableClickMaskID","value":"SclickMask4","time":1554904083468},{"prop":"TEDExptNonTarget","value":[2,3,4],"time":1554904083475},{"prop":"TEDExptConfounds","value":[2,3,4],"time":1554904083475},{"prop":"TEDExptDifferent","value":[2,3,4,1],"time":1554904083475},{"prop":"TEDExptArea","value":{"ontologyKey":"S_A1","index":1},"time":1554904083475},{"prop":"TEDExptTopic","value":{"ontologyKey":"S_A1_T2","index":2},"time":1554904083475},{"prop":"TEDExptVariable","value":{"ontologyKey":"S_A1_T2_V1","index":1},"time":1554904083475},{"prop":"TEDExptRQ","value":{"ontologyKey":"S_A1_T2_RQ1","index":1},"time":1554904083475},{"prop":"TEDExptVarNC1","value":{"ontologyKey":"S_A1_T2_V2","index":2},"time":1554904083475},{"prop":"TEDExptVarNC2","value":{"ontologyKey":"S_A1_T2_V3","index":3},"time":1554904083475},{"prop":"TEDExptVarNC3","value":{"ontologyKey":"S_A1_T2_V4","index":4},"time":1554904083476},{"prop":"TEDExptPOSTSequence","value":[{"ontologyKey":"S_A1_T2_V4","index":4},{"ontologyKey":"S_A1_T2_V1","index":1},{"ontologyKey":"S_A1_T2_V2","index":2},{"ontologyKey":"S_A1_T2_V3","index":3}],"time":1554904083476},{"prop":"TEDExpt1V1","value":{"ontologyKey":"S_A1_T2_V1_A","index":1},"time":1554904083476},{"prop":"TEDExpt2V1","value":{"ontologyKey":"S_A1_T2_V1_A","index":1},"time":1554904083476},{"prop":"TEDExpt1V2","value":{"ontologyKey":"S_A1_T2_V2_A","index":2},"time":1554904083476},{"prop":"TEDExpt2V2","value":{"ontologyKey":"S_A1_T2_V2_A","index":2},"time":1554904083476},{"prop":"TEDExpt1V3","value":{"ontologyKey":"S_A1_T2_V3_A","index":3},"time":1554904083476},{"prop":"TEDExpt2V3","value":{"ontologyKey":"S_A1_T2_V3_A","index":3},"time":1554904083476},{"prop":"TEDExpt1V4","value":{"ontologyKey":"S_A1_T2_V4_A","index":4},"time":1554904083476},{"prop":"TEDExpt2V4","value":{"ontologyKey":"S_A1_T2_V4_A","index":4},"time":1554904083476},{"prop":"TEDExpt2V2","value":{"ontologyKey":"S_A1_T2_V2_B","index":2},"time":1554904083476},{"prop":"TEDExpt2V3","value":{"ontologyKey":"S_A1_T2_V3_B","index":3},"time":1554904083476},{"prop":"TEDExpt2V4","value":{"ontologyKey":"S_A1_T2_V4_B","index":4},"time":1554904083476},{"prop":"TEDExpt2V1","value":{"ontologyKey":"S_A1_T2_V1_B","index":1},"time":1554904083476},{"prop":"TEDExptNC1SameDiff","value":{"ontologyKey":"TED_E1_Q7NC1DIFF","value":"diff","index":2},"time":1554904083476},{"prop":"TEDExptNC1Confound","value":{"ontologyKey":"S_A1_T2_V2","index":2},"time":1554904083476},{"prop":"TEDExptNC2SameDiff","value":{"ontologyKey":"TED_E1_Q7NC2DIFF","value":"diff","index":3},"time":1554904083476},{"prop":"TEDExptNC2Confound","value":{"ontologyKey":"S_A1_T2_V3","index":3},"time":1554904083476},{"prop":"TEDExptNC3SameDiff","value":{"ontologyKey":"TED_E1_Q7NC3DIFF","value":"diff","index":4},"time":1554904083476},{"prop":"TEDExptNC3Confound","value":{"ontologyKey":"S_A1_T2_V4","index":4},"time":1554904083476},{"prop":"Expt1_Q1","value":{"name":"{{$EFO_TED_E1_LISTYN|yes}}","ontologyKey":"TED_E1_LISTYN|yes","index":1,"value":false,"id":"incorrect"},"time":1554904247251},{"prop":"Expt1_Q","value":{"name":"{{$EFO_TED_E1_LISTYN|yes}}","ontologyKey":"TED_E1_LISTYN|yes","index":1,"value":false,"id":"incorrect"},"time":1554904247251},{"prop":"Expt1_Reason","value":{"name":"{{$EFO_TED_E1_LISTQ23|ans4}}","value":"$EFL_efdata.TED.E1.LISTQ23","ontologyKey":"TED_E1_LISTQ23|yes","index":4,"id":"4"},"time":1554904271167},{"prop":"Expt1_Q4","value":{"name":"{{$EFO_TED_E1_LISTYN|no}}","ontologyKey":"TED_E1_LISTYN|no","index":2,"value":true,"id":"correct"},"time":1554904298580},{"prop":"Imagine1","value":{"name":"{{$EFO_TED_E1_LISTYN|no}}","ontologyKey":"TED_E1_LISTYN|no","index":2,"value":true,"id":"correct"},"time":1554904298580},{"prop":"Imagine1_Reason","value":{"name":"{{$EFO_TED_E1_LISTQ56|ans6}}","value":"$EFL_efdata.TED.E1.LISTQ56","ontologyKey":"TED_E1_LISTQ56|yes","index":6,"id":"6"},"time":1554904332573},{"prop":"FFocus:1","value":{"Row-2 Col-3":"Could Not cause","Row-3 Col-3":"Could Not cause","Row-4 Col-3":"Could Not cause"},"time":1554904344726},{"prop":"TEDFeatureFocus","value":["","Could Not cause","Could Not cause","Could Not cause"],"time":1554904345051},{"prop":"CHG:FFocus:1:Row-2 Col-3","value":"Could Not cause","time":1554904400676},{"prop":"TEDFeatureFocus","value":["","Could Not cause","Could Not cause","Could Not cause"],"time":1554904400676},{"prop":"CHG:FFocus:1:Row-3 Col-3","value":"Could Not cause","time":1554904402707},{"prop":"TEDFeatureFocus","value":["","Could Not cause","Could Not cause","Could Not cause"],"time":1554904402707},{"prop":"CHG:FFocus:1:Row-4 Col-3","value":"Could Not cause","time":1554904410380},{"prop":"TEDFeatureFocus","value":["","Could Not cause","Could Not cause","Could Not cause"],"time":1554904410380},{"prop":"FFocus:1_CorrExp:","value":{"Row-2 Col-2":"Some","Row-3 Col-2":"Smooth","Row-4 Col-2":"High"},"time":1554904472305},{"prop":"TEDcorrection","value":3,"time":1554904472662},{"prop":"CHG:FFocus:1_CorrExp::Row-2 Col-2","value":"Some","time":1554904489637},{"prop":"TEDcorrection","value":2,"time":1554904489637},{"prop":"CHG:FFocus:1_CorrExp::Row-3 Col-2","value":"Smooth","time":1554904512193},{"prop":"TEDcorrection","value":1,"time":1554904512194},{"prop":"CHG:FFocus:1_CorrExp::Row-4 Col-2","value":"High","time":1554904522457},{"prop":"TEDcorrection","value":0,"time":1554904522458},{"prop":"FFocus:1_Explain:","value":{"name":"{{$EFO_TED_E1_LISTQ9|ans6}}","value":"$EFL_efdata.TED.E1.LISTQ9","ontologyKey":"TED_E1_LISTQ9|yes","index":6,"id":"6"},"time":1554904536509},{"prop":"TEDExptNonTarget","value":[1,3,4],"time":1554904579706},{"prop":"TEDExptConfounds","value":[1],"time":1554904579706},{"prop":"TEDExptDifferent","value":[1,2],"time":1554904579706},{"prop":"TEDExptArea","value":{"ontologyKey":"S_A1","index":1},"time":1554904579706},{"prop":"TEDExptTopic","value":{"ontologyKey":"S_A1_T2","index":2},"time":1554904579706},{"prop":"TEDExptVariable","value":{"ontologyKey":"S_A1_T2_V2","index":2},"time":1554904579706},{"prop":"TEDExptRQ","value":{"ontologyKey":"S_A1_T2_RQ2","index":2},"time":1554904579706},{"prop":"TEDExptVarNC1","value":{"ontologyKey":"S_A1_T2_V1","index":1},"time":1554904579706},{"prop":"TEDExptVarNC2","value":{"ontologyKey":"S_A1_T2_V3","index":3},"time":1554904579706},{"prop":"TEDExptVarNC3","value":{"ontologyKey":"S_A1_T2_V4","index":4},"time":1554904579706},{"prop":"TEDExptPOSTSequence","value":[],"time":1554904579706},{"prop":"TEDExpt1V1","value":{"ontologyKey":"S_A1_T2_V1_A","index":1},"time":1554904579706},{"prop":"TEDExpt2V1","value":{"ontologyKey":"S_A1_T2_V1_A","index":1},"time":1554904579706},{"prop":"TEDExpt1V2","value":{"ontologyKey":"S_A1_T2_V2_A","index":2},"time":1554904579706},{"prop":"TEDExpt2V2","value":{"ontologyKey":"S_A1_T2_V2_A","index":2},"time":1554904579706},{"prop":"TEDExpt1V3","value":{"ontologyKey":"S_A1_T2_V3_A","index":3},"time":1554904579706},{"prop":"TEDExpt2V3","value":{"ontologyKey":"S_A1_T2_V3_A","index":3},"time":1554904579706},{"prop":"TEDExpt1V4","value":{"ontologyKey":"S_A1_T2_V4_A","index":4},"time":1554904579706},{"prop":"TEDExpt2V4","value":{"ontologyKey":"S_A1_T2_V4_A","index":4},"time":1554904579706},{"prop":"TEDExpt2V1","value":{"ontologyKey":"S_A1_T2_V1_B","index":1},"time":1554904579706},{"prop":"TEDExpt2V2","value":{"ontologyKey":"S_A1_T2_V2_B","index":2},"time":1554904579706},{"prop":"TEDExptNC1SameDiff","value":{"ontologyKey":"TED_E1_Q7NC1DIFF","value":"diff","index":1},"time":1554904579706},{"prop":"TEDExptNC1Confound","value":{"ontologyKey":"S_A1_T2_V1","index":1},"time":1554904579706},{"prop":"TEDExptNC2SameDiff","value":{"ontologyKey":"TED_E1_Q7NC2SAME","value":"same","index":3},"time":1554904579706},{"prop":"TEDExptNC3SameDiff","value":{"ontologyKey":"TED_E1_Q7NC3SAME","value":"same","index":4},"time":1554904579706},{"prop":"Expt1_Q1","value":{"name":"{{$EFO_TED_E1_LISTYN|yes}}","ontologyKey":"TED_E1_LISTYN|yes","index":1,"value":false,"id":"incorrect"},"time":1554904666976},{"prop":"Expt2_Q","value":{"name":"{{$EFO_TED_E1_LISTYN|yes}}","ontologyKey":"TED_E1_LISTYN|yes","index":1,"value":false,"id":"incorrect"},"time":1554904666976},{"prop":"Expt2_Reason","value":{"name":"{{$EFO_TED_E1_LISTQ23|ans6}}","value":"$EFL_efdata.TED.E1.LISTQ23","ontologyKey":"TED_E1_LISTQ23|yes","index":6,"id":"6"},"time":1554904677546},{"prop":"Expt1_Q4","value":{"name":"{{$EFO_TED_E1_LISTYN|no}}","ontologyKey":"TED_E1_LISTYN|no","index":2,"value":true,"id":"correct"},"time":1554904695999},{"prop":"Imagine2","value":{"name":"{{$EFO_TED_E1_LISTYN|no}}","ontologyKey":"TED_E1_LISTYN|no","index":2,"value":true,"id":"correct"},"time":1554904695999},{"prop":"Imagine2_Reason","value":{"name":"{{$EFO_TED_E1_LISTQ56|ans6}}","value":"$EFL_efdata.TED.E1.LISTQ56","ontologyKey":"TED_E1_LISTQ56|yes","index":6,"id":"6"},"time":1554904714363},{"prop":"FFocus:2","value":{"Row-1 Col-3":"Could cause","Row-3 Col-3":"Could cause","Row-4 Col-3":"Could cause"},"time":1554904728221},{"prop":"TEDFeatureFocus","value":["Could cause","","Could cause","Could cause"],"time":1554904728546},{"prop":"CHG:FFocus:2:Row-1 Col-3","value":"Could cause","time":1554904781588},{"prop":"TEDFeatureFocus","value":["Could cause","","Could cause","Could cause"],"time":1554904781589},{"prop":"CHG:FFocus:2:Row-3 Col-3","value":"Could cause","time":1554904783928},{"prop":"TEDFeatureFocus","value":["Could cause","","Could cause","Could cause"],"time":1554904783928},{"prop":"CHG:FFocus:2:Row-4 Col-3","value":"Could cause","time":1554904785202},{"prop":"TEDFeatureFocus","value":["Could cause","","Could cause","Could cause"],"time":1554904785202},{"prop":"FFocus:2_CorrExp:","value":{"Row-1 Col-2":"Sugar"},"time":1554904838628},{"prop":"TEDcorrection","value":1,"time":1554904838959},{"prop":"CHG:FFocus:2_CorrExp::Row-1 Col-2","value":"Sugar","time":1554904864499},{"prop":"TEDcorrection","value":0,"time":1554904864500},{"prop":"FFocus:2_Explain:","value":{"name":"{{$EFO_TED_E1_LISTQ9|ans6}}","value":"$EFL_efdata.TED.E1.LISTQ9","ontologyKey":"TED_E1_LISTQ9|yes","index":6,"id":"6"},"time":1554904872561},{"prop":"TEDExptPOSTTV","value":{"ontologyKey":"S_A1_T2_V4","index":4},"time":1554904939804},{"prop":"POSTQ:1","value":{"Row-1 Col-1":"Sugar","Row-1 Col-2":"Aspartame","Row-3 Col-1":"Smooth","Row-3 Col-2":"Smooth","Row-2 Col-1":"Some","Row-2 Col-2":"None","Row-4 Col-1":"High","Row-4 Col-2":"Low"},"time":1554904939804},{"prop":"CHG:POSTQ:1:Row-1 Col-1","value":"Sugar","time":1554904945268},{"prop":"CHG:POSTQ:1:Row-1 Col-2","value":"Aspartame","time":1554904946401},{"prop":"CHG:POSTQ:1:Row-3 Col-1","value":"Smooth","time":1554904950668},{"prop":"CHG:POSTQ:1:Row-3 Col-2","value":"Smooth","time":1554904951731},{"prop":"CHG:POSTQ:1:Row-2 Col-1","value":"Some","time":1554904955770},{"prop":"CHG:POSTQ:1:Row-2 Col-2","value":"None","time":1554904957072},{"prop":"CHG:POSTQ:1:Row-4 Col-1","value":"High","time":1554904959038},{"prop":"CHG:POSTQ:1:Row-4 Col-2","value":"Low","time":1554904960142},{"prop":"POSTQ:1_Reason:","value":{"name":"{{$EFO_TED_E1_LISTPOST|ans6}}","value":"$EFL_efdata.TED.E1.LISTPOST","ontologyKey":"TED_E1_LISTPOST|yes","index":6,"id":"6"},"time":1554904984005},{"prop":"TEDExptPOSTTV","value":{"ontologyKey":"S_A1_T2_V1","index":1},"time":1554904985398},{"prop":"POSTQ:2","value":{"Row-1 Col-1":"Aspartame","Row-1 Col-2":"Sugar","Row-2 Col-1":"None","Row-2 Col-2":"Some","Row-3 Col-1":"Rough","Row-3 Col-2":"Rough","Row-4 Col-1":"Low","Row-4 Col-2":"High"},"time":1554904985398},{"prop":"CHG:POSTQ:2:Row-1 Col-1","value":"Aspartame","time":1554904989193},{"prop":"CHG:POSTQ:2:Row-1 Col-2","value":"Sugar","time":1554904990514},{"prop":"CHG:POSTQ:2:Row-2 Col-1","value":"None","time":1554904992682},{"prop":"CHG:POSTQ:2:Row-2 Col-2","value":"Some","time":1554904994015},{"prop":"CHG:POSTQ:2:Row-3 Col-1","value":"Rough","time":1554904995597},{"prop":"CHG:POSTQ:2:Row-3 Col-2","value":"Rough","time":1554904996781},{"prop":"CHG:POSTQ:2:Row-4 Col-1","value":"Low","time":1554904999843},{"prop":"CHG:POSTQ:2:Row-4 Col-2","value":"High","time":1554905000890},{"prop":"POSTQ:2_Reason:","value":{"name":"{{$EFO_TED_E1_LISTPOST|ans6}}","value":"$EFL_efdata.TED.E1.LISTPOST","ontologyKey":"TED_E1_LISTPOST|yes","index":6,"id":"6"},"time":1554905012004},{"prop":"TEDExptPOSTTV","value":{"ontologyKey":"S_A1_T2_V2","index":2},"time":1554905012834},{"prop":"POSTQ:3","value":{"Row-1 Col-1":"Sugar","Row-1 Col-2":"Sugar","Row-2 Col-1":"Some","Row-2 Col-2":"Some","Row-3 Col-1":"Smooth","Row-3 Col-2":"Smooth","Row-4 Col-1":"High","Row-4 Col-2":"High"},"time":1554905012835},{"prop":"CHG:POSTQ:3:Row-1 Col-1","value":"Sugar","time":1554905021115},{"prop":"CHG:POSTQ:3:Row-1 Col-2","value":"Sugar","time":1554905022205},{"prop":"CHG:POSTQ:3:Row-2 Col-1","value":"Some","time":1554905024878},{"prop":"CHG:POSTQ:3:Row-2 Col-2","value":"Some","time":1554905026220},{"prop":"CHG:POSTQ:3:Row-3 Col-1","value":"Smooth","time":1554905027521},{"prop":"CHG:POSTQ:3:Row-3 Col-2","value":"Smooth","time":1554905028519},{"prop":"CHG:POSTQ:3:Row-4 Col-1","value":"High","time":1554905029922},{"prop":"CHG:POSTQ:3:Row-4 Col-2","value":"High","time":1554905030965},{"prop":"POSTQ:3_Reason:","value":{"name":"{{$EFO_TED_E1_LISTPOST|ans6}}","value":"$EFL_efdata.TED.E1.LISTPOST","ontologyKey":"TED_E1_LISTPOST|yes","index":6,"id":"6"},"time":1554905034364},{"prop":"TEDExptPOSTTV","value":{"ontologyKey":"S_A1_T2_V3","index":3},"time":1554905035170},{"prop":"POSTQ:4","value":{"Row-1 Col-1":"Aspartame","Row-1 Col-2":"Aspartame","Row-2 Col-1":"None","Row-2 Col-2":"None","Row-3 Col-1":"Smooth","Row-3 Col-2":"Smooth","Row-4 Col-1":"Low","Row-4 Col-2":"Low"},"time":1554905035170},{"prop":"CHG:POSTQ:4:Row-1 Col-1","value":"Aspartame","time":1554905037894},{"prop":"CHG:POSTQ:4:Row-1 Col-2","value":"Aspartame","time":1554905038824},{"prop":"CHG:POSTQ:4:Row-2 Col-1","value":"None","time":1554905040731},{"prop":"CHG:POSTQ:4:Row-2 Col-2","value":"None","time":1554905041695},{"prop":"CHG:POSTQ:4:Row-3 Col-1","value":"Smooth","time":1554905044238},{"prop":"CHG:POSTQ:4:Row-3 Col-2","value":"Smooth","time":1554905045201},{"prop":"CHG:POSTQ:4:Row-4 Col-1","value":"Low","time":1554905047847},{"prop":"CHG:POSTQ:4:Row-4 Col-2","value":"Low","time":1554905048841}],"Expt1_Q1":{"name":"{{$EFO_TED_E1_LISTYN|yes}}","ontologyKey":"TED_E1_LISTYN|yes","index":1,"value":false,"id":"incorrect"},"Expt1_Q":{"name":"{{$EFO_TED_E1_LISTYN|yes}}","ontologyKey":"TED_E1_LISTYN|yes","index":1,"value":false,"id":"incorrect"},"Expt1_Reason":{"name":"{{$EFO_TED_E1_LISTQ23|ans4}}","value":"$EFL_efdata.TED.E1.LISTQ23","ontologyKey":"TED_E1_LISTQ23|yes","index":4,"id":"4"},"Expt1_Q4":{"name":"{{$EFO_TED_E1_LISTYN|no}}","ontologyKey":"TED_E1_LISTYN|no","index":2,"value":true,"id":"correct"},"Imagine1":{"name":"{{$EFO_TED_E1_LISTYN|no}}","ontologyKey":"TED_E1_LISTYN|no","index":2,"value":true,"id":"correct"},"Imagine1_Reason":{"name":"{{$EFO_TED_E1_LISTQ56|ans6}}","value":"$EFL_efdata.TED.E1.LISTQ56","ontologyKey":"TED_E1_LISTQ56|yes","index":6,"id":"6"},"FFocus:1":{"Row-2 Col-3":"Could Not cause","Row-3 Col-3":"Could Not cause","Row-4 Col-3":"Could Not cause"},"TEDFeatureFocus":["Could cause","","Could cause","Could cause"],"CHG:FFocus:1:Row-2 Col-3":"Could Not cause","CHG:FFocus:1:Row-3 Col-3":"Could Not cause","CHG:FFocus:1:Row-4 Col-3":"Could Not cause","FFocus:1_CorrExp:":{"Row-2 Col-2":"Some","Row-3 Col-2":"Smooth","Row-4 Col-2":"High"},"TEDcorrection":0,"CHG:FFocus:1_CorrExp::Row-2 Col-2":"Some","CHG:FFocus:1_CorrExp::Row-3 Col-2":"Smooth","CHG:FFocus:1_CorrExp::Row-4 Col-2":"High","FFocus:1_Explain:":{"name":"{{$EFO_TED_E1_LISTQ9|ans6}}","value":"$EFL_efdata.TED.E1.LISTQ9","ontologyKey":"TED_E1_LISTQ9|yes","index":6,"id":"6"},"Expt2_Q":{"name":"{{$EFO_TED_E1_LISTYN|yes}}","ontologyKey":"TED_E1_LISTYN|yes","index":1,"value":false,"id":"incorrect"},"Expt2_Reason":{"name":"{{$EFO_TED_E1_LISTQ23|ans6}}","value":"$EFL_efdata.TED.E1.LISTQ23","ontologyKey":"TED_E1_LISTQ23|yes","index":6,"id":"6"},"Imagine2":{"name":"{{$EFO_TED_E1_LISTYN|no}}","ontologyKey":"TED_E1_LISTYN|no","index":2,"value":true,"id":"correct"},"Imagine2_Reason":{"name":"{{$EFO_TED_E1_LISTQ56|ans6}}","value":"$EFL_efdata.TED.E1.LISTQ56","ontologyKey":"TED_E1_LISTQ56|yes","index":6,"id":"6"},"FFocus:2":{"Row-1 Col-3":"Could cause","Row-3 Col-3":"Could cause","Row-4 Col-3":"Could cause"},"CHG:FFocus:2:Row-1 Col-3":"Could cause","CHG:FFocus:2:Row-3 Col-3":"Could cause","CHG:FFocus:2:Row-4 Col-3":"Could cause","FFocus:2_CorrExp:":{"Row-1 Col-2":"Sugar"},"CHG:FFocus:2_CorrExp::Row-1 Col-2":"Sugar","FFocus:2_Explain:":{"name":"{{$EFO_TED_E1_LISTQ9|ans6}}","value":"$EFL_efdata.TED.E1.LISTQ9","ontologyKey":"TED_E1_LISTQ9|yes","index":6,"id":"6"},"TEDExptPOSTTV":{"ontologyKey":"S_A1_T2_V3","index":3},"POSTQ:1":{"Row-1 Col-1":"Sugar","Row-1 Col-2":"Aspartame","Row-3 Col-1":"Smooth","Row-3 Col-2":"Smooth","Row-2 Col-1":"Some","Row-2 Col-2":"None","Row-4 Col-1":"High","Row-4 Col-2":"Low"},"CHG:POSTQ:1:Row-1 Col-1":"Sugar","CHG:POSTQ:1:Row-1 Col-2":"Aspartame","CHG:POSTQ:1:Row-3 Col-1":"Smooth","CHG:POSTQ:1:Row-3 Col-2":"Smooth","CHG:POSTQ:1:Row-2 Col-1":"Some","CHG:POSTQ:1:Row-2 Col-2":"None","CHG:POSTQ:1:Row-4 Col-1":"High","CHG:POSTQ:1:Row-4 Col-2":"Low","POSTQ:1_Reason:":{"name":"{{$EFO_TED_E1_LISTPOST|ans6}}","value":"$EFL_efdata.TED.E1.LISTPOST","ontologyKey":"TED_E1_LISTPOST|yes","index":6,"id":"6"},"POSTQ:2":{"Row-1 Col-1":"Aspartame","Row-1 Col-2":"Sugar","Row-2 Col-1":"None","Row-2 Col-2":"Some","Row-3 Col-1":"Rough","Row-3 Col-2":"Rough","Row-4 Col-1":"Low","Row-4 Col-2":"High"},"CHG:POSTQ:2:Row-1 Col-1":"Aspartame","CHG:POSTQ:2:Row-1 Col-2":"Sugar","CHG:POSTQ:2:Row-2 Col-1":"None","CHG:POSTQ:2:Row-2 Col-2":"Some","CHG:POSTQ:2:Row-3 Col-1":"Rough","CHG:POSTQ:2:Row-3 Col-2":"Rough","CHG:POSTQ:2:Row-4 Col-1":"Low","CHG:POSTQ:2:Row-4 Col-2":"High","POSTQ:2_Reason:":{"name":"{{$EFO_TED_E1_LISTPOST|ans6}}","value":"$EFL_efdata.TED.E1.LISTPOST","ontologyKey":"TED_E1_LISTPOST|yes","index":6,"id":"6"},"POSTQ:3":{"Row-1 Col-1":"Sugar","Row-1 Col-2":"Sugar","Row-2 Col-1":"Some","Row-2 Col-2":"Some","Row-3 Col-1":"Smooth","Row-3 Col-2":"Smooth","Row-4 Col-1":"High","Row-4 Col-2":"High"},"CHG:POSTQ:3:Row-1 Col-1":"Sugar","CHG:POSTQ:3:Row-1 Col-2":"Sugar","CHG:POSTQ:3:Row-2 Col-1":"Some","CHG:POSTQ:3:Row-2 Col-2":"Some","CHG:POSTQ:3:Row-3 Col-1":"Smooth","CHG:POSTQ:3:Row-3 Col-2":"Smooth","CHG:POSTQ:3:Row-4 Col-1":"High","CHG:POSTQ:3:Row-4 Col-2":"High","POSTQ:3_Reason:":{"name":"{{$EFO_TED_E1_LISTPOST|ans6}}","value":"$EFL_efdata.TED.E1.LISTPOST","ontologyKey":"TED_E1_LISTPOST|yes","index":6,"id":"6"},"POSTQ:4":{"Row-1 Col-1":"Aspartame","Row-1 Col-2":"Aspartame","Row-2 Col-1":"None","Row-2 Col-2":"None","Row-3 Col-1":"Smooth","Row-3 Col-2":"Smooth","Row-4 Col-1":"Low","Row-4 Col-2":"Low"},"CHG:POSTQ:4:Row-1 Col-1":"Aspartame","CHG:POSTQ:4:Row-1 Col-2":"Aspartame","CHG:POSTQ:4:Row-2 Col-1":"None","CHG:POSTQ:4:Row-2 Col-2":"None","CHG:POSTQ:4:Row-3 Col-1":"Smooth","CHG:POSTQ:4:Row-3 Col-2":"Smooth","CHG:POSTQ:4:Row-4 Col-1":"Low","CHG:POSTQ:4:Row-4 Col-2":"Low"},"tutor":{"experimentalGroup":{"ontologyKey":"EG_A2"},"$seq":[{"prop":"experimentalGroup.ontologyKey","value":"EG_A2","time":1554904083468}]}}