{"sceneState":{"SNavigator":{},"SIntro":{"complete":false,"$seq":[{"prop":"complete","value":false,"time":1554729123714}]},"SScene1":{"complete":true,"$seq":[{"prop":"complete","value":false,"time":1554729138631},{"prop":"Sg1","value":"true","time":1554729146342},{"prop":"DR1:Sg1","value":"ans1","time":1554729146342},{"prop":"complete","value":true,"time":1554729146342},{"prop":"Sg1","value":"true","time":1554729146344},{"prop":"complete","value":true,"time":1554729146344},{"prop":"Sg1","value":"true","time":1554729147275},{"prop":"DR1:Sg1","value":"ans2","time":1554729147275},{"prop":"complete","value":true,"time":1554729147275},{"prop":"Sg1","value":"true","time":1554729147276},{"prop":"complete","value":true,"time":1554729147276},{"prop":"Sg1","value":"true","time":1554729151424},{"prop":"DR1:Sg1","value":"ans1","time":1554729151424},{"prop":"complete","value":true,"time":1554729151424},{"prop":"Sg1","value":"true","time":1554729151424},{"prop":"complete","value":true,"time":1554729151424}],"Sg1":"true","DR1:Sg1":"ans1"},"SScene2":{"complete":true,"$seq":[{"prop":"complete","value":false,"time":1554729160754},{"prop":"Sg1","value":"true","time":1554729176849},{"prop":"DR2:Sg1","value":"ans4","time":1554729176849},{"prop":"complete","value":true,"time":1554729176849},{"prop":"Sg1","value":"true","time":1554729176850},{"prop":"complete","value":true,"time":1554729176850}],"Sg1":"true","DR2:Sg1":"ans4"},"SScene3":{"complete":true,"$seq":[{"prop":"complete","value":false,"time":1554729178568},{"prop":"Sg1","value":"true","time":1554729220802},{"prop":"DR3:Sg1","value":"ans3","time":1554729220803},{"prop":"complete","value":true,"time":1554729220803},{"prop":"Sg1","value":"true","time":1554729220804},{"prop":"complete","value":true,"time":1554729220804}],"Sg1":"true","DR3:Sg1":"ans3"},"SScene4":{"complete":true,"$seq":[{"prop":"complete","value":false,"time":1554729221955},{"prop":"Sg1","value":"true","time":1554729250180},{"prop":"DR4:Sg1","value":"ans1","time":1554729250180},{"prop":"complete","value":true,"time":1554729250180},{"prop":"Sg1","value":"true","time":1554729250180},{"prop":"complete","value":true,"time":1554729250180}],"Sg1":"true","DR4:Sg1":"ans1"},"SSubmit":{"complete":false,"$seq":[{"prop":"complete","value":false,"time":1554729250883}]},"SSceneEnd":{"complete":false,"$seq":[{"prop":"complete","value":false,"time":1554729252388}]}},"moduleState":{},"tutorState":{},"fFeatures":{"0":true},"featureID":{}}