{"sceneState":{"SNavigator":{},"SScene1":{"rowsComplete":4,"$seq":[{"prop":"rowsComplete","value":0,"time":1266279351692},{"prop":"complete","value":false,"time":1266279352021},{"prop":"currentRow","value":2,"time":1266279375409},{"prop":"correct","value":false,"time":1266279375409},{"prop":"correct","value":false,"time":1266279375429},{"prop":"currentRow","value":1,"time":1266279375710},{"prop":"correct","value":true,"time":1266279375710},{"prop":"correct","value":false,"time":1266279375717},{"prop":"correct","value":false,"time":1266279381247},{"prop":"correct","value":false,"time":1266279381250},{"prop":"TVSel.col1","value":2,"time":1266279387274},{"prop":"TVSel.col2","value":1,"time":1266279393548},{"prop":"correct","value":true,"time":1266279393548},{"prop":"correct","value":false,"time":1266279393556},{"prop":"rowsComplete","value":1,"time":1266279393563},{"prop":"currentRow","value":0,"time":1266279403371},{"prop":"currentRow","value":2,"time":1266279403372},{"prop":"correct","value":false,"time":1266279403373},{"prop":"VSel.col1","value":null,"time":1266279403373},{"prop":"VSel.col2","value":null,"time":1266279403373},{"prop":"correct","value":false,"time":1266279403375},{"prop":"VSel.col1","value":1,"time":1266279409116},{"prop":"VSel.col2","value":1,"time":1266279410925},{"prop":"correct","value":true,"time":1266279410925},{"prop":"correct","value":false,"time":1266279410946},{"prop":"rowsComplete","value":2,"time":1266279410949},{"prop":"currentRow","value":3,"time":1266279411518},{"prop":"correct","value":false,"time":1266279411519},{"prop":"VSel.col1","value":null,"time":1266279411519},{"prop":"VSel.col2","value":null,"time":1266279411519},{"prop":"correct","value":false,"time":1266279411522},{"prop":"VSel.col1","value":2,"time":1266279418736},{"prop":"VSel.col2","value":2,"time":1266279420774},{"prop":"correct","value":true,"time":1266279420774},{"prop":"correct","value":false,"time":1266279420801},{"prop":"rowsComplete","value":3,"time":1266279420804},{"prop":"currentRow","value":4,"time":1266279426545},{"prop":"correct","value":false,"time":1266279426546},{"prop":"VSel.col1","value":null,"time":1266279426546},{"prop":"VSel.col2","value":null,"time":1266279426546},{"prop":"correct","value":false,"time":1266279426548},{"prop":"VSel.col1","value":2,"time":1266279429292},{"prop":"VSel.col2","value":2,"time":1266279432238},{"prop":"correct","value":true,"time":1266279432238},{"prop":"correct","value":false,"time":1266279432266},{"prop":"rowsComplete","value":4,"time":1266279432270},{"prop":"currentRow","value":5,"time":1266279438015},{"prop":"complete","value":true,"time":1266279438015},{"prop":"correct","value":false,"time":1266279438017}],"complete":true,"currentRow":5,"correct":false,"TVSel":{"col1":2,"col2":1},"VSel":{"col1":2,"col2":2}},"SScene2":{"complete":true,"$seq":[{"prop":"complete","value":false,"time":1266279438766},{"prop":"complete","value":true,"time":1266279462208},{"prop":"correct","value":false,"time":1266279464805}],"correct":false},"SSceneEnd":{}},"moduleState":{"selectedArea":{"ontologyKey":"S_A3|name","index":3},"selectedTopic":{"ontologyKey":"S_A3_T2|name","index":2},"selectedVariable":{"ontologyKey":"S_A3_T2_V1|name","index":1},"selectedRQ":{"ontologyKey":"S_A3_T2_RQ1","index":"1"},"RQconfirmation":"UNKNOWN","TEDExptNonTarget":[1,3,4],"TEDExptConfounds":[3,4,1],"TEDExptDifferent":[3,4,1,2],"TEDExptArea":{"ontologyKey":"S_A3","index":3},"TEDExptTopic":{"ontologyKey":"S_A3_T2","index":2},"TEDExptVariable":{"ontologyKey":"S_A3_T2_V2","index":2},"TEDExptRQ":{"ontologyKey":"S_A3_T2_RQ2","index":2},"TEDExptVarNC1":{"ontologyKey":"S_A3_T2_V1","index":1},"TEDExptVarNC2":{"ontologyKey":"S_A3_T2_V3","index":3},"TEDExptVarNC3":{"ontologyKey":"S_A3_T2_V4","index":4},"TEDExptPOSTSequence":[{"ontologyKey":"S_A3_T2_V1","index":1},{"ontologyKey":"S_A3_T2_V2","index":2},{"ontologyKey":"S_A3_T2_V3","index":3},{"ontologyKey":"S_A3_T2_V4","index":4}],"TEDExpt1V1":{"ontologyKey":"S_A3_T2_V1_A","index":1},"TEDExpt2V1":{"ontologyKey":"S_A3_T2_V1_B","index":1},"TEDExpt1V2":{"ontologyKey":"S_A3_T2_V2_A","index":2},"TEDExpt2V2":{"ontologyKey":"S_A3_T2_V2_B","index":2},"TEDExpt1V3":{"ontologyKey":"S_A3_T2_V3_A","index":3},"TEDExpt2V3":{"ontologyKey":"S_A3_T2_V3_B","index":3},"TEDExpt1V4":{"ontologyKey":"S_A3_T2_V4_A","index":4},"TEDExpt2V4":{"ontologyKey":"S_A3_T2_V4_B","index":4},"TEDExptNC1SameDiff":{"ontologyKey":"TED_E1_Q7NC1DIFF","value":"diff","index":1},"TEDExptNC1Confound":{"ontologyKey":"S_A3_T2_V1","index":1},"TEDExptNC2SameDiff":{"ontologyKey":"TED_E1_Q7NC2DIFF","value":"diff","index":3},"TEDExptNC2Confound":{"ontologyKey":"S_A3_T2_V3","index":3},"TEDExptNC3SameDiff":{"ontologyKey":"TED_E1_Q7NC3DIFF","value":"diff","index":4},"TEDExptNC3Confound":{"ontologyKey":"S_A3_T2_V4","index":4},"differentRow":1,"sameRow1":2,"sameRow2":3,"sameRow3":4},"tutorState":{"experimentalGroup":{"ontologyKey":"EG_A1"}},"fFeatures":{"0":true,"FTR_CHOICE":true,"FTR_TED_1_6":true,"FTR_PASS2":true,"FTR_TEDEXP1":true,"FTR_SINKING":true,"FTR_POST1":true,"FTR_IVLAST":true},"featureID":{"varsel":{"FTR_SINKING":true}}}