{"sceneState":{"SNavigator":{},"SScene1":{"rowsComplete":4,"$seq":[{"prop":"rowsComplete","value":0,"time":1543842968946},{"prop":"complete","value":false,"time":1543842969277},{"prop":"currentRow","value":1,"time":1543842974276},{"prop":"correct","value":true,"time":1543842974276},{"prop":"correct","value":false,"time":1543842974301},{"prop":"correct","value":false,"time":1543842979734},{"prop":"correct","value":false,"time":1543842979736},{"prop":"TVSel.col1","value":2,"time":1543842985945},{"prop":"TVSel.col2","value":1,"time":1543842988602},{"prop":"correct","value":true,"time":1543842988602},{"prop":"correct","value":false,"time":1543842988634},{"prop":"rowsComplete","value":1,"time":1543842988643},{"prop":"currentRow","value":0,"time":1543842998543},{"prop":"currentRow","value":2,"time":1543842998543},{"prop":"correct","value":false,"time":1543842998544},{"prop":"VSel.col1","value":null,"time":1543842998544},{"prop":"VSel.col2","value":null,"time":1543842998544},{"prop":"correct","value":false,"time":1543842998546},{"prop":"VSel.col1","value":1,"time":1543843009346},{"prop":"VSel.col2","value":1,"time":1543843013233},{"prop":"correct","value":true,"time":1543843013233},{"prop":"correct","value":false,"time":1543843013272},{"prop":"rowsComplete","value":2,"time":1543843013275},{"prop":"currentRow","value":3,"time":1543843019089},{"prop":"correct","value":false,"time":1543843019090},{"prop":"VSel.col1","value":null,"time":1543843019090},{"prop":"VSel.col2","value":null,"time":1543843019090},{"prop":"correct","value":false,"time":1543843019093},{"prop":"VSel.col1","value":2,"time":1543843022257},{"prop":"VSel.col2","value":2,"time":1543843024624},{"prop":"correct","value":true,"time":1543843024624},{"prop":"correct","value":false,"time":1543843024641},{"prop":"rowsComplete","value":3,"time":1543843024643},{"prop":"currentRow","value":4,"time":1543843030364},{"prop":"correct","value":false,"time":1543843030365},{"prop":"VSel.col1","value":null,"time":1543843030365},{"prop":"VSel.col2","value":null,"time":1543843030365},{"prop":"correct","value":false,"time":1543843030368},{"prop":"VSel.col1","value":1,"time":1543843033457},{"prop":"VSel.col2","value":1,"time":1543843035448},{"prop":"correct","value":true,"time":1543843035449},{"prop":"correct","value":false,"time":1543843035514},{"prop":"rowsComplete","value":4,"time":1543843035516},{"prop":"currentRow","value":5,"time":1543843041228},{"prop":"complete","value":true,"time":1543843041228},{"prop":"correct","value":false,"time":1543843041229}],"complete":true,"currentRow":5,"correct":false,"TVSel":{"col1":2,"col2":1},"VSel":{"col1":1,"col2":1}},"SScene2":{"complete":true,"$seq":[{"prop":"complete","value":false,"time":1543843042156},{"prop":"complete","value":true,"time":1543843066123},{"prop":"correct","value":false,"time":1543843068695}],"correct":false},"SScene3":{"TopicSelected":true,"$seq":[{"prop":"TopicSelected","value":false,"time":1543842572604},{"prop":"TopicSelected","value":true,"time":1543842581644},{"prop":"Topic Index:1","time":1543842581646}]},"SScene4":{"complete":true,"$seq":[{"prop":"complete","value":false,"time":1543842581972},{"prop":"complete","value":true,"time":1543842603146}]},"SScene5":{"complete":true,"$seq":[{"prop":"complete","value":false,"time":1543842606445},{"prop":"complete","value":true,"time":1543842611610}]},"SScene5a":{"complete":true,"$seq":[{"prop":"complete","value":false,"time":1543842613172},{"prop":"complete","value":true,"time":1543842661966}]},"SScene6a":{},"SScene6b":{},"SScene6c":{},"SScene6d":{},"SScene7":{"complete":true,"$seq":[{"prop":"complete","value":false,"time":1543842714469},{"prop":"complete","value":true,"time":1543842868936}]},"SScene8":{"complete":true,"$seq":[{"prop":"complete","value":false,"time":1543842878363},{"prop":"complete","value":true,"time":1543842946236}]},"SScene9":{"RQSelected":true,"$seq":[{"prop":"RQSelected","value":false,"time":1543842950327},{"prop":"RQSelected","value":true,"time":1543842954626},{"prop":"Variable Index:1","time":1543842954626},{"prop":"RQSelected","value":true,"time":1543842955033},{"prop":"Variable Index:1","time":1543842955034}]},"SScene11":{"RQconfirmed":false,"$seq":[{"prop":"RQconfirmed","value":false,"time":1543842954731},{"prop":"complete","value":true,"time":1543842965523}],"complete":true},"SSceneEnd":{}},"moduleState":{"selectedArea":{"ontologyKey":"S_A4|name","index":4},"selectedTopic":{"ontologyKey":"S_A4_T1|name","index":1},"selectedVariable":{"ontologyKey":"S_A4_T1_V1|name","index":1},"selectedRQ":{"ontologyKey":"S_A4_T1_RQ1"},"AreaSelectedID":"Sarea4|Sselected","AreaButtonID":"Sbutton4","TopicSelectedID":"Stopic1|Sselected","TopicButtonID":"Sbutton1","VariableHighlightID":"SbuttonHL1","VariableClickMaskID":"SclickMask1","RQconfirmation":"UNKNOWN","TEDExptNonTarget":[1,3,4],"TEDExptConfounds":[3,4,1],"TEDExptDifferent":[3,4,1,2],"TEDExptArea":{"ontologyKey":"S_A4","index":4},"TEDExptTopic":{"ontologyKey":"S_A4_T1","index":1},"TEDExptVariable":{"ontologyKey":"S_A4_T1_V2","index":2},"TEDExptRQ":{"ontologyKey":"S_A4_T1_RQ2","index":2},"TEDExptVarNC1":{"ontologyKey":"S_A4_T1_V1","index":1},"TEDExptVarNC2":{"ontologyKey":"S_A4_T1_V3","index":3},"TEDExptVarNC3":{"ontologyKey":"S_A4_T1_V4","index":4},"TEDExptPOSTSequence":[{"ontologyKey":"S_A4_T1_V1","index":1},{"ontologyKey":"S_A4_T1_V2","index":2},{"ontologyKey":"S_A4_T1_V3","index":3},{"ontologyKey":"S_A4_T1_V4","index":4}],"TEDExpt1V1":{"ontologyKey":"S_A4_T1_V1_A","index":1},"TEDExpt2V1":{"ontologyKey":"S_A4_T1_V1_B","index":1},"TEDExpt1V2":{"ontologyKey":"S_A4_T1_V2_A","index":2},"TEDExpt2V2":{"ontologyKey":"S_A4_T1_V2_B","index":2},"TEDExpt1V3":{"ontologyKey":"S_A4_T1_V3_A","index":3},"TEDExpt2V3":{"ontologyKey":"S_A4_T1_V3_B","index":3},"TEDExpt1V4":{"ontologyKey":"S_A4_T1_V4_A","index":4},"TEDExpt2V4":{"ontologyKey":"S_A4_T1_V4_B","index":4},"TEDExptNC1SameDiff":{"ontologyKey":"TED_E1_Q7NC1DIFF","value":"diff","index":1},"TEDExptNC1Confound":{"ontologyKey":"S_A4_T1_V1","index":1},"TEDExptNC2SameDiff":{"ontologyKey":"TED_E1_Q7NC2DIFF","value":"diff","index":3},"TEDExptNC2Confound":{"ontologyKey":"S_A4_T1_V3","index":3},"TEDExptNC3SameDiff":{"ontologyKey":"TED_E1_Q7NC3DIFF","value":"diff","index":4},"TEDExptNC3Confound":{"ontologyKey":"S_A4_T1_V4","index":4},"differentRow":1,"sameRow1":2,"sameRow2":3,"sameRow3":4},"tutorState":{"experimentalGroup":{"ontologyKey":"EG_A2"}},"fFeatures":{"0":true,"FTR_NOCHOICE":true,"FTR_NCPLANTS":true,"FTR_TED_1_6":true,"FTR_GRHOUSE":true,"FTR_PASS2":true,"FTR_TEDEXP1":true,"FTR_POST1":true,"FTR_IVLAST":true},"featureID":{"varsel":{"FTR_GRHOUSE":true}}}