{"scene":{"SNavigator":{},"SMatsIntro":{"complete":true,"$seq":[{"prop":"complete","value":false,"time":1557762202966},{"prop":"complete","value":true,"time":1557762216252}]},"SMatsPre1":{"complete":true,"$seq":[{"prop":"complete","value":false,"time":1557762220386},{"prop":"Sg1","value":"true","time":1557762227650},{"prop":"PreTest:Sg1","value":"b3","time":1557762227650},{"prop":"complete","value":false,"time":1557762227650},{"prop":"Sg1","value":"true","time":1557762227652},{"prop":"complete","value":false,"time":1557762227652},{"prop":"Sg2","value":"true","time":1557762232097},{"prop":"PreTest:Sg2","value":"b3","time":1557762232097},{"prop":"complete","value":false,"time":1557762232097},{"prop":"Sg2","value":"true","time":1557762232098},{"prop":"complete","value":false,"time":1557762232098},{"prop":"Sg3","value":"true","time":1557762234840},{"prop":"PreTest:Sg3","value":"b2","time":1557762234840},{"prop":"complete","value":false,"time":1557762234840},{"prop":"Sg3","value":"true","time":1557762234840},{"prop":"complete","value":false,"time":1557762234840},{"prop":"Sg4","value":"true","time":1557762237943},{"prop":"PreTest:Sg4","value":"b4","time":1557762237943},{"prop":"complete","value":true,"time":1557762237943},{"prop":"Sg4","value":"true","time":1557762237944},{"prop":"complete","value":true,"time":1557762237944}],"Sg1":"true","PreTest:Sg1":"b3","Sg2":"true","PreTest:Sg2":"b3","Sg3":"true","PreTest:Sg3":"b2","Sg4":"true","PreTest:Sg4":"b4"},"SMatsPre2":{"complete":true,"$seq":[{"prop":"complete","value":false,"time":1557762239166},{"prop":"Sg1","value":"true","time":1557762244121},{"prop":"PreTest:Sg1","value":"b3","time":1557762244121},{"prop":"complete","value":false,"time":1557762244121},{"prop":"Sg1","value":"true","time":1557762244121},{"prop":"complete","value":false,"time":1557762244121},{"prop":"Sg2","value":"true","time":1557762248620},{"prop":"PreTest:Sg2","value":"b3","time":1557762248620},{"prop":"complete","value":false,"time":1557762248620},{"prop":"Sg2","value":"true","time":1557762248620},{"prop":"complete","value":false,"time":1557762248620},{"prop":"Sg3","value":"true","time":1557762250862},{"prop":"PreTest:Sg3","value":"b3","time":1557762250862},{"prop":"complete","value":false,"time":1557762250862},{"prop":"Sg3","value":"true","time":1557762250862},{"prop":"complete","value":false,"time":1557762250862},{"prop":"Sg4","value":"true","time":1557762254322},{"prop":"PreTest:Sg4","value":"b2","time":1557762254322},{"prop":"complete","value":true,"time":1557762254322},{"prop":"Sg4","value":"true","time":1557762254322},{"prop":"complete","value":true,"time":1557762254322}],"Sg1":"true","PreTest:Sg1":"b3","Sg2":"true","PreTest:Sg2":"b3","Sg3":"true","PreTest:Sg3":"b3","Sg4":"true","PreTest:Sg4":"b2"},"SMatsPre3":{"complete":true,"$seq":[{"prop":"complete","value":false,"time":1557762255453},{"prop":"Sg1","value":"true","time":1557762259060},{"prop":"PreTest:Sg1","value":"b4","time":1557762259060},{"prop":"complete","value":false,"time":1557762259060},{"prop":"Sg1","value":"true","time":1557762259060},{"prop":"complete","value":false,"time":1557762259060},{"prop":"Sg2","value":"true","time":1557762261174},{"prop":"PreTest:Sg2","value":"b4","time":1557762261174},{"prop":"complete","value":false,"time":1557762261174},{"prop":"Sg2","value":"true","time":1557762261174},{"prop":"complete","value":false,"time":1557762261174},{"prop":"Sg3","value":"true","time":1557762264023},{"prop":"PreTest:Sg3","value":"b3","time":1557762264023},{"prop":"complete","value":false,"time":1557762264023},{"prop":"Sg3","value":"true","time":1557762264024},{"prop":"complete","value":false,"time":1557762264025},{"prop":"Sg4","value":"true","time":1557762267254},{"prop":"PreTest:Sg4","value":"b4","time":1557762267254},{"prop":"complete","value":true,"time":1557762267255},{"prop":"Sg4","value":"true","time":1557762267255},{"prop":"complete","value":true,"time":1557762267255}],"Sg1":"true","PreTest:Sg1":"b4","Sg2":"true","PreTest:Sg2":"b4","Sg3":"true","PreTest:Sg3":"b3","Sg4":"true","PreTest:Sg4":"b4"},"SMatsPre4":{"complete":false,"$seq":[{"prop":"complete","value":false,"time":1557762268093}]}},"module":{},"tutor":{}}