{"scene":{"SNavigator":{},"SScene1":{"complete":true,"$seq":[{"prop":"complete","value":false,"time":1543857475098},{"prop":"complete","value":true,"time":1543857529318}]},"SScene2":{"AreaSelected":true,"$seq":[{"prop":"AreaSelected","value":false,"time":1543857533182},{"prop":"AreaSelected","value":true,"time":1543857588264},{"prop":"Area Name:physical and chemical changes","time":1543857588266},{"prop":"Area Index:1","time":1543857588266}]},"SScene3":{"TopicSelected":true,"$seq":[{"prop":"TopicSelected","value":false,"time":1543857591298},{"prop":"TopicSelected","value":true,"time":1543857599572},{"prop":"Topic Index:2","time":1543857599573}]},"SScene4":{"complete":true,"$seq":[{"prop":"complete","value":false,"time":1543857599981},{"prop":"complete","value":true,"time":1543857620991}]},"SScene5":{"complete":true,"$seq":[{"prop":"complete","value":false,"time":1543857630305},{"prop":"complete","value":true,"time":1543857634923}]},"SScene5a":{"complete":true,"$seq":[{"prop":"complete","value":false,"time":1543857641289},{"prop":"complete","value":true,"time":1543857653159}]},"SScene6a":{},"SScene6b":{},"SScene6c":{},"SScene7":{"complete":true,"$seq":[{"prop":"complete","value":false,"time":1543857667299},{"prop":"complete","value":true,"time":1543857694294}]},"SScene8":{"complete":true,"$seq":[{"prop":"complete","value":false,"time":1543857699019},{"prop":"complete","value":true,"time":1543857741172}]},"SScene9":{"RQSelected":false,"$seq":[{"prop":"RQSelected","value":false,"time":1543857744250}]}},"module":{"selectedArea":{"ontologyKey":"S_A1|name","index":1},"$seq":[{"prop":"selectedArea.ontologyKey","value":"S_A1|name","time":1543857588265},{"prop":"selectedArea.index","value":1,"time":1543857588265},{"prop":"selectedTopic.ontologyKey","value":"S_A1_T2|name","time":1543857599572},{"prop":"selectedTopic.index","value":2,"time":1543857599572}],"selectedTopic":{"ontologyKey":"S_A1_T2|name","index":2}},"tutor":{"experimentalGroup":{"ontologyKey":"EG_A1"},"$seq":[{"prop":"experimentalGroup.ontologyKey","value":"EG_A1","time":1543857474989}]}}