{"scene":{"SNavigator":{},"SScene1":{"rowsComplete":4,"$seq":[{"prop":"rowsComplete","value":0,"time":1557849176749},{"prop":"complete","value":false,"time":1557849177077},{"prop":"currentRow","value":4,"time":1557849189229},{"prop":"correct","value":true,"time":1557849189229},{"prop":"correct","value":false,"time":1557849189261},{"prop":"correct","value":false,"time":1557849194532},{"prop":"correct","value":false,"time":1557849194535},{"prop":"TVSel.col1","value":1,"time":1557849205348},{"prop":"TVSel.col2","value":2,"time":1557849208277},{"prop":"correct","value":true,"time":1557849208277},{"prop":"correct","value":false,"time":1557849208296},{"prop":"rowsComplete","value":1,"time":1557849208299},{"prop":"currentRow","value":0,"time":1557849217369},{"prop":"currentRow","value":1,"time":1557849217370},{"prop":"correct","value":false,"time":1557849217370},{"prop":"VSel.col1","value":null,"time":1557849217370},{"prop":"VSel.col2","value":null,"time":1557849217370},{"prop":"correct","value":false,"time":1557849217372},{"prop":"VSel.col1","value":1,"time":1557849227527},{"prop":"VSel.col2","value":2,"time":1557849228923},{"prop":"correct","value":false,"time":1557849228923},{"prop":"correct","value":false,"time":1557849228950},{"prop":"VSel.col2","value":1,"time":1557849235942},{"prop":"correct","value":true,"time":1557849235942},{"prop":"correct","value":false,"time":1557849235988},{"prop":"rowsComplete","value":2,"time":1557849235990},{"prop":"currentRow","value":2,"time":1557849241441},{"prop":"correct","value":false,"time":1557849241441},{"prop":"VSel.col1","value":null,"time":1557849241441},{"prop":"VSel.col2","value":null,"time":1557849241441},{"prop":"correct","value":false,"time":1557849241442},{"prop":"VSel.col2","value":1,"time":1557849244775},{"prop":"VSel.col2","value":2,"time":1557849248543},{"prop":"VSel.col1","value":1,"time":1557849250010},{"prop":"correct","value":false,"time":1557849250010},{"prop":"correct","value":false,"time":1557849250037},{"prop":"VSel.col2","value":1,"time":1557849253132},{"prop":"correct","value":true,"time":1557849253132},{"prop":"correct","value":false,"time":1557849253177},{"prop":"rowsComplete","value":3,"time":1557849253180},{"prop":"currentRow","value":3,"time":1557849258543},{"prop":"correct","value":false,"time":1557849258544},{"prop":"VSel.col1","value":null,"time":1557849258545},{"prop":"VSel.col2","value":null,"time":1557849258545},{"prop":"correct","value":false,"time":1557849258546},{"prop":"VSel.col2","value":1,"time":1557849261917},{"prop":"VSel.col1","value":1,"time":1557849263558},{"prop":"correct","value":true,"time":1557849263558},{"prop":"correct","value":false,"time":1557849263581},{"prop":"rowsComplete","value":4,"time":1557849263584},{"prop":"currentRow","value":5,"time":1557849268955},{"prop":"complete","value":true,"time":1557849268955},{"prop":"correct","value":false,"time":1557849268956}],"complete":true,"currentRow":5,"correct":false,"TVSel":{"col1":1,"col2":2},"VSel":{"col1":1,"col2":1}},"SScene2":{"complete":true,"$seq":[{"prop":"complete","value":false,"time":1557849271074},{"prop":"complete","value":true,"time":1557849290139},{"prop":"correct","value":false,"time":1557849292368}],"correct":false},"SSceneEnd":{}},"module":{"selectedArea":{"ontologyKey":"S_A1|name","index":1},"selectedTopic":{"ontologyKey":"S_A1_T2|name","index":2},"selectedVariable":{"ontologyKey":"S_A1_T2_V4|name","index":4},"selectedRQ":{"ontologyKey":"S_A1_T2_RQ4"},"AreaSelectedID":"Sarea1|Sselected","AreaButtonID":"Sbutton1","TopicSelectedID":"Stopic2|Sselected","TopicButtonID":"Sbutton2","VariableHighlightID":"SbuttonHL4","VariableClickMaskID":"SclickMask4","RQconfirmation":"UNKNOWN","$seq":[{"prop":"selectedArea","value":{"ontologyKey":"S_A1|name","index":1},"time":1557849176646},{"prop":"selectedTopic","value":{"ontologyKey":"S_A1_T2|name","index":2},"time":1557849176646},{"prop":"selectedVariable","value":{"ontologyKey":"S_A1_T2_V4|name","index":4},"time":1557849176646},{"prop":"selectedRQ","value":{"ontologyKey":"S_A1_T2_RQ4"},"time":1557849176646},{"prop":"AreaSelectedID","value":"Sarea1|Sselected","time":1557849176646},{"prop":"AreaButtonID","value":"Sbutton1","time":1557849176646},{"prop":"TopicSelectedID","value":"Stopic2|Sselected","time":1557849176646},{"prop":"TopicButtonID","value":"Sbutton2","time":1557849176646},{"prop":"VariableHighlightID","value":"SbuttonHL4","time":1557849176646},{"prop":"VariableClickMaskID","value":"SclickMask4","time":1557849176646},{"prop":"TEDExptNonTarget","value":[2,3,4],"time":1557849176649},{"prop":"TEDExptConfounds","value":[2,3,4],"time":1557849176649},{"prop":"TEDExptDifferent","value":[2,3,4,1],"time":1557849176649},{"prop":"TEDExptArea","value":{"ontologyKey":"S_A1","index":1},"time":1557849176650},{"prop":"TEDExptTopic","value":{"ontologyKey":"S_A1_T2","index":2},"time":1557849176650},{"prop":"TEDExptVariable","value":{"ontologyKey":"S_A1_T2_V1","index":1},"time":1557849176650},{"prop":"TEDExptRQ","value":{"ontologyKey":"S_A1_T2_RQ1","index":1},"time":1557849176650},{"prop":"TEDExptVarNC1","value":{"ontologyKey":"S_A1_T2_V2","index":2},"time":1557849176650},{"prop":"TEDExptVarNC2","value":{"ontologyKey":"S_A1_T2_V3","index":3},"time":1557849176650},{"prop":"TEDExptVarNC3","value":{"ontologyKey":"S_A1_T2_V4","index":4},"time":1557849176650},{"prop":"TEDExptPOSTSequence","value":[{"ontologyKey":"S_A1_T2_V4","index":4},{"ontologyKey":"S_A1_T2_V1","index":1},{"ontologyKey":"S_A1_T2_V2","index":2},{"ontologyKey":"S_A1_T2_V3","index":3}],"time":1557849176650},{"prop":"TEDExpt1V1","value":{"ontologyKey":"S_A1_T2_V1_A","index":1},"time":1557849176650},{"prop":"TEDExpt2V1","value":{"ontologyKey":"S_A1_T2_V1_A","index":1},"time":1557849176650},{"prop":"TEDExpt1V2","value":{"ontologyKey":"S_A1_T2_V2_A","index":2},"time":1557849176650},{"prop":"TEDExpt2V2","value":{"ontologyKey":"S_A1_T2_V2_A","index":2},"time":1557849176650},{"prop":"TEDExpt1V3","value":{"ontologyKey":"S_A1_T2_V3_A","index":3},"time":1557849176650},{"prop":"TEDExpt2V3","value":{"ontologyKey":"S_A1_T2_V3_A","index":3},"time":1557849176650},{"prop":"TEDExpt1V4","value":{"ontologyKey":"S_A1_T2_V4_A","index":4},"time":1557849176650},{"prop":"TEDExpt2V4","value":{"ontologyKey":"S_A1_T2_V4_A","index":4},"time":1557849176650},{"prop":"TEDExpt2V2","value":{"ontologyKey":"S_A1_T2_V2_B","index":2},"time":1557849176650},{"prop":"TEDExpt2V3","value":{"ontologyKey":"S_A1_T2_V3_B","index":3},"time":1557849176650},{"prop":"TEDExpt2V4","value":{"ontologyKey":"S_A1_T2_V4_B","index":4},"time":1557849176650},{"prop":"TEDExpt2V1","value":{"ontologyKey":"S_A1_T2_V1_B","index":1},"time":1557849176650},{"prop":"TEDExptNC1SameDiff","value":{"ontologyKey":"TED_E1_Q7NC1DIFF","value":"diff","index":2},"time":1557849176650},{"prop":"TEDExptNC1Confound","value":{"ontologyKey":"S_A1_T2_V2","index":2},"time":1557849176650},{"prop":"TEDExptNC2SameDiff","value":{"ontologyKey":"TED_E1_Q7NC2DIFF","value":"diff","index":3},"time":1557849176650},{"prop":"TEDExptNC2Confound","value":{"ontologyKey":"S_A1_T2_V3","index":3},"time":1557849176650},{"prop":"TEDExptNC3SameDiff","value":{"ontologyKey":"TED_E1_Q7NC3DIFF","value":"diff","index":4},"time":1557849176650},{"prop":"TEDExptNC3Confound","value":{"ontologyKey":"S_A1_T2_V4","index":4},"time":1557849176650},{"prop":"TEDExptNonTarget","value":[2,3,4],"time":1557849176728},{"prop":"TEDExptConfounds","value":[2,3,4],"time":1557849176728},{"prop":"TEDExptDifferent","value":[2,3,4,1],"time":1557849176728},{"prop":"TEDExptArea","value":{"ontologyKey":"S_A1","index":1},"time":1557849176728},{"prop":"TEDExptTopic","value":{"ontologyKey":"S_A1_T2","index":2},"time":1557849176728},{"prop":"TEDExptVariable","value":{"ontologyKey":"S_A1_T2_V1","index":1},"time":1557849176728},{"prop":"TEDExptRQ","value":{"ontologyKey":"S_A1_T2_RQ1","index":1},"time":1557849176728},{"prop":"TEDExptVarNC1","value":{"ontologyKey":"S_A1_T2_V2","index":2},"time":1557849176728},{"prop":"TEDExptVarNC2","value":{"ontologyKey":"S_A1_T2_V3","index":3},"time":1557849176728},{"prop":"TEDExptVarNC3","value":{"ontologyKey":"S_A1_T2_V4","index":4},"time":1557849176728},{"prop":"TEDExptPOSTSequence","value":[{"ontologyKey":"S_A1_T2_V4","index":4},{"ontologyKey":"S_A1_T2_V1","index":1},{"ontologyKey":"S_A1_T2_V2","index":2},{"ontologyKey":"S_A1_T2_V3","index":3}],"time":1557849176728},{"prop":"TEDExpt1V1","value":{"ontologyKey":"S_A1_T2_V1_A","index":1},"time":1557849176728},{"prop":"TEDExpt2V1","value":{"ontologyKey":"S_A1_T2_V1_A","index":1},"time":1557849176728},{"prop":"TEDExpt1V2","value":{"ontologyKey":"S_A1_T2_V2_A","index":2},"time":1557849176728},{"prop":"TEDExpt2V2","value":{"ontologyKey":"S_A1_T2_V2_A","index":2},"time":1557849176728},{"prop":"TEDExpt1V3","value":{"ontologyKey":"S_A1_T2_V3_A","index":3},"time":1557849176728},{"prop":"TEDExpt2V3","value":{"ontologyKey":"S_A1_T2_V3_A","index":3},"time":1557849176728},{"prop":"TEDExpt1V4","value":{"ontologyKey":"S_A1_T2_V4_A","index":4},"time":1557849176728},{"prop":"TEDExpt2V4","value":{"ontologyKey":"S_A1_T2_V4_A","index":4},"time":1557849176728},{"prop":"TEDExpt2V2","value":{"ontologyKey":"S_A1_T2_V2_B","index":2},"time":1557849176728},{"prop":"TEDExpt2V3","value":{"ontologyKey":"S_A1_T2_V3_B","index":3},"time":1557849176728},{"prop":"TEDExpt2V4","value":{"ontologyKey":"S_A1_T2_V4_B","index":4},"time":1557849176728},{"prop":"TEDExpt2V1","value":{"ontologyKey":"S_A1_T2_V1_B","index":1},"time":1557849176728},{"prop":"TEDExptNC1SameDiff","value":{"ontologyKey":"TED_E1_Q7NC1DIFF","value":"diff","index":2},"time":1557849176728},{"prop":"TEDExptNC1Confound","value":{"ontologyKey":"S_A1_T2_V2","index":2},"time":1557849176728},{"prop":"TEDExptNC2SameDiff","value":{"ontologyKey":"TED_E1_Q7NC2DIFF","value":"diff","index":3},"time":1557849176728},{"prop":"TEDExptNC2Confound","value":{"ontologyKey":"S_A1_T2_V3","index":3},"time":1557849176728},{"prop":"TEDExptNC3SameDiff","value":{"ontologyKey":"TED_E1_Q7NC3DIFF","value":"diff","index":4},"time":1557849176728},{"prop":"TEDExptNC3Confound","value":{"ontologyKey":"S_A1_T2_V4","index":4},"time":1557849176728},{"prop":"TEDExptNonTarget","value":[2,3,4],"time":1557849177078},{"prop":"TEDExptConfounds","value":[2,3,4],"time":1557849177078},{"prop":"TEDExptDifferent","value":[2,3,4,1],"time":1557849177078},{"prop":"TEDExptArea","value":{"ontologyKey":"S_A1","index":1},"time":1557849177078},{"prop":"TEDExptTopic","value":{"ontologyKey":"S_A1_T2","index":2},"time":1557849177078},{"prop":"TEDExptVariable","value":{"ontologyKey":"S_A1_T2_V1","index":1},"time":1557849177078},{"prop":"TEDExptRQ","value":{"ontologyKey":"S_A1_T2_RQ1","index":1},"time":1557849177078},{"prop":"TEDExptVarNC1","value":{"ontologyKey":"S_A1_T2_V2","index":2},"time":1557849177078},{"prop":"TEDExptVarNC2","value":{"ontologyKey":"S_A1_T2_V3","index":3},"time":1557849177078},{"prop":"TEDExptVarNC3","value":{"ontologyKey":"S_A1_T2_V4","index":4},"time":1557849177078},{"prop":"TEDExptPOSTSequence","value":[{"ontologyKey":"S_A1_T2_V4","index":4},{"ontologyKey":"S_A1_T2_V1","index":1},{"ontologyKey":"S_A1_T2_V2","index":2},{"ontologyKey":"S_A1_T2_V3","index":3}],"time":1557849177078},{"prop":"TEDExpt1V1","value":{"ontologyKey":"S_A1_T2_V1_A","index":1},"time":1557849177078},{"prop":"TEDExpt2V1","value":{"ontologyKey":"S_A1_T2_V1_A","index":1},"time":1557849177078},{"prop":"TEDExpt1V2","value":{"ontologyKey":"S_A1_T2_V2_A","index":2},"time":1557849177078},{"prop":"TEDExpt2V2","value":{"ontologyKey":"S_A1_T2_V2_A","index":2},"time":1557849177078},{"prop":"TEDExpt1V3","value":{"ontologyKey":"S_A1_T2_V3_A","index":3},"time":1557849177078},{"prop":"TEDExpt2V3","value":{"ontologyKey":"S_A1_T2_V3_A","index":3},"time":1557849177078},{"prop":"TEDExpt1V4","value":{"ontologyKey":"S_A1_T2_V4_A","index":4},"time":1557849177078},{"prop":"TEDExpt2V4","value":{"ontologyKey":"S_A1_T2_V4_A","index":4},"time":1557849177078},{"prop":"TEDExpt2V2","value":{"ontologyKey":"S_A1_T2_V2_B","index":2},"time":1557849177078},{"prop":"TEDExpt2V3","value":{"ontologyKey":"S_A1_T2_V3_B","index":3},"time":1557849177078},{"prop":"TEDExpt2V4","value":{"ontologyKey":"S_A1_T2_V4_B","index":4},"time":1557849177078},{"prop":"TEDExpt2V1","value":{"ontologyKey":"S_A1_T2_V1_B","index":1},"time":1557849177078},{"prop":"TEDExptNC1SameDiff","value":{"ontologyKey":"TED_E1_Q7NC1DIFF","value":"diff","index":2},"time":1557849177078},{"prop":"TEDExptNC1Confound","value":{"ontologyKey":"S_A1_T2_V2","index":2},"time":1557849177078},{"prop":"TEDExptNC2SameDiff","value":{"ontologyKey":"TED_E1_Q7NC2DIFF","value":"diff","index":3},"time":1557849177078},{"prop":"TEDExptNC2Confound","value":{"ontologyKey":"S_A1_T2_V3","index":3},"time":1557849177078},{"prop":"TEDExptNC3SameDiff","value":{"ontologyKey":"TED_E1_Q7NC3DIFF","value":"diff","index":4},"time":1557849177078},{"prop":"TEDExptNC3Confound","value":{"ontologyKey":"S_A1_T2_V4","index":4},"time":1557849177078},{"prop":"differentRow","value":4,"time":1557849208299},{"prop":"independentVarN","value":{"row":1,"col":0,"ontologyKey":"S_A1_T2_V1|name","isText":true,"selectedValue":"Type of Sweetener","cell":{}},"time":1557849217370},{"prop":"sameRow1","value":1,"time":1557849235990},{"prop":"independentVarN","value":{"row":2,"col":0,"ontologyKey":"S_A1_T2_V2|name","isText":true,"selectedValue":"Amount of Caffeine","cell":{}},"time":1557849241441},{"prop":"sameRow2","value":2,"time":1557849253180},{"prop":"independentVarN","value":{"row":3,"col":0,"ontologyKey":"S_A1_T2_V3|name","isText":true,"selectedValue":"Texture of Mint","cell":{}},"time":1557849258543},{"prop":"sameRow3","value":3,"time":1557849263583},{"prop":"independentVarN","value":{"row":4,"col":0,"ontologyKey":"S_A1_T2_V4|name","isText":true,"selectedValue":"Amount of CO2","cell":{},"processed":true},"time":1557849268955}],"TEDExptNonTarget":[2,3,4],"TEDExptConfounds":[2,3,4],"TEDExptDifferent":[2,3,4,1],"TEDExptArea":{"ontologyKey":"S_A1","index":1},"TEDExptTopic":{"ontologyKey":"S_A1_T2","index":2},"TEDExptVariable":{"ontologyKey":"S_A1_T2_V1","index":1},"TEDExptRQ":{"ontologyKey":"S_A1_T2_RQ1","index":1},"TEDExptVarNC1":{"ontologyKey":"S_A1_T2_V2","index":2},"TEDExptVarNC2":{"ontologyKey":"S_A1_T2_V3","index":3},"TEDExptVarNC3":{"ontologyKey":"S_A1_T2_V4","index":4},"TEDExptPOSTSequence":[{"ontologyKey":"S_A1_T2_V4","index":4},{"ontologyKey":"S_A1_T2_V1","index":1},{"ontologyKey":"S_A1_T2_V2","index":2},{"ontologyKey":"S_A1_T2_V3","index":3}],"TEDExpt1V1":{"ontologyKey":"S_A1_T2_V1_A","index":1},"TEDExpt2V1":{"ontologyKey":"S_A1_T2_V1_B","index":1},"TEDExpt1V2":{"ontologyKey":"S_A1_T2_V2_A","index":2},"TEDExpt2V2":{"ontologyKey":"S_A1_T2_V2_B","index":2},"TEDExpt1V3":{"ontologyKey":"S_A1_T2_V3_A","index":3},"TEDExpt2V3":{"ontologyKey":"S_A1_T2_V3_B","index":3},"TEDExpt1V4":{"ontologyKey":"S_A1_T2_V4_A","index":4},"TEDExpt2V4":{"ontologyKey":"S_A1_T2_V4_B","index":4},"TEDExptNC1SameDiff":{"ontologyKey":"TED_E1_Q7NC1DIFF","value":"diff","index":2},"TEDExptNC1Confound":{"ontologyKey":"S_A1_T2_V2","index":2},"TEDExptNC2SameDiff":{"ontologyKey":"TED_E1_Q7NC2DIFF","value":"diff","index":3},"TEDExptNC2Confound":{"ontologyKey":"S_A1_T2_V3","index":3},"TEDExptNC3SameDiff":{"ontologyKey":"TED_E1_Q7NC3DIFF","value":"diff","index":4},"TEDExptNC3Confound":{"ontologyKey":"S_A1_T2_V4","index":4},"differentRow":4,"independentVarN":{"row":4,"col":0,"ontologyKey":"S_A1_T2_V4|name","isText":true,"selectedValue":"Amount of CO2","cell":{},"processed":true},"sameRow1":1,"sameRow2":2,"sameRow3":3},"tutor":{"experimentalGroup":{"ontologyKey":"EG_A2"},"$seq":[{"prop":"experimentalGroup.ontologyKey","value":"EG_A2","time":1557849176645}]}}