{"scene":{"SNavigator":{},"SScene1":{"complete":true,"$seq":[{"prop":"complete","value":false,"time":1543844444078},{"prop":"complete","value":true,"time":1543844496026}]},"SScene2":{"AreaSelected":true,"$seq":[{"prop":"AreaSelected","value":false,"time":1543844507688},{"prop":"AreaSelected","value":true,"time":1543844581373},{"prop":"Area Name:physical and chemical changes","time":1543844581375},{"prop":"Area Index:1","time":1543844581375}]},"SScene3":{"TopicSelected":true,"$seq":[{"prop":"TopicSelected","value":false,"time":1543844584522},{"prop":"TopicSelected","value":true,"time":1543844588491},{"prop":"Topic Index:2","time":1543844588492}]},"SScene4":{"complete":true,"$seq":[{"prop":"complete","value":false,"time":1543844588909},{"prop":"complete","value":true,"time":1543844609656}]},"SScene5":{"complete":true,"$seq":[{"prop":"complete","value":false,"time":1543844611520},{"prop":"complete","value":true,"time":1543844616281}]},"SScene5a":{"complete":true,"$seq":[{"prop":"complete","value":false,"time":1543844625403},{"prop":"complete","value":true,"time":1543844637336}]},"SScene6a":{},"SScene6b":{},"SScene6c":{},"SScene7":{"complete":true,"$seq":[{"prop":"complete","value":false,"time":1543844651602},{"prop":"complete","value":true,"time":1543844679585}]},"SScene8":{"complete":true,"$seq":[{"prop":"complete","value":false,"time":1543844681739},{"prop":"complete","value":true,"time":1543844723994}]},"SScene9":{"RQSelected":false,"$seq":[{"prop":"RQSelected","value":false,"time":1543844725823}]}},"module":{"selectedArea":{"ontologyKey":"S_A1|name","index":1},"$seq":[{"prop":"selectedArea.ontologyKey","value":"S_A1|name","time":1543844581374},{"prop":"selectedArea.index","value":1,"time":1543844581374},{"prop":"selectedTopic.ontologyKey","value":"S_A1_T2|name","time":1543844588491},{"prop":"selectedTopic.index","value":2,"time":1543844588491}],"selectedTopic":{"ontologyKey":"S_A1_T2|name","index":2}},"tutor":{"experimentalGroup":{"ontologyKey":"EG_A1"},"$seq":[{"prop":"experimentalGroup.ontologyKey","value":"EG_A1","time":1543844443963}]}}