{"scene":{"SNavigator":{},"SScene1":{"complete":true,"$seq":[{"prop":"complete","value":false,"time":1554828242023},{"prop":"complete","value":true,"time":1554828296855}]},"SScene2":{"AreaSelected":true,"$seq":[{"prop":"AreaSelected","value":false,"time":1554828302691},{"prop":"AreaSelected","value":true,"time":1554828361709},{"prop":"Area Name:heat and temperature","time":1554828361711},{"prop":"Area Index:2","time":1554828361711}]},"SScene3":{"TopicSelected":true,"$seq":[{"prop":"TopicSelected","value":false,"time":1554828364646},{"prop":"TopicSelected","value":true,"time":1554828374647},{"prop":"Topic Index:2","time":1554828374649}]},"SScene4":{"complete":true,"$seq":[{"prop":"complete","value":false,"time":1554828374969},{"prop":"complete","value":true,"time":1554828395469}]},"SScene5":{"complete":false,"$seq":[{"prop":"complete","value":false,"time":1554828397722}]}},"module":{"selectedArea":{"ontologyKey":"S_A2|name","index":2},"$seq":[{"prop":"selectedArea.ontologyKey","value":"S_A2|name","time":1554828361709},{"prop":"selectedArea.index","value":2,"time":1554828361709},{"prop":"selectedTopic.ontologyKey","value":"S_A2_T2|name","time":1554828374647},{"prop":"selectedTopic.index","value":2,"time":1554828374647}],"selectedTopic":{"ontologyKey":"S_A2_T2|name","index":2}},"tutor":{"experimentalGroup":{"ontologyKey":"EG_A1"},"$seq":[{"prop":"experimentalGroup.ontologyKey","value":"EG_A1","time":1554828241894}]}}