{"scene":{"SNavigator":{},"SIntro":{"complete":false,"$seq":[{"prop":"complete","value":false,"time":1557761890525}]},"SScene1":{"complete":true,"$seq":[{"prop":"complete","value":false,"time":1557761905488},{"prop":"Sg1","value":"true","time":1557761933514},{"prop":"DR1:Sg1","value":"ans1","time":1557761933514},{"prop":"complete","value":true,"time":1557761933515},{"prop":"Sg1","value":"true","time":1557761933517},{"prop":"complete","value":true,"time":1557761933517}],"Sg1":"true","DR1:Sg1":"ans1"},"SScene2":{"complete":false,"$seq":[{"prop":"complete","value":false,"time":1557761934735}]}},"module":{},"tutor":{}}