{"sceneState":{"SNavigator":{},"SIntro":{"complete":false,"$seq":[{"prop":"complete","value":false,"time":1557761890525}]},"SScene1":{"complete":true,"$seq":[{"prop":"complete","value":false,"time":1557761905488},{"prop":"Sg1","value":"true","time":1557761933514},{"prop":"DR1:Sg1","value":"ans1","time":1557761933514},{"prop":"complete","value":true,"time":1557761933515},{"prop":"Sg1","value":"true","time":1557761933517},{"prop":"complete","value":true,"time":1557761933517}],"Sg1":"true","DR1:Sg1":"ans1"},"SScene2":{"complete":true,"$seq":[{"prop":"complete","value":false,"time":1557761934735},{"prop":"Sg1","value":"true","time":1557761969203},{"prop":"DR2:Sg1","value":"ans4","time":1557761969203},{"prop":"complete","value":true,"time":1557761969203},{"prop":"Sg1","value":"true","time":1557761969204},{"prop":"complete","value":true,"time":1557761969204}],"Sg1":"true","DR2:Sg1":"ans4"},"SScene3":{"complete":true,"$seq":[{"prop":"complete","value":false,"time":1557761970406},{"prop":"Sg1","value":"true","time":1557762004198},{"prop":"DR3:Sg1","value":"ans3","time":1557762004198},{"prop":"complete","value":true,"time":1557762004198},{"prop":"Sg1","value":"true","time":1557762004199},{"prop":"complete","value":true,"time":1557762004199}],"Sg1":"true","DR3:Sg1":"ans3"},"SScene4":{"complete":true,"$seq":[{"prop":"complete","value":false,"time":1557762005358},{"prop":"Sg1","value":"true","time":1557762052573},{"prop":"DR4:Sg1","value":"ans4","time":1557762052573},{"prop":"complete","value":true,"time":1557762052573},{"prop":"Sg1","value":"true","time":1557762052573},{"prop":"complete","value":true,"time":1557762052574}],"Sg1":"true","DR4:Sg1":"ans4"},"SSubmit":{"complete":false,"$seq":[{"prop":"complete","value":false,"time":1557762053676}]},"SSceneEnd":{"complete":false,"$seq":[{"prop":"complete","value":false,"time":1557762055668}]}},"moduleState":{},"tutorState":{},"fFeatures":{"0":true},"featureID":{}}