{"scene":{"SNavigator":{},"SScene3":{"complete":true,"$seq":[{"prop":"complete","value":false,"time":1554904126199},{"prop":"complete","value":true,"time":1554904133095}]},"SScene4":{"complete":true,"$seq":[{"prop":"complete","value":false,"time":1554904134368},{"prop":"complete","value":true,"time":1554904146367}]},"SScene5":{"complete":true,"$seq":[{"prop":"complete","value":false,"time":1554904152116},{"prop":"complete","value":true,"time":1554904157919}]},"SScene6":{"complete":true,"$seq":[{"prop":"complete","value":false,"time":1554904164120},{"prop":"complete","value":true,"time":1554904175685}]},"SScene7":{"complete":true,"$seq":[{"prop":"complete","value":false,"time":1554904179186},{"prop":"complete","value":true,"time":1554904191135}]},"SScene8":{"complete":true,"$seq":[{"prop":"complete","value":false,"time":1554904198446},{"prop":"complete","value":true,"time":1554904339599}]},"SScene9":{"complete":false,"$seq":[{"prop":"complete","value":false,"time":1554904343187},{"prop":"complete","value":true,"time":1554904373822},{"prop":"complete","value":false,"time":1554904377982}]},"SScene11":{"complete":true,"$seq":[{"prop":"complete","value":false,"time":1554904389909},{"prop":"complete","value":true,"time":1554904416103}]},"SScene12":{"complete":false,"$seq":[{"prop":"complete","value":false,"time":1554904418517}]}},"module":{"selectedArea":{"ontologyKey":"S_A4|name","index":4},"selectedTopic":{"ontologyKey":"S_A4_T1|name","index":1},"selectedVariable":{"ontologyKey":"S_A4_T1_V2|name","index":2},"selectedRQ":{"ontologyKey":"S_A4_T1_RQ2","index":"2"},"RQconfirmation":"UNKNOWN","TEDExptNonTarget":[1,2,4],"TEDExptConfounds":[4,1,2],"TEDExptDifferent":[4,1,2,3],"TEDExptArea":{"ontologyKey":"S_A4","index":4},"TEDExptTopic":{"ontologyKey":"S_A4_T1","index":1},"TEDExptVariable":{"ontologyKey":"S_A4_T1_V3","index":3},"TEDExptRQ":{"ontologyKey":"S_A4_T1_RQ3","index":3},"TEDExptVarNC1":{"ontologyKey":"S_A4_T1_V1","index":1},"TEDExptVarNC2":{"ontologyKey":"S_A4_T1_V2","index":2},"TEDExptVarNC3":{"ontologyKey":"S_A4_T1_V4","index":4},"TEDExptPOSTSequence":[{"ontologyKey":"S_A4_T1_V2","index":2},{"ontologyKey":"S_A4_T1_V3","index":3},{"ontologyKey":"S_A4_T1_V4","index":4},{"ontologyKey":"S_A4_T1_V1","index":1}],"TEDExpt1V1":{"ontologyKey":"S_A4_T1_V1_A","index":1},"TEDExpt2V1":{"ontologyKey":"S_A4_T1_V1_B","index":1},"TEDExpt1V2":{"ontologyKey":"S_A4_T1_V2_A","index":2},"TEDExpt2V2":{"ontologyKey":"S_A4_T1_V2_B","index":2},"TEDExpt1V3":{"ontologyKey":"S_A4_T1_V3_A","index":3},"TEDExpt2V3":{"ontologyKey":"S_A4_T1_V3_B","index":3},"TEDExpt1V4":{"ontologyKey":"S_A4_T1_V4_A","index":4},"TEDExpt2V4":{"ontologyKey":"S_A4_T1_V4_B","index":4},"TEDExptNC1SameDiff":{"ontologyKey":"TED_E1_Q7NC1DIFF","value":"diff","index":1},"TEDExptNC1Confound":{"ontologyKey":"S_A4_T1_V1","index":1},"TEDExptNC2SameDiff":{"ontologyKey":"TED_E1_Q7NC2DIFF","value":"diff","index":2},"TEDExptNC2Confound":{"ontologyKey":"S_A4_T1_V2","index":2},"TEDExptNC3SameDiff":{"ontologyKey":"TED_E1_Q7NC3DIFF","value":"diff","index":4},"TEDExptNC3Confound":{"ontologyKey":"S_A4_T1_V4","index":4},"differentRow":2,"sameRow1":1,"sameRow2":3,"sameRow3":4,"$seq":[{"prop":"TEDExptNonTarget","value":[1,2,4],"time":1554904126124},{"prop":"TEDExptConfounds","value":[4,1,2],"time":1554904126124},{"prop":"TEDExptDifferent","value":[4,1,2,3],"time":1554904126124},{"prop":"TEDExptArea","value":{"ontologyKey":"S_A4","index":4},"time":1554904126124},{"prop":"TEDExptTopic","value":{"ontologyKey":"S_A4_T1","index":1},"time":1554904126124},{"prop":"TEDExptVariable","value":{"ontologyKey":"S_A4_T1_V3","index":3},"time":1554904126124},{"prop":"TEDExptRQ","value":{"ontologyKey":"S_A4_T1_RQ3","index":3},"time":1554904126125},{"prop":"TEDExptVarNC1","value":{"ontologyKey":"S_A4_T1_V1","index":1},"time":1554904126125},{"prop":"TEDExptVarNC2","value":{"ontologyKey":"S_A4_T1_V2","index":2},"time":1554904126125},{"prop":"TEDExptVarNC3","value":{"ontologyKey":"S_A4_T1_V4","index":4},"time":1554904126125},{"prop":"TEDExptPOSTSequence","value":[{"ontologyKey":"S_A4_T1_V2","index":2},{"ontologyKey":"S_A4_T1_V3","index":3},{"ontologyKey":"S_A4_T1_V4","index":4},{"ontologyKey":"S_A4_T1_V1","index":1}],"time":1554904126125},{"prop":"TEDExpt1V1","value":{"ontologyKey":"S_A4_T1_V1_A","index":1},"time":1554904126125},{"prop":"TEDExpt2V1","value":{"ontologyKey":"S_A4_T1_V1_A","index":1},"time":1554904126125},{"prop":"TEDExpt1V2","value":{"ontologyKey":"S_A4_T1_V2_A","index":2},"time":1554904126125},{"prop":"TEDExpt2V2","value":{"ontologyKey":"S_A4_T1_V2_A","index":2},"time":1554904126125},{"prop":"TEDExpt1V3","value":{"ontologyKey":"S_A4_T1_V3_A","index":3},"time":1554904126125},{"prop":"TEDExpt2V3","value":{"ontologyKey":"S_A4_T1_V3_A","index":3},"time":1554904126125},{"prop":"TEDExpt1V4","value":{"ontologyKey":"S_A4_T1_V4_A","index":4},"time":1554904126125},{"prop":"TEDExpt2V4","value":{"ontologyKey":"S_A4_T1_V4_A","index":4},"time":1554904126125},{"prop":"TEDExpt2V4","value":{"ontologyKey":"S_A4_T1_V4_B","index":4},"time":1554904126125},{"prop":"TEDExpt2V1","value":{"ontologyKey":"S_A4_T1_V1_B","index":1},"time":1554904126125},{"prop":"TEDExpt2V2","value":{"ontologyKey":"S_A4_T1_V2_B","index":2},"time":1554904126125},{"prop":"TEDExpt2V3","value":{"ontologyKey":"S_A4_T1_V3_B","index":3},"time":1554904126125},{"prop":"TEDExptNC1SameDiff","value":{"ontologyKey":"TED_E1_Q7NC1DIFF","value":"diff","index":1},"time":1554904126125},{"prop":"TEDExptNC1Confound","value":{"ontologyKey":"S_A4_T1_V1","index":1},"time":1554904126125},{"prop":"TEDExptNC2SameDiff","value":{"ontologyKey":"TED_E1_Q7NC2DIFF","value":"diff","index":2},"time":1554904126125},{"prop":"TEDExptNC2Confound","value":{"ontologyKey":"S_A4_T1_V2","index":2},"time":1554904126125},{"prop":"TEDExptNC3SameDiff","value":{"ontologyKey":"TED_E1_Q7NC3DIFF","value":"diff","index":4},"time":1554904126125},{"prop":"TEDExptNC3Confound","value":{"ontologyKey":"S_A4_T1_V4","index":4},"time":1554904126125},{"prop":"Expt1_Q1","value":{"name":"{{$EFO_TED_E1_LISTYN|yes}}","ontologyKey":"TED_E1_LISTYN|yes","index":1,"value":false,"id":"incorrect"},"time":1554904373822},{"prop":"Expt1_Q","value":{"name":"{{$EFO_TED_E1_LISTYN|yes}}","ontologyKey":"TED_E1_LISTYN|yes","index":1,"value":false,"id":"incorrect"},"time":1554904373822},{"prop":"Expt1_Reason","value":{"name":"{{$EFO_TED_E1_LISTQ23|ans2}}","value":"$EFL_efdata.TED.E1.LISTQ23","ontologyKey":"TED_E1_LISTQ23|yes","index":2,"id":"2"},"time":1554904416103}],"Expt1_Q1":{"name":"{{$EFO_TED_E1_LISTYN|yes}}","ontologyKey":"TED_E1_LISTYN|yes","index":1,"value":false,"id":"incorrect"},"Expt1_Q":{"name":"{{$EFO_TED_E1_LISTYN|yes}}","ontologyKey":"TED_E1_LISTYN|yes","index":1,"value":false,"id":"incorrect"},"Expt1_Reason":{"name":"{{$EFO_TED_E1_LISTQ23|ans2}}","value":"$EFL_efdata.TED.E1.LISTQ23","ontologyKey":"TED_E1_LISTQ23|yes","index":2,"id":"2"}},"tutor":{"experimentalGroup":{"ontologyKey":"EG_A1"},"$seq":[{"prop":"experimentalGroup.ontologyKey","value":"EG_A1","time":1554904126116}]}}