{"scene":{"SNavigator":{},"SScene3":{"complete":true,"$seq":[{"prop":"complete","value":false,"time":1554904126199},{"prop":"complete","value":true,"time":1554904133095}]},"SScene4":{"complete":true,"$seq":[{"prop":"complete","value":false,"time":1554904134368},{"prop":"complete","value":true,"time":1554904146367}]},"SScene5":{"complete":true,"$seq":[{"prop":"complete","value":false,"time":1554904152116},{"prop":"complete","value":true,"time":1554904157919}]},"SScene6":{"complete":true,"$seq":[{"prop":"complete","value":false,"time":1554904164120},{"prop":"complete","value":true,"time":1554904175685}]},"SScene7":{"complete":true,"$seq":[{"prop":"complete","value":false,"time":1554904740244},{"prop":"complete","value":true,"time":1554904754290}]},"SScene8":{"complete":true,"$seq":[{"prop":"complete","value":false,"time":1554904758366},{"prop":"complete","value":true,"time":1554904894897}]},"SScene9":{"complete":false,"$seq":[{"prop":"complete","value":false,"time":1554904899893},{"prop":"complete","value":true,"time":1554904911929},{"prop":"complete","value":false,"time":1554904914093}]},"SScene11":{"complete":true,"$seq":[{"prop":"complete","value":false,"time":1554904389909},{"prop":"complete","value":true,"time":1554904416103}]},"SScene12":{"complete":true,"$seq":[{"prop":"complete","value":false,"time":1554904966406},{"prop":"complete","value":true,"time":1554904978080}]},"SScene12A":{"complete":false,"$seq":[{"prop":"complete","value":false,"time":1554904982579},{"prop":"complete","value":true,"time":1554905002153},{"prop":"complete","value":false,"time":1554905004529},{"prop":"complete","value":false,"time":1554905007460},{"prop":"complete","value":false,"time":1554905009134},{"prop":"complete","value":false,"time":1554905013754},{"prop":"complete","value":false,"time":1554905015467},{"prop":"complete","value":false,"time":1554905017212},{"prop":"complete","value":false,"time":1554905018987}]},"SScene13":{"complete":false,"$seq":[{"prop":"complete","value":false,"time":1554905021764},{"prop":"complete","value":true,"time":1554905036576},{"prop":"complete","value":false,"time":1554905038758}]},"SScene15":{"complete":true,"$seq":[{"prop":"complete","value":false,"time":1554905056875},{"prop":"complete","value":false,"time":1554905091110},{"prop":"complete","value":false,"time":1554905095041},{"prop":"complete","value":true,"time":1554905097493},{"prop":"complete","value":false,"time":1554905098469},{"prop":"complete","value":false,"time":1554905099610},{"prop":"complete","value":false,"time":1554905100969},{"prop":"complete","value":true,"time":1554905153934}]},"SScene16":{"complete":true,"$seq":[{"prop":"complete","value":false,"time":1554905155392},{"prop":"complete","value":true,"time":1554905163942}]},"SScene17":{"complete":true,"$seq":[{"prop":"complete","value":false,"time":1554905166486},{"prop":"complete","value":true,"time":1554905182814},{"prop":"complete","value":true,"time":1554905182814},{"prop":"complete","value":false,"time":1554905187265},{"prop":"complete","value":false,"time":1554905193341},{"prop":"complete","value":false,"time":1554905194526},{"prop":"complete","value":false,"time":1554905198081},{"prop":"complete","value":false,"time":1554905201599},{"prop":"complete","value":false,"time":1554905203786},{"prop":"complete","value":false,"time":1554905205036},{"prop":"complete","value":false,"time":1554905208949},{"prop":"complete","value":false,"time":1554905212514},{"prop":"complete","value":false,"time":1554905214025},{"prop":"complete","value":false,"time":1554905215225},{"prop":"complete","value":false,"time":1554905220518},{"prop":"complete","value":false,"time":1554905221730},{"prop":"complete","value":true,"time":1554905223897}]},"SScene10":{"complete":true,"$seq":[{"prop":"complete","value":false,"time":1554904924794},{"prop":"complete","value":true,"time":1554904963565}]},"SScene18":{"complete":true,"$seq":[{"prop":"complete","value":false,"time":1554905225669},{"prop":"complete","value":true,"time":1554905231698}]},"SScene19":{"complete":true,"$seq":[{"prop":"complete","value":false,"time":1554905373679},{"prop":"complete","value":false,"time":1554905378421},{"prop":"complete","value":false,"time":1554905379907},{"prop":"complete","value":false,"time":1554905382068},{"prop":"complete","value":false,"time":1554905383430},{"prop":"complete","value":false,"time":1554905385416},{"prop":"complete","value":false,"time":1554905386804},{"prop":"complete","value":false,"time":1554905389509},{"prop":"complete","value":true,"time":1554905390706}]},"SScene20":{"complete":true,"$seq":[{"prop":"complete","value":false,"time":1554905391842},{"prop":"complete","value":true,"time":1554905398005}]},"SScene21":{"complete":true,"$seq":[{"prop":"complete","value":false,"time":1554905399806},{"prop":"complete","value":true,"time":1554905419618}]},"SSceneEnd":{}},"module":{"selectedArea":{"ontologyKey":"S_A4|name","index":4},"selectedTopic":{"ontologyKey":"S_A4_T1|name","index":1},"selectedVariable":{"ontologyKey":"S_A4_T1_V2|name","index":2},"selectedRQ":{"ontologyKey":"S_A4_T1_RQ2","index":"2"},"RQconfirmation":"UNKNOWN","TEDExptNonTarget":[1,2,3],"TEDExptConfounds":[3],"TEDExptDifferent":[3,4],"TEDExptArea":{"ontologyKey":"S_A4","index":4},"TEDExptTopic":{"ontologyKey":"S_A4_T1","index":1},"TEDExptVariable":{"ontologyKey":"S_A4_T1_V4","index":4},"TEDExptRQ":{"ontologyKey":"S_A4_T1_RQ4","index":4},"TEDExptVarNC1":{"ontologyKey":"S_A4_T1_V1","index":1},"TEDExptVarNC2":{"ontologyKey":"S_A4_T1_V2","index":2},"TEDExptVarNC3":{"ontologyKey":"S_A4_T1_V3","index":3},"TEDExptPOSTSequence":[],"TEDExpt1V1":{"ontologyKey":"S_A4_T1_V1_A","index":1},"TEDExpt2V1":{"ontologyKey":"S_A4_T1_V1_A","index":1},"TEDExpt1V2":{"ontologyKey":"S_A4_T1_V2_A","index":2},"TEDExpt2V2":{"ontologyKey":"S_A4_T1_V2_A","index":2},"TEDExpt1V3":{"ontologyKey":"S_A4_T1_V3_A","index":3},"TEDExpt2V3":{"ontologyKey":"S_A4_T1_V3_B","index":3},"TEDExpt1V4":{"ontologyKey":"S_A4_T1_V4_A","index":4},"TEDExpt2V4":{"ontologyKey":"S_A4_T1_V4_B","index":4},"TEDExptNC1SameDiff":{"ontologyKey":"TED_E1_Q7NC1SAME","value":"same","index":1},"TEDExptNC1Confound":{"ontologyKey":"S_A4_T1_V3","index":3},"TEDExptNC2SameDiff":{"ontologyKey":"TED_E1_Q7NC2SAME","value":"same","index":2},"TEDExptNC2Confound":{"ontologyKey":"S_A4_T1_V2","index":2},"TEDExptNC3SameDiff":{"ontologyKey":"TED_E1_Q7NC3DIFF","value":"diff","index":3},"TEDExptNC3Confound":{"ontologyKey":"S_A4_T1_V4","index":4},"differentRow":2,"sameRow1":1,"sameRow2":3,"sameRow3":4,"$seq":[{"prop":"TEDExptNonTarget","value":[1,2,4],"time":1554904126124},{"prop":"TEDExptConfounds","value":[4,1,2],"time":1554904126124},{"prop":"TEDExptDifferent","value":[4,1,2,3],"time":1554904126124},{"prop":"TEDExptArea","value":{"ontologyKey":"S_A4","index":4},"time":1554904126124},{"prop":"TEDExptTopic","value":{"ontologyKey":"S_A4_T1","index":1},"time":1554904126124},{"prop":"TEDExptVariable","value":{"ontologyKey":"S_A4_T1_V3","index":3},"time":1554904126124},{"prop":"TEDExptRQ","value":{"ontologyKey":"S_A4_T1_RQ3","index":3},"time":1554904126125},{"prop":"TEDExptVarNC1","value":{"ontologyKey":"S_A4_T1_V1","index":1},"time":1554904126125},{"prop":"TEDExptVarNC2","value":{"ontologyKey":"S_A4_T1_V2","index":2},"time":1554904126125},{"prop":"TEDExptVarNC3","value":{"ontologyKey":"S_A4_T1_V4","index":4},"time":1554904126125},{"prop":"TEDExptPOSTSequence","value":[{"ontologyKey":"S_A4_T1_V2","index":2},{"ontologyKey":"S_A4_T1_V3","index":3},{"ontologyKey":"S_A4_T1_V4","index":4},{"ontologyKey":"S_A4_T1_V1","index":1}],"time":1554904126125},{"prop":"TEDExpt1V1","value":{"ontologyKey":"S_A4_T1_V1_A","index":1},"time":1554904126125},{"prop":"TEDExpt2V1","value":{"ontologyKey":"S_A4_T1_V1_A","index":1},"time":1554904126125},{"prop":"TEDExpt1V2","value":{"ontologyKey":"S_A4_T1_V2_A","index":2},"time":1554904126125},{"prop":"TEDExpt2V2","value":{"ontologyKey":"S_A4_T1_V2_A","index":2},"time":1554904126125},{"prop":"TEDExpt1V3","value":{"ontologyKey":"S_A4_T1_V3_A","index":3},"time":1554904126125},{"prop":"TEDExpt2V3","value":{"ontologyKey":"S_A4_T1_V3_A","index":3},"time":1554904126125},{"prop":"TEDExpt1V4","value":{"ontologyKey":"S_A4_T1_V4_A","index":4},"time":1554904126125},{"prop":"TEDExpt2V4","value":{"ontologyKey":"S_A4_T1_V4_A","index":4},"time":1554904126125},{"prop":"TEDExpt2V4","value":{"ontologyKey":"S_A4_T1_V4_B","index":4},"time":1554904126125},{"prop":"TEDExpt2V1","value":{"ontologyKey":"S_A4_T1_V1_B","index":1},"time":1554904126125},{"prop":"TEDExpt2V2","value":{"ontologyKey":"S_A4_T1_V2_B","index":2},"time":1554904126125},{"prop":"TEDExpt2V3","value":{"ontologyKey":"S_A4_T1_V3_B","index":3},"time":1554904126125},{"prop":"TEDExptNC1SameDiff","value":{"ontologyKey":"TED_E1_Q7NC1DIFF","value":"diff","index":1},"time":1554904126125},{"prop":"TEDExptNC1Confound","value":{"ontologyKey":"S_A4_T1_V1","index":1},"time":1554904126125},{"prop":"TEDExptNC2SameDiff","value":{"ontologyKey":"TED_E1_Q7NC2DIFF","value":"diff","index":2},"time":1554904126125},{"prop":"TEDExptNC2Confound","value":{"ontologyKey":"S_A4_T1_V2","index":2},"time":1554904126125},{"prop":"TEDExptNC3SameDiff","value":{"ontologyKey":"TED_E1_Q7NC3DIFF","value":"diff","index":4},"time":1554904126125},{"prop":"TEDExptNC3Confound","value":{"ontologyKey":"S_A4_T1_V4","index":4},"time":1554904126125},{"prop":"Expt1_Q1","value":{"name":"{{$EFO_TED_E1_LISTYN|yes}}","ontologyKey":"TED_E1_LISTYN|yes","index":1,"value":false,"id":"incorrect"},"time":1554904373822},{"prop":"Expt1_Q","value":{"name":"{{$EFO_TED_E1_LISTYN|yes}}","ontologyKey":"TED_E1_LISTYN|yes","index":1,"value":false,"id":"incorrect"},"time":1554904373822},{"prop":"Expt1_Reason","value":{"name":"{{$EFO_TED_E1_LISTQ23|ans2}}","value":"$EFL_efdata.TED.E1.LISTQ23","ontologyKey":"TED_E1_LISTQ23|yes","index":2,"id":"2"},"time":1554904416103},{"prop":"Expt1_Q4","value":{"name":"{{$EFO_TED_E1_LISTYN|no}}","ontologyKey":"TED_E1_LISTYN|no","index":2,"value":true,"id":"correct"},"time":1554904465209},{"prop":"Imagine1","value":{"name":"{{$EFO_TED_E1_LISTYN|no}}","ontologyKey":"TED_E1_LISTYN|no","index":2,"value":true,"id":"correct"},"time":1554904465209},{"prop":"Imagine1_Reason","value":{"name":"{{$EFO_TED_E1_LISTQ56|ans2}}","value":"$EFL_efdata.TED.E1.LISTQ56","ontologyKey":"TED_E1_LISTQ56|yes","index":2,"id":"2"},"time":1554904515592},{"prop":"FFocus:1","value":{"Row-1 Col-3":"Could cause","Row-2 Col-3":"Could cause","Row-4 Col-3":"Could Not cause"},"time":1554904535975},{"prop":"TEDFeatureFocus","value":["Could cause","Could cause","","Could Not cause"],"time":1554904536109},{"prop":"CHG:FFocus:1:Row-1 Col-3","value":"Could cause","time":1554904574437},{"prop":"TEDFeatureFocus","value":["Could cause","Could cause","","Could Not cause"],"time":1554904574437},{"prop":"CHG:FFocus:1:Row-2 Col-3","value":"Could cause","time":1554904580209},{"prop":"TEDFeatureFocus","value":["Could cause","Could cause","","Could Not cause"],"time":1554904580209},{"prop":"CHG:FFocus:1:Row-4 Col-3","value":"Could Not cause","time":1554904584447},{"prop":"TEDFeatureFocus","value":["Could cause","Could cause","","Could Not cause"],"time":1554904584447},{"prop":"FFocus:1_CorrExp:","value":{"Row-1 Col-1":"Whole Hive","Row-2 Col-1":"Partial sunlight","Row-4 Col-1":"Tap Water"},"time":1554904645636},{"prop":"TEDcorrection","value":3,"time":1554904645972},{"prop":"CHG:FFocus:1_CorrExp::Row-1 Col-1","value":"Whole Hive","time":1554904661236},{"prop":"TEDcorrection","value":2,"time":1554904661237},{"prop":"CHG:FFocus:1_CorrExp::Row-2 Col-1","value":"Partial sunlight","time":1554904664082},{"prop":"TEDcorrection","value":1,"time":1554904664082},{"prop":"CHG:FFocus:1_CorrExp::Row-4 Col-1","value":"Tap Water","time":1554904667524},{"prop":"TEDcorrection","value":0,"time":1554904667525},{"prop":"FFocus:1_Explain:","value":{"name":"{{$EFO_TED_E1_LISTQ9|ans2}}","value":"$EFL_efdata.TED.E1.LISTQ9","ontologyKey":"TED_E1_LISTQ9|yes","index":2,"id":"2"},"time":1554904696399},{"prop":"TEDExptNonTarget","value":[1,2,3],"time":1554904740219},{"prop":"TEDExptConfounds","value":[3],"time":1554904740219},{"prop":"TEDExptDifferent","value":[3,4],"time":1554904740219},{"prop":"TEDExptArea","value":{"ontologyKey":"S_A4","index":4},"time":1554904740219},{"prop":"TEDExptTopic","value":{"ontologyKey":"S_A4_T1","index":1},"time":1554904740219},{"prop":"TEDExptVariable","value":{"ontologyKey":"S_A4_T1_V4","index":4},"time":1554904740219},{"prop":"TEDExptRQ","value":{"ontologyKey":"S_A4_T1_RQ4","index":4},"time":1554904740219},{"prop":"TEDExptVarNC1","value":{"ontologyKey":"S_A4_T1_V1","index":1},"time":1554904740219},{"prop":"TEDExptVarNC2","value":{"ontologyKey":"S_A4_T1_V2","index":2},"time":1554904740219},{"prop":"TEDExptVarNC3","value":{"ontologyKey":"S_A4_T1_V3","index":3},"time":1554904740219},{"prop":"TEDExptPOSTSequence","value":[],"time":1554904740219},{"prop":"TEDExpt1V1","value":{"ontologyKey":"S_A4_T1_V1_A","index":1},"time":1554904740219},{"prop":"TEDExpt2V1","value":{"ontologyKey":"S_A4_T1_V1_A","index":1},"time":1554904740219},{"prop":"TEDExpt1V2","value":{"ontologyKey":"S_A4_T1_V2_A","index":2},"time":1554904740219},{"prop":"TEDExpt2V2","value":{"ontologyKey":"S_A4_T1_V2_A","index":2},"time":1554904740219},{"prop":"TEDExpt1V3","value":{"ontologyKey":"S_A4_T1_V3_A","index":3},"time":1554904740219},{"prop":"TEDExpt2V3","value":{"ontologyKey":"S_A4_T1_V3_A","index":3},"time":1554904740219},{"prop":"TEDExpt1V4","value":{"ontologyKey":"S_A4_T1_V4_A","index":4},"time":1554904740219},{"prop":"TEDExpt2V4","value":{"ontologyKey":"S_A4_T1_V4_A","index":4},"time":1554904740219},{"prop":"TEDExpt2V3","value":{"ontologyKey":"S_A4_T1_V3_B","index":3},"time":1554904740219},{"prop":"TEDExpt2V4","value":{"ontologyKey":"S_A4_T1_V4_B","index":4},"time":1554904740219},{"prop":"TEDExptNC1SameDiff","value":{"ontologyKey":"TED_E1_Q7NC1SAME","value":"same","index":1},"time":1554904740219},{"prop":"TEDExptNC2SameDiff","value":{"ontologyKey":"TED_E1_Q7NC2SAME","value":"same","index":2},"time":1554904740219},{"prop":"TEDExptNC3SameDiff","value":{"ontologyKey":"TED_E1_Q7NC3DIFF","value":"diff","index":3},"time":1554904740219},{"prop":"TEDExptNC1Confound","value":{"ontologyKey":"S_A4_T1_V3","index":3},"time":1554904740219},{"prop":"Expt1_Q1","value":{"name":"{{$EFO_TED_E1_LISTYN|no}}","ontologyKey":"TED_E1_LISTYN|no","index":2,"value":true,"id":"correct"},"time":1554904911929},{"prop":"Expt2_Q","value":{"name":"{{$EFO_TED_E1_LISTYN|no}}","ontologyKey":"TED_E1_LISTYN|no","index":2,"value":true,"id":"correct"},"time":1554904911929},{"prop":"Expt2_Reason","value":{"name":"{{$EFO_TED_E1_LISTQ23|ans4}}","value":"$EFL_efdata.TED.E1.LISTQ23","ontologyKey":"TED_E1_LISTQ23|yes","index":4,"id":"4"},"time":1554904963565},{"prop":"Expt1_Q4","value":{"name":"{{$EFO_TED_E1_LISTYN|no}}","ontologyKey":"TED_E1_LISTYN|no","index":2,"value":true,"id":"correct"},"time":1554905002153},{"prop":"Imagine2","value":{"name":"{{$EFO_TED_E1_LISTYN|no}}","ontologyKey":"TED_E1_LISTYN|no","index":2,"value":true,"id":"correct"},"time":1554905002153},{"prop":"Imagine2_Reason","value":{"name":"{{$EFO_TED_E1_LISTQ56|ans3}}","value":"$EFL_efdata.TED.E1.LISTQ56","ontologyKey":"TED_E1_LISTQ56|yes","index":3,"id":"3"},"time":1554905036576},{"prop":"FFocus:2","value":{"Row-1 Col-3":"Could Not cause","Row-2 Col-3":"Could cause","Row-3 Col-3":"Could cause"},"time":1554905056875},{"prop":"TEDFeatureFocus","value":["Could Not cause","Could cause","Could cause",""],"time":1554905056990},{"prop":"CHG:FFocus:2:Row-1 Col-3","value":"Could Not cause","time":1554905091110},{"prop":"TEDFeatureFocus","value":["Could Not cause","Could cause","Could cause",""],"time":1554905091110},{"prop":"CHG:FFocus:2:Row-2 Col-3","value":"Could cause","time":1554905095041},{"prop":"TEDFeatureFocus","value":["Could Not cause","Could cause","Could cause",""],"time":1554905095041},{"prop":"CHG:FFocus:2:Row-3 Col-3","value":"Could cause","time":1554905097493},{"prop":"TEDFeatureFocus","value":["Could Not cause","Could cause","Could cause",""],"time":1554905097493},{"prop":"FFocus:2_CorrExp:","value":{"Row-3 Col-1":"Some"},"time":1554905155392},{"prop":"TEDcorrection","value":1,"time":1554905155746},{"prop":"CHG:FFocus:2_CorrExp::Row-3 Col-1","value":"Some","time":1554905163941},{"prop":"TEDcorrection","value":0,"time":1554905163942},{"prop":"FFocus:2_Explain:","value":{"name":"{{$EFO_TED_E1_LISTQ9|ans3}}","value":"$EFL_efdata.TED.E1.LISTQ9","ontologyKey":"TED_E1_LISTQ9|yes","index":3,"id":"3"},"time":1554905182814},{"prop":"TEDExptPOSTTV","value":{"ontologyKey":"S_A4_T1_V2","index":2},"time":1554905243404},{"prop":"POSTQ:1","value":{"Row-1 Col-1":"Whole Hive","Row-1 Col-2":"Whole Hive","Row-2 Col-1":"Full sunlight","Row-2 Col-2":"Partial sunlight","Row-3 Col-1":"Some","Row-3 Col-2":"Some","Row-4 Col-1":"Tap Water","Row-4 Col-2":"Tap Water"},"time":1554905243404},{"prop":"CHG:POSTQ:1:Row-1 Col-1","value":"Whole Hive","time":1554905257250},{"prop":"CHG:POSTQ:1:Row-1 Col-2","value":"Whole Hive","time":1554905258702},{"prop":"CHG:POSTQ:1:Row-2 Col-1","value":"Full sunlight","time":1554905263945},{"prop":"CHG:POSTQ:1:Row-2 Col-2","value":"Partial sunlight","time":1554905266201},{"prop":"CHG:POSTQ:1:Row-3 Col-1","value":"Some","time":1554905268820},{"prop":"CHG:POSTQ:1:Row-3 Col-2","value":"Some","time":1554905270294},{"prop":"CHG:POSTQ:1:Row-4 Col-1","value":"Tap Water","time":1554905272672},{"prop":"CHG:POSTQ:1:Row-4 Col-2","value":"Tap Water","time":1554905273952},{"prop":"POSTQ:1_Reason:","value":{"name":"{{$EFO_TED_E1_LISTPOST|ans4}}","value":"$EFL_efdata.TED.E1.LISTPOST","ontologyKey":"TED_E1_LISTPOST|yes","index":4,"id":"4"},"time":1554905287135},{"prop":"TEDExptPOSTTV","value":{"ontologyKey":"S_A4_T1_V3","index":3},"time":1554905291528},{"prop":"POSTQ:2","value":{"Row-1 Col-1":"Zero","Row-1 Col-2":"Zero","Row-2 Col-1":"Partial sunlight","Row-2 Col-2":"Full sunlight","Row-3 Col-1":"None","Row-3 Col-2":"None","Row-4 Col-1":"Rain Water","Row-4 Col-2":"Rain Water"},"time":1554905291528},{"prop":"CHG:POSTQ:2:Row-1 Col-1","value":"Zero","time":1554905306810},{"prop":"CHG:POSTQ:2:Row-1 Col-2","value":"Zero","time":1554905308259},{"prop":"CHG:POSTQ:2:Row-2 Col-1","value":"Partial sunlight","time":1554905310084},{"prop":"CHG:POSTQ:2:Row-2 Col-2","value":"Full sunlight","time":1554905311491},{"prop":"CHG:POSTQ:2:Row-3 Col-1","value":"None","time":1554905313514},{"prop":"CHG:POSTQ:2:Row-3 Col-2","value":"None","time":1554905314854},{"prop":"CHG:POSTQ:2:Row-4 Col-1","value":"Rain Water","time":1554905316738},{"prop":"CHG:POSTQ:2:Row-4 Col-2","value":"Rain Water","time":1554905317986},{"prop":"POSTQ:2_Reason:","value":{"name":"{{$EFO_TED_E1_LISTPOST|ans2}}","value":"$EFL_efdata.TED.E1.LISTPOST","ontologyKey":"TED_E1_LISTPOST|yes","index":2,"id":"2"},"time":1554905328064},{"prop":"TEDExptPOSTTV","value":{"ontologyKey":"S_A4_T1_V4","index":4},"time":1554905329424},{"prop":"POSTQ:3","value":{"Row-1 Col-1":"Whole Hive","Row-1 Col-2":"Whole Hive","Row-2 Col-1":"Full sunlight","Row-2 Col-2":"Full sunlight","Row-3 Col-1":"Some","Row-3 Col-2":"Some","Row-4 Col-1":"Tap Water","Row-4 Col-2":"Rain Water"},"time":1554905329424},{"prop":"CHG:POSTQ:3:Row-1 Col-1","value":"Whole Hive","time":1554905339257},{"prop":"CHG:POSTQ:3:Row-1 Col-2","value":"Whole Hive","time":1554905341334},{"prop":"CHG:POSTQ:3:Row-2 Col-1","value":"Full sunlight","time":1554905342717},{"prop":"CHG:POSTQ:3:Row-2 Col-2","value":"Full sunlight","time":1554905344066},{"prop":"CHG:POSTQ:3:Row-3 Col-1","value":"None","time":1554905346584},{"prop":"CHG:POSTQ:3:Row-3 Col-2","value":"Some","time":1554905347791},{"prop":"CHG:POSTQ:3:Row-3 Col-1","value":"Some","time":1554905356748},{"prop":"CHG:POSTQ:3:Row-4 Col-1","value":"Tap Water","time":1554905360141},{"prop":"CHG:POSTQ:3:Row-4 Col-2","value":"Rain Water","time":1554905361417},{"prop":"POSTQ:3_Reason:","value":{"name":"{{$EFO_TED_E1_LISTPOST|ans5}}","value":"$EFL_efdata.TED.E1.LISTPOST","ontologyKey":"TED_E1_LISTPOST|yes","index":5,"id":"5"},"time":1554905372413},{"prop":"TEDExptPOSTTV","value":{"ontologyKey":"S_A4_T1_V1","index":1},"time":1554905373661},{"prop":"POSTQ:4","value":{"Row-1 Col-1":"Zero","Row-1 Col-2":"Whole Hive","Row-2 Col-1":"Partial sunlight","Row-2 Col-2":"Partial sunlight","Row-3 Col-1":"Some","Row-3 Col-2":"Some","Row-4 Col-1":"Rain Water","Row-4 Col-2":"Rain Water"},"time":1554905373661},{"prop":"CHG:POSTQ:4:Row-1 Col-1","value":"Zero","time":1554905378421},{"prop":"CHG:POSTQ:4:Row-1 Col-2","value":"Whole Hive","time":1554905379907},{"prop":"CHG:POSTQ:4:Row-2 Col-1","value":"Partial sunlight","time":1554905382068},{"prop":"CHG:POSTQ:4:Row-2 Col-2","value":"Partial sunlight","time":1554905383430},{"prop":"CHG:POSTQ:4:Row-3 Col-1","value":"Some","time":1554905385416},{"prop":"CHG:POSTQ:4:Row-3 Col-2","value":"Some","time":1554905386804},{"prop":"CHG:POSTQ:4:Row-4 Col-1","value":"Rain Water","time":1554905389509},{"prop":"CHG:POSTQ:4:Row-4 Col-2","value":"Rain Water","time":1554905390706},{"prop":"POSTQ:4_Reason:","value":{"name":"{{$EFO_TED_E1_LISTPOST|ans3}}","value":"$EFL_efdata.TED.E1.LISTPOST","ontologyKey":"TED_E1_LISTPOST|yes","index":3,"id":"3"},"time":1554905398005}],"Expt1_Q1":{"name":"{{$EFO_TED_E1_LISTYN|no}}","ontologyKey":"TED_E1_LISTYN|no","index":2,"value":true,"id":"correct"},"Expt1_Q":{"name":"{{$EFO_TED_E1_LISTYN|yes}}","ontologyKey":"TED_E1_LISTYN|yes","index":1,"value":false,"id":"incorrect"},"Expt1_Reason":{"name":"{{$EFO_TED_E1_LISTQ23|ans2}}","value":"$EFL_efdata.TED.E1.LISTQ23","ontologyKey":"TED_E1_LISTQ23|yes","index":2,"id":"2"},"Expt1_Q4":{"name":"{{$EFO_TED_E1_LISTYN|no}}","ontologyKey":"TED_E1_LISTYN|no","index":2,"value":true,"id":"correct"},"Imagine1":{"name":"{{$EFO_TED_E1_LISTYN|no}}","ontologyKey":"TED_E1_LISTYN|no","index":2,"value":true,"id":"correct"},"Imagine1_Reason":{"name":"{{$EFO_TED_E1_LISTQ56|ans2}}","value":"$EFL_efdata.TED.E1.LISTQ56","ontologyKey":"TED_E1_LISTQ56|yes","index":2,"id":"2"},"FFocus:1":{"Row-1 Col-3":"Could cause","Row-2 Col-3":"Could cause","Row-4 Col-3":"Could Not cause"},"TEDFeatureFocus":["Could Not cause","Could cause","Could cause",""],"CHG:FFocus:1:Row-1 Col-3":"Could cause","CHG:FFocus:1:Row-2 Col-3":"Could cause","CHG:FFocus:1:Row-4 Col-3":"Could Not cause","FFocus:1_CorrExp:":{"Row-1 Col-1":"Whole Hive","Row-2 Col-1":"Partial sunlight","Row-4 Col-1":"Tap Water"},"TEDcorrection":0,"CHG:FFocus:1_CorrExp::Row-1 Col-1":"Whole Hive","CHG:FFocus:1_CorrExp::Row-2 Col-1":"Partial sunlight","CHG:FFocus:1_CorrExp::Row-4 Col-1":"Tap Water","FFocus:1_Explain:":{"name":"{{$EFO_TED_E1_LISTQ9|ans2}}","value":"$EFL_efdata.TED.E1.LISTQ9","ontologyKey":"TED_E1_LISTQ9|yes","index":2,"id":"2"},"Expt2_Q":{"name":"{{$EFO_TED_E1_LISTYN|no}}","ontologyKey":"TED_E1_LISTYN|no","index":2,"value":true,"id":"correct"},"Expt2_Reason":{"name":"{{$EFO_TED_E1_LISTQ23|ans4}}","value":"$EFL_efdata.TED.E1.LISTQ23","ontologyKey":"TED_E1_LISTQ23|yes","index":4,"id":"4"},"Imagine2":{"name":"{{$EFO_TED_E1_LISTYN|no}}","ontologyKey":"TED_E1_LISTYN|no","index":2,"value":true,"id":"correct"},"Imagine2_Reason":{"name":"{{$EFO_TED_E1_LISTQ56|ans3}}","value":"$EFL_efdata.TED.E1.LISTQ56","ontologyKey":"TED_E1_LISTQ56|yes","index":3,"id":"3"},"FFocus:2":{"Row-1 Col-3":"Could Not cause","Row-2 Col-3":"Could cause","Row-3 Col-3":"Could cause"},"CHG:FFocus:2:Row-1 Col-3":"Could Not cause","CHG:FFocus:2:Row-2 Col-3":"Could cause","CHG:FFocus:2:Row-3 Col-3":"Could cause","FFocus:2_CorrExp:":{"Row-3 Col-1":"Some"},"CHG:FFocus:2_CorrExp::Row-3 Col-1":"Some","FFocus:2_Explain:":{"name":"{{$EFO_TED_E1_LISTQ9|ans3}}","value":"$EFL_efdata.TED.E1.LISTQ9","ontologyKey":"TED_E1_LISTQ9|yes","index":3,"id":"3"},"TEDExptPOSTTV":{"ontologyKey":"S_A4_T1_V1","index":1},"POSTQ:1":{"Row-1 Col-1":"Whole Hive","Row-1 Col-2":"Whole Hive","Row-2 Col-1":"Full sunlight","Row-2 Col-2":"Partial sunlight","Row-3 Col-1":"Some","Row-3 Col-2":"Some","Row-4 Col-1":"Tap Water","Row-4 Col-2":"Tap Water"},"CHG:POSTQ:1:Row-1 Col-1":"Whole Hive","CHG:POSTQ:1:Row-1 Col-2":"Whole Hive","CHG:POSTQ:1:Row-2 Col-1":"Full sunlight","CHG:POSTQ:1:Row-2 Col-2":"Partial sunlight","CHG:POSTQ:1:Row-3 Col-1":"Some","CHG:POSTQ:1:Row-3 Col-2":"Some","CHG:POSTQ:1:Row-4 Col-1":"Tap Water","CHG:POSTQ:1:Row-4 Col-2":"Tap Water","POSTQ:1_Reason:":{"name":"{{$EFO_TED_E1_LISTPOST|ans4}}","value":"$EFL_efdata.TED.E1.LISTPOST","ontologyKey":"TED_E1_LISTPOST|yes","index":4,"id":"4"},"POSTQ:2":{"Row-1 Col-1":"Zero","Row-1 Col-2":"Zero","Row-2 Col-1":"Partial sunlight","Row-2 Col-2":"Full sunlight","Row-3 Col-1":"None","Row-3 Col-2":"None","Row-4 Col-1":"Rain Water","Row-4 Col-2":"Rain Water"},"CHG:POSTQ:2:Row-1 Col-1":"Zero","CHG:POSTQ:2:Row-1 Col-2":"Zero","CHG:POSTQ:2:Row-2 Col-1":"Partial sunlight","CHG:POSTQ:2:Row-2 Col-2":"Full sunlight","CHG:POSTQ:2:Row-3 Col-1":"None","CHG:POSTQ:2:Row-3 Col-2":"None","CHG:POSTQ:2:Row-4 Col-1":"Rain Water","CHG:POSTQ:2:Row-4 Col-2":"Rain Water","POSTQ:2_Reason:":{"name":"{{$EFO_TED_E1_LISTPOST|ans2}}","value":"$EFL_efdata.TED.E1.LISTPOST","ontologyKey":"TED_E1_LISTPOST|yes","index":2,"id":"2"},"POSTQ:3":{"Row-1 Col-1":"Whole Hive","Row-1 Col-2":"Whole Hive","Row-2 Col-1":"Full sunlight","Row-2 Col-2":"Full sunlight","Row-3 Col-1":"Some","Row-3 Col-2":"Some","Row-4 Col-1":"Tap Water","Row-4 Col-2":"Rain Water"},"CHG:POSTQ:3:Row-1 Col-1":"Whole Hive","CHG:POSTQ:3:Row-1 Col-2":"Whole Hive","CHG:POSTQ:3:Row-2 Col-1":"Full sunlight","CHG:POSTQ:3:Row-2 Col-2":"Full sunlight","CHG:POSTQ:3:Row-3 Col-1":"Some","CHG:POSTQ:3:Row-3 Col-2":"Some","CHG:POSTQ:3:Row-4 Col-1":"Tap Water","CHG:POSTQ:3:Row-4 Col-2":"Rain Water","POSTQ:3_Reason:":{"name":"{{$EFO_TED_E1_LISTPOST|ans5}}","value":"$EFL_efdata.TED.E1.LISTPOST","ontologyKey":"TED_E1_LISTPOST|yes","index":5,"id":"5"},"POSTQ:4":{"Row-1 Col-1":"Zero","Row-1 Col-2":"Whole Hive","Row-2 Col-1":"Partial sunlight","Row-2 Col-2":"Partial sunlight","Row-3 Col-1":"Some","Row-3 Col-2":"Some","Row-4 Col-1":"Rain Water","Row-4 Col-2":"Rain Water"},"CHG:POSTQ:4:Row-1 Col-1":"Zero","CHG:POSTQ:4:Row-1 Col-2":"Whole Hive","CHG:POSTQ:4:Row-2 Col-1":"Partial sunlight","CHG:POSTQ:4:Row-2 Col-2":"Partial sunlight","CHG:POSTQ:4:Row-3 Col-1":"Some","CHG:POSTQ:4:Row-3 Col-2":"Some","CHG:POSTQ:4:Row-4 Col-1":"Rain Water","CHG:POSTQ:4:Row-4 Col-2":"Rain Water","POSTQ:4_Reason:":{"name":"{{$EFO_TED_E1_LISTPOST|ans3}}","value":"$EFL_efdata.TED.E1.LISTPOST","ontologyKey":"TED_E1_LISTPOST|yes","index":3,"id":"3"}},"tutor":{"experimentalGroup":{"ontologyKey":"EG_A1"},"$seq":[{"prop":"experimentalGroup.ontologyKey","value":"EG_A1","time":1554904126116}]}}