{"scene":{"SNavigator":{},"SMatsIntro":{"complete":true,"$seq":[{"prop":"complete","value":false,"time":1556110725621},{"prop":"complete","value":true,"time":1556110739332}]},"SMatsPre1":{"complete":true,"$seq":[{"prop":"complete","value":false,"time":1556110741690},{"prop":"Sg1","value":"true","time":1556110748962},{"prop":"PreTest:Sg1","value":"b3","time":1556110748962},{"prop":"complete","value":false,"time":1556110748963},{"prop":"Sg1","value":"true","time":1556110748964},{"prop":"complete","value":false,"time":1556110748964},{"prop":"Sg2","value":"true","time":1556110765042},{"prop":"PreTest:Sg2","value":"b4","time":1556110765042},{"prop":"complete","value":false,"time":1556110765042},{"prop":"Sg2","value":"true","time":1556110765042},{"prop":"complete","value":false,"time":1556110765042},{"prop":"Sg3","value":"true","time":1556110769974},{"prop":"PreTest:Sg3","value":"b2","time":1556110769974},{"prop":"complete","value":false,"time":1556110769974},{"prop":"Sg3","value":"true","time":1556110769975},{"prop":"complete","value":false,"time":1556110769975},{"prop":"Sg4","value":"true","time":1556110772734},{"prop":"PreTest:Sg4","value":"b4","time":1556110772734},{"prop":"complete","value":true,"time":1556110772734},{"prop":"Sg4","value":"true","time":1556110772735},{"prop":"complete","value":true,"time":1556110772735}],"Sg1":"true","PreTest:Sg1":"b3","Sg2":"true","PreTest:Sg2":"b4","Sg3":"true","PreTest:Sg3":"b2","Sg4":"true","PreTest:Sg4":"b4"},"SMatsPre2":{"complete":true,"$seq":[{"prop":"complete","value":false,"time":1556110774025},{"prop":"Sg1","value":"true","time":1556110777796},{"prop":"PreTest:Sg1","value":"b3","time":1556110777796},{"prop":"complete","value":false,"time":1556110777796},{"prop":"Sg1","value":"true","time":1556110777796},{"prop":"complete","value":false,"time":1556110777796},{"prop":"Sg2","value":"true","time":1556110780579},{"prop":"PreTest:Sg2","value":"b3","time":1556110780579},{"prop":"complete","value":false,"time":1556110780579},{"prop":"Sg2","value":"true","time":1556110780579},{"prop":"complete","value":false,"time":1556110780579},{"prop":"Sg3","value":"true","time":1556110784391},{"prop":"PreTest:Sg3","value":"b3","time":1556110784391},{"prop":"complete","value":false,"time":1556110784391},{"prop":"Sg3","value":"true","time":1556110784393},{"prop":"complete","value":false,"time":1556110784393},{"prop":"Sg4","value":"true","time":1556110788626},{"prop":"PreTest:Sg4","value":"b4","time":1556110788627},{"prop":"complete","value":true,"time":1556110788627},{"prop":"Sg4","value":"true","time":1556110788627},{"prop":"complete","value":true,"time":1556110788627},{"prop":"Sg4","value":"true","time":1556110791665},{"prop":"PreTest:Sg4","value":"b3","time":1556110791665},{"prop":"complete","value":true,"time":1556110791665},{"prop":"Sg4","value":"true","time":1556110791665},{"prop":"complete","value":true,"time":1556110791665}],"Sg1":"true","PreTest:Sg1":"b3","Sg2":"true","PreTest:Sg2":"b3","Sg3":"true","PreTest:Sg3":"b3","Sg4":"true","PreTest:Sg4":"b3"},"SMatsPre3":{"complete":true,"$seq":[{"prop":"complete","value":false,"time":1556110792680},{"prop":"Sg1","value":"true","time":1556110796501},{"prop":"PreTest:Sg1","value":"b4","time":1556110796501},{"prop":"complete","value":false,"time":1556110796501},{"prop":"Sg1","value":"true","time":1556110796502},{"prop":"complete","value":false,"time":1556110796502},{"prop":"Sg2","value":"true","time":1556110798724},{"prop":"PreTest:Sg2","value":"b4","time":1556110798724},{"prop":"complete","value":false,"time":1556110798724},{"prop":"Sg2","value":"true","time":1556110798724},{"prop":"complete","value":false,"time":1556110798724},{"prop":"Sg2","value":"true","time":1556110804072},{"prop":"PreTest:Sg2","value":"b3","time":1556110804072},{"prop":"complete","value":false,"time":1556110804073},{"prop":"Sg2","value":"true","time":1556110804073},{"prop":"complete","value":false,"time":1556110804073},{"prop":"Sg2","value":"true","time":1556110806696},{"prop":"PreTest:Sg2","value":"b4","time":1556110806696},{"prop":"complete","value":false,"time":1556110806696},{"prop":"Sg2","value":"true","time":1556110806697},{"prop":"complete","value":false,"time":1556110806697},{"prop":"Sg3","value":"true","time":1556110810694},{"prop":"PreTest:Sg3","value":"b5","time":1556110810694},{"prop":"complete","value":false,"time":1556110810694},{"prop":"Sg3","value":"true","time":1556110810695},{"prop":"complete","value":false,"time":1556110810695},{"prop":"Sg3","value":"true","time":1556110811112},{"prop":"PreTest:Sg3","value":"b5","time":1556110811112},{"prop":"complete","value":false,"time":1556110811112},{"prop":"Sg3","value":"true","time":1556110811112},{"prop":"complete","value":false,"time":1556110811112},{"prop":"Sg4","value":"true","time":1556110815340},{"prop":"PreTest:Sg4","value":"b4","time":1556110815340},{"prop":"complete","value":true,"time":1556110815340},{"prop":"Sg4","value":"true","time":1556110815341},{"prop":"complete","value":true,"time":1556110815341}],"Sg1":"true","PreTest:Sg1":"b4","Sg2":"true","PreTest:Sg2":"b4","Sg3":"true","PreTest:Sg3":"b5","Sg4":"true","PreTest:Sg4":"b4"},"SMatsPre4":{"complete":false,"$seq":[{"prop":"complete","value":false,"time":1556110816219}]}},"module":{},"tutor":{}}