{"scene":{"SNavigator":{},"SIntro":{"complete":false,"$seq":[{"prop":"complete","value":false,"time":1556110841030}]},"SScene1":{"complete":true,"$seq":[{"prop":"complete","value":false,"time":1556110855940},{"prop":"Sg1","value":"true","time":1556110879534},{"prop":"DR1:Sg1","value":"ans1","time":1556110879534},{"prop":"complete","value":true,"time":1556110879535},{"prop":"Sg1","value":"true","time":1556110879537},{"prop":"complete","value":true,"time":1556110879537}],"Sg1":"true","DR1:Sg1":"ans1"},"SScene2":{"complete":true,"$seq":[{"prop":"complete","value":false,"time":1556110882502},{"prop":"Sg1","value":"true","time":1556110899902},{"prop":"DR2:Sg1","value":"ans1","time":1556110899902},{"prop":"complete","value":true,"time":1556110899902},{"prop":"Sg1","value":"true","time":1556110899903},{"prop":"complete","value":true,"time":1556110899903},{"prop":"Sg1","value":"true","time":1556110902501},{"prop":"DR2:Sg1","value":"ans4","time":1556110902501},{"prop":"complete","value":true,"time":1556110902502},{"prop":"Sg1","value":"true","time":1556110902502},{"prop":"complete","value":true,"time":1556110902502}],"Sg1":"true","DR2:Sg1":"ans4"},"SScene3":{"complete":true,"$seq":[{"prop":"complete","value":false,"time":1556110911183},{"prop":"Sg1","value":"true","time":1556110984594},{"prop":"DR3:Sg1","value":"ans4","time":1556110984594},{"prop":"complete","value":true,"time":1556110984594},{"prop":"Sg1","value":"true","time":1556110984595},{"prop":"complete","value":true,"time":1556110984595},{"prop":"Sg1","value":"true","time":1556110985203},{"prop":"DR3:Sg1","value":"ans3","time":1556110985203},{"prop":"complete","value":true,"time":1556110985203},{"prop":"Sg1","value":"true","time":1556110985204},{"prop":"complete","value":true,"time":1556110985204}],"Sg1":"true","DR3:Sg1":"ans3"},"SScene4":{"complete":true,"$seq":[{"prop":"complete","value":false,"time":1556110986081},{"prop":"Sg1","value":"true","time":1556111034011},{"prop":"DR4:Sg1","value":"ans2","time":1556111034011},{"prop":"complete","value":true,"time":1556111034011},{"prop":"Sg1","value":"true","time":1556111034011},{"prop":"complete","value":true,"time":1556111034012}],"Sg1":"true","DR4:Sg1":"ans2"},"SSubmit":{"complete":false,"$seq":[{"prop":"complete","value":false,"time":1556111042064}]}},"module":{},"tutor":{}}