{"scene":{"SNavigator":{},"SIntro":{"complete":false,"$seq":[{"prop":"complete","value":false,"time":1262383889208}]},"SScene1":{"complete":true,"$seq":[{"prop":"complete","value":false,"time":1262383904109},{"prop":"Sg1","value":"true","time":1262383943657},{"prop":"DR1:Sg1","value":"ans1","time":1262383943657},{"prop":"complete","value":true,"time":1262383943657},{"prop":"Sg1","value":"true","time":1262383943659},{"prop":"complete","value":true,"time":1262383943659}],"Sg1":"true","DR1:Sg1":"ans1"},"SScene2":{"complete":false,"$seq":[{"prop":"complete","value":false,"time":1262383945216}]}},"module":{},"tutor":{}}