{"scene":{"SNavigator":{},"SScene3":{"complete":true,"$seq":[{"prop":"complete","value":false,"time":1557934734567},{"prop":"complete","value":true,"time":1557934741208}]},"SScene4":{"complete":true,"$seq":[{"prop":"complete","value":false,"time":1557934742785},{"prop":"complete","value":true,"time":1557934754414}]},"SScene5":{"complete":true,"$seq":[{"prop":"complete","value":false,"time":1557934758264},{"prop":"complete","value":true,"time":1557934763828}]},"SScene6":{"complete":true,"$seq":[{"prop":"complete","value":false,"time":1557934765479},{"prop":"complete","value":true,"time":1557934776796}]},"SScene7":{"complete":true,"$seq":[{"prop":"complete","value":false,"time":1557935084131},{"prop":"complete","value":true,"time":1557935092932}]},"SScene8":{"complete":true,"$seq":[{"prop":"complete","value":false,"time":1557935096438},{"prop":"complete","value":true,"time":1557935141994}]},"SScene9":{"complete":false,"$seq":[{"prop":"complete","value":false,"time":1557935144081},{"prop":"complete","value":true,"time":1557935151742},{"prop":"complete","value":false,"time":1557935152934}]},"SScene10":{"complete":true,"$seq":[{"prop":"complete","value":false,"time":1557935156790},{"prop":"complete","value":true,"time":1557935175126}]},"SScene12":{"complete":true,"$seq":[{"prop":"complete","value":false,"time":1557935178093},{"prop":"complete","value":true,"time":1557935185048}]},"SScene12A":{"complete":false,"$seq":[{"prop":"complete","value":false,"time":1557935187000},{"prop":"complete","value":true,"time":1557935196338},{"prop":"complete","value":false,"time":1557935197814}]},"SScene13":{"complete":false,"$seq":[{"prop":"complete","value":false,"time":1557935208247},{"prop":"complete","value":true,"time":1557935228381},{"prop":"complete","value":false,"time":1557935229746}]},"SScene15":{"complete":true,"$seq":[{"prop":"complete","value":false,"time":1557935240508},{"prop":"complete","value":false,"time":1557935269121},{"prop":"complete","value":false,"time":1557935270940},{"prop":"complete","value":true,"time":1557935272334},{"prop":"complete","value":false,"time":1557935273336},{"prop":"complete","value":true,"time":1557935312064}]},"SScene16":{"complete":true,"$seq":[{"prop":"complete","value":false,"time":1557935313489},{"prop":"complete","value":true,"time":1557935319810}]},"SScene17":{"complete":true,"$seq":[{"prop":"complete","value":false,"time":1557935321623},{"prop":"complete","value":true,"time":1557935335847},{"prop":"complete","value":true,"time":1557935335847},{"prop":"complete","value":false,"time":1557935338099},{"prop":"complete","value":true,"time":1557935365805}]},"SScene18":{"complete":true,"$seq":[{"prop":"complete","value":false,"time":1557935367040},{"prop":"complete","value":true,"time":1557935372317}]},"SScene19":{"complete":true,"$seq":[{"prop":"complete","value":false,"time":1557935426684},{"prop":"complete","value":false,"time":1557935435616},{"prop":"complete","value":false,"time":1557935437128},{"prop":"complete","value":false,"time":1557935438912},{"prop":"complete","value":false,"time":1557935440524},{"prop":"complete","value":false,"time":1557935441924},{"prop":"complete","value":false,"time":1557935443168},{"prop":"complete","value":false,"time":1557935444524},{"prop":"complete","value":true,"time":1557935445744}]},"SScene20":{"complete":false,"$seq":[{"prop":"complete","value":false,"time":1557935446553}]}},"module":{"selectedArea":{"ontologyKey":"S_A1|name","index":1},"selectedTopic":{"ontologyKey":"S_A1_T2|name","index":2},"selectedVariable":{"ontologyKey":"S_A1_T2_V4|name","index":4},"selectedRQ":{"ontologyKey":"S_A1_T2_RQ4"},"AreaSelectedID":"Sarea1|Sselected","AreaButtonID":"Sbutton1","TopicSelectedID":"Stopic2|Sselected","TopicButtonID":"Sbutton2","VariableHighlightID":"SbuttonHL4","VariableClickMaskID":"SclickMask4","RQconfirmation":"UNKNOWN","TEDExptNonTarget":[1,3,4],"TEDExptConfounds":[1],"TEDExptDifferent":[1,2],"TEDExptArea":{"ontologyKey":"S_A1","index":1},"TEDExptTopic":{"ontologyKey":"S_A1_T2","index":2},"TEDExptVariable":{"ontologyKey":"S_A1_T2_V2","index":2},"TEDExptRQ":{"ontologyKey":"S_A1_T2_RQ2","index":2},"TEDExptVarNC1":{"ontologyKey":"S_A1_T2_V1","index":1},"TEDExptVarNC2":{"ontologyKey":"S_A1_T2_V3","index":3},"TEDExptVarNC3":{"ontologyKey":"S_A1_T2_V4","index":4},"TEDExptPOSTSequence":[{"ontologyKey":"S_A1_T2_V2","index":2},{"ontologyKey":"S_A1_T2_V3","index":3}],"TEDExpt1V1":{"ontologyKey":"S_A1_T2_V1_A","index":1},"TEDExpt2V1":{"ontologyKey":"S_A1_T2_V1_B","index":1},"TEDExpt1V2":{"ontologyKey":"S_A1_T2_V2_A","index":2},"TEDExpt2V2":{"ontologyKey":"S_A1_T2_V2_B","index":2},"TEDExpt1V3":{"ontologyKey":"S_A1_T2_V3_A","index":3},"TEDExpt2V3":{"ontologyKey":"S_A1_T2_V3_A","index":3},"TEDExpt1V4":{"ontologyKey":"S_A1_T2_V4_A","index":4},"TEDExpt2V4":{"ontologyKey":"S_A1_T2_V4_A","index":4},"TEDExptNC1SameDiff":{"ontologyKey":"TED_E1_Q7NC1DIFF","value":"diff","index":1},"TEDExptNC1Confound":{"ontologyKey":"S_A1_T2_V1","index":1},"TEDExptNC2SameDiff":{"ontologyKey":"TED_E1_Q7NC2SAME","value":"same","index":3},"TEDExptNC2Confound":{"ontologyKey":"S_A1_T2_V3","index":3},"TEDExptNC3SameDiff":{"ontologyKey":"TED_E1_Q7NC3SAME","value":"same","index":4},"TEDExptNC3Confound":{"ontologyKey":"S_A1_T2_V4","index":4},"differentRow":4,"independentVarN":{"row":4,"col":0,"ontologyKey":"S_A1_T2_V4|name","isText":true,"selectedValue":"Amount of CO2","cell":{},"processed":true},"sameRow1":1,"sameRow2":2,"sameRow3":3,"$seq":[{"prop":"selectedArea","value":{"ontologyKey":"S_A1|name","index":1},"time":1557934734476},{"prop":"selectedTopic","value":{"ontologyKey":"S_A1_T2|name","index":2},"time":1557934734476},{"prop":"selectedVariable","value":{"ontologyKey":"S_A1_T2_V4|name","index":4},"time":1557934734476},{"prop":"selectedRQ","value":{"ontologyKey":"S_A1_T2_RQ4"},"time":1557934734476},{"prop":"AreaSelectedID","value":"Sarea1|Sselected","time":1557934734476},{"prop":"AreaButtonID","value":"Sbutton1","time":1557934734476},{"prop":"TopicSelectedID","value":"Stopic2|Sselected","time":1557934734476},{"prop":"TopicButtonID","value":"Sbutton2","time":1557934734476},{"prop":"VariableHighlightID","value":"SbuttonHL4","time":1557934734476},{"prop":"VariableClickMaskID","value":"SclickMask4","time":1557934734476},{"prop":"TEDExptNonTarget","value":[2,3,4],"time":1557934734479},{"prop":"TEDExptConfounds","value":[2,3,4],"time":1557934734479},{"prop":"TEDExptDifferent","value":[2,3,4,1],"time":1557934734479},{"prop":"TEDExptArea","value":{"ontologyKey":"S_A1","index":1},"time":1557934734479},{"prop":"TEDExptTopic","value":{"ontologyKey":"S_A1_T2","index":2},"time":1557934734479},{"prop":"TEDExptVariable","value":{"ontologyKey":"S_A1_T2_V1","index":1},"time":1557934734479},{"prop":"TEDExptRQ","value":{"ontologyKey":"S_A1_T2_RQ1","index":1},"time":1557934734479},{"prop":"TEDExptVarNC1","value":{"ontologyKey":"S_A1_T2_V2","index":2},"time":1557934734479},{"prop":"TEDExptVarNC2","value":{"ontologyKey":"S_A1_T2_V3","index":3},"time":1557934734479},{"prop":"TEDExptVarNC3","value":{"ontologyKey":"S_A1_T2_V4","index":4},"time":1557934734479},{"prop":"TEDExptPOSTSequence","value":[{"ontologyKey":"S_A1_T2_V4","index":4},{"ontologyKey":"S_A1_T2_V1","index":1},{"ontologyKey":"S_A1_T2_V2","index":2},{"ontologyKey":"S_A1_T2_V3","index":3}],"time":1557934734479},{"prop":"TEDExpt1V1","value":{"ontologyKey":"S_A1_T2_V1_A","index":1},"time":1557934734479},{"prop":"TEDExpt2V1","value":{"ontologyKey":"S_A1_T2_V1_A","index":1},"time":1557934734479},{"prop":"TEDExpt1V2","value":{"ontologyKey":"S_A1_T2_V2_A","index":2},"time":1557934734479},{"prop":"TEDExpt2V2","value":{"ontologyKey":"S_A1_T2_V2_A","index":2},"time":1557934734479},{"prop":"TEDExpt1V3","value":{"ontologyKey":"S_A1_T2_V3_A","index":3},"time":1557934734480},{"prop":"TEDExpt2V3","value":{"ontologyKey":"S_A1_T2_V3_A","index":3},"time":1557934734480},{"prop":"TEDExpt1V4","value":{"ontologyKey":"S_A1_T2_V4_A","index":4},"time":1557934734480},{"prop":"TEDExpt2V4","value":{"ontologyKey":"S_A1_T2_V4_A","index":4},"time":1557934734480},{"prop":"TEDExpt2V2","value":{"ontologyKey":"S_A1_T2_V2_B","index":2},"time":1557934734480},{"prop":"TEDExpt2V3","value":{"ontologyKey":"S_A1_T2_V3_B","index":3},"time":1557934734480},{"prop":"TEDExpt2V4","value":{"ontologyKey":"S_A1_T2_V4_B","index":4},"time":1557934734480},{"prop":"TEDExpt2V1","value":{"ontologyKey":"S_A1_T2_V1_B","index":1},"time":1557934734480},{"prop":"TEDExptNC1SameDiff","value":{"ontologyKey":"TED_E1_Q7NC1DIFF","value":"diff","index":2},"time":1557934734480},{"prop":"TEDExptNC1Confound","value":{"ontologyKey":"S_A1_T2_V2","index":2},"time":1557934734480},{"prop":"TEDExptNC2SameDiff","value":{"ontologyKey":"TED_E1_Q7NC2DIFF","value":"diff","index":3},"time":1557934734480},{"prop":"TEDExptNC2Confound","value":{"ontologyKey":"S_A1_T2_V3","index":3},"time":1557934734480},{"prop":"TEDExptNC3SameDiff","value":{"ontologyKey":"TED_E1_Q7NC3DIFF","value":"diff","index":4},"time":1557934734480},{"prop":"TEDExptNC3Confound","value":{"ontologyKey":"S_A1_T2_V4","index":4},"time":1557934734480},{"prop":"Expt1_Q1","value":{"name":"{{$EFO_TED_E1_LISTYN|no}}","ontologyKey":"TED_E1_LISTYN|no","index":2,"value":true,"id":"correct"},"time":1557934848447},{"prop":"Expt1_Q","value":{"name":"{{$EFO_TED_E1_LISTYN|no}}","ontologyKey":"TED_E1_LISTYN|no","index":2,"value":true,"id":"correct"},"time":1557934848447},{"prop":"Expt1_Reason","value":{"name":"{{$EFO_TED_E1_LISTQ23|ans2}}","value":"$EFL_efdata.TED.E1.LISTQ23","ontologyKey":"TED_E1_LISTQ23|yes","index":2,"id":"2"},"time":1557934871242},{"prop":"Expt1_Q4","value":{"name":"{{$EFO_TED_E1_LISTYN|no}}","ontologyKey":"TED_E1_LISTYN|no","index":2,"value":true,"id":"correct"},"time":1557934898044},{"prop":"Imagine1","value":{"name":"{{$EFO_TED_E1_LISTYN|no}}","ontologyKey":"TED_E1_LISTYN|no","index":2,"value":true,"id":"correct"},"time":1557934898044},{"prop":"Imagine1_Reason","value":{"name":"{{$EFO_TED_E1_LISTQ56|ans4}}","value":"$EFL_efdata.TED.E1.LISTQ56","ontologyKey":"TED_E1_LISTQ56|yes","index":4,"id":"4"},"time":1557934921545},{"prop":"FFocus:1","value":{"Row-2 Col-3":"Could cause","Row-3 Col-3":"Could cause","Row-4 Col-3":"Could cause"},"time":1557934933813},{"prop":"TEDFeatureFocus","value":["","Could cause","Could cause","Could cause"],"time":1557934934154},{"prop":"CHG:FFocus:1:Row-2 Col-3","value":"Could cause","time":1557934959635},{"prop":"TEDFeatureFocus","value":["","Could cause","Could cause","Could cause"],"time":1557934959635},{"prop":"CHG:FFocus:1:Row-3 Col-3","value":"Could cause","time":1557934961529},{"prop":"TEDFeatureFocus","value":["","Could cause","Could cause","Could cause"],"time":1557934961529},{"prop":"CHG:FFocus:1:Row-4 Col-3","value":"Could cause","time":1557934962833},{"prop":"TEDFeatureFocus","value":["","Could cause","Could cause","Could cause"],"time":1557934962833},{"prop":"FFocus:1_CorrExp:","value":{"Row-2 Col-2":"Some","Row-3 Col-1":"Rough","Row-4 Col-2":"High"},"time":1557935007343},{"prop":"TEDcorrection","value":3,"time":1557935007664},{"prop":"CHG:FFocus:1_CorrExp::Row-2 Col-2","value":"Some","time":1557935021364},{"prop":"TEDcorrection","value":2,"time":1557935021364},{"prop":"CHG:FFocus:1_CorrExp::Row-3 Col-1","value":"Rough","time":1557935024452},{"prop":"TEDcorrection","value":1,"time":1557935024452},{"prop":"CHG:FFocus:1_CorrExp::Row-4 Col-2","value":"High","time":1557935026393},{"prop":"TEDcorrection","value":0,"time":1557935026393},{"prop":"FFocus:1_Explain:","value":{"name":"{{$EFO_TED_E1_LISTQ9|ans2}}","value":"$EFL_efdata.TED.E1.LISTQ9","ontologyKey":"TED_E1_LISTQ9|yes","index":2,"id":"2"},"time":1557935053623},{"prop":"TEDExptNonTarget","value":[1,3,4],"time":1557935084118},{"prop":"TEDExptConfounds","value":[1],"time":1557935084118},{"prop":"TEDExptDifferent","value":[1,2],"time":1557935084118},{"prop":"TEDExptArea","value":{"ontologyKey":"S_A1","index":1},"time":1557935084118},{"prop":"TEDExptTopic","value":{"ontologyKey":"S_A1_T2","index":2},"time":1557935084118},{"prop":"TEDExptVariable","value":{"ontologyKey":"S_A1_T2_V2","index":2},"time":1557935084118},{"prop":"TEDExptRQ","value":{"ontologyKey":"S_A1_T2_RQ2","index":2},"time":1557935084118},{"prop":"TEDExptVarNC1","value":{"ontologyKey":"S_A1_T2_V1","index":1},"time":1557935084118},{"prop":"TEDExptVarNC2","value":{"ontologyKey":"S_A1_T2_V3","index":3},"time":1557935084118},{"prop":"TEDExptVarNC3","value":{"ontologyKey":"S_A1_T2_V4","index":4},"time":1557935084118},{"prop":"TEDExptPOSTSequence","value":[{"ontologyKey":"S_A1_T2_V2","index":2},{"ontologyKey":"S_A1_T2_V3","index":3}],"time":1557935084118},{"prop":"TEDExpt1V1","value":{"ontologyKey":"S_A1_T2_V1_A","index":1},"time":1557935084118},{"prop":"TEDExpt2V1","value":{"ontologyKey":"S_A1_T2_V1_A","index":1},"time":1557935084118},{"prop":"TEDExpt1V2","value":{"ontologyKey":"S_A1_T2_V2_A","index":2},"time":1557935084118},{"prop":"TEDExpt2V2","value":{"ontologyKey":"S_A1_T2_V2_A","index":2},"time":1557935084118},{"prop":"TEDExpt1V3","value":{"ontologyKey":"S_A1_T2_V3_A","index":3},"time":1557935084118},{"prop":"TEDExpt2V3","value":{"ontologyKey":"S_A1_T2_V3_A","index":3},"time":1557935084118},{"prop":"TEDExpt1V4","value":{"ontologyKey":"S_A1_T2_V4_A","index":4},"time":1557935084118},{"prop":"TEDExpt2V4","value":{"ontologyKey":"S_A1_T2_V4_A","index":4},"time":1557935084118},{"prop":"TEDExpt2V1","value":{"ontologyKey":"S_A1_T2_V1_B","index":1},"time":1557935084118},{"prop":"TEDExpt2V2","value":{"ontologyKey":"S_A1_T2_V2_B","index":2},"time":1557935084118},{"prop":"TEDExptNC1SameDiff","value":{"ontologyKey":"TED_E1_Q7NC1DIFF","value":"diff","index":1},"time":1557935084118},{"prop":"TEDExptNC1Confound","value":{"ontologyKey":"S_A1_T2_V1","index":1},"time":1557935084118},{"prop":"TEDExptNC2SameDiff","value":{"ontologyKey":"TED_E1_Q7NC2SAME","value":"same","index":3},"time":1557935084118},{"prop":"TEDExptNC3SameDiff","value":{"ontologyKey":"TED_E1_Q7NC3SAME","value":"same","index":4},"time":1557935084118},{"prop":"Expt1_Q1","value":{"name":"{{$EFO_TED_E1_LISTYN|no}}","ontologyKey":"TED_E1_LISTYN|no","index":2,"value":true,"id":"correct"},"time":1557935151742},{"prop":"Expt2_Q","value":{"name":"{{$EFO_TED_E1_LISTYN|no}}","ontologyKey":"TED_E1_LISTYN|no","index":2,"value":true,"id":"correct"},"time":1557935151742},{"prop":"Expt2_Reason","value":{"name":"{{$EFO_TED_E1_LISTQ23|ans4}}","value":"$EFL_efdata.TED.E1.LISTQ23","ontologyKey":"TED_E1_LISTQ23|yes","index":4,"id":"4"},"time":1557935175126},{"prop":"Expt1_Q4","value":{"name":"{{$EFO_TED_E1_LISTYN|no}}","ontologyKey":"TED_E1_LISTYN|no","index":2,"value":true,"id":"correct"},"time":1557935196338},{"prop":"Imagine2","value":{"name":"{{$EFO_TED_E1_LISTYN|no}}","ontologyKey":"TED_E1_LISTYN|no","index":2,"value":true,"id":"correct"},"time":1557935196338},{"prop":"Imagine2_Reason","value":{"name":"{{$EFO_TED_E1_LISTQ56|ans4}}","value":"$EFL_efdata.TED.E1.LISTQ56","ontologyKey":"TED_E1_LISTQ56|yes","index":4,"id":"4"},"time":1557935228381},{"prop":"FFocus:2","value":{"Row-1 Col-3":"Could cause","Row-3 Col-3":"Could Not cause","Row-4 Col-3":"Could Not cause"},"time":1557935240508},{"prop":"TEDFeatureFocus","value":["Could cause","","Could Not cause","Could Not cause"],"time":1557935240872},{"prop":"CHG:FFocus:2:Row-1 Col-3","value":"Could cause","time":1557935269121},{"prop":"TEDFeatureFocus","value":["Could cause","","Could Not cause","Could Not cause"],"time":1557935269121},{"prop":"CHG:FFocus:2:Row-3 Col-3","value":"Could Not cause","time":1557935270940},{"prop":"TEDFeatureFocus","value":["Could cause","","Could Not cause","Could Not cause"],"time":1557935270940},{"prop":"CHG:FFocus:2:Row-4 Col-3","value":"Could Not cause","time":1557935272334},{"prop":"TEDFeatureFocus","value":["Could cause","","Could Not cause","Could Not cause"],"time":1557935272334},{"prop":"FFocus:2_CorrExp:","value":{"Row-1 Col-2":"Sugar"},"time":1557935313488},{"prop":"TEDcorrection","value":1,"time":1557935313850},{"prop":"CHG:FFocus:2_CorrExp::Row-1 Col-2","value":"Sugar","time":1557935319810},{"prop":"TEDcorrection","value":0,"time":1557935319810},{"prop":"FFocus:2_Explain:","value":{"name":"{{$EFO_TED_E1_LISTQ9|ans3}}","value":"$EFL_efdata.TED.E1.LISTQ9","ontologyKey":"TED_E1_LISTQ9|yes","index":3,"id":"3"},"time":1557935335847},{"prop":"TEDExptPOSTTV","value":{"ontologyKey":"S_A1_T2_V4","index":4},"time":1557935383956},{"prop":"POSTQ:1","value":{"Row-1 Col-1":"Sugar","Row-1 Col-2":"Sugar","Row-2 Col-1":"None","Row-2 Col-2":"None","Row-3 Col-1":"Smooth","Row-3 Col-2":"Smooth","Row-4 Col-1":"High","Row-4 Col-2":"High"},"time":1557935383956},{"prop":"CHG:POSTQ:1:Row-1 Col-1","value":"Sugar","time":1557935393095},{"prop":"CHG:POSTQ:1:Row-1 Col-2","value":"Sugar","time":1557935394442},{"prop":"CHG:POSTQ:1:Row-2 Col-1","value":"None","time":1557935396624},{"prop":"CHG:POSTQ:1:Row-2 Col-2","value":"None","time":1557935398304},{"prop":"CHG:POSTQ:1:Row-3 Col-1","value":"Smooth","time":1557935401139},{"prop":"CHG:POSTQ:1:Row-3 Col-2","value":"Smooth","time":1557935405632},{"prop":"CHG:POSTQ:1:Row-4 Col-1","value":"High","time":1557935409482},{"prop":"CHG:POSTQ:1:Row-4 Col-2","value":"High","time":1557935410999},{"prop":"POSTQ:1_Reason:","value":{"name":"{{$EFO_TED_E1_LISTPOST|ans4}}","value":"$EFL_efdata.TED.E1.LISTPOST","ontologyKey":"TED_E1_LISTPOST|yes","index":4,"id":"4"},"time":1557935425339},{"prop":"TEDExptPOSTTV","value":{"ontologyKey":"S_A1_T2_V1","index":1},"time":1557935426665},{"prop":"POSTQ:2","value":{"Row-1 Col-1":"Sugar","Row-1 Col-2":"Aspartame","Row-2 Col-1":"Some","Row-2 Col-2":"Some","Row-3 Col-1":"Rough","Row-3 Col-2":"Rough","Row-4 Col-1":"Low","Row-4 Col-2":"Low"},"time":1557935426665},{"prop":"CHG:POSTQ:2:Row-1 Col-1","value":"Sugar","time":1557935435616},{"prop":"CHG:POSTQ:2:Row-1 Col-2","value":"Aspartame","time":1557935437128},{"prop":"CHG:POSTQ:2:Row-2 Col-1","value":"Some","time":1557935438912},{"prop":"CHG:POSTQ:2:Row-2 Col-2","value":"Some","time":1557935440524},{"prop":"CHG:POSTQ:2:Row-3 Col-1","value":"Rough","time":1557935441924},{"prop":"CHG:POSTQ:2:Row-3 Col-2","value":"Rough","time":1557935443168},{"prop":"CHG:POSTQ:2:Row-4 Col-1","value":"Low","time":1557935444524},{"prop":"CHG:POSTQ:2:Row-4 Col-2","value":"Low","time":1557935445744}],"Expt1_Q1":{"name":"{{$EFO_TED_E1_LISTYN|no}}","ontologyKey":"TED_E1_LISTYN|no","index":2,"value":true,"id":"correct"},"Expt1_Q":{"name":"{{$EFO_TED_E1_LISTYN|no}}","ontologyKey":"TED_E1_LISTYN|no","index":2,"value":true,"id":"correct"},"Expt1_Reason":{"name":"{{$EFO_TED_E1_LISTQ23|ans2}}","value":"$EFL_efdata.TED.E1.LISTQ23","ontologyKey":"TED_E1_LISTQ23|yes","index":2,"id":"2"},"Expt1_Q4":{"name":"{{$EFO_TED_E1_LISTYN|no}}","ontologyKey":"TED_E1_LISTYN|no","index":2,"value":true,"id":"correct"},"Imagine1":{"name":"{{$EFO_TED_E1_LISTYN|no}}","ontologyKey":"TED_E1_LISTYN|no","index":2,"value":true,"id":"correct"},"Imagine1_Reason":{"name":"{{$EFO_TED_E1_LISTQ56|ans4}}","value":"$EFL_efdata.TED.E1.LISTQ56","ontologyKey":"TED_E1_LISTQ56|yes","index":4,"id":"4"},"FFocus:1":{"Row-2 Col-3":"Could cause","Row-3 Col-3":"Could cause","Row-4 Col-3":"Could cause"},"TEDFeatureFocus":["Could cause","","Could Not cause","Could Not cause"],"CHG:FFocus:1:Row-2 Col-3":"Could cause","CHG:FFocus:1:Row-3 Col-3":"Could cause","CHG:FFocus:1:Row-4 Col-3":"Could cause","FFocus:1_CorrExp:":{"Row-2 Col-2":"Some","Row-3 Col-1":"Rough","Row-4 Col-2":"High"},"TEDcorrection":0,"CHG:FFocus:1_CorrExp::Row-2 Col-2":"Some","CHG:FFocus:1_CorrExp::Row-3 Col-1":"Rough","CHG:FFocus:1_CorrExp::Row-4 Col-2":"High","FFocus:1_Explain:":{"name":"{{$EFO_TED_E1_LISTQ9|ans2}}","value":"$EFL_efdata.TED.E1.LISTQ9","ontologyKey":"TED_E1_LISTQ9|yes","index":2,"id":"2"},"Expt2_Q":{"name":"{{$EFO_TED_E1_LISTYN|no}}","ontologyKey":"TED_E1_LISTYN|no","index":2,"value":true,"id":"correct"},"Expt2_Reason":{"name":"{{$EFO_TED_E1_LISTQ23|ans4}}","value":"$EFL_efdata.TED.E1.LISTQ23","ontologyKey":"TED_E1_LISTQ23|yes","index":4,"id":"4"},"Imagine2":{"name":"{{$EFO_TED_E1_LISTYN|no}}","ontologyKey":"TED_E1_LISTYN|no","index":2,"value":true,"id":"correct"},"Imagine2_Reason":{"name":"{{$EFO_TED_E1_LISTQ56|ans4}}","value":"$EFL_efdata.TED.E1.LISTQ56","ontologyKey":"TED_E1_LISTQ56|yes","index":4,"id":"4"},"FFocus:2":{"Row-1 Col-3":"Could cause","Row-3 Col-3":"Could Not cause","Row-4 Col-3":"Could Not cause"},"CHG:FFocus:2:Row-1 Col-3":"Could cause","CHG:FFocus:2:Row-3 Col-3":"Could Not cause","CHG:FFocus:2:Row-4 Col-3":"Could Not cause","FFocus:2_CorrExp:":{"Row-1 Col-2":"Sugar"},"CHG:FFocus:2_CorrExp::Row-1 Col-2":"Sugar","FFocus:2_Explain:":{"name":"{{$EFO_TED_E1_LISTQ9|ans3}}","value":"$EFL_efdata.TED.E1.LISTQ9","ontologyKey":"TED_E1_LISTQ9|yes","index":3,"id":"3"},"TEDExptPOSTTV":{"ontologyKey":"S_A1_T2_V1","index":1},"POSTQ:1":{"Row-1 Col-1":"Sugar","Row-1 Col-2":"Sugar","Row-2 Col-1":"None","Row-2 Col-2":"None","Row-3 Col-1":"Smooth","Row-3 Col-2":"Smooth","Row-4 Col-1":"High","Row-4 Col-2":"High"},"CHG:POSTQ:1:Row-1 Col-1":"Sugar","CHG:POSTQ:1:Row-1 Col-2":"Sugar","CHG:POSTQ:1:Row-2 Col-1":"None","CHG:POSTQ:1:Row-2 Col-2":"None","CHG:POSTQ:1:Row-3 Col-1":"Smooth","CHG:POSTQ:1:Row-3 Col-2":"Smooth","CHG:POSTQ:1:Row-4 Col-1":"High","CHG:POSTQ:1:Row-4 Col-2":"High","POSTQ:1_Reason:":{"name":"{{$EFO_TED_E1_LISTPOST|ans4}}","value":"$EFL_efdata.TED.E1.LISTPOST","ontologyKey":"TED_E1_LISTPOST|yes","index":4,"id":"4"},"POSTQ:2":{"Row-1 Col-1":"Sugar","Row-1 Col-2":"Aspartame","Row-2 Col-1":"Some","Row-2 Col-2":"Some","Row-3 Col-1":"Rough","Row-3 Col-2":"Rough","Row-4 Col-1":"Low","Row-4 Col-2":"Low"},"CHG:POSTQ:2:Row-1 Col-1":"Sugar","CHG:POSTQ:2:Row-1 Col-2":"Aspartame","CHG:POSTQ:2:Row-2 Col-1":"Some","CHG:POSTQ:2:Row-2 Col-2":"Some","CHG:POSTQ:2:Row-3 Col-1":"Rough","CHG:POSTQ:2:Row-3 Col-2":"Rough","CHG:POSTQ:2:Row-4 Col-1":"Low","CHG:POSTQ:2:Row-4 Col-2":"Low"},"tutor":{"experimentalGroup":{"ontologyKey":"EG_A2"},"$seq":[{"prop":"experimentalGroup.ontologyKey","value":"EG_A2","time":1557934734476}]}}