{"scene":{"SNavigator":{},"SIntro":{"complete":false,"$seq":[{"prop":"complete","value":false,"time":1556110687937}]},"SScene1":{"complete":true,"$seq":[{"prop":"complete","value":false,"time":1556110702777},{"prop":"Sg1","value":"true","time":1556110733901},{"prop":"DR1:Sg1","value":"ans1","time":1556110733901},{"prop":"complete","value":true,"time":1556110733901},{"prop":"Sg1","value":"true","time":1556110733903},{"prop":"complete","value":true,"time":1556110733903}],"Sg1":"true","DR1:Sg1":"ans1"},"SScene2":{"complete":false,"$seq":[{"prop":"complete","value":false,"time":1556110737443}]}},"module":{},"tutor":{}}