{"scene":{"SNavigator":{},"SScene3":{"complete":true,"$seq":[{"prop":"complete","value":false,"time":1262383621842},{"prop":"complete","value":true,"time":1262383628874}]},"SScene4":{"complete":true,"$seq":[{"prop":"complete","value":false,"time":1262383630435},{"prop":"complete","value":true,"time":1262383642670}]},"SScene5":{"complete":true,"$seq":[{"prop":"complete","value":false,"time":1262383666443},{"prop":"complete","value":true,"time":1262383672314}]},"SScene6":{"complete":true,"$seq":[{"prop":"complete","value":false,"time":1262383672898},{"prop":"complete","value":true,"time":1262383684803}]},"SScene7":{"complete":true,"$seq":[{"prop":"complete","value":false,"time":1262384024757},{"prop":"complete","value":true,"time":1262384033853}]},"SScene8":{"complete":true,"$seq":[{"prop":"complete","value":false,"time":1262384035520},{"prop":"complete","value":true,"time":1262384086491}]},"SScene9":{"complete":false,"$seq":[{"prop":"complete","value":false,"time":1262384089951},{"prop":"complete","value":true,"time":1262384098726},{"prop":"complete","value":false,"time":1262384100395}]},"SScene11":{"complete":true,"$seq":[{"prop":"complete","value":false,"time":1262384105259},{"prop":"complete","value":true,"time":1262384111315}]},"SScene12":{"complete":true,"$seq":[{"prop":"complete","value":false,"time":1262384114866},{"prop":"complete","value":true,"time":1262384122442}]},"SScene12A":{"complete":false,"$seq":[{"prop":"complete","value":false,"time":1262384124134},{"prop":"complete","value":true,"time":1262384182211},{"prop":"complete","value":false,"time":1262384183663}]},"SScene14":{"complete":false,"$seq":[{"prop":"complete","value":false,"time":1262383835011},{"prop":"complete","value":true,"time":1262383840791},{"prop":"complete","value":false,"time":1262383842005}]},"SScene15":{"complete":false,"$seq":[{"prop":"complete","value":false,"time":1262384212275}]},"SScene16":{"complete":true,"$seq":[{"prop":"complete","value":false,"time":1262383945080},{"prop":"complete","value":false,"time":1262383963767},{"prop":"complete","value":false,"time":1262383966936},{"prop":"complete","value":true,"time":1262383970725}]},"SScene17":{"complete":true,"$seq":[{"prop":"complete","value":false,"time":1262383972104},{"prop":"complete","value":true,"time":1262383988730},{"prop":"complete","value":true,"time":1262383988730},{"prop":"complete","value":true,"time":1262383992611},{"prop":"complete","value":true,"time":1262383992611},{"prop":"complete","value":false,"time":1262383993856},{"prop":"complete","value":true,"time":1262384023005}]},"SScene13":{"complete":false,"$seq":[{"prop":"complete","value":false,"time":1262384194279},{"prop":"complete","value":true,"time":1262384199344},{"prop":"complete","value":false,"time":1262384200438}]}},"module":{"selectedArea":{"ontologyKey":"S_A1|name","index":1},"selectedTopic":{"ontologyKey":"S_A1_T2|name","index":2},"selectedVariable":{"ontologyKey":"S_A1_T2_V1|name","index":1},"selectedRQ":{"ontologyKey":"S_A1_T2_RQ1","index":"1"},"RQconfirmation":"UNKNOWN","TEDExptNonTarget":[1,2,4],"TEDExptConfounds":[2],"TEDExptDifferent":[2,3],"TEDExptArea":{"ontologyKey":"S_A1","index":1},"TEDExptTopic":{"ontologyKey":"S_A1_T2","index":2},"TEDExptVariable":{"ontologyKey":"S_A1_T2_V3","index":3},"TEDExptRQ":{"ontologyKey":"S_A1_T2_RQ3","index":3},"TEDExptVarNC1":{"ontologyKey":"S_A1_T2_V1","index":1},"TEDExptVarNC2":{"ontologyKey":"S_A1_T2_V2","index":2},"TEDExptVarNC3":{"ontologyKey":"S_A1_T2_V4","index":4},"TEDExptPOSTSequence":[{"ontologyKey":"S_A1_T2_V1","index":1},{"ontologyKey":"S_A1_T2_V2","index":2},{"ontologyKey":"S_A1_T2_V3","index":3},{"ontologyKey":"S_A1_T2_V4","index":4}],"TEDExpt1V1":{"ontologyKey":"S_A1_T2_V1_A","index":1},"TEDExpt2V1":{"ontologyKey":"S_A1_T2_V1_A","index":1},"TEDExpt1V2":{"ontologyKey":"S_A1_T2_V2_A","index":2},"TEDExpt2V2":{"ontologyKey":"S_A1_T2_V2_B","index":2},"TEDExpt1V3":{"ontologyKey":"S_A1_T2_V3_A","index":3},"TEDExpt2V3":{"ontologyKey":"S_A1_T2_V3_B","index":3},"TEDExpt1V4":{"ontologyKey":"S_A1_T2_V4_A","index":4},"TEDExpt2V4":{"ontologyKey":"S_A1_T2_V4_A","index":4},"TEDExptNC1SameDiff":{"ontologyKey":"TED_E1_Q7NC1SAME","value":"same","index":1},"TEDExptNC1Confound":{"ontologyKey":"S_A1_T2_V2","index":2},"TEDExptNC2SameDiff":{"ontologyKey":"TED_E1_Q7NC2DIFF","value":"diff","index":2},"TEDExptNC2Confound":{"ontologyKey":"S_A1_T2_V3","index":3},"TEDExptNC3SameDiff":{"ontologyKey":"TED_E1_Q7NC3SAME","value":"same","index":4},"TEDExptNC3Confound":{"ontologyKey":"S_A1_T2_V4","index":4},"differentRow":1,"sameRow1":2,"sameRow2":3,"sameRow3":4,"$seq":[{"prop":"TEDExptNonTarget","value":[1,3,4],"time":1262383621753},{"prop":"TEDExptConfounds","value":[3,4,1],"time":1262383621753},{"prop":"TEDExptDifferent","value":[3,4,1,2],"time":1262383621753},{"prop":"TEDExptArea","value":{"ontologyKey":"S_A1","index":1},"time":1262383621753},{"prop":"TEDExptTopic","value":{"ontologyKey":"S_A1_T2","index":2},"time":1262383621753},{"prop":"TEDExptVariable","value":{"ontologyKey":"S_A1_T2_V2","index":2},"time":1262383621753},{"prop":"TEDExptRQ","value":{"ontologyKey":"S_A1_T2_RQ2","index":2},"time":1262383621753},{"prop":"TEDExptVarNC1","value":{"ontologyKey":"S_A1_T2_V1","index":1},"time":1262383621753},{"prop":"TEDExptVarNC2","value":{"ontologyKey":"S_A1_T2_V3","index":3},"time":1262383621753},{"prop":"TEDExptVarNC3","value":{"ontologyKey":"S_A1_T2_V4","index":4},"time":1262383621753},{"prop":"TEDExptPOSTSequence","value":[{"ontologyKey":"S_A1_T2_V1","index":1},{"ontologyKey":"S_A1_T2_V2","index":2},{"ontologyKey":"S_A1_T2_V3","index":3},{"ontologyKey":"S_A1_T2_V4","index":4}],"time":1262383621753},{"prop":"TEDExpt1V1","value":{"ontologyKey":"S_A1_T2_V1_A","index":1},"time":1262383621753},{"prop":"TEDExpt2V1","value":{"ontologyKey":"S_A1_T2_V1_A","index":1},"time":1262383621753},{"prop":"TEDExpt1V2","value":{"ontologyKey":"S_A1_T2_V2_A","index":2},"time":1262383621753},{"prop":"TEDExpt2V2","value":{"ontologyKey":"S_A1_T2_V2_A","index":2},"time":1262383621754},{"prop":"TEDExpt1V3","value":{"ontologyKey":"S_A1_T2_V3_A","index":3},"time":1262383621754},{"prop":"TEDExpt2V3","value":{"ontologyKey":"S_A1_T2_V3_A","index":3},"time":1262383621754},{"prop":"TEDExpt1V4","value":{"ontologyKey":"S_A1_T2_V4_A","index":4},"time":1262383621754},{"prop":"TEDExpt2V4","value":{"ontologyKey":"S_A1_T2_V4_A","index":4},"time":1262383621754},{"prop":"TEDExpt2V3","value":{"ontologyKey":"S_A1_T2_V3_B","index":3},"time":1262383621754},{"prop":"TEDExpt2V4","value":{"ontologyKey":"S_A1_T2_V4_B","index":4},"time":1262383621754},{"prop":"TEDExpt2V1","value":{"ontologyKey":"S_A1_T2_V1_B","index":1},"time":1262383621754},{"prop":"TEDExpt2V2","value":{"ontologyKey":"S_A1_T2_V2_B","index":2},"time":1262383621754},{"prop":"TEDExptNC1SameDiff","value":{"ontologyKey":"TED_E1_Q7NC1DIFF","value":"diff","index":1},"time":1262383621754},{"prop":"TEDExptNC1Confound","value":{"ontologyKey":"S_A1_T2_V1","index":1},"time":1262383621754},{"prop":"TEDExptNC2SameDiff","value":{"ontologyKey":"TED_E1_Q7NC2DIFF","value":"diff","index":3},"time":1262383621754},{"prop":"TEDExptNC2Confound","value":{"ontologyKey":"S_A1_T2_V3","index":3},"time":1262383621754},{"prop":"TEDExptNC3SameDiff","value":{"ontologyKey":"TED_E1_Q7NC3DIFF","value":"diff","index":4},"time":1262383621754},{"prop":"TEDExptNC3Confound","value":{"ontologyKey":"S_A1_T2_V4","index":4},"time":1262383621754},{"prop":"Expt1_Q1","value":{"name":"{{$EFO_TED_E1_LISTYN|yes}}","ontologyKey":"TED_E1_LISTYN|yes","index":1,"value":false,"id":"incorrect"},"time":1262383756407},{"prop":"Expt1_Q","value":{"name":"{{$EFO_TED_E1_LISTYN|yes}}","ontologyKey":"TED_E1_LISTYN|yes","index":1,"value":false,"id":"incorrect"},"time":1262383756408},{"prop":"Expt1_Reason","value":{"name":"{{$EFO_TED_E1_LISTQ23|ans6}}","value":"$EFL_efdata.TED.E1.LISTQ23","ontologyKey":"TED_E1_LISTQ23|yes","index":6,"id":"6"},"time":1262383789088},{"prop":"Expt1_Reason","value":{"name":"{{$EFO_TED_E1_LISTQ23|ans6}}","value":"$EFL_efdata.TED.E1.LISTQ23","ontologyKey":"TED_E1_LISTQ23|yes","index":6,"id":"6"},"time":1262383795744},{"prop":"Expt1_Reason","value":{"name":"{{$EFO_TED_E1_LISTQ23|ans5}}","value":"$EFL_efdata.TED.E1.LISTQ23","ontologyKey":"TED_E1_LISTQ23|yes","index":5,"id":"5"},"time":1262383798370},{"prop":"Expt1_Q4","value":{"name":"{{$EFO_TED_E1_LISTYN|yes}}","ontologyKey":"TED_E1_LISTYN|yes","index":1,"value":false,"id":"incorrect"},"time":1262383820812},{"prop":"Imagine1","value":{"name":"{{$EFO_TED_E1_LISTYN|yes}}","ontologyKey":"TED_E1_LISTYN|yes","index":1,"value":false,"id":"incorrect"},"time":1262383820812},{"prop":"Imagine1_Reason","value":{"name":"{{$EFO_TED_E1_LISTQ56|ans3}}","value":"$EFL_efdata.TED.E1.LISTQ56","ontologyKey":"TED_E1_LISTQ56|yes","index":3,"id":"3"},"time":1262383840791},{"prop":"FFocus:1","value":{"Row-1 Col-3":"Could Not cause","Row-3 Col-3":"Could cause","Row-4 Col-3":"Could cause"},"time":1262383853535},{"prop":"TEDFeatureFocus","value":["Could Not cause","","Could cause","Could cause"],"time":1262383853871},{"prop":"CHG:FFocus:1:Row-1 Col-3","value":"Could Not cause","time":1262383881290},{"prop":"TEDFeatureFocus","value":["Could Not cause","","Could cause","Could cause"],"time":1262383881290},{"prop":"CHG:FFocus:1:Row-3 Col-3","value":"Could cause","time":1262383886046},{"prop":"TEDFeatureFocus","value":["Could Not cause","","Could cause","Could cause"],"time":1262383886046},{"prop":"CHG:FFocus:1:Row-4 Col-3","value":"Could cause","time":1262383888513},{"prop":"TEDFeatureFocus","value":["Could Not cause","","Could cause","Could cause"],"time":1262383888513},{"prop":"FFocus:1_CorrExp:","value":{"Row-3 Col-2":"Smooth","Row-4 Col-2":"High","Row-1 Col-2":"Sugar"},"time":1262383945080},{"prop":"TEDcorrection","value":3,"time":1262383945405},{"prop":"CHG:FFocus:1_CorrExp::Row-3 Col-2","value":"Smooth","time":1262383963766},{"prop":"TEDcorrection","value":2,"time":1262383963767},{"prop":"CHG:FFocus:1_CorrExp::Row-4 Col-2","value":"High","time":1262383966936},{"prop":"TEDcorrection","value":1,"time":1262383966936},{"prop":"CHG:FFocus:1_CorrExp::Row-1 Col-2","value":"Sugar","time":1262383970725},{"prop":"TEDcorrection","value":0,"time":1262383970725},{"prop":"FFocus:1_Explain:","value":{"name":"{{$EFO_TED_E1_LISTQ9|ans1}}","value":"$EFL_efdata.TED.E1.LISTQ9","ontologyKey":"TED_E1_LISTQ9|yes","index":1,"id":"1"},"time":1262383988730},{"prop":"FFocus:1_Explain:","value":{"name":"{{$EFO_TED_E1_LISTQ9|ans2}}","value":"$EFL_efdata.TED.E1.LISTQ9","ontologyKey":"TED_E1_LISTQ9|yes","index":2,"id":"2"},"time":1262383992611},{"prop":"TEDExptNonTarget","value":[1,2,4],"time":1262384024744},{"prop":"TEDExptConfounds","value":[2],"time":1262384024744},{"prop":"TEDExptDifferent","value":[2,3],"time":1262384024744},{"prop":"TEDExptArea","value":{"ontologyKey":"S_A1","index":1},"time":1262384024744},{"prop":"TEDExptTopic","value":{"ontologyKey":"S_A1_T2","index":2},"time":1262384024744},{"prop":"TEDExptVariable","value":{"ontologyKey":"S_A1_T2_V3","index":3},"time":1262384024744},{"prop":"TEDExptRQ","value":{"ontologyKey":"S_A1_T2_RQ3","index":3},"time":1262384024744},{"prop":"TEDExptVarNC1","value":{"ontologyKey":"S_A1_T2_V1","index":1},"time":1262384024744},{"prop":"TEDExptVarNC2","value":{"ontologyKey":"S_A1_T2_V2","index":2},"time":1262384024744},{"prop":"TEDExptVarNC3","value":{"ontologyKey":"S_A1_T2_V4","index":4},"time":1262384024744},{"prop":"TEDExptPOSTSequence","value":[{"ontologyKey":"S_A1_T2_V1","index":1},{"ontologyKey":"S_A1_T2_V2","index":2},{"ontologyKey":"S_A1_T2_V3","index":3},{"ontologyKey":"S_A1_T2_V4","index":4}],"time":1262384024744},{"prop":"TEDExpt1V1","value":{"ontologyKey":"S_A1_T2_V1_A","index":1},"time":1262384024744},{"prop":"TEDExpt2V1","value":{"ontologyKey":"S_A1_T2_V1_A","index":1},"time":1262384024744},{"prop":"TEDExpt1V2","value":{"ontologyKey":"S_A1_T2_V2_A","index":2},"time":1262384024744},{"prop":"TEDExpt2V2","value":{"ontologyKey":"S_A1_T2_V2_A","index":2},"time":1262384024744},{"prop":"TEDExpt1V3","value":{"ontologyKey":"S_A1_T2_V3_A","index":3},"time":1262384024744},{"prop":"TEDExpt2V3","value":{"ontologyKey":"S_A1_T2_V3_A","index":3},"time":1262384024744},{"prop":"TEDExpt1V4","value":{"ontologyKey":"S_A1_T2_V4_A","index":4},"time":1262384024744},{"prop":"TEDExpt2V4","value":{"ontologyKey":"S_A1_T2_V4_A","index":4},"time":1262384024744},{"prop":"TEDExpt2V2","value":{"ontologyKey":"S_A1_T2_V2_B","index":2},"time":1262384024744},{"prop":"TEDExpt2V3","value":{"ontologyKey":"S_A1_T2_V3_B","index":3},"time":1262384024744},{"prop":"TEDExptNC1SameDiff","value":{"ontologyKey":"TED_E1_Q7NC1SAME","value":"same","index":1},"time":1262384024744},{"prop":"TEDExptNC2SameDiff","value":{"ontologyKey":"TED_E1_Q7NC2DIFF","value":"diff","index":2},"time":1262384024744},{"prop":"TEDExptNC1Confound","value":{"ontologyKey":"S_A1_T2_V2","index":2},"time":1262384024744},{"prop":"TEDExptNC3SameDiff","value":{"ontologyKey":"TED_E1_Q7NC3SAME","value":"same","index":4},"time":1262384024744},{"prop":"Expt1_Q1","value":{"name":"{{$EFO_TED_E1_LISTYN|yes}}","ontologyKey":"TED_E1_LISTYN|yes","index":1,"value":false,"id":"incorrect"},"time":1262384098726},{"prop":"Expt2_Q","value":{"name":"{{$EFO_TED_E1_LISTYN|yes}}","ontologyKey":"TED_E1_LISTYN|yes","index":1,"value":false,"id":"incorrect"},"time":1262384098726},{"prop":"Expt2_Reason","value":{"name":"{{$EFO_TED_E1_LISTQ23|ans2}}","value":"$EFL_efdata.TED.E1.LISTQ23","ontologyKey":"TED_E1_LISTQ23|yes","index":2,"id":"2"},"time":1262384111315},{"prop":"Expt1_Q4","value":{"name":"{{$EFO_TED_E1_LISTYN|no}}","ontologyKey":"TED_E1_LISTYN|no","index":2,"value":true,"id":"correct"},"time":1262384182211},{"prop":"Imagine2","value":{"name":"{{$EFO_TED_E1_LISTYN|no}}","ontologyKey":"TED_E1_LISTYN|no","index":2,"value":true,"id":"correct"},"time":1262384182211},{"prop":"Imagine2_Reason","value":{"name":"{{$EFO_TED_E1_LISTQ56|ans1}}","value":"$EFL_efdata.TED.E1.LISTQ56","ontologyKey":"TED_E1_LISTQ56|yes","index":1,"id":"1"},"time":1262384199344},{"prop":"FFocus:2","value":{},"time":1262384212275}],"Expt1_Q1":{"name":"{{$EFO_TED_E1_LISTYN|yes}}","ontologyKey":"TED_E1_LISTYN|yes","index":1,"value":false,"id":"incorrect"},"Expt1_Q":{"name":"{{$EFO_TED_E1_LISTYN|yes}}","ontologyKey":"TED_E1_LISTYN|yes","index":1,"value":false,"id":"incorrect"},"Expt1_Reason":{"name":"{{$EFO_TED_E1_LISTQ23|ans5}}","value":"$EFL_efdata.TED.E1.LISTQ23","ontologyKey":"TED_E1_LISTQ23|yes","index":5,"id":"5"},"Expt1_Q4":{"name":"{{$EFO_TED_E1_LISTYN|no}}","ontologyKey":"TED_E1_LISTYN|no","index":2,"value":true,"id":"correct"},"Imagine1":{"name":"{{$EFO_TED_E1_LISTYN|yes}}","ontologyKey":"TED_E1_LISTYN|yes","index":1,"value":false,"id":"incorrect"},"Imagine1_Reason":{"name":"{{$EFO_TED_E1_LISTQ56|ans3}}","value":"$EFL_efdata.TED.E1.LISTQ56","ontologyKey":"TED_E1_LISTQ56|yes","index":3,"id":"3"},"FFocus:1":{"Row-1 Col-3":"Could Not cause","Row-3 Col-3":"Could cause","Row-4 Col-3":"Could cause"},"TEDFeatureFocus":["Could Not cause","","Could cause","Could cause"],"CHG:FFocus:1:Row-1 Col-3":"Could Not cause","CHG:FFocus:1:Row-3 Col-3":"Could cause","CHG:FFocus:1:Row-4 Col-3":"Could cause","FFocus:1_CorrExp:":{"Row-3 Col-2":"Smooth","Row-4 Col-2":"High","Row-1 Col-2":"Sugar"},"TEDcorrection":0,"CHG:FFocus:1_CorrExp::Row-3 Col-2":"Smooth","CHG:FFocus:1_CorrExp::Row-4 Col-2":"High","CHG:FFocus:1_CorrExp::Row-1 Col-2":"Sugar","FFocus:1_Explain:":{"name":"{{$EFO_TED_E1_LISTQ9|ans2}}","value":"$EFL_efdata.TED.E1.LISTQ9","ontologyKey":"TED_E1_LISTQ9|yes","index":2,"id":"2"},"Expt2_Q":{"name":"{{$EFO_TED_E1_LISTYN|yes}}","ontologyKey":"TED_E1_LISTYN|yes","index":1,"value":false,"id":"incorrect"},"Expt2_Reason":{"name":"{{$EFO_TED_E1_LISTQ23|ans2}}","value":"$EFL_efdata.TED.E1.LISTQ23","ontologyKey":"TED_E1_LISTQ23|yes","index":2,"id":"2"},"Imagine2":{"name":"{{$EFO_TED_E1_LISTYN|no}}","ontologyKey":"TED_E1_LISTYN|no","index":2,"value":true,"id":"correct"},"Imagine2_Reason":{"name":"{{$EFO_TED_E1_LISTQ56|ans1}}","value":"$EFL_efdata.TED.E1.LISTQ56","ontologyKey":"TED_E1_LISTQ56|yes","index":1,"id":"1"},"FFocus:2":{}},"tutor":{"experimentalGroup":{"ontologyKey":"EG_A1"},"$seq":[{"prop":"experimentalGroup.ontologyKey","value":"EG_A1","time":1262383621749}]}}