{"scene":{"SNavigator":{},"SScene3":{"complete":true,"$seq":[{"prop":"complete","value":false,"time":1262383621842},{"prop":"complete","value":true,"time":1262383628874}]},"SScene4":{"complete":true,"$seq":[{"prop":"complete","value":false,"time":1262383630435},{"prop":"complete","value":true,"time":1262383642670}]},"SScene5":{"complete":true,"$seq":[{"prop":"complete","value":false,"time":1262383666443},{"prop":"complete","value":true,"time":1262383672314}]},"SScene6":{"complete":true,"$seq":[{"prop":"complete","value":false,"time":1262383672898},{"prop":"complete","value":true,"time":1262383684803}]},"SScene7":{"complete":true,"$seq":[{"prop":"complete","value":false,"time":1262383685910},{"prop":"complete","value":true,"time":1262383695736}]},"SScene8":{"complete":true,"$seq":[{"prop":"complete","value":false,"time":1262383697613},{"prop":"complete","value":true,"time":1262383746321}]},"SScene9":{"complete":false,"$seq":[{"prop":"complete","value":false,"time":1262383748296},{"prop":"complete","value":true,"time":1262383756408},{"prop":"complete","value":false,"time":1262383757845}]},"SScene11":{"complete":true,"$seq":[{"prop":"complete","value":false,"time":1262383762376},{"prop":"complete","value":true,"time":1262383789088},{"prop":"complete","value":true,"time":1262383795744},{"prop":"complete","value":true,"time":1262383798370}]},"SScene12":{"complete":true,"$seq":[{"prop":"complete","value":false,"time":1262383802243},{"prop":"complete","value":true,"time":1262383809563}]},"SScene12A":{"complete":false,"$seq":[{"prop":"complete","value":false,"time":1262383810531},{"prop":"complete","value":true,"time":1262383820812},{"prop":"complete","value":false,"time":1262383822344}]},"SScene14":{"complete":false,"$seq":[{"prop":"complete","value":false,"time":1262383835011},{"prop":"complete","value":true,"time":1262383840791},{"prop":"complete","value":false,"time":1262383842005}]},"SScene15":{"complete":true,"$seq":[{"prop":"complete","value":false,"time":1262383853535},{"prop":"complete","value":false,"time":1262383881290},{"prop":"complete","value":false,"time":1262383886046},{"prop":"complete","value":true,"time":1262383888513},{"prop":"complete","value":false,"time":1262383890271},{"prop":"complete","value":true,"time":1262383933142}]},"SScene16":{"complete":false,"$seq":[{"prop":"complete","value":false,"time":1262383945080}]}},"module":{"selectedArea":{"ontologyKey":"S_A1|name","index":1},"selectedTopic":{"ontologyKey":"S_A1_T2|name","index":2},"selectedVariable":{"ontologyKey":"S_A1_T2_V1|name","index":1},"selectedRQ":{"ontologyKey":"S_A1_T2_RQ1","index":"1"},"RQconfirmation":"UNKNOWN","TEDExptNonTarget":[1,3,4],"TEDExptConfounds":[3,4,1],"TEDExptDifferent":[3,4,1,2],"TEDExptArea":{"ontologyKey":"S_A1","index":1},"TEDExptTopic":{"ontologyKey":"S_A1_T2","index":2},"TEDExptVariable":{"ontologyKey":"S_A1_T2_V2","index":2},"TEDExptRQ":{"ontologyKey":"S_A1_T2_RQ2","index":2},"TEDExptVarNC1":{"ontologyKey":"S_A1_T2_V1","index":1},"TEDExptVarNC2":{"ontologyKey":"S_A1_T2_V3","index":3},"TEDExptVarNC3":{"ontologyKey":"S_A1_T2_V4","index":4},"TEDExptPOSTSequence":[{"ontologyKey":"S_A1_T2_V1","index":1},{"ontologyKey":"S_A1_T2_V2","index":2},{"ontologyKey":"S_A1_T2_V3","index":3},{"ontologyKey":"S_A1_T2_V4","index":4}],"TEDExpt1V1":{"ontologyKey":"S_A1_T2_V1_A","index":1},"TEDExpt2V1":{"ontologyKey":"S_A1_T2_V1_B","index":1},"TEDExpt1V2":{"ontologyKey":"S_A1_T2_V2_A","index":2},"TEDExpt2V2":{"ontologyKey":"S_A1_T2_V2_B","index":2},"TEDExpt1V3":{"ontologyKey":"S_A1_T2_V3_A","index":3},"TEDExpt2V3":{"ontologyKey":"S_A1_T2_V3_B","index":3},"TEDExpt1V4":{"ontologyKey":"S_A1_T2_V4_A","index":4},"TEDExpt2V4":{"ontologyKey":"S_A1_T2_V4_B","index":4},"TEDExptNC1SameDiff":{"ontologyKey":"TED_E1_Q7NC1DIFF","value":"diff","index":1},"TEDExptNC1Confound":{"ontologyKey":"S_A1_T2_V1","index":1},"TEDExptNC2SameDiff":{"ontologyKey":"TED_E1_Q7NC2DIFF","value":"diff","index":3},"TEDExptNC2Confound":{"ontologyKey":"S_A1_T2_V3","index":3},"TEDExptNC3SameDiff":{"ontologyKey":"TED_E1_Q7NC3DIFF","value":"diff","index":4},"TEDExptNC3Confound":{"ontologyKey":"S_A1_T2_V4","index":4},"differentRow":1,"sameRow1":2,"sameRow2":3,"sameRow3":4,"$seq":[{"prop":"TEDExptNonTarget","value":[1,3,4],"time":1262383621753},{"prop":"TEDExptConfounds","value":[3,4,1],"time":1262383621753},{"prop":"TEDExptDifferent","value":[3,4,1,2],"time":1262383621753},{"prop":"TEDExptArea","value":{"ontologyKey":"S_A1","index":1},"time":1262383621753},{"prop":"TEDExptTopic","value":{"ontologyKey":"S_A1_T2","index":2},"time":1262383621753},{"prop":"TEDExptVariable","value":{"ontologyKey":"S_A1_T2_V2","index":2},"time":1262383621753},{"prop":"TEDExptRQ","value":{"ontologyKey":"S_A1_T2_RQ2","index":2},"time":1262383621753},{"prop":"TEDExptVarNC1","value":{"ontologyKey":"S_A1_T2_V1","index":1},"time":1262383621753},{"prop":"TEDExptVarNC2","value":{"ontologyKey":"S_A1_T2_V3","index":3},"time":1262383621753},{"prop":"TEDExptVarNC3","value":{"ontologyKey":"S_A1_T2_V4","index":4},"time":1262383621753},{"prop":"TEDExptPOSTSequence","value":[{"ontologyKey":"S_A1_T2_V1","index":1},{"ontologyKey":"S_A1_T2_V2","index":2},{"ontologyKey":"S_A1_T2_V3","index":3},{"ontologyKey":"S_A1_T2_V4","index":4}],"time":1262383621753},{"prop":"TEDExpt1V1","value":{"ontologyKey":"S_A1_T2_V1_A","index":1},"time":1262383621753},{"prop":"TEDExpt2V1","value":{"ontologyKey":"S_A1_T2_V1_A","index":1},"time":1262383621753},{"prop":"TEDExpt1V2","value":{"ontologyKey":"S_A1_T2_V2_A","index":2},"time":1262383621753},{"prop":"TEDExpt2V2","value":{"ontologyKey":"S_A1_T2_V2_A","index":2},"time":1262383621754},{"prop":"TEDExpt1V3","value":{"ontologyKey":"S_A1_T2_V3_A","index":3},"time":1262383621754},{"prop":"TEDExpt2V3","value":{"ontologyKey":"S_A1_T2_V3_A","index":3},"time":1262383621754},{"prop":"TEDExpt1V4","value":{"ontologyKey":"S_A1_T2_V4_A","index":4},"time":1262383621754},{"prop":"TEDExpt2V4","value":{"ontologyKey":"S_A1_T2_V4_A","index":4},"time":1262383621754},{"prop":"TEDExpt2V3","value":{"ontologyKey":"S_A1_T2_V3_B","index":3},"time":1262383621754},{"prop":"TEDExpt2V4","value":{"ontologyKey":"S_A1_T2_V4_B","index":4},"time":1262383621754},{"prop":"TEDExpt2V1","value":{"ontologyKey":"S_A1_T2_V1_B","index":1},"time":1262383621754},{"prop":"TEDExpt2V2","value":{"ontologyKey":"S_A1_T2_V2_B","index":2},"time":1262383621754},{"prop":"TEDExptNC1SameDiff","value":{"ontologyKey":"TED_E1_Q7NC1DIFF","value":"diff","index":1},"time":1262383621754},{"prop":"TEDExptNC1Confound","value":{"ontologyKey":"S_A1_T2_V1","index":1},"time":1262383621754},{"prop":"TEDExptNC2SameDiff","value":{"ontologyKey":"TED_E1_Q7NC2DIFF","value":"diff","index":3},"time":1262383621754},{"prop":"TEDExptNC2Confound","value":{"ontologyKey":"S_A1_T2_V3","index":3},"time":1262383621754},{"prop":"TEDExptNC3SameDiff","value":{"ontologyKey":"TED_E1_Q7NC3DIFF","value":"diff","index":4},"time":1262383621754},{"prop":"TEDExptNC3Confound","value":{"ontologyKey":"S_A1_T2_V4","index":4},"time":1262383621754},{"prop":"Expt1_Q1","value":{"name":"{{$EFO_TED_E1_LISTYN|yes}}","ontologyKey":"TED_E1_LISTYN|yes","index":1,"value":false,"id":"incorrect"},"time":1262383756407},{"prop":"Expt1_Q","value":{"name":"{{$EFO_TED_E1_LISTYN|yes}}","ontologyKey":"TED_E1_LISTYN|yes","index":1,"value":false,"id":"incorrect"},"time":1262383756408},{"prop":"Expt1_Reason","value":{"name":"{{$EFO_TED_E1_LISTQ23|ans6}}","value":"$EFL_efdata.TED.E1.LISTQ23","ontologyKey":"TED_E1_LISTQ23|yes","index":6,"id":"6"},"time":1262383789088},{"prop":"Expt1_Reason","value":{"name":"{{$EFO_TED_E1_LISTQ23|ans6}}","value":"$EFL_efdata.TED.E1.LISTQ23","ontologyKey":"TED_E1_LISTQ23|yes","index":6,"id":"6"},"time":1262383795744},{"prop":"Expt1_Reason","value":{"name":"{{$EFO_TED_E1_LISTQ23|ans5}}","value":"$EFL_efdata.TED.E1.LISTQ23","ontologyKey":"TED_E1_LISTQ23|yes","index":5,"id":"5"},"time":1262383798370},{"prop":"Expt1_Q4","value":{"name":"{{$EFO_TED_E1_LISTYN|yes}}","ontologyKey":"TED_E1_LISTYN|yes","index":1,"value":false,"id":"incorrect"},"time":1262383820812},{"prop":"Imagine1","value":{"name":"{{$EFO_TED_E1_LISTYN|yes}}","ontologyKey":"TED_E1_LISTYN|yes","index":1,"value":false,"id":"incorrect"},"time":1262383820812},{"prop":"Imagine1_Reason","value":{"name":"{{$EFO_TED_E1_LISTQ56|ans3}}","value":"$EFL_efdata.TED.E1.LISTQ56","ontologyKey":"TED_E1_LISTQ56|yes","index":3,"id":"3"},"time":1262383840791},{"prop":"FFocus:1","value":{"Row-1 Col-3":"Could Not cause","Row-3 Col-3":"Could cause","Row-4 Col-3":"Could cause"},"time":1262383853535},{"prop":"TEDFeatureFocus","value":["Could Not cause","","Could cause","Could cause"],"time":1262383853871},{"prop":"CHG:FFocus:1:Row-1 Col-3","value":"Could Not cause","time":1262383881290},{"prop":"TEDFeatureFocus","value":["Could Not cause","","Could cause","Could cause"],"time":1262383881290},{"prop":"CHG:FFocus:1:Row-3 Col-3","value":"Could cause","time":1262383886046},{"prop":"TEDFeatureFocus","value":["Could Not cause","","Could cause","Could cause"],"time":1262383886046},{"prop":"CHG:FFocus:1:Row-4 Col-3","value":"Could cause","time":1262383888513},{"prop":"TEDFeatureFocus","value":["Could Not cause","","Could cause","Could cause"],"time":1262383888513},{"prop":"FFocus:1_CorrExp:","value":{},"time":1262383945080}],"Expt1_Q1":{"name":"{{$EFO_TED_E1_LISTYN|yes}}","ontologyKey":"TED_E1_LISTYN|yes","index":1,"value":false,"id":"incorrect"},"Expt1_Q":{"name":"{{$EFO_TED_E1_LISTYN|yes}}","ontologyKey":"TED_E1_LISTYN|yes","index":1,"value":false,"id":"incorrect"},"Expt1_Reason":{"name":"{{$EFO_TED_E1_LISTQ23|ans5}}","value":"$EFL_efdata.TED.E1.LISTQ23","ontologyKey":"TED_E1_LISTQ23|yes","index":5,"id":"5"},"Expt1_Q4":{"name":"{{$EFO_TED_E1_LISTYN|yes}}","ontologyKey":"TED_E1_LISTYN|yes","index":1,"value":false,"id":"incorrect"},"Imagine1":{"name":"{{$EFO_TED_E1_LISTYN|yes}}","ontologyKey":"TED_E1_LISTYN|yes","index":1,"value":false,"id":"incorrect"},"Imagine1_Reason":{"name":"{{$EFO_TED_E1_LISTQ56|ans3}}","value":"$EFL_efdata.TED.E1.LISTQ56","ontologyKey":"TED_E1_LISTQ56|yes","index":3,"id":"3"},"FFocus:1":{"Row-1 Col-3":"Could Not cause","Row-3 Col-3":"Could cause","Row-4 Col-3":"Could cause"},"TEDFeatureFocus":["Could Not cause","","Could cause","Could cause"],"CHG:FFocus:1:Row-1 Col-3":"Could Not cause","CHG:FFocus:1:Row-3 Col-3":"Could cause","CHG:FFocus:1:Row-4 Col-3":"Could cause","FFocus:1_CorrExp:":{}},"tutor":{"experimentalGroup":{"ontologyKey":"EG_A1"},"$seq":[{"prop":"experimentalGroup.ontologyKey","value":"EG_A1","time":1262383621749}]}}