{"scene":{"SNavigator":{},"SScene1":{"complete":true,"$seq":[{"prop":"complete","value":false,"time":1543844484102},{"prop":"complete","value":true,"time":1543844536507}]},"SScene2":{"AreaSelected":true,"$seq":[{"prop":"AreaSelected","value":false,"time":1543844539802},{"prop":"AreaSelected","value":true,"time":1543844597444},{"prop":"Area Name:heat and temperature","time":1543844597445},{"prop":"Area Index:2","time":1543844597445}]},"SScene3":{"TopicSelected":true,"$seq":[{"prop":"TopicSelected","value":false,"time":1543844600463},{"prop":"TopicSelected","value":true,"time":1543844609211},{"prop":"Topic Index:2","time":1543844609212}]},"SScene4":{"complete":true,"$seq":[{"prop":"complete","value":false,"time":1543844609562},{"prop":"complete","value":true,"time":1543844630235}]},"SScene5":{"complete":true,"$seq":[{"prop":"complete","value":false,"time":1543844632663},{"prop":"complete","value":true,"time":1543844637288}]},"SScene5a":{"complete":true,"$seq":[{"prop":"complete","value":false,"time":1543844639202},{"prop":"complete","value":true,"time":1543844661010}]},"SScene6a":{},"SScene6b":{},"SScene6c":{},"SScene6d":{},"SScene6e":{},"SScene7":{"complete":true,"$seq":[{"prop":"complete","value":false,"time":1543844684917},{"prop":"complete","value":true,"time":1543844705726}]},"SScene8":{"complete":true,"$seq":[{"prop":"complete","value":false,"time":1543844711332},{"prop":"complete","value":true,"time":1543844754846}]},"SScene9":{"RQSelected":true,"$seq":[{"prop":"RQSelected","value":false,"time":1543844756150},{"prop":"RQSelected","value":true,"time":1543844762054},{"prop":"Variable Index:3","time":1543844762055}]},"SScene10":{"RQconfirmed":true,"$seq":[{"prop":"RQconfirmed","value":false,"time":1543844762195},{"prop":"RQconfirmed","value":true,"time":1543844777641}]},"SScene11":{"RQconfirmed":false,"$seq":[{"prop":"RQconfirmed","value":false,"time":1543844777774},{"prop":"complete","value":true,"time":1543844787553}],"complete":true},"SSceneEnd":{"complete":false,"$seq":[{"prop":"complete","value":false,"time":1543844789098}]}},"module":{"selectedArea":{"ontologyKey":"S_A2|name","index":2},"$seq":[{"prop":"selectedArea.ontologyKey","value":"S_A2|name","time":1543844597444},{"prop":"selectedArea.index","value":2,"time":1543844597444},{"prop":"selectedTopic.ontologyKey","value":"S_A2_T2|name","time":1543844609211},{"prop":"selectedTopic.index","value":2,"time":1543844609211},{"prop":"selectedVariable.ontologyKey","value":"S_A2_T2_V3|name","time":1543844762055},{"prop":"selectedVariable.index","value":3,"time":1543844762055},{"prop":"selectedRQ","value":{"ontologyKey":"S_A2_T2_RQ3","index":"3"},"time":1543844762055},{"prop":"RQconfirmation","value":"UNKNOWN","time":1543844762195},{"prop":"RQconfirmation","value":"OK","time":1543844777641},{"prop":"RQconfirmation","value":"UNKNOWN","time":1543844777774}],"selectedTopic":{"ontologyKey":"S_A2_T2|name","index":2},"selectedVariable":{"ontologyKey":"S_A2_T2_V3|name","index":3},"selectedRQ":{"ontologyKey":"S_A2_T2_RQ3","index":"3"},"RQconfirmation":"UNKNOWN"},"tutor":{"experimentalGroup":{"ontologyKey":"EG_A1"},"$seq":[{"prop":"experimentalGroup.ontologyKey","value":"EG_A1","time":1543844483999}]}}