{"scene":{"SNavigator":{},"SScene1":{"complete":true,"$seq":[{"prop":"complete","value":false,"time":1543844484102},{"prop":"complete","value":true,"time":1543844536507}]},"SScene2":{"AreaSelected":true,"$seq":[{"prop":"AreaSelected","value":false,"time":1543844539802},{"prop":"AreaSelected","value":true,"time":1543844597444},{"prop":"Area Name:heat and temperature","time":1543844597445},{"prop":"Area Index:2","time":1543844597445}]},"SScene3":{"TopicSelected":true,"$seq":[{"prop":"TopicSelected","value":false,"time":1543844600463},{"prop":"TopicSelected","value":true,"time":1543844609211},{"prop":"Topic Index:2","time":1543844609212}]},"SScene4":{"complete":true,"$seq":[{"prop":"complete","value":false,"time":1543844609562},{"prop":"complete","value":true,"time":1543844630235}]},"SScene5":{"complete":false,"$seq":[{"prop":"complete","value":false,"time":1543844632663}]}},"module":{"selectedArea":{"ontologyKey":"S_A2|name","index":2},"$seq":[{"prop":"selectedArea.ontologyKey","value":"S_A2|name","time":1543844597444},{"prop":"selectedArea.index","value":2,"time":1543844597444},{"prop":"selectedTopic.ontologyKey","value":"S_A2_T2|name","time":1543844609211},{"prop":"selectedTopic.index","value":2,"time":1543844609211}],"selectedTopic":{"ontologyKey":"S_A2_T2|name","index":2}},"tutor":{"experimentalGroup":{"ontologyKey":"EG_A1"},"$seq":[{"prop":"experimentalGroup.ontologyKey","value":"EG_A1","time":1543844483999}]}}