{"scene":{"SNavigator":{},"SSceneBL":{"complete":true,"$seq":[{"prop":"complete","value":false,"time":1543847117529},{"prop":"complete","value":true,"time":1543847126251}]},"SScene4":{"complete":true,"$seq":[{"prop":"complete","value":false,"time":1543847127673},{"prop":"complete","value":true,"time":1543847148634}]},"SScene5":{"complete":true,"$seq":[{"prop":"complete","value":false,"time":1543847149914},{"prop":"complete","value":true,"time":1543847154530}]},"SScene5a":{"complete":true,"$seq":[{"prop":"complete","value":false,"time":1543847156774},{"prop":"complete","value":true,"time":1543847168345}]},"SScene6a":{},"SScene6b":{},"SScene6c":{},"SScene7":{"complete":true,"$seq":[{"prop":"complete","value":false,"time":1543847182972},{"prop":"complete","value":true,"time":1543847204549}]},"SScene8":{"complete":false,"$seq":[{"prop":"complete","value":false,"time":1543847208986}]}},"module":{"selectedArea":{"ontologyKey":"S_A1|name","index":1},"$seq":[{"prop":"selectedArea","value":{"ontologyKey":"S_A1|name","index":1},"time":1543847117467},{"prop":"selectedTopic","value":{"ontologyKey":"S_A1_T2|name","index":2},"time":1543847117467},{"prop":"selectedVariable","value":{"ontologyKey":"S_A1_T2_V4|name","index":4},"time":1543847117467},{"prop":"selectedRQ","value":{"ontologyKey":"S_A1_T2_RQ4"},"time":1543847117467},{"prop":"AreaSelectedID","value":"Sarea1|Sselected","time":1543847117467},{"prop":"AreaButtonID","value":"Sbutton1","time":1543847117467},{"prop":"TopicSelectedID","value":"Stopic2|Sselected","time":1543847117467},{"prop":"TopicButtonID","value":"Sbutton2","time":1543847117467},{"prop":"VariableHighlightID","value":"SbuttonHL4","time":1543847117467},{"prop":"VariableClickMaskID","value":"SclickMask4","time":1543847117467}],"selectedTopic":{"ontologyKey":"S_A1_T2|name","index":2},"selectedVariable":{"ontologyKey":"S_A1_T2_V4|name","index":4},"selectedRQ":{"ontologyKey":"S_A1_T2_RQ4"},"AreaSelectedID":"Sarea1|Sselected","AreaButtonID":"Sbutton1","TopicSelectedID":"Stopic2|Sselected","TopicButtonID":"Sbutton2","VariableHighlightID":"SbuttonHL4","VariableClickMaskID":"SclickMask4"},"tutor":{"experimentalGroup":{"ontologyKey":"EG_A3"},"$seq":[{"prop":"experimentalGroup.ontologyKey","value":"EG_A3","time":1543847117467}]}}