{"scene":{"SNavigator":{},"SIntro":{"complete":false,"$seq":[{"prop":"complete","value":false,"time":1276457793377}]},"SScene1":{"complete":true,"$seq":[{"prop":"complete","value":false,"time":1276457807862},{"prop":"Sg1","value":"true","time":1276457841160},{"prop":"DR1:Sg1","value":"ans1","time":1276457841160},{"prop":"complete","value":true,"time":1276457841161},{"prop":"Sg1","value":"true","time":1276457841163},{"prop":"complete","value":true,"time":1276457841163}],"Sg1":"true","DR1:Sg1":"ans1"},"SScene2":{"complete":false,"$seq":[{"prop":"complete","value":false,"time":1276457842358}]}},"module":{},"tutor":{}}