{"scene":{"SNavigator":{},"SIntro":{"complete":false,"$seq":[{"prop":"complete","value":false,"time":1276457793377}]},"SScene1":{"complete":true,"$seq":[{"prop":"complete","value":false,"time":1276457807862},{"prop":"Sg1","value":"true","time":1276457841160},{"prop":"DR1:Sg1","value":"ans1","time":1276457841160},{"prop":"complete","value":true,"time":1276457841161},{"prop":"Sg1","value":"true","time":1276457841163},{"prop":"complete","value":true,"time":1276457841163}],"Sg1":"true","DR1:Sg1":"ans1"},"SScene2":{"complete":true,"$seq":[{"prop":"complete","value":false,"time":1276457842358},{"prop":"Sg1","value":"true","time":1276457910081},{"prop":"DR2:Sg1","value":"ans1","time":1276457910081},{"prop":"complete","value":true,"time":1276457910081},{"prop":"Sg1","value":"true","time":1276457910082},{"prop":"complete","value":true,"time":1276457910082}],"Sg1":"true","DR2:Sg1":"ans1"},"SScene3":{"complete":true,"$seq":[{"prop":"complete","value":false,"time":1276457911384},{"prop":"Sg1","value":"true","time":1276457987616},{"prop":"DR3:Sg1","value":"ans4","time":1276457987616},{"prop":"complete","value":true,"time":1276457987616},{"prop":"Sg1","value":"true","time":1276457987618},{"prop":"complete","value":true,"time":1276457987618}],"Sg1":"true","DR3:Sg1":"ans4"},"SScene4":{"complete":true,"$seq":[{"prop":"complete","value":false,"time":1276457988713},{"prop":"Sg1","value":"true","time":1276458030275},{"prop":"DR4:Sg1","value":"ans1","time":1276458030275},{"prop":"complete","value":true,"time":1276458030275},{"prop":"Sg1","value":"true","time":1276458030276},{"prop":"complete","value":true,"time":1276458030276}],"Sg1":"true","DR4:Sg1":"ans1"},"SSubmit":{"complete":false,"$seq":[{"prop":"complete","value":false,"time":1276458031480}]}},"module":{},"tutor":{}}