{"scene":{"SNavigator":{},"SMatsIntro":{"complete":true,"$seq":[{"prop":"complete","value":false,"time":1263928197528},{"prop":"complete","value":true,"time":1263928211304}]},"SMatsPre1":{"complete":true,"$seq":[{"prop":"complete","value":false,"time":1263928215360},{"prop":"Sg1","value":"true","time":1263928224033},{"prop":"PreTest:Sg1","value":"b4","time":1263928224033},{"prop":"complete","value":false,"time":1263928224034},{"prop":"Sg1","value":"true","time":1263928224035},{"prop":"complete","value":false,"time":1263928224035},{"prop":"Sg2","value":"true","time":1263928226540},{"prop":"PreTest:Sg2","value":"b5","time":1263928226540},{"prop":"complete","value":false,"time":1263928226540},{"prop":"Sg2","value":"true","time":1263928226541},{"prop":"complete","value":false,"time":1263928226541},{"prop":"Sg3","value":"true","time":1263928228682},{"prop":"PreTest:Sg3","value":"b2","time":1263928228683},{"prop":"complete","value":false,"time":1263928228683},{"prop":"Sg3","value":"true","time":1263928228683},{"prop":"complete","value":false,"time":1263928228683},{"prop":"Sg4","value":"true","time":1263928230306},{"prop":"PreTest:Sg4","value":"b4","time":1263928230306},{"prop":"complete","value":true,"time":1263928230306},{"prop":"Sg4","value":"true","time":1263928230307},{"prop":"complete","value":true,"time":1263928230307}],"Sg1":"true","PreTest:Sg1":"b4","Sg2":"true","PreTest:Sg2":"b5","Sg3":"true","PreTest:Sg3":"b2","Sg4":"true","PreTest:Sg4":"b4"},"SMatsPre2":{"complete":true,"$seq":[{"prop":"complete","value":false,"time":1263928232012},{"prop":"Sg1","value":"true","time":1263928235279},{"prop":"PreTest:Sg1","value":"b2","time":1263928235279},{"prop":"complete","value":false,"time":1263928235279},{"prop":"Sg1","value":"true","time":1263928235280},{"prop":"complete","value":false,"time":1263928235280},{"prop":"Sg2","value":"true","time":1263928237663},{"prop":"PreTest:Sg2","value":"b4","time":1263928237663},{"prop":"complete","value":false,"time":1263928237663},{"prop":"Sg2","value":"true","time":1263928237663},{"prop":"complete","value":false,"time":1263928237663},{"prop":"Sg3","value":"true","time":1263928239531},{"prop":"PreTest:Sg3","value":"b4","time":1263928239531},{"prop":"complete","value":false,"time":1263928239531},{"prop":"Sg3","value":"true","time":1263928239533},{"prop":"complete","value":false,"time":1263928239533},{"prop":"Sg4","value":"true","time":1263928241731},{"prop":"PreTest:Sg4","value":"b2","time":1263928241731},{"prop":"complete","value":true,"time":1263928241731},{"prop":"Sg4","value":"true","time":1263928241731},{"prop":"complete","value":true,"time":1263928241731}],"Sg1":"true","PreTest:Sg1":"b2","Sg2":"true","PreTest:Sg2":"b4","Sg3":"true","PreTest:Sg3":"b4","Sg4":"true","PreTest:Sg4":"b2"}},"module":{},"tutor":{}}