{"scene":{"SNavigator":{},"SMatsIntro":{"complete":true,"$seq":[{"prop":"complete","value":false,"time":1557761816198},{"prop":"complete","value":true,"time":1557761829509}]},"SMatsPre1":{"complete":true,"$seq":[{"prop":"complete","value":false,"time":1557761830995},{"prop":"Sg1","value":"true","time":1557761838962},{"prop":"PreTest:Sg1","value":"b4","time":1557761838962},{"prop":"complete","value":false,"time":1557761838962},{"prop":"Sg1","value":"true","time":1557761838963},{"prop":"complete","value":false,"time":1557761838963},{"prop":"Sg2","value":"true","time":1557761850796},{"prop":"PreTest:Sg2","value":"b3","time":1557761850796},{"prop":"complete","value":false,"time":1557761850796},{"prop":"Sg2","value":"true","time":1557761850797},{"prop":"complete","value":false,"time":1557761850797},{"prop":"Sg3","value":"true","time":1557761858618},{"prop":"PreTest:Sg3","value":"b1","time":1557761858618},{"prop":"complete","value":false,"time":1557761858618},{"prop":"Sg3","value":"true","time":1557761858619},{"prop":"complete","value":false,"time":1557761858619},{"prop":"Sg3","value":"true","time":1557761859041},{"prop":"PreTest:Sg3","value":"b1","time":1557761859042},{"prop":"complete","value":false,"time":1557761859042},{"prop":"Sg3","value":"true","time":1557761859042},{"prop":"complete","value":false,"time":1557761859042},{"prop":"Sg4","value":"true","time":1557761862974},{"prop":"PreTest:Sg4","value":"b5","time":1557761862974},{"prop":"complete","value":true,"time":1557761862974},{"prop":"Sg4","value":"true","time":1557761862975},{"prop":"complete","value":true,"time":1557761862975}],"Sg1":"true","PreTest:Sg1":"b4","Sg2":"true","PreTest:Sg2":"b3","Sg3":"true","PreTest:Sg3":"b1","Sg4":"true","PreTest:Sg4":"b5"},"SMatsPre2":{"complete":true,"$seq":[{"prop":"complete","value":false,"time":1557761864489},{"prop":"Sg1","value":"true","time":1557761873751},{"prop":"PreTest:Sg1","value":"b1","time":1557761873751},{"prop":"complete","value":false,"time":1557761873751},{"prop":"Sg1","value":"true","time":1557761873752},{"prop":"complete","value":false,"time":1557761873752},{"prop":"Sg2","value":"true","time":1557761877683},{"prop":"PreTest:Sg2","value":"b4","time":1557761877683},{"prop":"complete","value":false,"time":1557761877683},{"prop":"Sg2","value":"true","time":1557761877683},{"prop":"complete","value":false,"time":1557761877684},{"prop":"Sg3","value":"true","time":1557761885950},{"prop":"PreTest:Sg3","value":"b4","time":1557761885950},{"prop":"complete","value":false,"time":1557761885950},{"prop":"Sg3","value":"true","time":1557761885950},{"prop":"complete","value":false,"time":1557761885950},{"prop":"Sg4","value":"true","time":1557761893057},{"prop":"PreTest:Sg4","value":"b3","time":1557761893057},{"prop":"complete","value":true,"time":1557761893057},{"prop":"Sg4","value":"true","time":1557761893057},{"prop":"complete","value":true,"time":1557761893057}],"Sg1":"true","PreTest:Sg1":"b1","Sg2":"true","PreTest:Sg2":"b4","Sg3":"true","PreTest:Sg3":"b4","Sg4":"true","PreTest:Sg4":"b3"},"SMatsPre3":{"complete":true,"$seq":[{"prop":"complete","value":false,"time":1557761893993},{"prop":"Sg1","value":"true","time":1557761902821},{"prop":"PreTest:Sg1","value":"b5","time":1557761902821},{"prop":"complete","value":false,"time":1557761902821},{"prop":"Sg1","value":"true","time":1557761902821},{"prop":"complete","value":false,"time":1557761902821},{"prop":"Sg2","value":"true","time":1557761905649},{"prop":"PreTest:Sg2","value":"b4","time":1557761905649},{"prop":"complete","value":false,"time":1557761905649},{"prop":"Sg2","value":"true","time":1557761905649},{"prop":"complete","value":false,"time":1557761905649},{"prop":"Sg3","value":"true","time":1557761912815},{"prop":"PreTest:Sg3","value":"b4","time":1557761912815},{"prop":"complete","value":false,"time":1557761912815},{"prop":"Sg3","value":"true","time":1557761912816},{"prop":"complete","value":false,"time":1557761912816},{"prop":"Sg3","value":"true","time":1557761913998},{"prop":"PreTest:Sg3","value":"b5","time":1557761913998},{"prop":"complete","value":false,"time":1557761913998},{"prop":"Sg3","value":"true","time":1557761913998},{"prop":"complete","value":false,"time":1557761913998},{"prop":"Sg4","value":"true","time":1557761920679},{"prop":"PreTest:Sg4","value":"b4","time":1557761920679},{"prop":"complete","value":true,"time":1557761920679},{"prop":"Sg4","value":"true","time":1557761920679},{"prop":"complete","value":true,"time":1557761920679}],"Sg1":"true","PreTest:Sg1":"b5","Sg2":"true","PreTest:Sg2":"b4","Sg3":"true","PreTest:Sg3":"b5","Sg4":"true","PreTest:Sg4":"b4"},"SMatsPre4":{"complete":false,"$seq":[{"prop":"complete","value":false,"time":1557761921450}]}},"module":{},"tutor":{}}