{"scene":{"SNavigator":{},"SSceneBL":{"complete":true,"$seq":[{"prop":"complete","value":false,"time":1543848347189},{"prop":"complete","value":true,"time":1543848355994}]},"SScene4":{"complete":true,"$seq":[{"prop":"complete","value":false,"time":1543848359564},{"prop":"complete","value":true,"time":1543848380327}]},"SScene5":{"complete":true,"$seq":[{"prop":"complete","value":false,"time":1543848381199},{"prop":"complete","value":true,"time":1543848385857}]},"SScene5a":{"complete":true,"$seq":[{"prop":"complete","value":false,"time":1543848391295},{"prop":"complete","value":true,"time":1543848402816}]},"SScene6a":{},"SScene6b":{},"SScene6c":{},"SScene7":{"complete":true,"$seq":[{"prop":"complete","value":false,"time":1543848417217},{"prop":"complete","value":true,"time":1543848463107}]},"SScene8":{"complete":true,"$seq":[{"prop":"complete","value":false,"time":1543848465295},{"prop":"complete","value":true,"time":1543848507452}]},"SScene11":{"RQconfirmed":false,"$seq":[{"prop":"RQconfirmed","value":false,"time":1543848508480}]}},"module":{"selectedArea":{"ontologyKey":"S_A1|name","index":1},"$seq":[{"prop":"selectedArea","value":{"ontologyKey":"S_A1|name","index":1},"time":1543848347128},{"prop":"selectedTopic","value":{"ontologyKey":"S_A1_T2|name","index":2},"time":1543848347128},{"prop":"selectedVariable","value":{"ontologyKey":"S_A1_T2_V4|name","index":4},"time":1543848347128},{"prop":"selectedRQ","value":{"ontologyKey":"S_A1_T2_RQ4"},"time":1543848347128},{"prop":"AreaSelectedID","value":"Sarea1|Sselected","time":1543848347129},{"prop":"AreaButtonID","value":"Sbutton1","time":1543848347129},{"prop":"TopicSelectedID","value":"Stopic2|Sselected","time":1543848347129},{"prop":"TopicButtonID","value":"Sbutton2","time":1543848347129},{"prop":"VariableHighlightID","value":"SbuttonHL4","time":1543848347129},{"prop":"VariableClickMaskID","value":"SclickMask4","time":1543848347129},{"prop":"RQconfirmation","value":"UNKNOWN","time":1543848508480}],"selectedTopic":{"ontologyKey":"S_A1_T2|name","index":2},"selectedVariable":{"ontologyKey":"S_A1_T2_V4|name","index":4},"selectedRQ":{"ontologyKey":"S_A1_T2_RQ4"},"AreaSelectedID":"Sarea1|Sselected","AreaButtonID":"Sbutton1","TopicSelectedID":"Stopic2|Sselected","TopicButtonID":"Sbutton2","VariableHighlightID":"SbuttonHL4","VariableClickMaskID":"SclickMask4","RQconfirmation":"UNKNOWN"},"tutor":{"experimentalGroup":{"ontologyKey":"EG_A3"},"$seq":[{"prop":"experimentalGroup.ontologyKey","value":"EG_A3","time":1543848347128}]}}