{"scene":{"SNavigator":{},"SMatsIntro":{"complete":true,"$seq":[{"prop":"complete","value":false,"time":1262383747934},{"prop":"complete","value":true,"time":1262383761760}]},"SMatsPre1":{"complete":true,"$seq":[{"prop":"complete","value":false,"time":1262383765746},{"prop":"Sg1","value":"true","time":1262383772099},{"prop":"PreTest:Sg1","value":"b4","time":1262383772099},{"prop":"complete","value":false,"time":1262383772099},{"prop":"Sg1","value":"true","time":1262383772101},{"prop":"complete","value":false,"time":1262383772101},{"prop":"Sg2","value":"true","time":1262383778099},{"prop":"PreTest:Sg2","value":"b4","time":1262383778099},{"prop":"complete","value":false,"time":1262383778099},{"prop":"Sg2","value":"true","time":1262383778100},{"prop":"complete","value":false,"time":1262383778100},{"prop":"Sg2","value":"true","time":1262383779579},{"prop":"PreTest:Sg2","value":"b3","time":1262383779579},{"prop":"complete","value":false,"time":1262383779579},{"prop":"Sg2","value":"true","time":1262383779579},{"prop":"complete","value":false,"time":1262383779579},{"prop":"Sg3","value":"true","time":1262383788523},{"prop":"PreTest:Sg3","value":"b2","time":1262383788523},{"prop":"complete","value":false,"time":1262383788523},{"prop":"Sg3","value":"true","time":1262383788524},{"prop":"complete","value":false,"time":1262383788524},{"prop":"Sg4","value":"true","time":1262383793995},{"prop":"PreTest:Sg4","value":"b4","time":1262383793995},{"prop":"complete","value":true,"time":1262383793995},{"prop":"Sg4","value":"true","time":1262383793995},{"prop":"complete","value":true,"time":1262383793995}],"Sg1":"true","PreTest:Sg1":"b4","Sg2":"true","PreTest:Sg2":"b3","Sg3":"true","PreTest:Sg3":"b2","Sg4":"true","PreTest:Sg4":"b4"},"SMatsPre2":{"complete":true,"$seq":[{"prop":"complete","value":false,"time":1262383795071},{"prop":"Sg1","value":"true","time":1262383802829},{"prop":"PreTest:Sg1","value":"b1","time":1262383802829},{"prop":"complete","value":false,"time":1262383802829},{"prop":"Sg1","value":"true","time":1262383802830},{"prop":"complete","value":false,"time":1262383802830},{"prop":"Sg2","value":"true","time":1262383809993},{"prop":"PreTest:Sg2","value":"b4","time":1262383809993},{"prop":"complete","value":false,"time":1262383809993},{"prop":"Sg2","value":"true","time":1262383809993},{"prop":"complete","value":false,"time":1262383809993},{"prop":"Sg3","value":"true","time":1262383819338},{"prop":"PreTest:Sg3","value":"b4","time":1262383819338},{"prop":"complete","value":false,"time":1262383819338},{"prop":"Sg3","value":"true","time":1262383819339},{"prop":"complete","value":false,"time":1262383819339},{"prop":"Sg4","value":"true","time":1262383833648},{"prop":"PreTest:Sg4","value":"b3","time":1262383833648},{"prop":"complete","value":true,"time":1262383833648},{"prop":"Sg4","value":"true","time":1262383833648},{"prop":"complete","value":true,"time":1262383833648}],"Sg1":"true","PreTest:Sg1":"b1","Sg2":"true","PreTest:Sg2":"b4","Sg3":"true","PreTest:Sg3":"b4","Sg4":"true","PreTest:Sg4":"b3"},"SMatsPre3":{"complete":false,"$seq":[{"prop":"complete","value":false,"time":1262383834730}]}},"module":{},"tutor":{}}