{"scene":{"SNavigator":{},"SIntro":{"complete":false,"$seq":[{"prop":"complete","value":false,"time":1263783384954}]},"SScene1":{"complete":true,"$seq":[{"prop":"complete","value":false,"time":1263783399276},{"prop":"Sg1","value":"true","time":1263783429123},{"prop":"DR1:Sg1","value":"ans1","time":1263783429123},{"prop":"complete","value":true,"time":1263783429124},{"prop":"Sg1","value":"true","time":1263783429126},{"prop":"complete","value":true,"time":1263783429126}],"Sg1":"true","DR1:Sg1":"ans1"},"SScene2":{"complete":true,"$seq":[{"prop":"complete","value":false,"time":1263783432633},{"prop":"Sg1","value":"true","time":1263783462334},{"prop":"DR2:Sg1","value":"ans1","time":1263783462334},{"prop":"complete","value":true,"time":1263783462334},{"prop":"Sg1","value":"true","time":1263783462335},{"prop":"complete","value":true,"time":1263783462335}],"Sg1":"true","DR2:Sg1":"ans1"},"SScene3":{"complete":false,"$seq":[{"prop":"complete","value":false,"time":1263783463125}]}},"module":{},"tutor":{}}