{"scene":{"SNavigator":{},"SIntro":{"complete":false,"$seq":[{"prop":"complete","value":false,"time":1556110867110}]},"SScene1":{"complete":true,"$seq":[{"prop":"complete","value":false,"time":1556110881940},{"prop":"Sg1","value":"true","time":1556110911737},{"prop":"DR1:Sg1","value":"ans1","time":1556110911737},{"prop":"complete","value":true,"time":1556110911737},{"prop":"Sg1","value":"true","time":1556110911739},{"prop":"complete","value":true,"time":1556110911739},{"prop":"Sg1","value":"true","time":1556110914721},{"prop":"DR1:Sg1","value":"ans2","time":1556110914721},{"prop":"complete","value":true,"time":1556110914721},{"prop":"Sg1","value":"true","time":1556110914721},{"prop":"complete","value":true,"time":1556110914721}],"Sg1":"true","DR1:Sg1":"ans2"},"SScene2":{"complete":true,"$seq":[{"prop":"complete","value":false,"time":1556110917273},{"prop":"Sg1","value":"true","time":1556110958789},{"prop":"DR2:Sg1","value":"ans1","time":1556110958789},{"prop":"complete","value":true,"time":1556110958789},{"prop":"Sg1","value":"true","time":1556110958789},{"prop":"complete","value":true,"time":1556110958789}],"Sg1":"true","DR2:Sg1":"ans1"},"SScene3":{"complete":true,"$seq":[{"prop":"complete","value":false,"time":1556110959877},{"prop":"Sg1","value":"true","time":1556110990180},{"prop":"DR3:Sg1","value":"ans2","time":1556110990180},{"prop":"complete","value":true,"time":1556110990180},{"prop":"Sg1","value":"true","time":1556110990181},{"prop":"complete","value":true,"time":1556110990181}],"Sg1":"true","DR3:Sg1":"ans2"},"SScene4":{"complete":true,"$seq":[{"prop":"complete","value":false,"time":1556110992351},{"prop":"Sg1","value":"true","time":1556111068116},{"prop":"DR4:Sg1","value":"ans1","time":1556111068117},{"prop":"complete","value":true,"time":1556111068117},{"prop":"Sg1","value":"true","time":1556111068118},{"prop":"complete","value":true,"time":1556111068118},{"prop":"Sg1","value":"true","time":1556111068573},{"prop":"DR4:Sg1","value":"ans1","time":1556111068573},{"prop":"complete","value":true,"time":1556111068573},{"prop":"Sg1","value":"true","time":1556111068574},{"prop":"complete","value":true,"time":1556111068574}],"Sg1":"true","DR4:Sg1":"ans1"},"SSubmit":{"complete":false,"$seq":[{"prop":"complete","value":false,"time":1556111069480}]}},"module":{},"tutor":{}}