{"scene":{"SNavigator":{},"SIntro":{"complete":false,"$seq":[{"prop":"complete","value":false,"time":1557761934693}]},"SScene1":{"complete":true,"$seq":[{"prop":"complete","value":false,"time":1557761948991},{"prop":"Sg1","value":"true","time":1557761985304},{"prop":"DR1:Sg1","value":"ans2","time":1557761985304},{"prop":"complete","value":true,"time":1557761985305},{"prop":"Sg1","value":"true","time":1557761985306},{"prop":"complete","value":true,"time":1557761985306},{"prop":"Sg1","value":"true","time":1557761985840},{"prop":"DR1:Sg1","value":"ans1","time":1557761985840},{"prop":"complete","value":true,"time":1557761985840},{"prop":"Sg1","value":"true","time":1557761985840},{"prop":"complete","value":true,"time":1557761985840}],"Sg1":"true","DR1:Sg1":"ans1"},"SScene2":{"complete":true,"$seq":[{"prop":"complete","value":false,"time":1557762028974},{"prop":"Sg1","value":"true","time":1557762060735},{"prop":"DR2:Sg1","value":"ans4","time":1557762060735},{"prop":"complete","value":true,"time":1557762060735},{"prop":"Sg1","value":"true","time":1557762060736},{"prop":"complete","value":true,"time":1557762060736}],"Sg1":"true","DR2:Sg1":"ans4"},"SScene3":{"complete":true,"$seq":[{"prop":"complete","value":false,"time":1557762061490},{"prop":"Sg1","value":"true","time":1557762114480},{"prop":"DR3:Sg1","value":"ans3","time":1557762114481},{"prop":"complete","value":true,"time":1557762114481},{"prop":"Sg1","value":"true","time":1557762114481},{"prop":"complete","value":true,"time":1557762114481}],"Sg1":"true","DR3:Sg1":"ans3"},"SScene4":{"complete":true,"$seq":[{"prop":"complete","value":false,"time":1557762115671},{"prop":"Sg1","value":"true","time":1557762162876},{"prop":"DR4:Sg1","value":"ans1","time":1557762162876},{"prop":"complete","value":true,"time":1557762162876},{"prop":"Sg1","value":"true","time":1557762162877},{"prop":"complete","value":true,"time":1557762162877}],"Sg1":"true","DR4:Sg1":"ans1"},"SSubmit":{"complete":false,"$seq":[{"prop":"complete","value":false,"time":1557762164502}]}},"module":{},"tutor":{}}