{"scene":{"SNavigator":{},"SIntro":{"complete":false,"$seq":[{"prop":"complete","value":false,"time":1557761934693}]},"SScene1":{"complete":true,"$seq":[{"prop":"complete","value":false,"time":1557761948991},{"prop":"Sg1","value":"true","time":1557761985304},{"prop":"DR1:Sg1","value":"ans2","time":1557761985304},{"prop":"complete","value":true,"time":1557761985305},{"prop":"Sg1","value":"true","time":1557761985306},{"prop":"complete","value":true,"time":1557761985306},{"prop":"Sg1","value":"true","time":1557761985840},{"prop":"DR1:Sg1","value":"ans1","time":1557761985840},{"prop":"complete","value":true,"time":1557761985840},{"prop":"Sg1","value":"true","time":1557761985840},{"prop":"complete","value":true,"time":1557761985840}],"Sg1":"true","DR1:Sg1":"ans1"},"SScene2":{"complete":false,"$seq":[{"prop":"complete","value":false,"time":1557762028974}]}},"module":{},"tutor":{}}