{"scene":{"SNavigator":{},"SScene1":{"complete":true,"$seq":[{"prop":"complete","value":false,"time":1554817741290},{"prop":"complete","value":true,"time":1554817794093}]},"SScene2":{"AreaSelected":true,"$seq":[{"prop":"AreaSelected","value":false,"time":1554817801646},{"prop":"AreaSelected","value":true,"time":1554817861687},{"prop":"Area Name:plant reproduction","time":1554817861688},{"prop":"Area Index:4","time":1554817861688}]},"SScene3":{"TopicSelected":true,"$seq":[{"prop":"TopicSelected","value":false,"time":1554817864717},{"prop":"TopicSelected","value":true,"time":1554817872964},{"prop":"Topic Index:1","time":1554817872965}]},"SScene4":{"complete":true,"$seq":[{"prop":"complete","value":false,"time":1554817873268},{"prop":"complete","value":true,"time":1554817894323}]},"SScene5":{"complete":true,"$seq":[{"prop":"complete","value":false,"time":1554817897220},{"prop":"complete","value":true,"time":1554817902462}]},"SScene5a":{"complete":true,"$seq":[{"prop":"complete","value":false,"time":1554817907875},{"prop":"complete","value":true,"time":1554817956924}]},"SScene6a":{},"SScene6b":{},"SScene6c":{}},"module":{"selectedArea":{"ontologyKey":"S_A4|name","index":4},"$seq":[{"prop":"selectedArea.ontologyKey","value":"S_A4|name","time":1554817861687},{"prop":"selectedArea.index","value":4,"time":1554817861687},{"prop":"selectedTopic.ontologyKey","value":"S_A4_T1|name","time":1554817872964},{"prop":"selectedTopic.index","value":1,"time":1554817872964}],"selectedTopic":{"ontologyKey":"S_A4_T1|name","index":1}},"tutor":{"experimentalGroup":{"ontologyKey":"EG_A1"},"$seq":[{"prop":"experimentalGroup.ontologyKey","value":"EG_A1","time":1554817741181}]}}