{"scene":{"SNavigator":{},"SMatsIntro":{"complete":true,"$seq":[{"prop":"complete","value":false,"time":1276216485095},{"prop":"complete","value":true,"time":1276216498609}]},"SMatsPre1":{"complete":true,"$seq":[{"prop":"complete","value":false,"time":1276216502459},{"prop":"Sg1","value":"true","time":1276216507028},{"prop":"PreTest:Sg1","value":"b4","time":1276216507028},{"prop":"complete","value":false,"time":1276216507029},{"prop":"Sg1","value":"true","time":1276216507030},{"prop":"complete","value":false,"time":1276216507030},{"prop":"Sg2","value":"true","time":1276216510270},{"prop":"PreTest:Sg2","value":"b4","time":1276216510270},{"prop":"complete","value":false,"time":1276216510270},{"prop":"Sg2","value":"true","time":1276216510270},{"prop":"complete","value":false,"time":1276216510270},{"prop":"Sg3","value":"true","time":1276216513828},{"prop":"PreTest:Sg3","value":"b4","time":1276216513828},{"prop":"complete","value":false,"time":1276216513828},{"prop":"Sg3","value":"true","time":1276216513828},{"prop":"complete","value":false,"time":1276216513828},{"prop":"Sg3","value":"true","time":1276216516299},{"prop":"PreTest:Sg3","value":"b2","time":1276216516299},{"prop":"complete","value":false,"time":1276216516299},{"prop":"Sg3","value":"true","time":1276216516300},{"prop":"complete","value":false,"time":1276216516300},{"prop":"Sg3","value":"true","time":1276216518446},{"prop":"PreTest:Sg3","value":"b1","time":1276216518446},{"prop":"complete","value":false,"time":1276216518446},{"prop":"Sg3","value":"true","time":1276216518447},{"prop":"complete","value":false,"time":1276216518447},{"prop":"Sg4","value":"true","time":1276216520566},{"prop":"PreTest:Sg4","value":"b5","time":1276216520566},{"prop":"complete","value":true,"time":1276216520566},{"prop":"Sg4","value":"true","time":1276216520566},{"prop":"complete","value":true,"time":1276216520566}],"Sg1":"true","PreTest:Sg1":"b4","Sg2":"true","PreTest:Sg2":"b4","Sg3":"true","PreTest:Sg3":"b1","Sg4":"true","PreTest:Sg4":"b5"},"SMatsPre2":{"complete":true,"$seq":[{"prop":"complete","value":false,"time":1276216521615},{"prop":"Sg1","value":"true","time":1276216524700},{"prop":"PreTest:Sg1","value":"b3","time":1276216524700},{"prop":"complete","value":false,"time":1276216524700},{"prop":"Sg1","value":"true","time":1276216524700},{"prop":"complete","value":false,"time":1276216524700},{"prop":"Sg1","value":"true","time":1276216525948},{"prop":"PreTest:Sg1","value":"b2","time":1276216525948},{"prop":"complete","value":false,"time":1276216525948},{"prop":"Sg1","value":"true","time":1276216525948},{"prop":"complete","value":false,"time":1276216525948},{"prop":"Sg2","value":"true","time":1276216530468},{"prop":"PreTest:Sg2","value":"b3","time":1276216530468},{"prop":"complete","value":false,"time":1276216530468},{"prop":"Sg2","value":"true","time":1276216530469},{"prop":"complete","value":false,"time":1276216530469},{"prop":"Sg2","value":"true","time":1276216531285},{"prop":"PreTest:Sg2","value":"b4","time":1276216531285},{"prop":"complete","value":false,"time":1276216531285},{"prop":"Sg2","value":"true","time":1276216531286},{"prop":"complete","value":false,"time":1276216531286},{"prop":"Sg2","value":"true","time":1276216533321},{"prop":"PreTest:Sg2","value":"b3","time":1276216533321},{"prop":"complete","value":false,"time":1276216533321},{"prop":"Sg2","value":"true","time":1276216533322},{"prop":"complete","value":false,"time":1276216533322},{"prop":"Sg3","value":"true","time":1276216534612},{"prop":"PreTest:Sg3","value":"b3","time":1276216534612},{"prop":"complete","value":false,"time":1276216534612},{"prop":"Sg3","value":"true","time":1276216534613},{"prop":"complete","value":false,"time":1276216534613},{"prop":"Sg4","value":"true","time":1276216539993},{"prop":"PreTest:Sg4","value":"b3","time":1276216539993},{"prop":"complete","value":true,"time":1276216539993},{"prop":"Sg4","value":"true","time":1276216539994},{"prop":"complete","value":true,"time":1276216539994}],"Sg1":"true","PreTest:Sg1":"b2","Sg2":"true","PreTest:Sg2":"b3","Sg3":"true","PreTest:Sg3":"b3","Sg4":"true","PreTest:Sg4":"b3"},"SMatsPre3":{"complete":true,"$seq":[{"prop":"complete","value":false,"time":1276216541325},{"prop":"Sg1","value":"true","time":1276216545120},{"prop":"PreTest:Sg1","value":"b4","time":1276216545120},{"prop":"complete","value":false,"time":1276216545120},{"prop":"Sg1","value":"true","time":1276216545120},{"prop":"complete","value":false,"time":1276216545120},{"prop":"Sg2","value":"true","time":1276216547000},{"prop":"PreTest:Sg2","value":"b4","time":1276216547000},{"prop":"complete","value":false,"time":1276216547000},{"prop":"Sg2","value":"true","time":1276216547000},{"prop":"complete","value":false,"time":1276216547000},{"prop":"Sg3","value":"true","time":1276216549190},{"prop":"PreTest:Sg3","value":"b4","time":1276216549190},{"prop":"complete","value":false,"time":1276216549190},{"prop":"Sg3","value":"true","time":1276216549191},{"prop":"complete","value":false,"time":1276216549191},{"prop":"Sg4","value":"true","time":1276216553810},{"prop":"PreTest:Sg4","value":"b4","time":1276216553810},{"prop":"complete","value":true,"time":1276216553810},{"prop":"Sg4","value":"true","time":1276216553811},{"prop":"complete","value":true,"time":1276216553811}],"Sg1":"true","PreTest:Sg1":"b4","Sg2":"true","PreTest:Sg2":"b4","Sg3":"true","PreTest:Sg3":"b4","Sg4":"true","PreTest:Sg4":"b4"},"SMatsPre4":{"complete":false,"$seq":[{"prop":"complete","value":false,"time":1276216554518}]}},"module":{},"tutor":{}}