{"scene":{"SNavigator":{},"SIntro":{"complete":false,"$seq":[{"prop":"complete","value":false,"time":1554742269000}]},"SScene1":{"complete":true,"$seq":[{"prop":"complete","value":false,"time":1554742283913},{"prop":"Sg1","value":"true","time":1554742307469},{"prop":"DR1:Sg1","value":"ans2","time":1554742307470},{"prop":"complete","value":true,"time":1554742307470},{"prop":"Sg1","value":"true","time":1554742307472},{"prop":"complete","value":true,"time":1554742307472},{"prop":"Sg1","value":"true","time":1554742311627},{"prop":"DR1:Sg1","value":"ans1","time":1554742311627},{"prop":"complete","value":true,"time":1554742311627},{"prop":"Sg1","value":"true","time":1554742311628},{"prop":"complete","value":true,"time":1554742311628}],"Sg1":"true","DR1:Sg1":"ans1"},"SScene2":{"complete":false,"$seq":[{"prop":"complete","value":false,"time":1554742313486}]}},"module":{},"tutor":{}}