{"scene":{"SNavigator":{},"SScene1":{"complete":true,"$seq":[{"prop":"complete","value":false,"time":1556213726061},{"prop":"complete","value":true,"time":1556213775588}]},"SScene2":{"AreaSelected":true,"$seq":[{"prop":"AreaSelected","value":false,"time":1556213779831},{"prop":"AreaSelected","value":true,"time":1556213826968},{"prop":"Area Name:physical and chemical changes","time":1556213826969},{"prop":"Area Index:1","time":1556213826969}]},"SScene3":{"TopicSelected":true,"$seq":[{"prop":"TopicSelected","value":false,"time":1556213829453},{"prop":"TopicSelected","value":true,"time":1556213837465},{"prop":"Topic Index:2","time":1556213837467}]},"SScene4":{"complete":true,"$seq":[{"prop":"complete","value":false,"time":1556213837866},{"prop":"complete","value":true,"time":1556213858787}]},"SScene5":{"complete":true,"$seq":[{"prop":"complete","value":false,"time":1556213861032},{"prop":"complete","value":true,"time":1556213865486}]},"SScene5a":{"complete":false,"$seq":[{"prop":"complete","value":false,"time":1556213867168}]}},"module":{"selectedArea":{"ontologyKey":"S_A1|name","index":1},"$seq":[{"prop":"selectedArea","value":{"ontologyKey":"S_A1|name","index":1},"time":1556213725922},{"prop":"selectedTopic","value":{"ontologyKey":"S_A1_T2|name","index":2},"time":1556213725922},{"prop":"selectedVariable","value":{"ontologyKey":"S_A1_T2_V4|name","index":4},"time":1556213725922},{"prop":"selectedRQ","value":{"ontologyKey":"S_A1_T2_RQ4"},"time":1556213725922},{"prop":"AreaSelectedID","value":"Sarea1|Sselected","time":1556213725922},{"prop":"AreaButtonID","value":"Sbutton1","time":1556213725922},{"prop":"TopicSelectedID","value":"Stopic2|Sselected","time":1556213725922},{"prop":"TopicButtonID","value":"Sbutton2","time":1556213725922},{"prop":"VariableHighlightID","value":"SbuttonHL4","time":1556213725922},{"prop":"VariableClickMaskID","value":"SclickMask4","time":1556213725922},{"prop":"selectedArea.ontologyKey","value":"S_A1|name","time":1556213826968},{"prop":"selectedArea.index","value":1,"time":1556213826968},{"prop":"selectedTopic.ontologyKey","value":"S_A1_T2|name","time":1556213837465},{"prop":"selectedTopic.index","value":2,"time":1556213837465}],"selectedTopic":{"ontologyKey":"S_A1_T2|name","index":2},"selectedVariable":{"ontologyKey":"S_A1_T2_V4|name","index":4},"selectedRQ":{"ontologyKey":"S_A1_T2_RQ4"},"AreaSelectedID":"Sarea1|Sselected","AreaButtonID":"Sbutton1","TopicSelectedID":"Stopic2|Sselected","TopicButtonID":"Sbutton2","VariableHighlightID":"SbuttonHL4","VariableClickMaskID":"SclickMask4"},"tutor":{"experimentalGroup":{"ontologyKey":"EG_A2"},"$seq":[{"prop":"experimentalGroup.ontologyKey","value":"EG_A2","time":1556213725922}]}}