{"scene":{"SNavigator":{},"SIntro":{"complete":false,"$seq":[{"prop":"complete","value":false,"time":1556124694744}]},"SScene1":{"complete":true,"$seq":[{"prop":"complete","value":false,"time":1556124709818},{"prop":"Sg1","value":"true","time":1556124740392},{"prop":"DR1:Sg1","value":"ans1","time":1556124740392},{"prop":"complete","value":true,"time":1556124740393},{"prop":"Sg1","value":"true","time":1556124740394},{"prop":"complete","value":true,"time":1556124740394}],"Sg1":"true","DR1:Sg1":"ans1"},"SScene2":{"complete":true,"$seq":[{"prop":"complete","value":false,"time":1556124741385},{"prop":"Sg1","value":"true","time":1556124771690},{"prop":"DR2:Sg1","value":"ans4","time":1556124771691},{"prop":"complete","value":true,"time":1556124771691},{"prop":"Sg1","value":"true","time":1556124771693},{"prop":"complete","value":true,"time":1556124771693}],"Sg1":"true","DR2:Sg1":"ans4"},"SScene3":{"complete":true,"$seq":[{"prop":"complete","value":false,"time":1556124773155},{"prop":"Sg1","value":"true","time":1556124828042},{"prop":"DR3:Sg1","value":"ans3","time":1556124828042},{"prop":"complete","value":true,"time":1556124828042},{"prop":"Sg1","value":"true","time":1556124828043},{"prop":"complete","value":true,"time":1556124828043}],"Sg1":"true","DR3:Sg1":"ans3"},"SScene4":{"complete":true,"$seq":[{"prop":"complete","value":false,"time":1556124828901},{"prop":"Sg1","value":"true","time":1556124841135},{"prop":"DR4:Sg1","value":"ans1","time":1556124841135},{"prop":"complete","value":true,"time":1556124841136},{"prop":"Sg1","value":"true","time":1556124841136},{"prop":"complete","value":true,"time":1556124841136}],"Sg1":"true","DR4:Sg1":"ans1"},"SSubmit":{"complete":false,"$seq":[{"prop":"complete","value":false,"time":1556124845153}]}},"module":{},"tutor":{}}