{"scene":{"SNavigator":{},"SIntro":{"complete":false,"$seq":[{"prop":"complete","value":false,"time":1556124790883}]},"SScene1":{"complete":true,"$seq":[{"prop":"complete","value":false,"time":1556124805673},{"prop":"Sg1","value":"true","time":1556124829067},{"prop":"DR1:Sg1","value":"ans1","time":1556124829067},{"prop":"complete","value":true,"time":1556124829067},{"prop":"Sg1","value":"true","time":1556124829069},{"prop":"complete","value":true,"time":1556124829069}],"Sg1":"true","DR1:Sg1":"ans1"},"SScene2":{"complete":false,"$seq":[{"prop":"complete","value":false,"time":1556124831199}]}},"module":{},"tutor":{}}