{"scene":{"SNavigator":{},"SIntro":{"complete":false,"$seq":[{"prop":"complete","value":false,"time":1556124790883}]},"SScene1":{"complete":true,"$seq":[{"prop":"complete","value":false,"time":1556124805673},{"prop":"Sg1","value":"true","time":1556124829067},{"prop":"DR1:Sg1","value":"ans1","time":1556124829067},{"prop":"complete","value":true,"time":1556124829067},{"prop":"Sg1","value":"true","time":1556124829069},{"prop":"complete","value":true,"time":1556124829069}],"Sg1":"true","DR1:Sg1":"ans1"},"SScene2":{"complete":true,"$seq":[{"prop":"complete","value":false,"time":1556124831199},{"prop":"Sg1","value":"true","time":1556124851705},{"prop":"DR2:Sg1","value":"ans1","time":1556124851705},{"prop":"complete","value":true,"time":1556124851705},{"prop":"Sg1","value":"true","time":1556124851706},{"prop":"complete","value":true,"time":1556124851706}],"Sg1":"true","DR2:Sg1":"ans1"},"SScene3":{"complete":true,"$seq":[{"prop":"complete","value":false,"time":1556124852814},{"prop":"Sg1","value":"true","time":1556124867540},{"prop":"DR3:Sg1","value":"ans2","time":1556124867540},{"prop":"complete","value":true,"time":1556124867541},{"prop":"Sg1","value":"true","time":1556124867541},{"prop":"complete","value":true,"time":1556124867541}],"Sg1":"true","DR3:Sg1":"ans2"},"SScene4":{"complete":false,"$seq":[{"prop":"complete","value":false,"time":1556124869056}]}},"module":{},"tutor":{}}