{"sceneState":{"SNavigator":{},"SIntro":{"complete":false,"$seq":[{"prop":"complete","value":false,"time":1263409933172}]},"SScene1":{"complete":true,"$seq":[{"prop":"complete","value":false,"time":1263409947904},{"prop":"Sg1","value":"true","time":1263409984007},{"prop":"DR1:Sg1","value":"ans1","time":1263409984007},{"prop":"complete","value":true,"time":1263409984007},{"prop":"Sg1","value":"true","time":1263409984010},{"prop":"complete","value":true,"time":1263409984010}],"Sg1":"true","DR1:Sg1":"ans1"},"SScene2":{"complete":true,"$seq":[{"prop":"complete","value":false,"time":1263409985290},{"prop":"Sg1","value":"true","time":1263410010056},{"prop":"DR2:Sg1","value":"ans4","time":1263410010056},{"prop":"complete","value":true,"time":1263410010056},{"prop":"Sg1","value":"true","time":1263410010058},{"prop":"complete","value":true,"time":1263410010058}],"Sg1":"true","DR2:Sg1":"ans4"},"SScene3":{"complete":true,"$seq":[{"prop":"complete","value":false,"time":1263410016754},{"prop":"Sg1","value":"true","time":1263410085740},{"prop":"DR3:Sg1","value":"ans3","time":1263410085740},{"prop":"complete","value":true,"time":1263410085741},{"prop":"Sg1","value":"true","time":1263410085741},{"prop":"complete","value":true,"time":1263410085741},{"prop":"Sg1","value":"true","time":1263410087398},{"prop":"DR3:Sg1","value":"ans3","time":1263410087398},{"prop":"complete","value":true,"time":1263410087398},{"prop":"Sg1","value":"true","time":1263410087399},{"prop":"complete","value":true,"time":1263410087399}],"Sg1":"true","DR3:Sg1":"ans3"},"SScene4":{"complete":true,"$seq":[{"prop":"complete","value":false,"time":1263410121967},{"prop":"Sg1","value":"true","time":1263410160492},{"prop":"DR4:Sg1","value":"ans2","time":1263410160492},{"prop":"complete","value":true,"time":1263410160492},{"prop":"Sg1","value":"true","time":1263410160492},{"prop":"complete","value":true,"time":1263410160492}],"Sg1":"true","DR4:Sg1":"ans2"},"SSubmit":{"complete":false,"$seq":[{"prop":"complete","value":false,"time":1263410163979}]},"SSceneEnd":{"complete":false,"$seq":[{"prop":"complete","value":false,"time":1263410165904}]}},"moduleState":{},"tutorState":{},"fFeatures":{"0":true},"featureID":{}}