{
    "tutors": [
        {
            "launcher": "/mats.html",
			"logfolder": "MATS_PRE",
            "features": "FTR_PRE"
        },
        {
            "launcher": "/dr.html",
			"logfolder": "DR",
            "features": ""
        },
        {
            "launcher": "/rq.html",
			"logfolder": "RQ",
            "features": "FTR_BASELINE"
        },
        {
            "launcher": "/intro.html",
			"logfolder": "INTRO",
            "features": ""
        },
        {
            "launcher": "/ted.html",
			"logfolder": "TED",
            "features": ""
        },
        {
            "launcher": "/mats.html",
			"logfolder": "MATS_POST",
            "features": "FTR_POST"
        }
    ]
}