{"sceneState":{"SNavigator":{},"SIntro":{"complete":false,"$seq":[{"prop":"complete","value":false,"time":1269223586161}]},"SScene1":{"complete":true,"$seq":[{"prop":"complete","value":false,"time":1269223600581},{"prop":"Sg1","value":"true","time":1269223632843},{"prop":"DR1:Sg1","value":"ans1","time":1269223632843},{"prop":"complete","value":true,"time":1269223632843},{"prop":"Sg1","value":"true","time":1269223632845},{"prop":"complete","value":true,"time":1269223632845}],"Sg1":"true","DR1:Sg1":"ans1"},"SScene2":{"complete":true,"$seq":[{"prop":"complete","value":false,"time":1269223634709},{"prop":"Sg1","value":"true","time":1269223667009},{"prop":"DR2:Sg1","value":"ans4","time":1269223667009},{"prop":"complete","value":true,"time":1269223667009},{"prop":"Sg1","value":"true","time":1269223667010},{"prop":"complete","value":true,"time":1269223667010}],"Sg1":"true","DR2:Sg1":"ans4"},"SScene3":{"complete":true,"$seq":[{"prop":"complete","value":false,"time":1269223673565},{"prop":"Sg1","value":"true","time":1269223718558},{"prop":"DR3:Sg1","value":"ans3","time":1269223718558},{"prop":"complete","value":true,"time":1269223718558},{"prop":"Sg1","value":"true","time":1269223718558},{"prop":"complete","value":true,"time":1269223718558}],"Sg1":"true","DR3:Sg1":"ans3"},"SScene4":{"complete":true,"$seq":[{"prop":"complete","value":false,"time":1269223723943},{"prop":"Sg1","value":"true","time":1269223766317},{"prop":"DR4:Sg1","value":"ans1","time":1269223766318},{"prop":"complete","value":true,"time":1269223766318},{"prop":"Sg1","value":"true","time":1269223766318},{"prop":"complete","value":true,"time":1269223766318}],"Sg1":"true","DR4:Sg1":"ans1"},"SSubmit":{"complete":false,"$seq":[{"prop":"complete","value":false,"time":1269223767177}]},"SSceneEnd":{"complete":false,"$seq":[{"prop":"complete","value":false,"time":1269223768637}]}},"moduleState":{},"tutorState":{},"fFeatures":{"0":true},"featureID":{}}