{"scene":{"SNavigator":{},"SScene3":{"complete":true,"$seq":[{"prop":"complete","value":false,"time":1269396131452},{"prop":"complete","value":true,"time":1269396138234}]},"SScene4":{"complete":true,"$seq":[{"prop":"complete","value":false,"time":1269396139636},{"prop":"complete","value":true,"time":1269396151374}]},"SScene5":{"complete":true,"$seq":[{"prop":"complete","value":false,"time":1269396152458},{"prop":"complete","value":true,"time":1269396158199}]},"SScene6":{"complete":true,"$seq":[{"prop":"complete","value":false,"time":1269396159485},{"prop":"complete","value":true,"time":1269396170983}]},"SScene7":{"complete":true,"$seq":[{"prop":"complete","value":false,"time":1269396459699},{"prop":"complete","value":true,"time":1269396468663}]},"SScene8":{"complete":true,"$seq":[{"prop":"complete","value":false,"time":1269396469952},{"prop":"complete","value":true,"time":1269396515928}]},"SScene9":{"complete":false,"$seq":[{"prop":"complete","value":false,"time":1269396517649},{"prop":"complete","value":true,"time":1269396522475},{"prop":"complete","value":false,"time":1269396523730}]},"SScene10":{"complete":true,"$seq":[{"prop":"complete","value":false,"time":1269396527732},{"prop":"complete","value":true,"time":1269396539444}]},"SScene12":{"complete":true,"$seq":[{"prop":"complete","value":false,"time":1269396541486},{"prop":"complete","value":true,"time":1269396548478}]},"SScene12A":{"complete":false,"$seq":[{"prop":"complete","value":false,"time":1269396551637},{"prop":"complete","value":true,"time":1269396560855},{"prop":"complete","value":false,"time":1269396561898}]},"SScene13":{"complete":false,"$seq":[{"prop":"complete","value":false,"time":1269396572470},{"prop":"complete","value":true,"time":1269396587001},{"prop":"complete","value":false,"time":1269396588487}]},"SScene15":{"complete":true,"$seq":[{"prop":"complete","value":false,"time":1269396599482},{"prop":"complete","value":false,"time":1269396624704},{"prop":"complete","value":false,"time":1269396626411},{"prop":"complete","value":true,"time":1269396628735},{"prop":"complete","value":false,"time":1269396629928},{"prop":"complete","value":true,"time":1269396669027}]},"SScene16":{"complete":true,"$seq":[{"prop":"complete","value":false,"time":1269396670508},{"prop":"complete","value":true,"time":1269396678344}]},"SScene17":{"complete":true,"$seq":[{"prop":"complete","value":false,"time":1269396681297},{"prop":"complete","value":true,"time":1269396718527},{"prop":"complete","value":true,"time":1269396718527},{"prop":"complete","value":false,"time":1269396720277},{"prop":"complete","value":true,"time":1269396748292}]},"SScene18":{"complete":true,"$seq":[{"prop":"complete","value":false,"time":1269396754178},{"prop":"complete","value":true,"time":1269396759406}]},"SScene19":{"complete":true,"$seq":[{"prop":"complete","value":false,"time":1269396899791},{"prop":"complete","value":false,"time":1269396908524},{"prop":"complete","value":false,"time":1269396910109},{"prop":"complete","value":false,"time":1269396913600},{"prop":"complete","value":false,"time":1269396914795},{"prop":"complete","value":false,"time":1269396917160},{"prop":"complete","value":false,"time":1269396918663},{"prop":"complete","value":false,"time":1269396919980},{"prop":"complete","value":true,"time":1269396921598}]},"SScene20":{"complete":true,"$seq":[{"prop":"complete","value":false,"time":1269396923856},{"prop":"complete","value":true,"time":1269396930021}]},"SScene21":{"complete":false,"$seq":[{"prop":"complete","value":false,"time":1269396931893}]}},"module":{"selectedArea":{"ontologyKey":"S_A1|name","index":1},"selectedTopic":{"ontologyKey":"S_A1_T2|name","index":2},"selectedVariable":{"ontologyKey":"S_A1_T2_V4|name","index":4},"selectedRQ":{"ontologyKey":"S_A1_T2_RQ4"},"AreaSelectedID":"Sarea1|Sselected","AreaButtonID":"Sbutton1","TopicSelectedID":"Stopic2|Sselected","TopicButtonID":"Sbutton2","VariableHighlightID":"SbuttonHL4","VariableClickMaskID":"SclickMask4","RQconfirmation":"UNKNOWN","TEDExptNonTarget":[1,3,4],"TEDExptConfounds":[1],"TEDExptDifferent":[1,2],"TEDExptArea":{"ontologyKey":"S_A1","index":1},"TEDExptTopic":{"ontologyKey":"S_A1_T2","index":2},"TEDExptVariable":{"ontologyKey":"S_A1_T2_V2","index":2},"TEDExptRQ":{"ontologyKey":"S_A1_T2_RQ2","index":2},"TEDExptVarNC1":{"ontologyKey":"S_A1_T2_V1","index":1},"TEDExptVarNC2":{"ontologyKey":"S_A1_T2_V3","index":3},"TEDExptVarNC3":{"ontologyKey":"S_A1_T2_V4","index":4},"TEDExptPOSTSequence":[],"TEDExpt1V1":{"ontologyKey":"S_A1_T2_V1_A","index":1},"TEDExpt2V1":{"ontologyKey":"S_A1_T2_V1_B","index":1},"TEDExpt1V2":{"ontologyKey":"S_A1_T2_V2_A","index":2},"TEDExpt2V2":{"ontologyKey":"S_A1_T2_V2_B","index":2},"TEDExpt1V3":{"ontologyKey":"S_A1_T2_V3_A","index":3},"TEDExpt2V3":{"ontologyKey":"S_A1_T2_V3_A","index":3},"TEDExpt1V4":{"ontologyKey":"S_A1_T2_V4_A","index":4},"TEDExpt2V4":{"ontologyKey":"S_A1_T2_V4_A","index":4},"TEDExptNC1SameDiff":{"ontologyKey":"TED_E1_Q7NC1DIFF","value":"diff","index":1},"TEDExptNC1Confound":{"ontologyKey":"S_A1_T2_V1","index":1},"TEDExptNC2SameDiff":{"ontologyKey":"TED_E1_Q7NC2SAME","value":"same","index":3},"TEDExptNC2Confound":{"ontologyKey":"S_A1_T2_V3","index":3},"TEDExptNC3SameDiff":{"ontologyKey":"TED_E1_Q7NC3SAME","value":"same","index":4},"TEDExptNC3Confound":{"ontologyKey":"S_A1_T2_V4","index":4},"differentRow":4,"independentVarN":{"row":4,"col":0,"ontologyKey":"S_A1_T2_V4|name","isText":true,"selectedValue":"Amount of CO2","cell":{},"processed":true},"sameRow1":1,"sameRow2":2,"sameRow3":3,"$seq":[{"prop":"selectedArea","value":{"ontologyKey":"S_A1|name","index":1},"time":1269396131343},{"prop":"selectedTopic","value":{"ontologyKey":"S_A1_T2|name","index":2},"time":1269396131343},{"prop":"selectedVariable","value":{"ontologyKey":"S_A1_T2_V4|name","index":4},"time":1269396131343},{"prop":"selectedRQ","value":{"ontologyKey":"S_A1_T2_RQ4"},"time":1269396131343},{"prop":"AreaSelectedID","value":"Sarea1|Sselected","time":1269396131343},{"prop":"AreaButtonID","value":"Sbutton1","time":1269396131343},{"prop":"TopicSelectedID","value":"Stopic2|Sselected","time":1269396131343},{"prop":"TopicButtonID","value":"Sbutton2","time":1269396131343},{"prop":"VariableHighlightID","value":"SbuttonHL4","time":1269396131343},{"prop":"VariableClickMaskID","value":"SclickMask4","time":1269396131343},{"prop":"TEDExptNonTarget","value":[2,3,4],"time":1269396131347},{"prop":"TEDExptConfounds","value":[2,3,4],"time":1269396131347},{"prop":"TEDExptDifferent","value":[2,3,4,1],"time":1269396131347},{"prop":"TEDExptArea","value":{"ontologyKey":"S_A1","index":1},"time":1269396131347},{"prop":"TEDExptTopic","value":{"ontologyKey":"S_A1_T2","index":2},"time":1269396131347},{"prop":"TEDExptVariable","value":{"ontologyKey":"S_A1_T2_V1","index":1},"time":1269396131347},{"prop":"TEDExptRQ","value":{"ontologyKey":"S_A1_T2_RQ1","index":1},"time":1269396131347},{"prop":"TEDExptVarNC1","value":{"ontologyKey":"S_A1_T2_V2","index":2},"time":1269396131347},{"prop":"TEDExptVarNC2","value":{"ontologyKey":"S_A1_T2_V3","index":3},"time":1269396131347},{"prop":"TEDExptVarNC3","value":{"ontologyKey":"S_A1_T2_V4","index":4},"time":1269396131347},{"prop":"TEDExptPOSTSequence","value":[{"ontologyKey":"S_A1_T2_V4","index":4},{"ontologyKey":"S_A1_T2_V1","index":1},{"ontologyKey":"S_A1_T2_V2","index":2},{"ontologyKey":"S_A1_T2_V3","index":3}],"time":1269396131347},{"prop":"TEDExpt1V1","value":{"ontologyKey":"S_A1_T2_V1_A","index":1},"time":1269396131347},{"prop":"TEDExpt2V1","value":{"ontologyKey":"S_A1_T2_V1_A","index":1},"time":1269396131347},{"prop":"TEDExpt1V2","value":{"ontologyKey":"S_A1_T2_V2_A","index":2},"time":1269396131347},{"prop":"TEDExpt2V2","value":{"ontologyKey":"S_A1_T2_V2_A","index":2},"time":1269396131347},{"prop":"TEDExpt1V3","value":{"ontologyKey":"S_A1_T2_V3_A","index":3},"time":1269396131347},{"prop":"TEDExpt2V3","value":{"ontologyKey":"S_A1_T2_V3_A","index":3},"time":1269396131347},{"prop":"TEDExpt1V4","value":{"ontologyKey":"S_A1_T2_V4_A","index":4},"time":1269396131347},{"prop":"TEDExpt2V4","value":{"ontologyKey":"S_A1_T2_V4_A","index":4},"time":1269396131347},{"prop":"TEDExpt2V2","value":{"ontologyKey":"S_A1_T2_V2_B","index":2},"time":1269396131347},{"prop":"TEDExpt2V3","value":{"ontologyKey":"S_A1_T2_V3_B","index":3},"time":1269396131347},{"prop":"TEDExpt2V4","value":{"ontologyKey":"S_A1_T2_V4_B","index":4},"time":1269396131347},{"prop":"TEDExpt2V1","value":{"ontologyKey":"S_A1_T2_V1_B","index":1},"time":1269396131347},{"prop":"TEDExptNC1SameDiff","value":{"ontologyKey":"TED_E1_Q7NC1DIFF","value":"diff","index":2},"time":1269396131347},{"prop":"TEDExptNC1Confound","value":{"ontologyKey":"S_A1_T2_V2","index":2},"time":1269396131347},{"prop":"TEDExptNC2SameDiff","value":{"ontologyKey":"TED_E1_Q7NC2DIFF","value":"diff","index":3},"time":1269396131347},{"prop":"TEDExptNC2Confound","value":{"ontologyKey":"S_A1_T2_V3","index":3},"time":1269396131347},{"prop":"TEDExptNC3SameDiff","value":{"ontologyKey":"TED_E1_Q7NC3DIFF","value":"diff","index":4},"time":1269396131347},{"prop":"TEDExptNC3Confound","value":{"ontologyKey":"S_A1_T2_V4","index":4},"time":1269396131347},{"prop":"Expt1_Q1","value":{"name":"{{$EFO_TED_E1_LISTYN|no}}","ontologyKey":"TED_E1_LISTYN|no","index":2,"value":true,"id":"correct"},"time":1269396242562},{"prop":"Expt1_Q","value":{"name":"{{$EFO_TED_E1_LISTYN|no}}","ontologyKey":"TED_E1_LISTYN|no","index":2,"value":true,"id":"correct"},"time":1269396242562},{"prop":"Expt1_Reason","value":{"name":"{{$EFO_TED_E1_LISTQ23|ans4}}","value":"$EFL_efdata.TED.E1.LISTQ23","ontologyKey":"TED_E1_LISTQ23|yes","index":4,"id":"4"},"time":1269396264006},{"prop":"Expt1_Q4","value":{"name":"{{$EFO_TED_E1_LISTYN|no}}","ontologyKey":"TED_E1_LISTYN|no","index":2,"value":true,"id":"correct"},"time":1269396284109},{"prop":"Imagine1","value":{"name":"{{$EFO_TED_E1_LISTYN|no}}","ontologyKey":"TED_E1_LISTYN|no","index":2,"value":true,"id":"correct"},"time":1269396284109},{"prop":"Imagine1_Reason","value":{"name":"{{$EFO_TED_E1_LISTQ56|ans5}}","value":"$EFL_efdata.TED.E1.LISTQ56","ontologyKey":"TED_E1_LISTQ56|yes","index":5,"id":"5"},"time":1269396306339},{"prop":"FFocus:1","value":{"Row-2 Col-3":"Could cause","Row-3 Col-3":"Could cause","Row-4 Col-3":"Could cause"},"time":1269396318691},{"prop":"TEDFeatureFocus","value":["","Could cause","Could cause","Could cause"],"time":1269396319014},{"prop":"CHG:FFocus:1:Row-2 Col-3","value":"Could cause","time":1269396345404},{"prop":"TEDFeatureFocus","value":["","Could cause","Could cause","Could cause"],"time":1269396345404},{"prop":"CHG:FFocus:1:Row-3 Col-3","value":"Could cause","time":1269396347550},{"prop":"TEDFeatureFocus","value":["","Could cause","Could cause","Could cause"],"time":1269396347550},{"prop":"CHG:FFocus:1:Row-4 Col-3","value":"Could cause","time":1269396349702},{"prop":"TEDFeatureFocus","value":["","Could cause","Could cause","Could cause"],"time":1269396349702},{"prop":"FFocus:1_CorrExp:","value":{"Row-2 Col-2":"Some","Row-3 Col-2":"Smooth","Row-4 Col-2":"High"},"time":1269396395102},{"prop":"TEDcorrection","value":3,"time":1269396395424},{"prop":"CHG:FFocus:1_CorrExp::Row-2 Col-2","value":"Some","time":1269396406313},{"prop":"TEDcorrection","value":2,"time":1269396406313},{"prop":"CHG:FFocus:1_CorrExp::Row-3 Col-2","value":"Smooth","time":1269396408624},{"prop":"TEDcorrection","value":1,"time":1269396408625},{"prop":"CHG:FFocus:1_CorrExp::Row-4 Col-2","value":"High","time":1269396411788},{"prop":"TEDcorrection","value":0,"time":1269396411788},{"prop":"FFocus:1_Explain:","value":{"name":"{{$EFO_TED_E1_LISTQ9|ans2}}","value":"$EFL_efdata.TED.E1.LISTQ9","ontologyKey":"TED_E1_LISTQ9|yes","index":2,"id":"2"},"time":1269396426025},{"prop":"TEDExptNonTarget","value":[1,3,4],"time":1269396459684},{"prop":"TEDExptConfounds","value":[1],"time":1269396459684},{"prop":"TEDExptDifferent","value":[1,2],"time":1269396459684},{"prop":"TEDExptArea","value":{"ontologyKey":"S_A1","index":1},"time":1269396459684},{"prop":"TEDExptTopic","value":{"ontologyKey":"S_A1_T2","index":2},"time":1269396459684},{"prop":"TEDExptVariable","value":{"ontologyKey":"S_A1_T2_V2","index":2},"time":1269396459684},{"prop":"TEDExptRQ","value":{"ontologyKey":"S_A1_T2_RQ2","index":2},"time":1269396459685},{"prop":"TEDExptVarNC1","value":{"ontologyKey":"S_A1_T2_V1","index":1},"time":1269396459685},{"prop":"TEDExptVarNC2","value":{"ontologyKey":"S_A1_T2_V3","index":3},"time":1269396459685},{"prop":"TEDExptVarNC3","value":{"ontologyKey":"S_A1_T2_V4","index":4},"time":1269396459685},{"prop":"TEDExptPOSTSequence","value":[],"time":1269396459685},{"prop":"TEDExpt1V1","value":{"ontologyKey":"S_A1_T2_V1_A","index":1},"time":1269396459685},{"prop":"TEDExpt2V1","value":{"ontologyKey":"S_A1_T2_V1_A","index":1},"time":1269396459685},{"prop":"TEDExpt1V2","value":{"ontologyKey":"S_A1_T2_V2_A","index":2},"time":1269396459685},{"prop":"TEDExpt2V2","value":{"ontologyKey":"S_A1_T2_V2_A","index":2},"time":1269396459685},{"prop":"TEDExpt1V3","value":{"ontologyKey":"S_A1_T2_V3_A","index":3},"time":1269396459685},{"prop":"TEDExpt2V3","value":{"ontologyKey":"S_A1_T2_V3_A","index":3},"time":1269396459685},{"prop":"TEDExpt1V4","value":{"ontologyKey":"S_A1_T2_V4_A","index":4},"time":1269396459685},{"prop":"TEDExpt2V4","value":{"ontologyKey":"S_A1_T2_V4_A","index":4},"time":1269396459685},{"prop":"TEDExpt2V1","value":{"ontologyKey":"S_A1_T2_V1_B","index":1},"time":1269396459685},{"prop":"TEDExpt2V2","value":{"ontologyKey":"S_A1_T2_V2_B","index":2},"time":1269396459685},{"prop":"TEDExptNC1SameDiff","value":{"ontologyKey":"TED_E1_Q7NC1DIFF","value":"diff","index":1},"time":1269396459685},{"prop":"TEDExptNC1Confound","value":{"ontologyKey":"S_A1_T2_V1","index":1},"time":1269396459685},{"prop":"TEDExptNC2SameDiff","value":{"ontologyKey":"TED_E1_Q7NC2SAME","value":"same","index":3},"time":1269396459685},{"prop":"TEDExptNC3SameDiff","value":{"ontologyKey":"TED_E1_Q7NC3SAME","value":"same","index":4},"time":1269396459685},{"prop":"Expt1_Q1","value":{"name":"{{$EFO_TED_E1_LISTYN|no}}","ontologyKey":"TED_E1_LISTYN|no","index":2,"value":true,"id":"correct"},"time":1269396522475},{"prop":"Expt2_Q","value":{"name":"{{$EFO_TED_E1_LISTYN|no}}","ontologyKey":"TED_E1_LISTYN|no","index":2,"value":true,"id":"correct"},"time":1269396522475},{"prop":"Expt2_Reason","value":{"name":"{{$EFO_TED_E1_LISTQ23|ans4}}","value":"$EFL_efdata.TED.E1.LISTQ23","ontologyKey":"TED_E1_LISTQ23|yes","index":4,"id":"4"},"time":1269396539444},{"prop":"Expt1_Q4","value":{"name":"{{$EFO_TED_E1_LISTYN|no}}","ontologyKey":"TED_E1_LISTYN|no","index":2,"value":true,"id":"correct"},"time":1269396560855},{"prop":"Imagine2","value":{"name":"{{$EFO_TED_E1_LISTYN|no}}","ontologyKey":"TED_E1_LISTYN|no","index":2,"value":true,"id":"correct"},"time":1269396560855},{"prop":"Imagine2_Reason","value":{"name":"{{$EFO_TED_E1_LISTQ56|ans4}}","value":"$EFL_efdata.TED.E1.LISTQ56","ontologyKey":"TED_E1_LISTQ56|yes","index":4,"id":"4"},"time":1269396587001},{"prop":"FFocus:2","value":{"Row-3 Col-3":"Could Not cause","Row-4 Col-3":"Could Not cause","Row-1 Col-3":"Could cause"},"time":1269396599482},{"prop":"TEDFeatureFocus","value":["Could cause","","Could Not cause","Could Not cause"],"time":1269396599786},{"prop":"CHG:FFocus:2:Row-3 Col-3","value":"Could Not cause","time":1269396624703},{"prop":"TEDFeatureFocus","value":["Could cause","","Could Not cause","Could Not cause"],"time":1269396624703},{"prop":"CHG:FFocus:2:Row-4 Col-3","value":"Could Not cause","time":1269396626411},{"prop":"TEDFeatureFocus","value":["Could cause","","Could Not cause","Could Not cause"],"time":1269396626411},{"prop":"CHG:FFocus:2:Row-1 Col-3","value":"Could cause","time":1269396628735},{"prop":"TEDFeatureFocus","value":["Could cause","","Could Not cause","Could Not cause"],"time":1269396628735},{"prop":"FFocus:2_CorrExp:","value":{"Row-1 Col-2":"Sugar"},"time":1269396670508},{"prop":"TEDcorrection","value":1,"time":1269396670852},{"prop":"CHG:FFocus:2_CorrExp::Row-1 Col-2","value":"Sugar","time":1269396678344},{"prop":"TEDcorrection","value":0,"time":1269396678344},{"prop":"FFocus:2_Explain:","value":{"name":"{{$EFO_TED_E1_LISTQ9|ans3}}","value":"$EFL_efdata.TED.E1.LISTQ9","ontologyKey":"TED_E1_LISTQ9|yes","index":3,"id":"3"},"time":1269396718527},{"prop":"TEDExptPOSTTV","value":{"ontologyKey":"S_A1_T2_V4","index":4},"time":1269396771085},{"prop":"POSTQ:1","value":{"Row-4 Col-1":"High","Row-4 Col-2":"Low","Row-3 Col-1":"Rough","Row-2 Col-1":"None","Row-1 Col-1":"Sugar","Row-3 Col-2":"Rough","Row-2 Col-2":"None","Row-1 Col-2":"Sugar"},"time":1269396771085},{"prop":"CHG:POSTQ:1:Row-4 Col-1","value":"High","time":1269396782208},{"prop":"CHG:POSTQ:1:Row-4 Col-2","value":"Low","time":1269396785694},{"prop":"CHG:POSTQ:1:Row-3 Col-1","value":"Rough","time":1269396789541},{"prop":"CHG:POSTQ:1:Row-2 Col-1","value":"None","time":1269396791539},{"prop":"CHG:POSTQ:1:Row-1 Col-1","value":"Sugar","time":1269396793408},{"prop":"CHG:POSTQ:1:Row-3 Col-2","value":"Rough","time":1269396795152},{"prop":"CHG:POSTQ:1:Row-2 Col-2","value":"None","time":1269396796385},{"prop":"CHG:POSTQ:1:Row-1 Col-2","value":"Sugar","time":1269396797717},{"prop":"POSTQ:1_Reason:","value":{"name":"{{$EFO_TED_E1_LISTPOST|ans5}}","value":"$EFL_efdata.TED.E1.LISTPOST","ontologyKey":"TED_E1_LISTPOST|yes","index":5,"id":"5"},"time":1269396821953},{"prop":"TEDExptPOSTTV","value":{"ontologyKey":"S_A1_T2_V1","index":1},"time":1269396823520},{"prop":"POSTQ:2","value":{"Row-1 Col-1":"Aspartame","Row-1 Col-2":"Sugar","Row-2 Col-1":"Some","Row-2 Col-2":"Some","Row-3 Col-1":"Smooth","Row-3 Col-2":"Smooth","Row-4 Col-1":"Low","Row-4 Col-2":"Low"},"time":1269396823520},{"prop":"CHG:POSTQ:2:Row-1 Col-1","value":"Aspartame","time":1269396832394},{"prop":"CHG:POSTQ:2:Row-1 Col-2","value":"Sugar","time":1269396833871},{"prop":"CHG:POSTQ:2:Row-2 Col-1","value":"Some","time":1269396835870},{"prop":"CHG:POSTQ:2:Row-2 Col-2","value":"Some","time":1269396837432},{"prop":"CHG:POSTQ:2:Row-3 Col-1","value":"Smooth","time":1269396839801},{"prop":"CHG:POSTQ:2:Row-3 Col-2","value":"Smooth","time":1269396841058},{"prop":"CHG:POSTQ:2:Row-4 Col-1","value":"Low","time":1269396844034},{"prop":"CHG:POSTQ:2:Row-4 Col-2","value":"Low","time":1269396845218},{"prop":"POSTQ:2_Reason:","value":{"name":"{{$EFO_TED_E1_LISTPOST|ans5}}","value":"$EFL_efdata.TED.E1.LISTPOST","ontologyKey":"TED_E1_LISTPOST|yes","index":5,"id":"5"},"time":1269396858234},{"prop":"TEDExptPOSTTV","value":{"ontologyKey":"S_A1_T2_V2","index":2},"time":1269396859680},{"prop":"POSTQ:3","value":{"Row-2 Col-1":"Some","Row-2 Col-2":"None","Row-1 Col-1":"Aspartame","Row-1 Col-2":"Aspartame","Row-3 Col-1":"Smooth","Row-3 Col-2":"Smooth","Row-4 Col-1":"High","Row-4 Col-2":"High"},"time":1269396859680},{"prop":"CHG:POSTQ:3:Row-2 Col-1","value":"Some","time":1269396869011},{"prop":"CHG:POSTQ:3:Row-2 Col-2","value":"None","time":1269396870509},{"prop":"CHG:POSTQ:3:Row-1 Col-1","value":"Sugar","time":1269396878078},{"prop":"CHG:POSTQ:3:Row-1 Col-1","value":"Aspartame","time":1269396879421},{"prop":"CHG:POSTQ:3:Row-1 Col-2","value":"Aspartame","time":1269396880795},{"prop":"CHG:POSTQ:3:Row-3 Col-1","value":"Smooth","time":1269396882581},{"prop":"CHG:POSTQ:3:Row-3 Col-2","value":"Smooth","time":1269396886687},{"prop":"CHG:POSTQ:3:Row-4 Col-1","value":"High","time":1269396889836},{"prop":"CHG:POSTQ:3:Row-4 Col-2","value":"High","time":1269396891037},{"prop":"POSTQ:3_Reason:","value":{"name":"{{$EFO_TED_E1_LISTPOST|ans5}}","value":"$EFL_efdata.TED.E1.LISTPOST","ontologyKey":"TED_E1_LISTPOST|yes","index":5,"id":"5"},"time":1269396897787},{"prop":"TEDExptPOSTTV","value":{"ontologyKey":"S_A1_T2_V3","index":3},"time":1269396899777},{"prop":"POSTQ:4","value":{"Row-3 Col-1":"Smooth","Row-3 Col-2":"Rough","Row-4 Col-1":"Low","Row-4 Col-2":"Low","Row-2 Col-1":"None","Row-2 Col-2":"None","Row-1 Col-1":"Sugar","Row-1 Col-2":"Sugar"},"time":1269396899777},{"prop":"CHG:POSTQ:4:Row-3 Col-1","value":"Smooth","time":1269396908524},{"prop":"CHG:POSTQ:4:Row-3 Col-2","value":"Rough","time":1269396910109},{"prop":"CHG:POSTQ:4:Row-4 Col-1","value":"Low","time":1269396913600},{"prop":"CHG:POSTQ:4:Row-4 Col-2","value":"Low","time":1269396914795},{"prop":"CHG:POSTQ:4:Row-2 Col-1","value":"None","time":1269396917159},{"prop":"CHG:POSTQ:4:Row-2 Col-2","value":"None","time":1269396918663},{"prop":"CHG:POSTQ:4:Row-1 Col-1","value":"Sugar","time":1269396919980},{"prop":"CHG:POSTQ:4:Row-1 Col-2","value":"Sugar","time":1269396921598},{"prop":"POSTQ:4_Reason:","value":{"name":"{{$EFO_TED_E1_LISTPOST|ans5}}","value":"$EFL_efdata.TED.E1.LISTPOST","ontologyKey":"TED_E1_LISTPOST|yes","index":5,"id":"5"},"time":1269396930021}],"Expt1_Q1":{"name":"{{$EFO_TED_E1_LISTYN|no}}","ontologyKey":"TED_E1_LISTYN|no","index":2,"value":true,"id":"correct"},"Expt1_Q":{"name":"{{$EFO_TED_E1_LISTYN|no}}","ontologyKey":"TED_E1_LISTYN|no","index":2,"value":true,"id":"correct"},"Expt1_Reason":{"name":"{{$EFO_TED_E1_LISTQ23|ans4}}","value":"$EFL_efdata.TED.E1.LISTQ23","ontologyKey":"TED_E1_LISTQ23|yes","index":4,"id":"4"},"Expt1_Q4":{"name":"{{$EFO_TED_E1_LISTYN|no}}","ontologyKey":"TED_E1_LISTYN|no","index":2,"value":true,"id":"correct"},"Imagine1":{"name":"{{$EFO_TED_E1_LISTYN|no}}","ontologyKey":"TED_E1_LISTYN|no","index":2,"value":true,"id":"correct"},"Imagine1_Reason":{"name":"{{$EFO_TED_E1_LISTQ56|ans5}}","value":"$EFL_efdata.TED.E1.LISTQ56","ontologyKey":"TED_E1_LISTQ56|yes","index":5,"id":"5"},"FFocus:1":{"Row-2 Col-3":"Could cause","Row-3 Col-3":"Could cause","Row-4 Col-3":"Could cause"},"TEDFeatureFocus":["Could cause","","Could Not cause","Could Not cause"],"CHG:FFocus:1:Row-2 Col-3":"Could cause","CHG:FFocus:1:Row-3 Col-3":"Could cause","CHG:FFocus:1:Row-4 Col-3":"Could cause","FFocus:1_CorrExp:":{"Row-2 Col-2":"Some","Row-3 Col-2":"Smooth","Row-4 Col-2":"High"},"TEDcorrection":0,"CHG:FFocus:1_CorrExp::Row-2 Col-2":"Some","CHG:FFocus:1_CorrExp::Row-3 Col-2":"Smooth","CHG:FFocus:1_CorrExp::Row-4 Col-2":"High","FFocus:1_Explain:":{"name":"{{$EFO_TED_E1_LISTQ9|ans2}}","value":"$EFL_efdata.TED.E1.LISTQ9","ontologyKey":"TED_E1_LISTQ9|yes","index":2,"id":"2"},"Expt2_Q":{"name":"{{$EFO_TED_E1_LISTYN|no}}","ontologyKey":"TED_E1_LISTYN|no","index":2,"value":true,"id":"correct"},"Expt2_Reason":{"name":"{{$EFO_TED_E1_LISTQ23|ans4}}","value":"$EFL_efdata.TED.E1.LISTQ23","ontologyKey":"TED_E1_LISTQ23|yes","index":4,"id":"4"},"Imagine2":{"name":"{{$EFO_TED_E1_LISTYN|no}}","ontologyKey":"TED_E1_LISTYN|no","index":2,"value":true,"id":"correct"},"Imagine2_Reason":{"name":"{{$EFO_TED_E1_LISTQ56|ans4}}","value":"$EFL_efdata.TED.E1.LISTQ56","ontologyKey":"TED_E1_LISTQ56|yes","index":4,"id":"4"},"FFocus:2":{"Row-3 Col-3":"Could Not cause","Row-4 Col-3":"Could Not cause","Row-1 Col-3":"Could cause"},"CHG:FFocus:2:Row-3 Col-3":"Could Not cause","CHG:FFocus:2:Row-4 Col-3":"Could Not cause","CHG:FFocus:2:Row-1 Col-3":"Could cause","FFocus:2_CorrExp:":{"Row-1 Col-2":"Sugar"},"CHG:FFocus:2_CorrExp::Row-1 Col-2":"Sugar","FFocus:2_Explain:":{"name":"{{$EFO_TED_E1_LISTQ9|ans3}}","value":"$EFL_efdata.TED.E1.LISTQ9","ontologyKey":"TED_E1_LISTQ9|yes","index":3,"id":"3"},"TEDExptPOSTTV":{"ontologyKey":"S_A1_T2_V3","index":3},"POSTQ:1":{"Row-4 Col-1":"High","Row-4 Col-2":"Low","Row-3 Col-1":"Rough","Row-2 Col-1":"None","Row-1 Col-1":"Sugar","Row-3 Col-2":"Rough","Row-2 Col-2":"None","Row-1 Col-2":"Sugar"},"CHG:POSTQ:1:Row-4 Col-1":"High","CHG:POSTQ:1:Row-4 Col-2":"Low","CHG:POSTQ:1:Row-3 Col-1":"Rough","CHG:POSTQ:1:Row-2 Col-1":"None","CHG:POSTQ:1:Row-1 Col-1":"Sugar","CHG:POSTQ:1:Row-3 Col-2":"Rough","CHG:POSTQ:1:Row-2 Col-2":"None","CHG:POSTQ:1:Row-1 Col-2":"Sugar","POSTQ:1_Reason:":{"name":"{{$EFO_TED_E1_LISTPOST|ans5}}","value":"$EFL_efdata.TED.E1.LISTPOST","ontologyKey":"TED_E1_LISTPOST|yes","index":5,"id":"5"},"POSTQ:2":{"Row-1 Col-1":"Aspartame","Row-1 Col-2":"Sugar","Row-2 Col-1":"Some","Row-2 Col-2":"Some","Row-3 Col-1":"Smooth","Row-3 Col-2":"Smooth","Row-4 Col-1":"Low","Row-4 Col-2":"Low"},"CHG:POSTQ:2:Row-1 Col-1":"Aspartame","CHG:POSTQ:2:Row-1 Col-2":"Sugar","CHG:POSTQ:2:Row-2 Col-1":"Some","CHG:POSTQ:2:Row-2 Col-2":"Some","CHG:POSTQ:2:Row-3 Col-1":"Smooth","CHG:POSTQ:2:Row-3 Col-2":"Smooth","CHG:POSTQ:2:Row-4 Col-1":"Low","CHG:POSTQ:2:Row-4 Col-2":"Low","POSTQ:2_Reason:":{"name":"{{$EFO_TED_E1_LISTPOST|ans5}}","value":"$EFL_efdata.TED.E1.LISTPOST","ontologyKey":"TED_E1_LISTPOST|yes","index":5,"id":"5"},"POSTQ:3":{"Row-2 Col-1":"Some","Row-2 Col-2":"None","Row-1 Col-1":"Aspartame","Row-1 Col-2":"Aspartame","Row-3 Col-1":"Smooth","Row-3 Col-2":"Smooth","Row-4 Col-1":"High","Row-4 Col-2":"High"},"CHG:POSTQ:3:Row-2 Col-1":"Some","CHG:POSTQ:3:Row-2 Col-2":"None","CHG:POSTQ:3:Row-1 Col-1":"Aspartame","CHG:POSTQ:3:Row-1 Col-2":"Aspartame","CHG:POSTQ:3:Row-3 Col-1":"Smooth","CHG:POSTQ:3:Row-3 Col-2":"Smooth","CHG:POSTQ:3:Row-4 Col-1":"High","CHG:POSTQ:3:Row-4 Col-2":"High","POSTQ:3_Reason:":{"name":"{{$EFO_TED_E1_LISTPOST|ans5}}","value":"$EFL_efdata.TED.E1.LISTPOST","ontologyKey":"TED_E1_LISTPOST|yes","index":5,"id":"5"},"POSTQ:4":{"Row-3 Col-1":"Smooth","Row-3 Col-2":"Rough","Row-4 Col-1":"Low","Row-4 Col-2":"Low","Row-2 Col-1":"None","Row-2 Col-2":"None","Row-1 Col-1":"Sugar","Row-1 Col-2":"Sugar"},"CHG:POSTQ:4:Row-3 Col-1":"Smooth","CHG:POSTQ:4:Row-3 Col-2":"Rough","CHG:POSTQ:4:Row-4 Col-1":"Low","CHG:POSTQ:4:Row-4 Col-2":"Low","CHG:POSTQ:4:Row-2 Col-1":"None","CHG:POSTQ:4:Row-2 Col-2":"None","CHG:POSTQ:4:Row-1 Col-1":"Sugar","CHG:POSTQ:4:Row-1 Col-2":"Sugar","POSTQ:4_Reason:":{"name":"{{$EFO_TED_E1_LISTPOST|ans5}}","value":"$EFL_efdata.TED.E1.LISTPOST","ontologyKey":"TED_E1_LISTPOST|yes","index":5,"id":"5"}},"tutor":{"experimentalGroup":{"ontologyKey":"EG_A2"},"$seq":[{"prop":"experimentalGroup.ontologyKey","value":"EG_A2","time":1269396131343}]}}