{"scene":{"SNavigator":{},"SMatsIntro":{"complete":true,"$seq":[{"prop":"complete","value":false,"time":1554728910890},{"prop":"complete","value":true,"time":1554728924725}]},"SMatsPre1":{"complete":true,"$seq":[{"prop":"complete","value":false,"time":1554728926660},{"prop":"Sg1","value":"true","time":1554728937738},{"prop":"PreTest:Sg1","value":"b4","time":1554728937738},{"prop":"complete","value":false,"time":1554728937739},{"prop":"Sg1","value":"true","time":1554728937740},{"prop":"complete","value":false,"time":1554728937741},{"prop":"Sg2","value":"true","time":1554728940625},{"prop":"PreTest:Sg2","value":"b5","time":1554728940625},{"prop":"complete","value":false,"time":1554728940625},{"prop":"Sg2","value":"true","time":1554728940625},{"prop":"complete","value":false,"time":1554728940625},{"prop":"Sg3","value":"true","time":1554728943680},{"prop":"PreTest:Sg3","value":"b4","time":1554728943680},{"prop":"complete","value":false,"time":1554728943680},{"prop":"Sg3","value":"true","time":1554728943680},{"prop":"complete","value":false,"time":1554728943680},{"prop":"Sg4","value":"true","time":1554728946632},{"prop":"PreTest:Sg4","value":"b5","time":1554728946632},{"prop":"complete","value":true,"time":1554728946632},{"prop":"Sg4","value":"true","time":1554728946632},{"prop":"complete","value":true,"time":1554728946632}],"Sg1":"true","PreTest:Sg1":"b4","Sg2":"true","PreTest:Sg2":"b5","Sg3":"true","PreTest:Sg3":"b4","Sg4":"true","PreTest:Sg4":"b5"},"SMatsPre2":{"complete":true,"$seq":[{"prop":"complete","value":false,"time":1554728947994},{"prop":"Sg1","value":"true","time":1554728955243},{"prop":"PreTest:Sg1","value":"b1","time":1554728955243},{"prop":"complete","value":false,"time":1554728955243},{"prop":"Sg1","value":"true","time":1554728955244},{"prop":"complete","value":false,"time":1554728955244},{"prop":"Sg2","value":"true","time":1554728960355},{"prop":"PreTest:Sg2","value":"b5","time":1554728960355},{"prop":"complete","value":false,"time":1554728960355},{"prop":"Sg2","value":"true","time":1554728960355},{"prop":"complete","value":false,"time":1554728960355},{"prop":"Sg3","value":"true","time":1554728964537},{"prop":"PreTest:Sg3","value":"b4","time":1554728964537},{"prop":"complete","value":false,"time":1554728964537},{"prop":"Sg3","value":"true","time":1554728964537},{"prop":"complete","value":false,"time":1554728964537},{"prop":"Sg4","value":"true","time":1554728974063},{"prop":"PreTest:Sg4","value":"b2","time":1554728974063},{"prop":"complete","value":true,"time":1554728974063},{"prop":"Sg4","value":"true","time":1554728974064},{"prop":"complete","value":true,"time":1554728974064},{"prop":"Sg4","value":"true","time":1554728975173},{"prop":"PreTest:Sg4","value":"b1","time":1554728975173},{"prop":"complete","value":true,"time":1554728975173},{"prop":"Sg4","value":"true","time":1554728975173},{"prop":"complete","value":true,"time":1554728975173},{"prop":"Sg4","value":"true","time":1554728977020},{"prop":"PreTest:Sg4","value":"b2","time":1554728977020},{"prop":"complete","value":true,"time":1554728977020},{"prop":"Sg4","value":"true","time":1554728977020},{"prop":"complete","value":true,"time":1554728977020},{"prop":"Sg4","value":"true","time":1554728978215},{"prop":"PreTest:Sg4","value":"b1","time":1554728978215},{"prop":"complete","value":true,"time":1554728978215},{"prop":"Sg4","value":"true","time":1554728978215},{"prop":"complete","value":true,"time":1554728978215}],"Sg1":"true","PreTest:Sg1":"b1","Sg2":"true","PreTest:Sg2":"b5","Sg3":"true","PreTest:Sg3":"b4","Sg4":"true","PreTest:Sg4":"b1"},"SMatsPre3":{"complete":true,"$seq":[{"prop":"complete","value":false,"time":1554728979749},{"prop":"Sg1","value":"true","time":1554728985919},{"prop":"PreTest:Sg1","value":"b4","time":1554728985920},{"prop":"complete","value":false,"time":1554728985920},{"prop":"Sg1","value":"true","time":1554728985920},{"prop":"complete","value":false,"time":1554728985920},{"prop":"Sg2","value":"true","time":1554728988577},{"prop":"PreTest:Sg2","value":"b5","time":1554728988577},{"prop":"complete","value":false,"time":1554728988577},{"prop":"Sg2","value":"true","time":1554728988577},{"prop":"complete","value":false,"time":1554728988577},{"prop":"Sg3","value":"true","time":1554728991603},{"prop":"PreTest:Sg3","value":"b5","time":1554728991603},{"prop":"complete","value":false,"time":1554728991603},{"prop":"Sg3","value":"true","time":1554728991603},{"prop":"complete","value":false,"time":1554728991603},{"prop":"Sg4","value":"true","time":1554728995177},{"prop":"PreTest:Sg4","value":"b4","time":1554728995177},{"prop":"complete","value":true,"time":1554728995177},{"prop":"Sg4","value":"true","time":1554728995178},{"prop":"complete","value":true,"time":1554728995178}],"Sg1":"true","PreTest:Sg1":"b4","Sg2":"true","PreTest:Sg2":"b5","Sg3":"true","PreTest:Sg3":"b5","Sg4":"true","PreTest:Sg4":"b4"},"SMatsPre4":{"complete":true,"$seq":[{"prop":"complete","value":false,"time":1554728996081},{"prop":"Sg1","value":"true","time":1554729002139},{"prop":"PreTest:Sg1","value":"b3","time":1554729002139},{"prop":"complete","value":false,"time":1554729002139},{"prop":"Sg1","value":"true","time":1554729002140},{"prop":"complete","value":false,"time":1554729002140},{"prop":"Sg2","value":"true","time":1554729008566},{"prop":"PreTest:Sg2","value":"b1","time":1554729008566},{"prop":"complete","value":true,"time":1554729008566},{"prop":"prompted","value":true,"time":1554729008566},{"prop":"Sg2","value":"true","time":1554729008566},{"prop":"complete","value":true,"time":1554729008566},{"prop":"complete","value":true,"time":1554729013114}],"Sg1":"true","PreTest:Sg1":"b3","Sg2":"true","PreTest:Sg2":"b1","prompted":true},"SSceneEnd":{"complete":false,"$seq":[{"prop":"complete","value":false,"time":1554729013239}]}},"module":{},"tutor":{}}