{"scene":{"SNavigator":{},"SSceneBL":{"complete":true,"$seq":[{"prop":"complete","value":false,"time":1543847098485},{"prop":"complete","value":true,"time":1543847107243}]},"SScene4":{"complete":true,"$seq":[{"prop":"complete","value":false,"time":1543847120178},{"prop":"complete","value":true,"time":1543847140932}]},"SScene5":{"complete":true,"$seq":[{"prop":"complete","value":false,"time":1543847233410},{"prop":"complete","value":true,"time":1543847237929}]},"SScene5a":{"complete":true,"$seq":[{"prop":"complete","value":false,"time":1543847240597},{"prop":"complete","value":true,"time":1543847252231}]},"SScene6a":{},"SScene6b":{},"SScene6c":{},"SScene7":{"complete":true,"$seq":[{"prop":"complete","value":false,"time":1543847268176},{"prop":"complete","value":true,"time":1543847294367}]},"SScene8":{"complete":true,"$seq":[{"prop":"complete","value":false,"time":1543847297245},{"prop":"complete","value":true,"time":1543847339200}]},"SScene11":{"RQconfirmed":false,"$seq":[{"prop":"RQconfirmed","value":false,"time":1543847340890},{"prop":"complete","value":true,"time":1543847352517}],"complete":true},"SSceneEnd":{"complete":false,"$seq":[{"prop":"complete","value":false,"time":1543847355103}]}},"module":{"selectedArea":{"ontologyKey":"S_A1|name","index":1},"$seq":[{"prop":"selectedArea","value":{"ontologyKey":"S_A1|name","index":1},"time":1543847098422},{"prop":"selectedTopic","value":{"ontologyKey":"S_A1_T2|name","index":2},"time":1543847098422},{"prop":"selectedVariable","value":{"ontologyKey":"S_A1_T2_V4|name","index":4},"time":1543847098422},{"prop":"selectedRQ","value":{"ontologyKey":"S_A1_T2_RQ4"},"time":1543847098422},{"prop":"AreaSelectedID","value":"Sarea1|Sselected","time":1543847098423},{"prop":"AreaButtonID","value":"Sbutton1","time":1543847098423},{"prop":"TopicSelectedID","value":"Stopic2|Sselected","time":1543847098423},{"prop":"TopicButtonID","value":"Sbutton2","time":1543847098423},{"prop":"VariableHighlightID","value":"SbuttonHL4","time":1543847098423},{"prop":"VariableClickMaskID","value":"SclickMask4","time":1543847098423},{"prop":"RQconfirmation","value":"UNKNOWN","time":1543847340890}],"selectedTopic":{"ontologyKey":"S_A1_T2|name","index":2},"selectedVariable":{"ontologyKey":"S_A1_T2_V4|name","index":4},"selectedRQ":{"ontologyKey":"S_A1_T2_RQ4"},"AreaSelectedID":"Sarea1|Sselected","AreaButtonID":"Sbutton1","TopicSelectedID":"Stopic2|Sselected","TopicButtonID":"Sbutton2","VariableHighlightID":"SbuttonHL4","VariableClickMaskID":"SclickMask4","RQconfirmation":"UNKNOWN"},"tutor":{"experimentalGroup":{"ontologyKey":"EG_A3"},"$seq":[{"prop":"experimentalGroup.ontologyKey","value":"EG_A3","time":1543847098422}]}}