{"scene":{"SNavigator":{},"SScene1":{"complete":true,"$seq":[{"prop":"complete","value":false,"time":1557848909190},{"prop":"complete","value":true,"time":1557848956521}]},"SScene2":{"AreaSelected":true,"$seq":[{"prop":"AreaSelected","value":false,"time":1557848969626},{"prop":"AreaSelected","value":true,"time":1557849017381},{"prop":"Area Name:physical and chemical changes","time":1557849017383},{"prop":"Area Index:1","time":1557849017383}]},"SScene3":{"TopicSelected":true,"$seq":[{"prop":"TopicSelected","value":false,"time":1557849019865},{"prop":"TopicSelected","value":true,"time":1557849027679},{"prop":"Topic Index:2","time":1557849027681}]},"SScene4":{"complete":true,"$seq":[{"prop":"complete","value":false,"time":1557849028085},{"prop":"complete","value":true,"time":1557849048415}]},"SScene5":{"complete":true,"$seq":[{"prop":"complete","value":false,"time":1557849050292},{"prop":"complete","value":true,"time":1557849054697}]},"SScene5a":{"complete":true,"$seq":[{"prop":"complete","value":false,"time":1557849058534},{"prop":"complete","value":true,"time":1557849068171}]},"SScene6a":{},"SScene6b":{},"SScene6c":{},"SScene7":{"complete":true,"$seq":[{"prop":"complete","value":false,"time":1557849082569},{"prop":"complete","value":true,"time":1557849109578}]},"SScene8":{"complete":true,"$seq":[{"prop":"complete","value":false,"time":1557849111964},{"prop":"complete","value":true,"time":1557849151947}]},"SScene9":{"RQSelected":false,"$seq":[{"prop":"RQSelected","value":false,"time":1557849153268}]}},"module":{"selectedArea":{"ontologyKey":"S_A1|name","index":1},"$seq":[{"prop":"selectedArea","value":{"ontologyKey":"S_A1|name","index":1},"time":1557848909081},{"prop":"selectedTopic","value":{"ontologyKey":"S_A1_T2|name","index":2},"time":1557848909081},{"prop":"selectedVariable","value":{"ontologyKey":"S_A1_T2_V4|name","index":4},"time":1557848909081},{"prop":"selectedRQ","value":{"ontologyKey":"S_A1_T2_RQ4"},"time":1557848909081},{"prop":"AreaSelectedID","value":"Sarea1|Sselected","time":1557848909081},{"prop":"AreaButtonID","value":"Sbutton1","time":1557848909081},{"prop":"TopicSelectedID","value":"Stopic2|Sselected","time":1557848909081},{"prop":"TopicButtonID","value":"Sbutton2","time":1557848909081},{"prop":"VariableHighlightID","value":"SbuttonHL4","time":1557848909081},{"prop":"VariableClickMaskID","value":"SclickMask4","time":1557848909081},{"prop":"selectedArea.ontologyKey","value":"S_A1|name","time":1557849017381},{"prop":"selectedArea.index","value":1,"time":1557849017382},{"prop":"selectedTopic.ontologyKey","value":"S_A1_T2|name","time":1557849027680},{"prop":"selectedTopic.index","value":2,"time":1557849027680}],"selectedTopic":{"ontologyKey":"S_A1_T2|name","index":2},"selectedVariable":{"ontologyKey":"S_A1_T2_V4|name","index":4},"selectedRQ":{"ontologyKey":"S_A1_T2_RQ4"},"AreaSelectedID":"Sarea1|Sselected","AreaButtonID":"Sbutton1","TopicSelectedID":"Stopic2|Sselected","TopicButtonID":"Sbutton2","VariableHighlightID":"SbuttonHL4","VariableClickMaskID":"SclickMask4"},"tutor":{"experimentalGroup":{"ontologyKey":"EG_A2"},"$seq":[{"prop":"experimentalGroup.ontologyKey","value":"EG_A2","time":1557848909081}]}}