{"scene":{"SNavigator":{},"SIntro":{"complete":false,"$seq":[{"prop":"complete","value":false,"time":1557848025237}]},"SScene1":{"complete":true,"$seq":[{"prop":"complete","value":false,"time":1557848039533},{"prop":"Sg1","value":"true","time":1557848052045},{"prop":"DR1:Sg1","value":"ans1","time":1557848052045},{"prop":"complete","value":true,"time":1557848052046},{"prop":"Sg1","value":"true","time":1557848052047},{"prop":"complete","value":true,"time":1557848052047}],"Sg1":"true","DR1:Sg1":"ans1"},"SScene2":{"complete":false,"$seq":[{"prop":"complete","value":false,"time":1557848053560}]}},"module":{},"tutor":{}}