{"scene":{"SNavigator":{},"SScene3":{"complete":true,"$seq":[{"prop":"complete","value":false,"time":1557934553355},{"prop":"complete","value":true,"time":1557934559887}]},"SScene4":{"complete":true,"$seq":[{"prop":"complete","value":false,"time":1557934562436},{"prop":"complete","value":true,"time":1557934574312}]},"SScene5":{"complete":true,"$seq":[{"prop":"complete","value":false,"time":1557934576819},{"prop":"complete","value":true,"time":1557934582763}]},"SScene6":{"complete":true,"$seq":[{"prop":"complete","value":false,"time":1557934584734},{"prop":"complete","value":true,"time":1557934596424}]},"SScene7":{"complete":true,"$seq":[{"prop":"complete","value":false,"time":1557934996112},{"prop":"complete","value":true,"time":1557935005878}]},"SScene8":{"complete":true,"$seq":[{"prop":"complete","value":false,"time":1557935008066},{"prop":"complete","value":true,"time":1557935050644}]},"SScene9":{"complete":false,"$seq":[{"prop":"complete","value":false,"time":1557935051656},{"prop":"complete","value":true,"time":1557935055002},{"prop":"complete","value":false,"time":1557935055855}]},"SScene11":{"complete":true,"$seq":[{"prop":"complete","value":false,"time":1557934699883},{"prop":"complete","value":true,"time":1557934715888},{"prop":"complete","value":true,"time":1557934727635}]},"SScene12":{"complete":true,"$seq":[{"prop":"complete","value":false,"time":1557935088232},{"prop":"complete","value":true,"time":1557935097082}]},"SScene12A":{"complete":false,"$seq":[{"prop":"complete","value":false,"time":1557935099290},{"prop":"complete","value":true,"time":1557935110788},{"prop":"complete","value":false,"time":1557935111654}]},"SScene13":{"complete":false,"$seq":[{"prop":"complete","value":false,"time":1557935121677},{"prop":"complete","value":true,"time":1557935144844},{"prop":"complete","value":false,"time":1557935145575}]},"SScene15":{"complete":true,"$seq":[{"prop":"complete","value":false,"time":1557935156263},{"prop":"complete","value":false,"time":1557935184691},{"prop":"complete","value":false,"time":1557935186080},{"prop":"complete","value":true,"time":1557935187549},{"prop":"complete","value":true,"time":1557935190722},{"prop":"complete","value":false,"time":1557935193187},{"prop":"complete","value":true,"time":1557935240409}]},"SScene16":{"complete":true,"$seq":[{"prop":"complete","value":false,"time":1557935243338},{"prop":"complete","value":true,"time":1557935262804}]},"SScene17":{"complete":true,"$seq":[{"prop":"complete","value":false,"time":1557935264797},{"prop":"complete","value":true,"time":1557935283501},{"prop":"complete","value":true,"time":1557935283501},{"prop":"complete","value":false,"time":1557935284168},{"prop":"complete","value":true,"time":1557935316368}]},"SScene10":{"complete":true,"$seq":[{"prop":"complete","value":false,"time":1557935059231},{"prop":"complete","value":true,"time":1557935083655}]},"SScene18":{"complete":true,"$seq":[{"prop":"complete","value":false,"time":1557935317554},{"prop":"complete","value":true,"time":1557935323054}]},"SScene19":{"complete":true,"$seq":[{"prop":"complete","value":false,"time":1557935473742},{"prop":"complete","value":false,"time":1557935478712},{"prop":"complete","value":false,"time":1557935480113},{"prop":"complete","value":false,"time":1557935481220},{"prop":"complete","value":false,"time":1557935482658},{"prop":"complete","value":false,"time":1557935483933},{"prop":"complete","value":false,"time":1557935485237},{"prop":"complete","value":false,"time":1557935486619},{"prop":"complete","value":true,"time":1557935488125}]},"SScene20":{"complete":true,"$seq":[{"prop":"complete","value":false,"time":1557935489494},{"prop":"complete","value":true,"time":1557935492196}]},"SScene21":{"complete":true,"$seq":[{"prop":"complete","value":false,"time":1557935495472},{"prop":"complete","value":true,"time":1557935516241}]},"SSceneEnd":{}},"module":{"selectedArea":{"ontologyKey":"S_A1|name","index":1},"selectedTopic":{"ontologyKey":"S_A1_T1|name","index":1},"selectedVariable":{"ontologyKey":"S_A1_T1_V2|name","index":2},"selectedRQ":{"ontologyKey":"S_A1_T1_RQ2","index":"2"},"RQconfirmation":"UNKNOWN","TEDExptNonTarget":[1,2,3],"TEDExptConfounds":[3],"TEDExptDifferent":[3,4],"TEDExptArea":{"ontologyKey":"S_A1","index":1},"TEDExptTopic":{"ontologyKey":"S_A1_T1","index":1},"TEDExptVariable":{"ontologyKey":"S_A1_T1_V4","index":4},"TEDExptRQ":{"ontologyKey":"S_A1_T1_RQ4","index":4},"TEDExptVarNC1":{"ontologyKey":"S_A1_T1_V1","index":1},"TEDExptVarNC2":{"ontologyKey":"S_A1_T1_V2","index":2},"TEDExptVarNC3":{"ontologyKey":"S_A1_T1_V3","index":3},"TEDExptPOSTSequence":[],"TEDExpt1V1":{"ontologyKey":"S_A1_T1_V1_A","index":1},"TEDExpt2V1":{"ontologyKey":"S_A1_T1_V1_A","index":1},"TEDExpt1V2":{"ontologyKey":"S_A1_T1_V2_A","index":2},"TEDExpt2V2":{"ontologyKey":"S_A1_T1_V2_A","index":2},"TEDExpt1V3":{"ontologyKey":"S_A1_T1_V3_A","index":3},"TEDExpt2V3":{"ontologyKey":"S_A1_T1_V3_B","index":3},"TEDExpt1V4":{"ontologyKey":"S_A1_T1_V4_A","index":4},"TEDExpt2V4":{"ontologyKey":"S_A1_T1_V4_B","index":4},"TEDExptNC1SameDiff":{"ontologyKey":"TED_E1_Q7NC1SAME","value":"same","index":1},"TEDExptNC1Confound":{"ontologyKey":"S_A1_T1_V3","index":3},"TEDExptNC2SameDiff":{"ontologyKey":"TED_E1_Q7NC2SAME","value":"same","index":2},"TEDExptNC2Confound":{"ontologyKey":"S_A1_T1_V2","index":2},"TEDExptNC3SameDiff":{"ontologyKey":"TED_E1_Q7NC3DIFF","value":"diff","index":3},"TEDExptNC3Confound":{"ontologyKey":"S_A1_T1_V4","index":4},"differentRow":2,"sameRow1":1,"sameRow2":3,"sameRow3":4,"$seq":[{"prop":"TEDExptNonTarget","value":[1,2,4],"time":1557934553278},{"prop":"TEDExptConfounds","value":[4,1,2],"time":1557934553278},{"prop":"TEDExptDifferent","value":[4,1,2,3],"time":1557934553278},{"prop":"TEDExptArea","value":{"ontologyKey":"S_A1","index":1},"time":1557934553278},{"prop":"TEDExptTopic","value":{"ontologyKey":"S_A1_T1","index":1},"time":1557934553278},{"prop":"TEDExptVariable","value":{"ontologyKey":"S_A1_T1_V3","index":3},"time":1557934553278},{"prop":"TEDExptRQ","value":{"ontologyKey":"S_A1_T1_RQ3","index":3},"time":1557934553278},{"prop":"TEDExptVarNC1","value":{"ontologyKey":"S_A1_T1_V1","index":1},"time":1557934553278},{"prop":"TEDExptVarNC2","value":{"ontologyKey":"S_A1_T1_V2","index":2},"time":1557934553278},{"prop":"TEDExptVarNC3","value":{"ontologyKey":"S_A1_T1_V4","index":4},"time":1557934553278},{"prop":"TEDExptPOSTSequence","value":[{"ontologyKey":"S_A1_T1_V2","index":2},{"ontologyKey":"S_A1_T1_V3","index":3},{"ontologyKey":"S_A1_T1_V4","index":4},{"ontologyKey":"S_A1_T1_V1","index":1}],"time":1557934553279},{"prop":"TEDExpt1V1","value":{"ontologyKey":"S_A1_T1_V1_A","index":1},"time":1557934553279},{"prop":"TEDExpt2V1","value":{"ontologyKey":"S_A1_T1_V1_A","index":1},"time":1557934553279},{"prop":"TEDExpt1V2","value":{"ontologyKey":"S_A1_T1_V2_A","index":2},"time":1557934553279},{"prop":"TEDExpt2V2","value":{"ontologyKey":"S_A1_T1_V2_A","index":2},"time":1557934553279},{"prop":"TEDExpt1V3","value":{"ontologyKey":"S_A1_T1_V3_A","index":3},"time":1557934553279},{"prop":"TEDExpt2V3","value":{"ontologyKey":"S_A1_T1_V3_A","index":3},"time":1557934553279},{"prop":"TEDExpt1V4","value":{"ontologyKey":"S_A1_T1_V4_A","index":4},"time":1557934553279},{"prop":"TEDExpt2V4","value":{"ontologyKey":"S_A1_T1_V4_A","index":4},"time":1557934553279},{"prop":"TEDExpt2V4","value":{"ontologyKey":"S_A1_T1_V4_B","index":4},"time":1557934553279},{"prop":"TEDExpt2V1","value":{"ontologyKey":"S_A1_T1_V1_B","index":1},"time":1557934553279},{"prop":"TEDExpt2V2","value":{"ontologyKey":"S_A1_T1_V2_B","index":2},"time":1557934553279},{"prop":"TEDExpt2V3","value":{"ontologyKey":"S_A1_T1_V3_B","index":3},"time":1557934553279},{"prop":"TEDExptNC1SameDiff","value":{"ontologyKey":"TED_E1_Q7NC1DIFF","value":"diff","index":1},"time":1557934553279},{"prop":"TEDExptNC1Confound","value":{"ontologyKey":"S_A1_T1_V1","index":1},"time":1557934553279},{"prop":"TEDExptNC2SameDiff","value":{"ontologyKey":"TED_E1_Q7NC2DIFF","value":"diff","index":2},"time":1557934553279},{"prop":"TEDExptNC2Confound","value":{"ontologyKey":"S_A1_T1_V2","index":2},"time":1557934553279},{"prop":"TEDExptNC3SameDiff","value":{"ontologyKey":"TED_E1_Q7NC3DIFF","value":"diff","index":4},"time":1557934553279},{"prop":"TEDExptNC3Confound","value":{"ontologyKey":"S_A1_T1_V4","index":4},"time":1557934553279},{"prop":"Expt1_Q1","value":{"name":"{{$EFO_TED_E1_LISTYN|yes}}","ontologyKey":"TED_E1_LISTYN|yes","index":1,"value":false,"id":"incorrect"},"time":1557934687941},{"prop":"Expt1_Q","value":{"name":"{{$EFO_TED_E1_LISTYN|yes}}","ontologyKey":"TED_E1_LISTYN|yes","index":1,"value":false,"id":"incorrect"},"time":1557934687941},{"prop":"Expt1_Reason","value":{"name":"{{$EFO_TED_E1_LISTQ23|ans3}}","value":"$EFL_efdata.TED.E1.LISTQ23","ontologyKey":"TED_E1_LISTQ23|yes","index":3,"id":"3"},"time":1557934715888},{"prop":"Expt1_Reason","value":{"name":"{{$EFO_TED_E1_LISTQ23|ans2}}","value":"$EFL_efdata.TED.E1.LISTQ23","ontologyKey":"TED_E1_LISTQ23|yes","index":2,"id":"2"},"time":1557934727635},{"prop":"Expt1_Q4","value":{"name":"{{$EFO_TED_E1_LISTYN|no}}","ontologyKey":"TED_E1_LISTYN|no","index":2,"value":true,"id":"correct"},"time":1557934754558},{"prop":"Imagine1","value":{"name":"{{$EFO_TED_E1_LISTYN|no}}","ontologyKey":"TED_E1_LISTYN|no","index":2,"value":true,"id":"correct"},"time":1557934754558},{"prop":"Imagine1_Reason","value":{"name":"{{$EFO_TED_E1_LISTQ56|ans2}}","value":"$EFL_efdata.TED.E1.LISTQ56","ontologyKey":"TED_E1_LISTQ56|yes","index":2,"id":"2"},"time":1557934788589},{"prop":"FFocus:1","value":{"Row-1 Col-3":"Could cause","Row-2 Col-3":"Could cause","Row-4 Col-3":"Could cause"},"time":1557934799898},{"prop":"TEDFeatureFocus","value":["Could cause","Could cause","","Could cause"],"time":1557934800212},{"prop":"CHG:FFocus:1:Row-1 Col-3","value":"Could cause","time":1557934847468},{"prop":"TEDFeatureFocus","value":["Could cause","Could cause","","Could cause"],"time":1557934847468},{"prop":"CHG:FFocus:1:Row-2 Col-3","value":"Could cause","time":1557934850417},{"prop":"TEDFeatureFocus","value":["Could cause","Could cause","","Could cause"],"time":1557934850417},{"prop":"CHG:FFocus:1:Row-4 Col-3","value":"Could cause","time":1557934853988},{"prop":"TEDFeatureFocus","value":["Could cause","Could cause","","Could cause"],"time":1557934853988},{"prop":"FFocus:1_CorrExp:","value":{"Row-1 Col-2":"Room temperature","Row-2 Col-2":"Salt","Row-4 Col-2":"Twine"},"time":1557934907789},{"prop":"TEDcorrection","value":3,"time":1557934908140},{"prop":"CHG:FFocus:1_CorrExp::Row-1 Col-2","value":"Room temperature","time":1557934925148},{"prop":"TEDcorrection","value":2,"time":1557934925149},{"prop":"CHG:FFocus:1_CorrExp::Row-2 Col-2","value":"Salt","time":1557934927511},{"prop":"TEDcorrection","value":1,"time":1557934927512},{"prop":"CHG:FFocus:1_CorrExp::Row-4 Col-2","value":"Twine","time":1557934930118},{"prop":"TEDcorrection","value":0,"time":1557934930118},{"prop":"FFocus:1_Explain:","value":{"name":"{{$EFO_TED_E1_LISTQ9|ans3}}","value":"$EFL_efdata.TED.E1.LISTQ9","ontologyKey":"TED_E1_LISTQ9|yes","index":3,"id":"3"},"time":1557934955479},{"prop":"TEDExptNonTarget","value":[1,2,3],"time":1557934996102},{"prop":"TEDExptConfounds","value":[3],"time":1557934996102},{"prop":"TEDExptDifferent","value":[3,4],"time":1557934996102},{"prop":"TEDExptArea","value":{"ontologyKey":"S_A1","index":1},"time":1557934996102},{"prop":"TEDExptTopic","value":{"ontologyKey":"S_A1_T1","index":1},"time":1557934996102},{"prop":"TEDExptVariable","value":{"ontologyKey":"S_A1_T1_V4","index":4},"time":1557934996102},{"prop":"TEDExptRQ","value":{"ontologyKey":"S_A1_T1_RQ4","index":4},"time":1557934996102},{"prop":"TEDExptVarNC1","value":{"ontologyKey":"S_A1_T1_V1","index":1},"time":1557934996102},{"prop":"TEDExptVarNC2","value":{"ontologyKey":"S_A1_T1_V2","index":2},"time":1557934996102},{"prop":"TEDExptVarNC3","value":{"ontologyKey":"S_A1_T1_V3","index":3},"time":1557934996102},{"prop":"TEDExptPOSTSequence","value":[],"time":1557934996102},{"prop":"TEDExpt1V1","value":{"ontologyKey":"S_A1_T1_V1_A","index":1},"time":1557934996102},{"prop":"TEDExpt2V1","value":{"ontologyKey":"S_A1_T1_V1_A","index":1},"time":1557934996102},{"prop":"TEDExpt1V2","value":{"ontologyKey":"S_A1_T1_V2_A","index":2},"time":1557934996102},{"prop":"TEDExpt2V2","value":{"ontologyKey":"S_A1_T1_V2_A","index":2},"time":1557934996102},{"prop":"TEDExpt1V3","value":{"ontologyKey":"S_A1_T1_V3_A","index":3},"time":1557934996102},{"prop":"TEDExpt2V3","value":{"ontologyKey":"S_A1_T1_V3_A","index":3},"time":1557934996102},{"prop":"TEDExpt1V4","value":{"ontologyKey":"S_A1_T1_V4_A","index":4},"time":1557934996102},{"prop":"TEDExpt2V4","value":{"ontologyKey":"S_A1_T1_V4_A","index":4},"time":1557934996102},{"prop":"TEDExpt2V3","value":{"ontologyKey":"S_A1_T1_V3_B","index":3},"time":1557934996102},{"prop":"TEDExpt2V4","value":{"ontologyKey":"S_A1_T1_V4_B","index":4},"time":1557934996102},{"prop":"TEDExptNC1SameDiff","value":{"ontologyKey":"TED_E1_Q7NC1SAME","value":"same","index":1},"time":1557934996102},{"prop":"TEDExptNC2SameDiff","value":{"ontologyKey":"TED_E1_Q7NC2SAME","value":"same","index":2},"time":1557934996102},{"prop":"TEDExptNC3SameDiff","value":{"ontologyKey":"TED_E1_Q7NC3DIFF","value":"diff","index":3},"time":1557934996102},{"prop":"TEDExptNC1Confound","value":{"ontologyKey":"S_A1_T1_V3","index":3},"time":1557934996102},{"prop":"Expt1_Q1","value":{"name":"{{$EFO_TED_E1_LISTYN|no}}","ontologyKey":"TED_E1_LISTYN|no","index":2,"value":true,"id":"correct"},"time":1557935055002},{"prop":"Expt2_Q","value":{"name":"{{$EFO_TED_E1_LISTYN|no}}","ontologyKey":"TED_E1_LISTYN|no","index":2,"value":true,"id":"correct"},"time":1557935055002},{"prop":"Expt2_Reason","value":{"name":"{{$EFO_TED_E1_LISTQ23|ans4}}","value":"$EFL_efdata.TED.E1.LISTQ23","ontologyKey":"TED_E1_LISTQ23|yes","index":4,"id":"4"},"time":1557935083655},{"prop":"Expt1_Q4","value":{"name":"{{$EFO_TED_E1_LISTYN|no}}","ontologyKey":"TED_E1_LISTYN|no","index":2,"value":true,"id":"correct"},"time":1557935110788},{"prop":"Imagine2","value":{"name":"{{$EFO_TED_E1_LISTYN|no}}","ontologyKey":"TED_E1_LISTYN|no","index":2,"value":true,"id":"correct"},"time":1557935110788},{"prop":"Imagine2_Reason","value":{"name":"{{$EFO_TED_E1_LISTQ56|ans4}}","value":"$EFL_efdata.TED.E1.LISTQ56","ontologyKey":"TED_E1_LISTQ56|yes","index":4,"id":"4"},"time":1557935144844},{"prop":"FFocus:2","value":{"Row-1 Col-3":"Could Not cause","Row-2 Col-3":"Could Not cause","Row-3 Col-3":"Could cause"},"time":1557935156263},{"prop":"TEDFeatureFocus","value":["Could Not cause","Could Not cause","Could cause",""],"time":1557935156568},{"prop":"CHG:FFocus:2:Row-1 Col-3","value":"Could Not cause","time":1557935184691},{"prop":"TEDFeatureFocus","value":["Could Not cause","Could Not cause","Could cause",""],"time":1557935184691},{"prop":"CHG:FFocus:2:Row-2 Col-3","value":"Could Not cause","time":1557935186080},{"prop":"TEDFeatureFocus","value":["Could Not cause","Could Not cause","Could cause",""],"time":1557935186080},{"prop":"CHG:FFocus:2:Row-3 Col-3","value":"Could Not cause","time":1557935187549},{"prop":"TEDFeatureFocus","value":["Could Not cause","Could Not cause","Could cause",""],"time":1557935187549},{"prop":"CHG:FFocus:2:Row-3 Col-3","value":"Could cause","time":1557935190722},{"prop":"TEDFeatureFocus","value":["Could Not cause","Could Not cause","Could cause",""],"time":1557935190722},{"prop":"FFocus:2_CorrExp:","value":{"Row-3 Col-2":"A little"},"time":1557935243338},{"prop":"TEDcorrection","value":1,"time":1557935243683},{"prop":"CHG:FFocus:2_CorrExp::Row-3 Col-2","value":"A little","time":1557935262804},{"prop":"TEDcorrection","value":0,"time":1557935262804},{"prop":"FFocus:2_Explain:","value":{"name":"{{$EFO_TED_E1_LISTQ9|ans2}}","value":"$EFL_efdata.TED.E1.LISTQ9","ontologyKey":"TED_E1_LISTQ9|yes","index":2,"id":"2"},"time":1557935283501},{"prop":"TEDExptPOSTTV","value":{"ontologyKey":"S_A1_T1_V2","index":2},"time":1557935335086},{"prop":"POSTQ:1","value":{"Row-1 Col-1":"Hot","Row-1 Col-2":"Hot","Row-2 Col-2":"Salt","Row-2 Col-1":"Brown Sugar","Row-3 Col-2":"A little","Row-3 Col-1":"A little","Row-4 Col-2":"Yarn","Row-4 Col-1":"Yarn"},"time":1557935335086},{"prop":"CHG:POSTQ:1:Row-1 Col-1","value":"Hot","time":1557935344983},{"prop":"CHG:POSTQ:1:Row-1 Col-2","value":"Hot","time":1557935346807},{"prop":"CHG:POSTQ:1:Row-2 Col-2","value":"Salt","time":1557935350566},{"prop":"CHG:POSTQ:1:Row-2 Col-1","value":"Brown Sugar","time":1557935353000},{"prop":"CHG:POSTQ:1:Row-3 Col-2","value":"A little","time":1557935356655},{"prop":"CHG:POSTQ:1:Row-3 Col-1","value":"A little","time":1557935358292},{"prop":"CHG:POSTQ:1:Row-4 Col-2","value":"Yarn","time":1557935360660},{"prop":"CHG:POSTQ:1:Row-4 Col-1","value":"Yarn","time":1557935370383},{"prop":"POSTQ:1_Reason:","value":{"name":"{{$EFO_TED_E1_LISTPOST|ans5}}","value":"$EFL_efdata.TED.E1.LISTPOST","ontologyKey":"TED_E1_LISTPOST|yes","index":5,"id":"5"},"time":1557935389589},{"prop":"POSTQ:1_Reason:","value":{"name":"{{$EFO_TED_E1_LISTPOST|ans2}}","value":"$EFL_efdata.TED.E1.LISTPOST","ontologyKey":"TED_E1_LISTPOST|yes","index":2,"id":"2"},"time":1557935401390},{"prop":"TEDExptPOSTTV","value":{"ontologyKey":"S_A1_T1_V3","index":3},"time":1557935402173},{"prop":"POSTQ:2","value":{"Row-3 Col-2":"A little","Row-3 Col-1":"None","Row-1 Col-1":"Room temperature","Row-2 Col-2":"Brown Sugar","Row-2 Col-1":"Brown Sugar","Row-1 Col-2":"Room temperature","Row-4 Col-2":"Yarn","Row-4 Col-1":"Yarn"},"time":1557935402173},{"prop":"CHG:POSTQ:2:Row-3 Col-2","value":"A little","time":1557935414047},{"prop":"CHG:POSTQ:2:Row-3 Col-1","value":"None","time":1557935415704},{"prop":"CHG:POSTQ:2:Row-1 Col-1","value":"Room temperature","time":1557935418085},{"prop":"CHG:POSTQ:2:Row-2 Col-2","value":"Brown Sugar","time":1557935420777},{"prop":"CHG:POSTQ:2:Row-2 Col-1","value":"Brown Sugar","time":1557935423110},{"prop":"CHG:POSTQ:2:Row-1 Col-2","value":"Hot","time":1557935424644},{"prop":"CHG:POSTQ:2:Row-1 Col-2","value":"Room temperature","time":1557935428963},{"prop":"CHG:POSTQ:2:Row-4 Col-2","value":"Yarn","time":1557935433586},{"prop":"CHG:POSTQ:2:Row-4 Col-1","value":"Yarn","time":1557935435075},{"prop":"POSTQ:2_Reason:","value":{"name":"{{$EFO_TED_E1_LISTPOST|ans4}}","value":"$EFL_efdata.TED.E1.LISTPOST","ontologyKey":"TED_E1_LISTPOST|yes","index":4,"id":"4"},"time":1557935443503},{"prop":"TEDExptPOSTTV","value":{"ontologyKey":"S_A1_T1_V4","index":4},"time":1557935445692},{"prop":"POSTQ:3","value":{"Row-4 Col-1":"Twine","Row-4 Col-2":"Yarn","Row-3 Col-2":"A little","Row-3 Col-1":"A little","Row-2 Col-2":"Salt","Row-2 Col-1":"Salt","Row-1 Col-2":"Hot","Row-1 Col-1":"Hot"},"time":1557935445692},{"prop":"CHG:POSTQ:3:Row-4 Col-1","value":"Twine","time":1557935452622},{"prop":"CHG:POSTQ:3:Row-4 Col-2","value":"Yarn","time":1557935453955},{"prop":"CHG:POSTQ:3:Row-3 Col-2","value":"A little","time":1557935455302},{"prop":"CHG:POSTQ:3:Row-3 Col-1","value":"A little","time":1557935456754},{"prop":"CHG:POSTQ:3:Row-2 Col-2","value":"Brown Sugar","time":1557935457957},{"prop":"CHG:POSTQ:3:Row-2 Col-1","value":"Salt","time":1557935461243},{"prop":"CHG:POSTQ:3:Row-2 Col-2","value":"Salt","time":1557935462815},{"prop":"CHG:POSTQ:3:Row-1 Col-2","value":"Hot","time":1557935464123},{"prop":"CHG:POSTQ:3:Row-1 Col-1","value":"Hot","time":1557935465395},{"prop":"POSTQ:3_Reason:","value":{"name":"{{$EFO_TED_E1_LISTPOST|ans4}}","value":"$EFL_efdata.TED.E1.LISTPOST","ontologyKey":"TED_E1_LISTPOST|yes","index":4,"id":"4"},"time":1557935472883},{"prop":"TEDExptPOSTTV","value":{"ontologyKey":"S_A1_T1_V1","index":1},"time":1557935473727},{"prop":"POSTQ:4","value":{"Row-1 Col-1":"Hot","Row-1 Col-2":"Room temperature","Row-2 Col-2":"Brown Sugar","Row-2 Col-1":"Brown Sugar","Row-3 Col-2":"None","Row-3 Col-1":"None","Row-4 Col-2":"Twine","Row-4 Col-1":"Twine"},"time":1557935473727},{"prop":"CHG:POSTQ:4:Row-1 Col-1","value":"Hot","time":1557935478712},{"prop":"CHG:POSTQ:4:Row-1 Col-2","value":"Room temperature","time":1557935480113},{"prop":"CHG:POSTQ:4:Row-2 Col-2","value":"Brown Sugar","time":1557935481220},{"prop":"CHG:POSTQ:4:Row-2 Col-1","value":"Brown Sugar","time":1557935482658},{"prop":"CHG:POSTQ:4:Row-3 Col-2","value":"None","time":1557935483933},{"prop":"CHG:POSTQ:4:Row-3 Col-1","value":"None","time":1557935485237},{"prop":"CHG:POSTQ:4:Row-4 Col-2","value":"Twine","time":1557935486618},{"prop":"CHG:POSTQ:4:Row-4 Col-1","value":"Twine","time":1557935488125},{"prop":"POSTQ:4_Reason:","value":{"name":"{{$EFO_TED_E1_LISTPOST|ans4}}","value":"$EFL_efdata.TED.E1.LISTPOST","ontologyKey":"TED_E1_LISTPOST|yes","index":4,"id":"4"},"time":1557935492196}],"Expt1_Q1":{"name":"{{$EFO_TED_E1_LISTYN|no}}","ontologyKey":"TED_E1_LISTYN|no","index":2,"value":true,"id":"correct"},"Expt1_Q":{"name":"{{$EFO_TED_E1_LISTYN|yes}}","ontologyKey":"TED_E1_LISTYN|yes","index":1,"value":false,"id":"incorrect"},"Expt1_Reason":{"name":"{{$EFO_TED_E1_LISTQ23|ans2}}","value":"$EFL_efdata.TED.E1.LISTQ23","ontologyKey":"TED_E1_LISTQ23|yes","index":2,"id":"2"},"Expt1_Q4":{"name":"{{$EFO_TED_E1_LISTYN|no}}","ontologyKey":"TED_E1_LISTYN|no","index":2,"value":true,"id":"correct"},"Imagine1":{"name":"{{$EFO_TED_E1_LISTYN|no}}","ontologyKey":"TED_E1_LISTYN|no","index":2,"value":true,"id":"correct"},"Imagine1_Reason":{"name":"{{$EFO_TED_E1_LISTQ56|ans2}}","value":"$EFL_efdata.TED.E1.LISTQ56","ontologyKey":"TED_E1_LISTQ56|yes","index":2,"id":"2"},"FFocus:1":{"Row-1 Col-3":"Could cause","Row-2 Col-3":"Could cause","Row-4 Col-3":"Could cause"},"TEDFeatureFocus":["Could Not cause","Could Not cause","Could cause",""],"CHG:FFocus:1:Row-1 Col-3":"Could cause","CHG:FFocus:1:Row-2 Col-3":"Could cause","CHG:FFocus:1:Row-4 Col-3":"Could cause","FFocus:1_CorrExp:":{"Row-1 Col-2":"Room temperature","Row-2 Col-2":"Salt","Row-4 Col-2":"Twine"},"TEDcorrection":0,"CHG:FFocus:1_CorrExp::Row-1 Col-2":"Room temperature","CHG:FFocus:1_CorrExp::Row-2 Col-2":"Salt","CHG:FFocus:1_CorrExp::Row-4 Col-2":"Twine","FFocus:1_Explain:":{"name":"{{$EFO_TED_E1_LISTQ9|ans3}}","value":"$EFL_efdata.TED.E1.LISTQ9","ontologyKey":"TED_E1_LISTQ9|yes","index":3,"id":"3"},"Expt2_Q":{"name":"{{$EFO_TED_E1_LISTYN|no}}","ontologyKey":"TED_E1_LISTYN|no","index":2,"value":true,"id":"correct"},"Expt2_Reason":{"name":"{{$EFO_TED_E1_LISTQ23|ans4}}","value":"$EFL_efdata.TED.E1.LISTQ23","ontologyKey":"TED_E1_LISTQ23|yes","index":4,"id":"4"},"Imagine2":{"name":"{{$EFO_TED_E1_LISTYN|no}}","ontologyKey":"TED_E1_LISTYN|no","index":2,"value":true,"id":"correct"},"Imagine2_Reason":{"name":"{{$EFO_TED_E1_LISTQ56|ans4}}","value":"$EFL_efdata.TED.E1.LISTQ56","ontologyKey":"TED_E1_LISTQ56|yes","index":4,"id":"4"},"FFocus:2":{"Row-1 Col-3":"Could Not cause","Row-2 Col-3":"Could Not cause","Row-3 Col-3":"Could cause"},"CHG:FFocus:2:Row-1 Col-3":"Could Not cause","CHG:FFocus:2:Row-2 Col-3":"Could Not cause","CHG:FFocus:2:Row-3 Col-3":"Could cause","FFocus:2_CorrExp:":{"Row-3 Col-2":"A little"},"CHG:FFocus:2_CorrExp::Row-3 Col-2":"A little","FFocus:2_Explain:":{"name":"{{$EFO_TED_E1_LISTQ9|ans2}}","value":"$EFL_efdata.TED.E1.LISTQ9","ontologyKey":"TED_E1_LISTQ9|yes","index":2,"id":"2"},"TEDExptPOSTTV":{"ontologyKey":"S_A1_T1_V1","index":1},"POSTQ:1":{"Row-1 Col-1":"Hot","Row-1 Col-2":"Hot","Row-2 Col-2":"Salt","Row-2 Col-1":"Brown Sugar","Row-3 Col-2":"A little","Row-3 Col-1":"A little","Row-4 Col-2":"Yarn","Row-4 Col-1":"Yarn"},"CHG:POSTQ:1:Row-1 Col-1":"Hot","CHG:POSTQ:1:Row-1 Col-2":"Hot","CHG:POSTQ:1:Row-2 Col-2":"Salt","CHG:POSTQ:1:Row-2 Col-1":"Brown Sugar","CHG:POSTQ:1:Row-3 Col-2":"A little","CHG:POSTQ:1:Row-3 Col-1":"A little","CHG:POSTQ:1:Row-4 Col-2":"Yarn","CHG:POSTQ:1:Row-4 Col-1":"Yarn","POSTQ:1_Reason:":{"name":"{{$EFO_TED_E1_LISTPOST|ans2}}","value":"$EFL_efdata.TED.E1.LISTPOST","ontologyKey":"TED_E1_LISTPOST|yes","index":2,"id":"2"},"POSTQ:2":{"Row-3 Col-2":"A little","Row-3 Col-1":"None","Row-1 Col-1":"Room temperature","Row-2 Col-2":"Brown Sugar","Row-2 Col-1":"Brown Sugar","Row-1 Col-2":"Room temperature","Row-4 Col-2":"Yarn","Row-4 Col-1":"Yarn"},"CHG:POSTQ:2:Row-3 Col-2":"A little","CHG:POSTQ:2:Row-3 Col-1":"None","CHG:POSTQ:2:Row-1 Col-1":"Room temperature","CHG:POSTQ:2:Row-2 Col-2":"Brown Sugar","CHG:POSTQ:2:Row-2 Col-1":"Brown Sugar","CHG:POSTQ:2:Row-1 Col-2":"Room temperature","CHG:POSTQ:2:Row-4 Col-2":"Yarn","CHG:POSTQ:2:Row-4 Col-1":"Yarn","POSTQ:2_Reason:":{"name":"{{$EFO_TED_E1_LISTPOST|ans4}}","value":"$EFL_efdata.TED.E1.LISTPOST","ontologyKey":"TED_E1_LISTPOST|yes","index":4,"id":"4"},"POSTQ:3":{"Row-4 Col-1":"Twine","Row-4 Col-2":"Yarn","Row-3 Col-2":"A little","Row-3 Col-1":"A little","Row-2 Col-2":"Salt","Row-2 Col-1":"Salt","Row-1 Col-2":"Hot","Row-1 Col-1":"Hot"},"CHG:POSTQ:3:Row-4 Col-1":"Twine","CHG:POSTQ:3:Row-4 Col-2":"Yarn","CHG:POSTQ:3:Row-3 Col-2":"A little","CHG:POSTQ:3:Row-3 Col-1":"A little","CHG:POSTQ:3:Row-2 Col-2":"Salt","CHG:POSTQ:3:Row-2 Col-1":"Salt","CHG:POSTQ:3:Row-1 Col-2":"Hot","CHG:POSTQ:3:Row-1 Col-1":"Hot","POSTQ:3_Reason:":{"name":"{{$EFO_TED_E1_LISTPOST|ans4}}","value":"$EFL_efdata.TED.E1.LISTPOST","ontologyKey":"TED_E1_LISTPOST|yes","index":4,"id":"4"},"POSTQ:4":{"Row-1 Col-1":"Hot","Row-1 Col-2":"Room temperature","Row-2 Col-2":"Brown Sugar","Row-2 Col-1":"Brown Sugar","Row-3 Col-2":"None","Row-3 Col-1":"None","Row-4 Col-2":"Twine","Row-4 Col-1":"Twine"},"CHG:POSTQ:4:Row-1 Col-1":"Hot","CHG:POSTQ:4:Row-1 Col-2":"Room temperature","CHG:POSTQ:4:Row-2 Col-2":"Brown Sugar","CHG:POSTQ:4:Row-2 Col-1":"Brown Sugar","CHG:POSTQ:4:Row-3 Col-2":"None","CHG:POSTQ:4:Row-3 Col-1":"None","CHG:POSTQ:4:Row-4 Col-2":"Twine","CHG:POSTQ:4:Row-4 Col-1":"Twine","POSTQ:4_Reason:":{"name":"{{$EFO_TED_E1_LISTPOST|ans4}}","value":"$EFL_efdata.TED.E1.LISTPOST","ontologyKey":"TED_E1_LISTPOST|yes","index":4,"id":"4"}},"tutor":{"experimentalGroup":{"ontologyKey":"EG_A1"},"$seq":[{"prop":"experimentalGroup.ontologyKey","value":"EG_A1","time":1557934553274}]}}