{"scene":{"SNavigator":{},"SIntro":{"complete":false,"$seq":[{"prop":"complete","value":false,"time":1267572251799}]},"SScene1":{"complete":true,"$seq":[{"prop":"complete","value":false,"time":1267572267745},{"prop":"Sg1","value":"true","time":1267572314098},{"prop":"DR1:Sg1","value":"ans1","time":1267572314099},{"prop":"complete","value":true,"time":1267572314100},{"prop":"Sg1","value":"true","time":1267572314102},{"prop":"complete","value":true,"time":1267572314102},{"prop":"Sg1","value":"true","time":1267572314574},{"prop":"DR1:Sg1","value":"ans1","time":1267572314574},{"prop":"complete","value":true,"time":1267572314574},{"prop":"Sg1","value":"true","time":1267572314574},{"prop":"complete","value":true,"time":1267572314574}],"Sg1":"true","DR1:Sg1":"ans1"},"SScene2":{"complete":true,"$seq":[{"prop":"complete","value":false,"time":1267572315320},{"prop":"Sg1","value":"true","time":1267572363842},{"prop":"DR2:Sg1","value":"ans4","time":1267572363843},{"prop":"complete","value":true,"time":1267572363843},{"prop":"Sg1","value":"true","time":1267572363848},{"prop":"complete","value":true,"time":1267572363848}],"Sg1":"true","DR2:Sg1":"ans4"},"SScene3":{"complete":true,"$seq":[{"prop":"complete","value":false,"time":1267572365851},{"prop":"Sg1","value":"true","time":1267572373901},{"prop":"DR3:Sg1","value":"ans4","time":1267572373901},{"prop":"complete","value":true,"time":1267572373901},{"prop":"Sg1","value":"true","time":1267572373902},{"prop":"complete","value":true,"time":1267572373902},{"prop":"Sg1","value":"true","time":1267572373990},{"prop":"DR3:Sg1","value":"ans4","time":1267572373990},{"prop":"complete","value":true,"time":1267572373990},{"prop":"Sg1","value":"true","time":1267572373990},{"prop":"complete","value":true,"time":1267572373990},{"prop":"Sg1","value":"true","time":1267572374014},{"prop":"DR3:Sg1","value":"ans4","time":1267572374014},{"prop":"complete","value":true,"time":1267572374014},{"prop":"Sg1","value":"true","time":1267572374015},{"prop":"complete","value":true,"time":1267572374015},{"prop":"Sg1","value":"true","time":1267572450102},{"prop":"DR3:Sg1","value":"ans3","time":1267572450102},{"prop":"complete","value":true,"time":1267572450102},{"prop":"Sg1","value":"true","time":1267572450102},{"prop":"complete","value":true,"time":1267572450102}],"Sg1":"true","DR3:Sg1":"ans3"},"SScene4":{"complete":false,"$seq":[{"prop":"complete","value":false,"time":1267572455163}]}},"module":{},"tutor":{}}