{"scene":{"SNavigator":{},"SScene1":{"complete":true,"$seq":[{"prop":"complete","value":false,"time":1263869471268},{"prop":"complete","value":true,"time":1263869518973}]},"SScene2":{"AreaSelected":true,"$seq":[{"prop":"AreaSelected","value":false,"time":1263869528741},{"prop":"AreaSelected","value":true,"time":1263869583260},{"prop":"Area Name:physical and chemical changes","time":1263869583262},{"prop":"Area Index:1","time":1263869583262}]},"SScene3":{"TopicSelected":true,"$seq":[{"prop":"TopicSelected","value":false,"time":1263869585812},{"prop":"TopicSelected","value":true,"time":1263869593552},{"prop":"Topic Index:1","time":1263869593554}]},"SScene4":{"complete":true,"$seq":[{"prop":"complete","value":false,"time":1263869593960},{"prop":"complete","value":true,"time":1263869612741}]},"SScene5":{"complete":true,"$seq":[{"prop":"complete","value":false,"time":1263869615453},{"prop":"complete","value":true,"time":1263869619735}]},"SScene5a":{"complete":true,"$seq":[{"prop":"complete","value":false,"time":1263869626660},{"prop":"complete","value":true,"time":1263869643962}]},"SScene6a":{},"SScene6b":{},"SScene6c":{},"SScene6d":{},"SScene6e":{},"SScene6f":{},"SScene7":{"complete":true,"$seq":[{"prop":"complete","value":false,"time":1263869674157},{"prop":"complete","value":true,"time":1263869728326}]},"SScene8":{"complete":true,"$seq":[{"prop":"complete","value":false,"time":1263869730601},{"prop":"complete","value":true,"time":1263869768470}]},"SScene9":{"RQSelected":true,"$seq":[{"prop":"RQSelected","value":false,"time":1263869769599},{"prop":"RQSelected","value":true,"time":1263869780121},{"prop":"Variable Index:2","time":1263869780122}]},"SScene10":{"RQconfirmed":true,"$seq":[{"prop":"RQconfirmed","value":false,"time":1263869780244},{"prop":"RQconfirmed","value":true,"time":1263869801297}]},"SScene11":{"RQconfirmed":false,"$seq":[{"prop":"RQconfirmed","value":false,"time":1263869801502}]}},"module":{"selectedArea":{"ontologyKey":"S_A1|name","index":1},"$seq":[{"prop":"selectedArea.ontologyKey","value":"S_A1|name","time":1263869583260},{"prop":"selectedArea.index","value":1,"time":1263869583260},{"prop":"selectedTopic.ontologyKey","value":"S_A1_T1|name","time":1263869593552},{"prop":"selectedTopic.index","value":1,"time":1263869593552},{"prop":"selectedVariable.ontologyKey","value":"S_A1_T1_V2|name","time":1263869780122},{"prop":"selectedVariable.index","value":2,"time":1263869780122},{"prop":"selectedRQ","value":{"ontologyKey":"S_A1_T1_RQ2","index":"2"},"time":1263869780122},{"prop":"RQconfirmation","value":"UNKNOWN","time":1263869780244},{"prop":"RQconfirmation","value":"OK","time":1263869801297},{"prop":"RQconfirmation","value":"UNKNOWN","time":1263869801502}],"selectedTopic":{"ontologyKey":"S_A1_T1|name","index":1},"selectedVariable":{"ontologyKey":"S_A1_T1_V2|name","index":2},"selectedRQ":{"ontologyKey":"S_A1_T1_RQ2","index":"2"},"RQconfirmation":"UNKNOWN"},"tutor":{"experimentalGroup":{"ontologyKey":"EG_A1"},"$seq":[{"prop":"experimentalGroup.ontologyKey","value":"EG_A1","time":1263869471140}]}}