{"scene":{"SNavigator":{},"SScene1":{"complete":true,"$seq":[{"prop":"complete","value":false,"time":1263869471268},{"prop":"complete","value":true,"time":1263869518973}]},"SScene2":{"AreaSelected":true,"$seq":[{"prop":"AreaSelected","value":false,"time":1263869528741},{"prop":"AreaSelected","value":true,"time":1263869583260},{"prop":"Area Name:physical and chemical changes","time":1263869583262},{"prop":"Area Index:1","time":1263869583262}]},"SScene3":{"TopicSelected":false,"$seq":[{"prop":"TopicSelected","value":false,"time":1263869585812}]}},"module":{"selectedArea":{"ontologyKey":"S_A1|name","index":1},"$seq":[{"prop":"selectedArea.ontologyKey","value":"S_A1|name","time":1263869583260},{"prop":"selectedArea.index","value":1,"time":1263869583260}]},"tutor":{"experimentalGroup":{"ontologyKey":"EG_A1"},"$seq":[{"prop":"experimentalGroup.ontologyKey","value":"EG_A1","time":1263869471140}]}}