{"scene":{"SNavigator":{},"SScene1":{"rowsComplete":4,"$seq":[{"prop":"rowsComplete","value":0,"time":1542222036279},{"prop":"complete","value":false,"time":1542222036590},{"prop":"currentRow","value":1,"time":1542222065029},{"prop":"correct","value":true,"time":1542222065029},{"prop":"correct","value":false,"time":1542222065048},{"prop":"correct","value":false,"time":1542222070539},{"prop":"correct","value":false,"time":1542222070541},{"prop":"TVSel.col1","value":2,"time":1542222090722},{"prop":"TVSel.col2","value":1,"time":1542222094012},{"prop":"correct","value":true,"time":1542222094012},{"prop":"correct","value":false,"time":1542222094029},{"prop":"rowsComplete","value":1,"time":1542222094033},{"prop":"currentRow","value":0,"time":1542222103768},{"prop":"currentRow","value":2,"time":1542222103768},{"prop":"correct","value":false,"time":1542222103769},{"prop":"VSel.col1","value":null,"time":1542222103769},{"prop":"VSel.col2","value":null,"time":1542222103769},{"prop":"correct","value":false,"time":1542222103771},{"prop":"VSel.col1","value":1,"time":1542222114142},{"prop":"VSel.col2","value":2,"time":1542222116885},{"prop":"correct","value":false,"time":1542222116885},{"prop":"correct","value":false,"time":1542222116895},{"prop":"VSel.col1","value":2,"time":1542222125541},{"prop":"correct","value":true,"time":1542222125542},{"prop":"correct","value":false,"time":1542222125574},{"prop":"rowsComplete","value":2,"time":1542222125576},{"prop":"currentRow","value":3,"time":1542222131239},{"prop":"correct","value":false,"time":1542222131240},{"prop":"VSel.col1","value":null,"time":1542222131240},{"prop":"VSel.col2","value":null,"time":1542222131240},{"prop":"correct","value":false,"time":1542222131244},{"prop":"VSel.col1","value":2,"time":1542222148495},{"prop":"VSel.col2","value":2,"time":1542222150095},{"prop":"correct","value":true,"time":1542222150095},{"prop":"correct","value":false,"time":1542222150117},{"prop":"rowsComplete","value":3,"time":1542222150121},{"prop":"currentRow","value":4,"time":1542222155777},{"prop":"correct","value":false,"time":1542222155778},{"prop":"VSel.col1","value":null,"time":1542222155778},{"prop":"VSel.col2","value":null,"time":1542222155778},{"prop":"correct","value":false,"time":1542222155780},{"prop":"VSel.col1","value":2,"time":1542222160131},{"prop":"VSel.col2","value":2,"time":1542222161636},{"prop":"correct","value":true,"time":1542222161637},{"prop":"correct","value":false,"time":1542222161695},{"prop":"rowsComplete","value":4,"time":1542222161702},{"prop":"currentRow","value":5,"time":1542222167352},{"prop":"complete","value":true,"time":1542222167352},{"prop":"correct","value":false,"time":1542222167354}],"complete":true,"currentRow":5,"correct":false,"TVSel":{"col1":2,"col2":1},"VSel":{"col1":2,"col2":2}},"SScene2":{"complete":true,"$seq":[{"prop":"complete","value":false,"time":1542222168992},{"prop":"complete","value":true,"time":1542222192818},{"prop":"correct","value":false,"time":1542222194638}],"correct":false},"SScene3":{"complete":true,"$seq":[{"prop":"complete","value":false,"time":1542222194739},{"prop":"complete","value":true,"time":1542222202189}]},"SScene4":{"complete":true,"$seq":[{"prop":"complete","value":false,"time":1542222203014},{"prop":"complete","value":true,"time":1542222215091}]},"SScene5":{"complete":true,"$seq":[{"prop":"complete","value":false,"time":1542222216123},{"prop":"complete","value":true,"time":1542222221998}]},"SScene6":{"complete":true,"$seq":[{"prop":"complete","value":false,"time":1542222224118},{"prop":"complete","value":true,"time":1542222235562}]},"SScene7":{"complete":true,"$seq":[{"prop":"complete","value":false,"time":1542223521650},{"prop":"complete","value":true,"time":1542223532887}]},"SScene8":{"complete":true,"$seq":[{"prop":"complete","value":false,"time":1542223536805},{"prop":"complete","value":true,"time":1542223590502}]},"SScene9":{"complete":false,"$seq":[{"prop":"complete","value":false,"time":1542223592689},{"prop":"complete","value":true,"time":1542223598799},{"prop":"complete","value":false,"time":1542223599982}]},"SScene11":{"complete":true,"$seq":[{"prop":"complete","value":false,"time":1542222362984},{"prop":"complete","value":true,"time":1542222391128}]},"SScene12":{"complete":false,"$seq":[{"prop":"complete","value":false,"time":1542223710783}]},"SScene12A":{"complete":false,"$seq":[{"prop":"complete","value":false,"time":1542222431677},{"prop":"complete","value":true,"time":1542222450307},{"prop":"complete","value":false,"time":1542222451860},{"prop":"complete","value":false,"time":1542222454601},{"prop":"complete","value":false,"time":1542222456106},{"prop":"complete","value":false,"time":1542222460236},{"prop":"complete","value":false,"time":1542222461755},{"prop":"complete","value":false,"time":1542222463196},{"prop":"complete","value":false,"time":1542222464682}]},"SScene14":{"complete":false,"$seq":[{"prop":"complete","value":true,"time":1542222504951},{"prop":"complete","value":false,"time":1542222509778},{"prop":"complete","value":false,"time":1542222521464}]},"SScene15":{"complete":true,"$seq":[{"prop":"complete","value":false,"time":1542222521489},{"prop":"complete","value":false,"time":1542222694473},{"prop":"complete","value":false,"time":1542223226793},{"prop":"complete","value":true,"time":1542223233490},{"prop":"complete","value":false,"time":1542223234944},{"prop":"complete","value":false,"time":1542223236066},{"prop":"complete","value":false,"time":1542223237429},{"prop":"complete","value":true,"time":1542223294206}]},"SScene16":{"complete":true,"$seq":[{"prop":"complete","value":false,"time":1542223297323},{"prop":"complete","value":false,"time":1542223389641},{"prop":"complete","value":false,"time":1542223398361},{"prop":"complete","value":true,"time":1542223405504}]},"SScene17":{"complete":true,"$seq":[{"prop":"complete","value":false,"time":1542223406633},{"prop":"complete","value":true,"time":1542223463949},{"prop":"complete","value":false,"time":1542223465480},{"prop":"complete","value":false,"time":1542223471545},{"prop":"complete","value":false,"time":1542223473009},{"prop":"complete","value":false,"time":1542223476610},{"prop":"complete","value":false,"time":1542223480143},{"prop":"complete","value":false,"time":1542223482223},{"prop":"complete","value":false,"time":1542223483692},{"prop":"complete","value":false,"time":1542223487621},{"prop":"complete","value":false,"time":1542223491250},{"prop":"complete","value":false,"time":1542223492704},{"prop":"complete","value":false,"time":1542223494234},{"prop":"complete","value":false,"time":1542223499515},{"prop":"complete","value":false,"time":1542223501082},{"prop":"complete","value":true,"time":1542223503209}]},"SScene10":{"complete":true,"$seq":[{"prop":"complete","value":false,"time":1542223603233},{"prop":"complete","value":true,"time":1542223706830}]}},"module":{"EFMod_TEDInstr":{"selectedArea":{"index":4,"ontologyKey":"STBL_A4|name"},"$seq":[{"prop":"selectedArea.index","value":4,"time":1542222036173},{"prop":"selectedArea.ontologyKey","value":"STBL_A4|name","time":1542222036173},{"prop":"selectedTopic.index","value":1,"time":1542222036173},{"prop":"selectedTopic.ontologyKey","value":"STBL_A4_T1|name","time":1542222036173},{"prop":"selectedVariable.index","value":1,"time":1542222036173},{"prop":"selectedVariable.ontologyKey","value":"STBL_A4_T1_V1|name","time":1542222036173},{"prop":"TEDExptNonTarget","value":[1,3,4],"time":1542222036255},{"prop":"TEDExptConfounds","value":[3,4,1],"time":1542222036255},{"prop":"TEDExptDifferent","value":[3,4,1,2],"time":1542222036255},{"prop":"TEDExptArea","value":{"ontologyKey":"STBL_A4","index":4},"time":1542222036256},{"prop":"TEDExptTopic","value":{"ontologyKey":"STBL_A4_T1","index":1},"time":1542222036256},{"prop":"TEDExptVariable","value":{"ontologyKey":"STBL_A4_T1_V2","index":2},"time":1542222036256},{"prop":"TEDExptRQ","value":{"ontologyKey":"S_A4_T1_RQ2","index":2},"time":1542222036256},{"prop":"TEDExptVarNC1","value":{"ontologyKey":"STBL_A4_T1_V1","index":1},"time":1542222036256},{"prop":"TEDExptVarNC2","value":{"ontologyKey":"STBL_A4_T1_V3","index":3},"time":1542222036256},{"prop":"TEDExptVarNC3","value":{"ontologyKey":"STBL_A4_T1_V4","index":4},"time":1542222036256},{"prop":"TEDExptPOSTSequence","value":[{"ontologyKey":"STBL_A4_T1_V1","index":1},{"ontologyKey":"STBL_A4_T1_V2","index":2},{"ontologyKey":"STBL_A4_T1_V3","index":3},{"ontologyKey":"STBL_A4_T1_V4","index":4}],"time":1542222036256},{"prop":"TEDExpt1V1","value":{"ontologyKey":"S_A4_T1_V1_A","index":1},"time":1542222036256},{"prop":"TEDExpt2V1","value":{"ontologyKey":"S_A4_T1_V1_A","index":1},"time":1542222036256},{"prop":"TEDExpt1V2","value":{"ontologyKey":"S_A4_T1_V2_A","index":2},"time":1542222036256},{"prop":"TEDExpt2V2","value":{"ontologyKey":"S_A4_T1_V2_A","index":2},"time":1542222036257},{"prop":"TEDExpt1V3","value":{"ontologyKey":"S_A4_T1_V3_A","index":3},"time":1542222036257},{"prop":"TEDExpt2V3","value":{"ontologyKey":"S_A4_T1_V3_A","index":3},"time":1542222036257},{"prop":"TEDExpt1V4","value":{"ontologyKey":"S_A4_T1_V4_A","index":4},"time":1542222036257},{"prop":"TEDExpt2V4","value":{"ontologyKey":"S_A4_T1_V4_A","index":4},"time":1542222036257},{"prop":"TEDExpt2V3","value":{"ontologyKey":"S_A4_T1_V3_B","index":3},"time":1542222036257},{"prop":"TEDExpt2V4","value":{"ontologyKey":"S_A4_T1_V4_B","index":4},"time":1542222036257},{"prop":"TEDExpt2V1","value":{"ontologyKey":"S_A4_T1_V1_B","index":1},"time":1542222036257},{"prop":"TEDExpt2V2","value":{"ontologyKey":"S_A4_T1_V2_B","index":2},"time":1542222036257},{"prop":"TEDExptNC1SameDiff","value":{"ontologyKey":"TED_E1_Q7NC1DIFF","value":"diff","index":1},"time":1542222036257},{"prop":"TEDExptNC1Confound","value":{"ontologyKey":"STBL_A4_T1_V1","index":1},"time":1542222036257},{"prop":"TEDExptNC2SameDiff","value":{"ontologyKey":"TED_E1_Q7NC2DIFF","value":"diff","index":3},"time":1542222036257},{"prop":"TEDExptNC2Confound","value":{"ontologyKey":"STBL_A4_T1_V3","index":3},"time":1542222036257},{"prop":"TEDExptNC3SameDiff","value":{"ontologyKey":"TED_E1_Q7NC3DIFF","value":"diff","index":4},"time":1542222036257},{"prop":"TEDExptNC3Confound","value":{"ontologyKey":"STBL_A4_T1_V4","index":4},"time":1542222036257},{"prop":"TEDExptNonTarget","value":[1,3,4],"time":1542222036590},{"prop":"TEDExptConfounds","value":[3,4,1],"time":1542222036591},{"prop":"TEDExptDifferent","value":[3,4,1,2],"time":1542222036591},{"prop":"TEDExptArea","value":{"ontologyKey":"STBL_A4","index":4},"time":1542222036591},{"prop":"TEDExptTopic","value":{"ontologyKey":"STBL_A4_T1","index":1},"time":1542222036591},{"prop":"TEDExptVariable","value":{"ontologyKey":"STBL_A4_T1_V2","index":2},"time":1542222036591},{"prop":"TEDExptRQ","value":{"ontologyKey":"S_A4_T1_RQ2","index":2},"time":1542222036591},{"prop":"TEDExptVarNC1","value":{"ontologyKey":"STBL_A4_T1_V1","index":1},"time":1542222036591},{"prop":"TEDExptVarNC2","value":{"ontologyKey":"STBL_A4_T1_V3","index":3},"time":1542222036591},{"prop":"TEDExptVarNC3","value":{"ontologyKey":"STBL_A4_T1_V4","index":4},"time":1542222036591},{"prop":"TEDExptPOSTSequence","value":[{"ontologyKey":"STBL_A4_T1_V1","index":1},{"ontologyKey":"STBL_A4_T1_V2","index":2},{"ontologyKey":"STBL_A4_T1_V3","index":3},{"ontologyKey":"STBL_A4_T1_V4","index":4}],"time":1542222036591},{"prop":"TEDExpt1V1","value":{"ontologyKey":"S_A4_T1_V1_A","index":1},"time":1542222036591},{"prop":"TEDExpt2V1","value":{"ontologyKey":"S_A4_T1_V1_A","index":1},"time":1542222036591},{"prop":"TEDExpt1V2","value":{"ontologyKey":"S_A4_T1_V2_A","index":2},"time":1542222036591},{"prop":"TEDExpt2V2","value":{"ontologyKey":"S_A4_T1_V2_A","index":2},"time":1542222036591},{"prop":"TEDExpt1V3","value":{"ontologyKey":"S_A4_T1_V3_A","index":3},"time":1542222036591},{"prop":"TEDExpt2V3","value":{"ontologyKey":"S_A4_T1_V3_A","index":3},"time":1542222036591},{"prop":"TEDExpt1V4","value":{"ontologyKey":"S_A4_T1_V4_A","index":4},"time":1542222036591},{"prop":"TEDExpt2V4","value":{"ontologyKey":"S_A4_T1_V4_A","index":4},"time":1542222036591},{"prop":"TEDExpt2V3","value":{"ontologyKey":"S_A4_T1_V3_B","index":3},"time":1542222036591},{"prop":"TEDExpt2V4","value":{"ontologyKey":"S_A4_T1_V4_B","index":4},"time":1542222036591},{"prop":"TEDExpt2V1","value":{"ontologyKey":"S_A4_T1_V1_B","index":1},"time":1542222036591},{"prop":"TEDExpt2V2","value":{"ontologyKey":"S_A4_T1_V2_B","index":2},"time":1542222036591},{"prop":"TEDExptNC1SameDiff","value":{"ontologyKey":"TED_E1_Q7NC1DIFF","value":"diff","index":1},"time":1542222036591},{"prop":"TEDExptNC1Confound","value":{"ontologyKey":"STBL_A4_T1_V1","index":1},"time":1542222036591},{"prop":"TEDExptNC2SameDiff","value":{"ontologyKey":"TED_E1_Q7NC2DIFF","value":"diff","index":3},"time":1542222036591},{"prop":"TEDExptNC2Confound","value":{"ontologyKey":"STBL_A4_T1_V3","index":3},"time":1542222036591},{"prop":"TEDExptNC3SameDiff","value":{"ontologyKey":"TED_E1_Q7NC3DIFF","value":"diff","index":4},"time":1542222036591},{"prop":"TEDExptNC3Confound","value":{"ontologyKey":"STBL_A4_T1_V4","index":4},"time":1542222036591},{"prop":"differentRow","value":1,"time":1542222094032},{"prop":"independentVarN","value":{"row":2,"col":0,"ontologyKey":"STBL_A4_T1_V2|name","isText":true,"selectedValue":"Amount of Sunlight","cell":{}},"time":1542222103768},{"prop":"sameRow1","value":2,"time":1542222125576},{"prop":"independentVarN","value":{"row":3,"col":0,"ontologyKey":"STBL_A4_T1_V3|name","isText":true,"selectedValue":"Amount of Fertilizer","cell":{}},"time":1542222131239},{"prop":"sameRow2","value":3,"time":1542222150121},{"prop":"independentVarN","value":{"row":4,"col":0,"ontologyKey":"STBL_A4_T1_V4|name","isText":true,"selectedValue":"Type of Water","cell":{}},"time":1542222155777},{"prop":"sameRow3","value":4,"time":1542222161702},{"prop":"independentVarN","time":1542222167352},{"prop":"Expt1_Q1","value":{"name":"{{$EFO_TED_E1_LISTYN|yes}}","ontologyKey":"TED_E1_LISTYN|yes","index":1,"value":false,"id":"incorrect"},"time":1542222356264},{"prop":"Expt1_Q3_WRONG","value":{"name":"{{$EFO_TED_E1_LISTQ23|ans6}}","value":"$EFL_efdata.TED.E1.LISTQ23","ontologyKey":"TED_E1_LISTQ23|yes","index":6,"id":"6"},"time":1542222391128},{"prop":"Expt1_Q4","value":{"name":"{{$EFO_TED_E1_LISTYN|yes}}","ontologyKey":"TED_E1_LISTYN|yes","index":1,"value":false,"id":"incorrect"},"time":1542222450307},{"prop":"Expt1_Q4B_WRONG","value":{"name":"{{$EFO_TED_E1_LISTQ56|ans2}}","value":"$EFL_efdata.TED.E1.LISTQ56","ontologyKey":"TED_E1_LISTQ56|yes","index":2,"id":"2"},"time":1542222504951},{"prop":"TEDFeatureFocus","value":["Could Not cause","","Could cause","Could cause"],"time":1542222521732},{"prop":"TEDFeatureFocus","value":["Could Not cause","","Could cause","Could cause"],"time":1542222694472},{"prop":"TEDFeatureFocus","value":["Could Not cause","","Could cause","Could cause"],"time":1542223226793},{"prop":"TEDFeatureFocus","value":["Could Not cause","","Could cause","Could cause"],"time":1542223233490},{"prop":"TEDcorrection","value":3,"time":1542223297668},{"prop":"TEDcorrection","value":2,"time":1542223389641},{"prop":"TEDcorrection","value":1,"time":1542223398361},{"prop":"TEDcorrection","value":0,"time":1542223405504},{"prop":"TEDExptNonTarget","value":[1,2,4],"time":1542223521649},{"prop":"TEDExptConfounds","value":[2],"time":1542223521649},{"prop":"TEDExptDifferent","value":[2,3],"time":1542223521649},{"prop":"TEDExptArea","value":{"ontologyKey":"STBL_A4","index":4},"time":1542223521649},{"prop":"TEDExptTopic","value":{"ontologyKey":"STBL_A4_T1","index":1},"time":1542223521649},{"prop":"TEDExptVariable","value":{"ontologyKey":"STBL_A4_T1_V3","index":3},"time":1542223521649},{"prop":"TEDExptRQ","value":{"ontologyKey":"S_A4_T1_RQ3","index":3},"time":1542223521649},{"prop":"TEDExptVarNC1","value":{"ontologyKey":"STBL_A4_T1_V1","index":1},"time":1542223521649},{"prop":"TEDExptVarNC2","value":{"ontologyKey":"STBL_A4_T1_V2","index":2},"time":1542223521649},{"prop":"TEDExptVarNC3","value":{"ontologyKey":"STBL_A4_T1_V4","index":4},"time":1542223521649},{"prop":"TEDExptPOSTSequence","value":[{"ontologyKey":"STBL_A4_T1_V1","index":1},{"ontologyKey":"STBL_A4_T1_V2","index":2},{"ontologyKey":"STBL_A4_T1_V3","index":3},{"ontologyKey":"STBL_A4_T1_V4","index":4}],"time":1542223521649},{"prop":"TEDExpt1V1","value":{"ontologyKey":"S_A4_T1_V1_A","index":1},"time":1542223521649},{"prop":"TEDExpt2V1","value":{"ontologyKey":"S_A4_T1_V1_A","index":1},"time":1542223521649},{"prop":"TEDExpt1V2","value":{"ontologyKey":"S_A4_T1_V2_A","index":2},"time":1542223521649},{"prop":"TEDExpt2V2","value":{"ontologyKey":"S_A4_T1_V2_A","index":2},"time":1542223521649},{"prop":"TEDExpt1V3","value":{"ontologyKey":"S_A4_T1_V3_A","index":3},"time":1542223521649},{"prop":"TEDExpt2V3","value":{"ontologyKey":"S_A4_T1_V3_A","index":3},"time":1542223521649},{"prop":"TEDExpt1V4","value":{"ontologyKey":"S_A4_T1_V4_A","index":4},"time":1542223521649},{"prop":"TEDExpt2V4","value":{"ontologyKey":"S_A4_T1_V4_A","index":4},"time":1542223521649},{"prop":"TEDExpt2V2","value":{"ontologyKey":"S_A4_T1_V2_B","index":2},"time":1542223521649},{"prop":"TEDExpt2V3","value":{"ontologyKey":"S_A4_T1_V3_B","index":3},"time":1542223521649},{"prop":"TEDExptNC1SameDiff","value":{"ontologyKey":"TED_E1_Q7NC1SAME","value":"same","index":1},"time":1542223521649},{"prop":"TEDExptNC2SameDiff","value":{"ontologyKey":"TED_E1_Q7NC2DIFF","value":"diff","index":2},"time":1542223521649},{"prop":"TEDExptNC1Confound","value":{"ontologyKey":"STBL_A4_T1_V2","index":2},"time":1542223521649},{"prop":"TEDExptNC3SameDiff","value":{"ontologyKey":"TED_E1_Q7NC3SAME","value":"same","index":4},"time":1542223521649},{"prop":"Expt1_Q1","value":{"name":"{{$EFO_TED_E1_LISTYN|no}}","ontologyKey":"TED_E1_LISTYN|no","index":2,"value":true,"id":"correct"},"time":1542223598799},{"prop":"Expt1_Q2_RIGHT","value":{"name":"{{$EFO_TED_E1_LISTQ23|ans1}}","value":"$EFL_efdata.TED.E1.LISTQ23","ontologyKey":"TED_E1_LISTQ23|yes","index":1,"id":"1"},"time":1542223706830}],"selectedTopic":{"index":1,"ontologyKey":"STBL_A4_T1|name"},"selectedVariable":{"index":1,"ontologyKey":"STBL_A4_T1_V1|name"},"TEDExptNonTarget":[1,2,4],"TEDExptConfounds":[2],"TEDExptDifferent":[2,3],"TEDExptArea":{"ontologyKey":"STBL_A4","index":4},"TEDExptTopic":{"ontologyKey":"STBL_A4_T1","index":1},"TEDExptVariable":{"ontologyKey":"STBL_A4_T1_V3","index":3},"TEDExptRQ":{"ontologyKey":"S_A4_T1_RQ3","index":3},"TEDExptVarNC1":{"ontologyKey":"STBL_A4_T1_V1","index":1},"TEDExptVarNC2":{"ontologyKey":"STBL_A4_T1_V2","index":2},"TEDExptVarNC3":{"ontologyKey":"STBL_A4_T1_V4","index":4},"TEDExptPOSTSequence":[{"ontologyKey":"STBL_A4_T1_V1","index":1},{"ontologyKey":"STBL_A4_T1_V2","index":2},{"ontologyKey":"STBL_A4_T1_V3","index":3},{"ontologyKey":"STBL_A4_T1_V4","index":4}],"TEDExpt1V1":{"ontologyKey":"S_A4_T1_V1_A","index":1},"TEDExpt2V1":{"ontologyKey":"S_A4_T1_V1_A","index":1},"TEDExpt1V2":{"ontologyKey":"S_A4_T1_V2_A","index":2},"TEDExpt2V2":{"ontologyKey":"S_A4_T1_V2_B","index":2},"TEDExpt1V3":{"ontologyKey":"S_A4_T1_V3_A","index":3},"TEDExpt2V3":{"ontologyKey":"S_A4_T1_V3_B","index":3},"TEDExpt1V4":{"ontologyKey":"S_A4_T1_V4_A","index":4},"TEDExpt2V4":{"ontologyKey":"S_A4_T1_V4_A","index":4},"TEDExptNC1SameDiff":{"ontologyKey":"TED_E1_Q7NC1SAME","value":"same","index":1},"TEDExptNC1Confound":{"ontologyKey":"STBL_A4_T1_V2","index":2},"TEDExptNC2SameDiff":{"ontologyKey":"TED_E1_Q7NC2DIFF","value":"diff","index":2},"TEDExptNC2Confound":{"ontologyKey":"STBL_A4_T1_V3","index":3},"TEDExptNC3SameDiff":{"ontologyKey":"TED_E1_Q7NC3SAME","value":"same","index":4},"TEDExptNC3Confound":{"ontologyKey":"STBL_A4_T1_V4","index":4},"differentRow":1,"sameRow1":2,"sameRow2":3,"sameRow3":4,"Expt1_Q1":{"name":"{{$EFO_TED_E1_LISTYN|no}}","ontologyKey":"TED_E1_LISTYN|no","index":2,"value":true,"id":"correct"},"Expt1_Q3_WRONG":{"name":"{{$EFO_TED_E1_LISTQ23|ans6}}","value":"$EFL_efdata.TED.E1.LISTQ23","ontologyKey":"TED_E1_LISTQ23|yes","index":6,"id":"6"},"Expt1_Q4":{"name":"{{$EFO_TED_E1_LISTYN|yes}}","ontologyKey":"TED_E1_LISTYN|yes","index":1,"value":false,"id":"incorrect"},"Expt1_Q4B_WRONG":{"name":"{{$EFO_TED_E1_LISTQ56|ans2}}","value":"$EFL_efdata.TED.E1.LISTQ56","ontologyKey":"TED_E1_LISTQ56|yes","index":2,"id":"2"},"TEDFeatureFocus":["Could Not cause","","Could cause","Could cause"],"TEDcorrection":0,"Expt1_Q2_RIGHT":{"name":"{{$EFO_TED_E1_LISTQ23|ans1}}","value":"$EFL_efdata.TED.E1.LISTQ23","ontologyKey":"TED_E1_LISTQ23|yes","index":1,"id":"1"}}},"tutor":{"experimentalGroup":{"ontologyKey":"EG_A2"},"$seq":[{"prop":"experimentalGroup.ontologyKey","value":"EG_A2","time":1542222036172}]}}