{"scene":{"SNavigator":{},"SScene1":{"rowsComplete":4,"$seq":[{"prop":"rowsComplete","value":0,"time":1542222036279},{"prop":"complete","value":false,"time":1542222036590},{"prop":"currentRow","value":1,"time":1542222065029},{"prop":"correct","value":true,"time":1542222065029},{"prop":"correct","value":false,"time":1542222065048},{"prop":"correct","value":false,"time":1542222070539},{"prop":"correct","value":false,"time":1542222070541},{"prop":"TVSel.col1","value":2,"time":1542222090722},{"prop":"TVSel.col2","value":1,"time":1542222094012},{"prop":"correct","value":true,"time":1542222094012},{"prop":"correct","value":false,"time":1542222094029},{"prop":"rowsComplete","value":1,"time":1542222094033},{"prop":"currentRow","value":0,"time":1542222103768},{"prop":"currentRow","value":2,"time":1542222103768},{"prop":"correct","value":false,"time":1542222103769},{"prop":"VSel.col1","value":null,"time":1542222103769},{"prop":"VSel.col2","value":null,"time":1542222103769},{"prop":"correct","value":false,"time":1542222103771},{"prop":"VSel.col1","value":1,"time":1542222114142},{"prop":"VSel.col2","value":2,"time":1542222116885},{"prop":"correct","value":false,"time":1542222116885},{"prop":"correct","value":false,"time":1542222116895},{"prop":"VSel.col1","value":2,"time":1542222125541},{"prop":"correct","value":true,"time":1542222125542},{"prop":"correct","value":false,"time":1542222125574},{"prop":"rowsComplete","value":2,"time":1542222125576},{"prop":"currentRow","value":3,"time":1542222131239},{"prop":"correct","value":false,"time":1542222131240},{"prop":"VSel.col1","value":null,"time":1542222131240},{"prop":"VSel.col2","value":null,"time":1542222131240},{"prop":"correct","value":false,"time":1542222131244},{"prop":"VSel.col1","value":2,"time":1542222148495},{"prop":"VSel.col2","value":2,"time":1542222150095},{"prop":"correct","value":true,"time":1542222150095},{"prop":"correct","value":false,"time":1542222150117},{"prop":"rowsComplete","value":3,"time":1542222150121},{"prop":"currentRow","value":4,"time":1542222155777},{"prop":"correct","value":false,"time":1542222155778},{"prop":"VSel.col1","value":null,"time":1542222155778},{"prop":"VSel.col2","value":null,"time":1542222155778},{"prop":"correct","value":false,"time":1542222155780},{"prop":"VSel.col1","value":2,"time":1542222160131},{"prop":"VSel.col2","value":2,"time":1542222161636},{"prop":"correct","value":true,"time":1542222161637},{"prop":"correct","value":false,"time":1542222161695},{"prop":"rowsComplete","value":4,"time":1542222161702},{"prop":"currentRow","value":5,"time":1542222167352},{"prop":"complete","value":true,"time":1542222167352},{"prop":"correct","value":false,"time":1542222167354}],"complete":true,"currentRow":5,"correct":false,"TVSel":{"col1":2,"col2":1},"VSel":{"col1":2,"col2":2}},"SScene2":{"complete":true,"$seq":[{"prop":"complete","value":false,"time":1542222168992},{"prop":"complete","value":true,"time":1542222192818},{"prop":"correct","value":false,"time":1542222194638}],"correct":false},"SScene3":{"complete":false,"$seq":[{"prop":"complete","value":false,"time":1542222194739}]}},"module":{"EFMod_TEDInstr":{"selectedArea":{"index":4,"ontologyKey":"STBL_A4|name"},"$seq":[{"prop":"selectedArea.index","value":4,"time":1542222036173},{"prop":"selectedArea.ontologyKey","value":"STBL_A4|name","time":1542222036173},{"prop":"selectedTopic.index","value":1,"time":1542222036173},{"prop":"selectedTopic.ontologyKey","value":"STBL_A4_T1|name","time":1542222036173},{"prop":"selectedVariable.index","value":1,"time":1542222036173},{"prop":"selectedVariable.ontologyKey","value":"STBL_A4_T1_V1|name","time":1542222036173},{"prop":"TEDExptNonTarget","value":[1,3,4],"time":1542222036255},{"prop":"TEDExptConfounds","value":[3,4,1],"time":1542222036255},{"prop":"TEDExptDifferent","value":[3,4,1,2],"time":1542222036255},{"prop":"TEDExptArea","value":{"ontologyKey":"STBL_A4","index":4},"time":1542222036256},{"prop":"TEDExptTopic","value":{"ontologyKey":"STBL_A4_T1","index":1},"time":1542222036256},{"prop":"TEDExptVariable","value":{"ontologyKey":"STBL_A4_T1_V2","index":2},"time":1542222036256},{"prop":"TEDExptRQ","value":{"ontologyKey":"S_A4_T1_RQ2","index":2},"time":1542222036256},{"prop":"TEDExptVarNC1","value":{"ontologyKey":"STBL_A4_T1_V1","index":1},"time":1542222036256},{"prop":"TEDExptVarNC2","value":{"ontologyKey":"STBL_A4_T1_V3","index":3},"time":1542222036256},{"prop":"TEDExptVarNC3","value":{"ontologyKey":"STBL_A4_T1_V4","index":4},"time":1542222036256},{"prop":"TEDExptPOSTSequence","value":[{"ontologyKey":"STBL_A4_T1_V1","index":1},{"ontologyKey":"STBL_A4_T1_V2","index":2},{"ontologyKey":"STBL_A4_T1_V3","index":3},{"ontologyKey":"STBL_A4_T1_V4","index":4}],"time":1542222036256},{"prop":"TEDExpt1V1","value":{"ontologyKey":"S_A4_T1_V1_A","index":1},"time":1542222036256},{"prop":"TEDExpt2V1","value":{"ontologyKey":"S_A4_T1_V1_A","index":1},"time":1542222036256},{"prop":"TEDExpt1V2","value":{"ontologyKey":"S_A4_T1_V2_A","index":2},"time":1542222036256},{"prop":"TEDExpt2V2","value":{"ontologyKey":"S_A4_T1_V2_A","index":2},"time":1542222036257},{"prop":"TEDExpt1V3","value":{"ontologyKey":"S_A4_T1_V3_A","index":3},"time":1542222036257},{"prop":"TEDExpt2V3","value":{"ontologyKey":"S_A4_T1_V3_A","index":3},"time":1542222036257},{"prop":"TEDExpt1V4","value":{"ontologyKey":"S_A4_T1_V4_A","index":4},"time":1542222036257},{"prop":"TEDExpt2V4","value":{"ontologyKey":"S_A4_T1_V4_A","index":4},"time":1542222036257},{"prop":"TEDExpt2V3","value":{"ontologyKey":"S_A4_T1_V3_B","index":3},"time":1542222036257},{"prop":"TEDExpt2V4","value":{"ontologyKey":"S_A4_T1_V4_B","index":4},"time":1542222036257},{"prop":"TEDExpt2V1","value":{"ontologyKey":"S_A4_T1_V1_B","index":1},"time":1542222036257},{"prop":"TEDExpt2V2","value":{"ontologyKey":"S_A4_T1_V2_B","index":2},"time":1542222036257},{"prop":"TEDExptNC1SameDiff","value":{"ontologyKey":"TED_E1_Q7NC1DIFF","value":"diff","index":1},"time":1542222036257},{"prop":"TEDExptNC1Confound","value":{"ontologyKey":"STBL_A4_T1_V1","index":1},"time":1542222036257},{"prop":"TEDExptNC2SameDiff","value":{"ontologyKey":"TED_E1_Q7NC2DIFF","value":"diff","index":3},"time":1542222036257},{"prop":"TEDExptNC2Confound","value":{"ontologyKey":"STBL_A4_T1_V3","index":3},"time":1542222036257},{"prop":"TEDExptNC3SameDiff","value":{"ontologyKey":"TED_E1_Q7NC3DIFF","value":"diff","index":4},"time":1542222036257},{"prop":"TEDExptNC3Confound","value":{"ontologyKey":"STBL_A4_T1_V4","index":4},"time":1542222036257},{"prop":"TEDExptNonTarget","value":[1,3,4],"time":1542222036590},{"prop":"TEDExptConfounds","value":[3,4,1],"time":1542222036591},{"prop":"TEDExptDifferent","value":[3,4,1,2],"time":1542222036591},{"prop":"TEDExptArea","value":{"ontologyKey":"STBL_A4","index":4},"time":1542222036591},{"prop":"TEDExptTopic","value":{"ontologyKey":"STBL_A4_T1","index":1},"time":1542222036591},{"prop":"TEDExptVariable","value":{"ontologyKey":"STBL_A4_T1_V2","index":2},"time":1542222036591},{"prop":"TEDExptRQ","value":{"ontologyKey":"S_A4_T1_RQ2","index":2},"time":1542222036591},{"prop":"TEDExptVarNC1","value":{"ontologyKey":"STBL_A4_T1_V1","index":1},"time":1542222036591},{"prop":"TEDExptVarNC2","value":{"ontologyKey":"STBL_A4_T1_V3","index":3},"time":1542222036591},{"prop":"TEDExptVarNC3","value":{"ontologyKey":"STBL_A4_T1_V4","index":4},"time":1542222036591},{"prop":"TEDExptPOSTSequence","value":[{"ontologyKey":"STBL_A4_T1_V1","index":1},{"ontologyKey":"STBL_A4_T1_V2","index":2},{"ontologyKey":"STBL_A4_T1_V3","index":3},{"ontologyKey":"STBL_A4_T1_V4","index":4}],"time":1542222036591},{"prop":"TEDExpt1V1","value":{"ontologyKey":"S_A4_T1_V1_A","index":1},"time":1542222036591},{"prop":"TEDExpt2V1","value":{"ontologyKey":"S_A4_T1_V1_A","index":1},"time":1542222036591},{"prop":"TEDExpt1V2","value":{"ontologyKey":"S_A4_T1_V2_A","index":2},"time":1542222036591},{"prop":"TEDExpt2V2","value":{"ontologyKey":"S_A4_T1_V2_A","index":2},"time":1542222036591},{"prop":"TEDExpt1V3","value":{"ontologyKey":"S_A4_T1_V3_A","index":3},"time":1542222036591},{"prop":"TEDExpt2V3","value":{"ontologyKey":"S_A4_T1_V3_A","index":3},"time":1542222036591},{"prop":"TEDExpt1V4","value":{"ontologyKey":"S_A4_T1_V4_A","index":4},"time":1542222036591},{"prop":"TEDExpt2V4","value":{"ontologyKey":"S_A4_T1_V4_A","index":4},"time":1542222036591},{"prop":"TEDExpt2V3","value":{"ontologyKey":"S_A4_T1_V3_B","index":3},"time":1542222036591},{"prop":"TEDExpt2V4","value":{"ontologyKey":"S_A4_T1_V4_B","index":4},"time":1542222036591},{"prop":"TEDExpt2V1","value":{"ontologyKey":"S_A4_T1_V1_B","index":1},"time":1542222036591},{"prop":"TEDExpt2V2","value":{"ontologyKey":"S_A4_T1_V2_B","index":2},"time":1542222036591},{"prop":"TEDExptNC1SameDiff","value":{"ontologyKey":"TED_E1_Q7NC1DIFF","value":"diff","index":1},"time":1542222036591},{"prop":"TEDExptNC1Confound","value":{"ontologyKey":"STBL_A4_T1_V1","index":1},"time":1542222036591},{"prop":"TEDExptNC2SameDiff","value":{"ontologyKey":"TED_E1_Q7NC2DIFF","value":"diff","index":3},"time":1542222036591},{"prop":"TEDExptNC2Confound","value":{"ontologyKey":"STBL_A4_T1_V3","index":3},"time":1542222036591},{"prop":"TEDExptNC3SameDiff","value":{"ontologyKey":"TED_E1_Q7NC3DIFF","value":"diff","index":4},"time":1542222036591},{"prop":"TEDExptNC3Confound","value":{"ontologyKey":"STBL_A4_T1_V4","index":4},"time":1542222036591},{"prop":"differentRow","value":1,"time":1542222094032},{"prop":"independentVarN","value":{"row":2,"col":0,"ontologyKey":"STBL_A4_T1_V2|name","isText":true,"selectedValue":"Amount of Sunlight","cell":{}},"time":1542222103768},{"prop":"sameRow1","value":2,"time":1542222125576},{"prop":"independentVarN","value":{"row":3,"col":0,"ontologyKey":"STBL_A4_T1_V3|name","isText":true,"selectedValue":"Amount of Fertilizer","cell":{}},"time":1542222131239},{"prop":"sameRow2","value":3,"time":1542222150121},{"prop":"independentVarN","value":{"row":4,"col":0,"ontologyKey":"STBL_A4_T1_V4|name","isText":true,"selectedValue":"Type of Water","cell":{}},"time":1542222155777},{"prop":"sameRow3","value":4,"time":1542222161702},{"prop":"independentVarN","time":1542222167352}],"selectedTopic":{"index":1,"ontologyKey":"STBL_A4_T1|name"},"selectedVariable":{"index":1,"ontologyKey":"STBL_A4_T1_V1|name"},"TEDExptNonTarget":[1,3,4],"TEDExptConfounds":[3,4,1],"TEDExptDifferent":[3,4,1,2],"TEDExptArea":{"ontologyKey":"STBL_A4","index":4},"TEDExptTopic":{"ontologyKey":"STBL_A4_T1","index":1},"TEDExptVariable":{"ontologyKey":"STBL_A4_T1_V2","index":2},"TEDExptRQ":{"ontologyKey":"S_A4_T1_RQ2","index":2},"TEDExptVarNC1":{"ontologyKey":"STBL_A4_T1_V1","index":1},"TEDExptVarNC2":{"ontologyKey":"STBL_A4_T1_V3","index":3},"TEDExptVarNC3":{"ontologyKey":"STBL_A4_T1_V4","index":4},"TEDExptPOSTSequence":[{"ontologyKey":"STBL_A4_T1_V1","index":1},{"ontologyKey":"STBL_A4_T1_V2","index":2},{"ontologyKey":"STBL_A4_T1_V3","index":3},{"ontologyKey":"STBL_A4_T1_V4","index":4}],"TEDExpt1V1":{"ontologyKey":"S_A4_T1_V1_A","index":1},"TEDExpt2V1":{"ontologyKey":"S_A4_T1_V1_B","index":1},"TEDExpt1V2":{"ontologyKey":"S_A4_T1_V2_A","index":2},"TEDExpt2V2":{"ontologyKey":"S_A4_T1_V2_B","index":2},"TEDExpt1V3":{"ontologyKey":"S_A4_T1_V3_A","index":3},"TEDExpt2V3":{"ontologyKey":"S_A4_T1_V3_B","index":3},"TEDExpt1V4":{"ontologyKey":"S_A4_T1_V4_A","index":4},"TEDExpt2V4":{"ontologyKey":"S_A4_T1_V4_B","index":4},"TEDExptNC1SameDiff":{"ontologyKey":"TED_E1_Q7NC1DIFF","value":"diff","index":1},"TEDExptNC1Confound":{"ontologyKey":"STBL_A4_T1_V1","index":1},"TEDExptNC2SameDiff":{"ontologyKey":"TED_E1_Q7NC2DIFF","value":"diff","index":3},"TEDExptNC2Confound":{"ontologyKey":"STBL_A4_T1_V3","index":3},"TEDExptNC3SameDiff":{"ontologyKey":"TED_E1_Q7NC3DIFF","value":"diff","index":4},"TEDExptNC3Confound":{"ontologyKey":"STBL_A4_T1_V4","index":4},"differentRow":1,"sameRow1":2,"sameRow2":3,"sameRow3":4}},"tutor":{"experimentalGroup":{"ontologyKey":"EG_A2"},"$seq":[{"prop":"experimentalGroup.ontologyKey","value":"EG_A2","time":1542222036172}]}}