{"scene":{"SNavigator":{},"SScene1":{"complete":true,"$seq":[{"prop":"complete","value":false,"time":1554817651491},{"prop":"complete","value":true,"time":1554817703748}]},"SScene2":{"AreaSelected":true,"$seq":[{"prop":"AreaSelected","value":false,"time":1554817710816},{"prop":"AreaSelected","value":true,"time":1554817768253},{"prop":"Area Name:heat and temperature","time":1554817768255},{"prop":"Area Index:2","time":1554817768255}]},"SScene3":{"TopicSelected":false,"$seq":[{"prop":"TopicSelected","value":false,"time":1554817771308}]}},"module":{"selectedArea":{"ontologyKey":"S_A2|name","index":2},"$seq":[{"prop":"selectedArea.ontologyKey","value":"S_A2|name","time":1554817768254},{"prop":"selectedArea.index","value":2,"time":1554817768254}]},"tutor":{"experimentalGroup":{"ontologyKey":"EG_A1"},"$seq":[{"prop":"experimentalGroup.ontologyKey","value":"EG_A1","time":1554817651375}]}}