{"scene":{"SNavigator":{},"SScene1":{"complete":true,"$seq":[{"prop":"complete","value":false,"time":1554817651491},{"prop":"complete","value":true,"time":1554817703748}]},"SScene2":{"AreaSelected":true,"$seq":[{"prop":"AreaSelected","value":false,"time":1554817710816},{"prop":"AreaSelected","value":true,"time":1554817768253},{"prop":"Area Name:heat and temperature","time":1554817768255},{"prop":"Area Index:2","time":1554817768255}]},"SScene3":{"TopicSelected":true,"$seq":[{"prop":"TopicSelected","value":false,"time":1554817771308},{"prop":"TopicSelected","value":true,"time":1554817820539},{"prop":"Topic Index:1","time":1554817820540}]},"SScene4":{"complete":true,"$seq":[{"prop":"complete","value":false,"time":1554817820891},{"prop":"complete","value":true,"time":1554817840920}]},"SScene5":{"complete":true,"$seq":[{"prop":"complete","value":false,"time":1554817842593},{"prop":"complete","value":true,"time":1554817847365}]},"SScene5a":{"complete":true,"$seq":[{"prop":"complete","value":false,"time":1554817880132},{"prop":"complete","value":true,"time":1554817904893}]},"SScene6a":{},"SScene6b":{},"SScene6c":{},"SScene7":{"complete":true,"$seq":[{"prop":"complete","value":false,"time":1554817998026},{"prop":"complete","value":true,"time":1554818042157}]},"SScene8":{"complete":true,"$seq":[{"prop":"complete","value":false,"time":1554818056413},{"prop":"complete","value":true,"time":1554818103486}]},"SScene9":{"RQSelected":true,"$seq":[{"prop":"RQSelected","value":false,"time":1554818107490},{"prop":"RQSelected","value":true,"time":1554818118159},{"prop":"Variable Index:2","time":1554818118159}]},"SScene10":{"RQconfirmed":false,"$seq":[{"prop":"RQconfirmed","value":false,"time":1554818118276}]}},"module":{"selectedArea":{"ontologyKey":"S_A2|name","index":2},"$seq":[{"prop":"selectedArea.ontologyKey","value":"S_A2|name","time":1554817768254},{"prop":"selectedArea.index","value":2,"time":1554817768254},{"prop":"selectedTopic.ontologyKey","value":"S_A2_T1|name","time":1554817820539},{"prop":"selectedTopic.index","value":1,"time":1554817820539},{"prop":"selectedVariable.ontologyKey","value":"S_A2_T1_V2|name","time":1554818118159},{"prop":"selectedVariable.index","value":2,"time":1554818118159},{"prop":"selectedRQ","value":{"ontologyKey":"S_A2_T1_RQ2","index":"2"},"time":1554818118159},{"prop":"RQconfirmation","value":"UNKNOWN","time":1554818118276}],"selectedTopic":{"ontologyKey":"S_A2_T1|name","index":1},"selectedVariable":{"ontologyKey":"S_A2_T1_V2|name","index":2},"selectedRQ":{"ontologyKey":"S_A2_T1_RQ2","index":"2"},"RQconfirmation":"UNKNOWN"},"tutor":{"experimentalGroup":{"ontologyKey":"EG_A1"},"$seq":[{"prop":"experimentalGroup.ontologyKey","value":"EG_A1","time":1554817651375}]}}