{"scene":{"SNavigator":{},"SScene1":{"complete":true,"$seq":[{"prop":"complete","value":false,"time":1543849741259},{"prop":"complete","value":true,"time":1543849796630}]},"SScene2":{"AreaSelected":true,"$seq":[{"prop":"AreaSelected","value":false,"time":1543849800244},{"prop":"AreaSelected","value":true,"time":1543849860080},{"prop":"Area Name:physical and chemical changes","time":1543849860082},{"prop":"Area Index:1","time":1543849860082}]},"SScene3":{"TopicSelected":true,"$seq":[{"prop":"TopicSelected","value":false,"time":1543849863052},{"prop":"TopicSelected","value":true,"time":1543849870670},{"prop":"Topic Index:2","time":1543849870672}]},"SScene4":{"complete":true,"$seq":[{"prop":"complete","value":false,"time":1543849870968},{"prop":"complete","value":true,"time":1543849891755}]},"SScene5":{"complete":true,"$seq":[{"prop":"complete","value":false,"time":1543849900199},{"prop":"complete","value":true,"time":1543849904894}]},"SScene5a":{"complete":true,"$seq":[{"prop":"complete","value":false,"time":1543849929251},{"prop":"complete","value":true,"time":1543849941629}]},"SScene6a":{},"SScene6b":{},"SScene6c":{},"SScene7":{"complete":false,"$seq":[{"prop":"complete","value":false,"time":1543849957867}]}},"module":{"selectedArea":{"ontologyKey":"S_A1|name","index":1},"$seq":[{"prop":"selectedArea.ontologyKey","value":"S_A1|name","time":1543849860080},{"prop":"selectedArea.index","value":1,"time":1543849860080},{"prop":"selectedTopic.ontologyKey","value":"S_A1_T2|name","time":1543849870670},{"prop":"selectedTopic.index","value":2,"time":1543849870670}],"selectedTopic":{"ontologyKey":"S_A1_T2|name","index":2}},"tutor":{"experimentalGroup":{"ontologyKey":"EG_A1"},"$seq":[{"prop":"experimentalGroup.ontologyKey","value":"EG_A1","time":1543849741114}]}}