{"scene":{"SNavigator":{},"SScene1":{"complete":true,"$seq":[{"prop":"complete","value":false,"time":1543849741259},{"prop":"complete","value":true,"time":1543849796630}]},"SScene2":{"AreaSelected":true,"$seq":[{"prop":"AreaSelected","value":false,"time":1543849800244},{"prop":"AreaSelected","value":true,"time":1543849860080},{"prop":"Area Name:physical and chemical changes","time":1543849860082},{"prop":"Area Index:1","time":1543849860082}]},"SScene3":{"TopicSelected":true,"$seq":[{"prop":"TopicSelected","value":false,"time":1543849863052},{"prop":"TopicSelected","value":true,"time":1543849870670},{"prop":"Topic Index:2","time":1543849870672}]},"SScene4":{"complete":true,"$seq":[{"prop":"complete","value":false,"time":1543849870968},{"prop":"complete","value":true,"time":1543849891755}]},"SScene5":{"complete":true,"$seq":[{"prop":"complete","value":false,"time":1543849900199},{"prop":"complete","value":true,"time":1543849904894}]},"SScene5a":{"complete":true,"$seq":[{"prop":"complete","value":false,"time":1543849929251},{"prop":"complete","value":true,"time":1543849941629}]},"SScene6a":{},"SScene6b":{},"SScene6c":{},"SScene7":{"complete":true,"$seq":[{"prop":"complete","value":false,"time":1543849957867},{"prop":"complete","value":true,"time":1543849982541}]},"SScene8":{"complete":true,"$seq":[{"prop":"complete","value":false,"time":1543849985114},{"prop":"complete","value":true,"time":1543850027556}]},"SScene9":{"RQSelected":true,"$seq":[{"prop":"RQSelected","value":false,"time":1543850028578},{"prop":"RQSelected","value":true,"time":1543850036303},{"prop":"Variable Index:2","time":1543850036303}]},"SScene10":{"RQconfirmed":false,"$seq":[{"prop":"RQconfirmed","value":false,"time":1543850036450}]}},"module":{"selectedArea":{"ontologyKey":"S_A1|name","index":1},"$seq":[{"prop":"selectedArea.ontologyKey","value":"S_A1|name","time":1543849860080},{"prop":"selectedArea.index","value":1,"time":1543849860080},{"prop":"selectedTopic.ontologyKey","value":"S_A1_T2|name","time":1543849870670},{"prop":"selectedTopic.index","value":2,"time":1543849870670},{"prop":"selectedVariable.ontologyKey","value":"S_A1_T2_V2|name","time":1543850036303},{"prop":"selectedVariable.index","value":2,"time":1543850036303},{"prop":"selectedRQ","value":{"ontologyKey":"S_A1_T2_RQ2","index":"2"},"time":1543850036303},{"prop":"RQconfirmation","value":"UNKNOWN","time":1543850036450}],"selectedTopic":{"ontologyKey":"S_A1_T2|name","index":2},"selectedVariable":{"ontologyKey":"S_A1_T2_V2|name","index":2},"selectedRQ":{"ontologyKey":"S_A1_T2_RQ2","index":"2"},"RQconfirmation":"UNKNOWN"},"tutor":{"experimentalGroup":{"ontologyKey":"EG_A1"},"$seq":[{"prop":"experimentalGroup.ontologyKey","value":"EG_A1","time":1543849741114}]}}