{"scene":{"SNavigator":{},"SIntro":{"complete":false,"$seq":[{"prop":"complete","value":false,"time":1273110235573}]},"SScene1":{"complete":true,"$seq":[{"prop":"complete","value":false,"time":1273110250467},{"prop":"Sg1","value":"true","time":1273110271444},{"prop":"DR1:Sg1","value":"ans1","time":1273110271445},{"prop":"complete","value":true,"time":1273110271445},{"prop":"Sg1","value":"true","time":1273110271447},{"prop":"complete","value":true,"time":1273110271447},{"prop":"Sg1","value":"true","time":1273110271802},{"prop":"DR1:Sg1","value":"ans2","time":1273110271802},{"prop":"complete","value":true,"time":1273110271802},{"prop":"Sg1","value":"true","time":1273110271802},{"prop":"complete","value":true,"time":1273110271802},{"prop":"Sg1","value":"true","time":1273110275745},{"prop":"DR1:Sg1","value":"ans1","time":1273110275745},{"prop":"complete","value":true,"time":1273110275745},{"prop":"Sg1","value":"true","time":1273110275745},{"prop":"complete","value":true,"time":1273110275745}],"Sg1":"true","DR1:Sg1":"ans1"},"SScene2":{"complete":true,"$seq":[{"prop":"complete","value":false,"time":1273110279816},{"prop":"Sg1","value":"true","time":1273110289884},{"prop":"DR2:Sg1","value":"ans2","time":1273110289884},{"prop":"complete","value":true,"time":1273110289884},{"prop":"Sg1","value":"true","time":1273110289885},{"prop":"complete","value":true,"time":1273110289885},{"prop":"Sg1","value":"true","time":1273110290049},{"prop":"DR2:Sg1","value":"ans2","time":1273110290049},{"prop":"complete","value":true,"time":1273110290049},{"prop":"Sg1","value":"true","time":1273110290049},{"prop":"complete","value":true,"time":1273110290049}],"Sg1":"true","DR2:Sg1":"ans2"},"SScene3":{"complete":true,"$seq":[{"prop":"complete","value":false,"time":1273110290232},{"prop":"Sg1","value":"true","time":1273110292976},{"prop":"DR3:Sg1","value":"ans3","time":1273110292977},{"prop":"complete","value":true,"time":1273110292977},{"prop":"Sg1","value":"true","time":1273110292978},{"prop":"complete","value":true,"time":1273110292978},{"prop":"Sg1","value":"true","time":1273110293155},{"prop":"DR3:Sg1","value":"ans3","time":1273110293155},{"prop":"complete","value":true,"time":1273110293155},{"prop":"Sg1","value":"true","time":1273110293156},{"prop":"complete","value":true,"time":1273110293156},{"prop":"Sg1","value":"true","time":1273110293328},{"prop":"DR3:Sg1","value":"ans3","time":1273110293328},{"prop":"complete","value":true,"time":1273110293328},{"prop":"Sg1","value":"true","time":1273110293330},{"prop":"complete","value":true,"time":1273110293330}],"Sg1":"true","DR3:Sg1":"ans3"},"SScene4":{"complete":true,"$seq":[{"prop":"complete","value":false,"time":1273110293586},{"prop":"Sg1","value":"true","time":1273110294705},{"prop":"DR4:Sg1","value":"ans1","time":1273110294706},{"prop":"complete","value":true,"time":1273110294706},{"prop":"Sg1","value":"true","time":1273110294706},{"prop":"complete","value":true,"time":1273110294706},{"prop":"Sg1","value":"true","time":1273110294863},{"prop":"DR4:Sg1","value":"ans1","time":1273110294863},{"prop":"complete","value":true,"time":1273110294863},{"prop":"Sg1","value":"true","time":1273110294863},{"prop":"complete","value":true,"time":1273110294863}],"Sg1":"true","DR4:Sg1":"ans1"},"SSubmit":{"complete":false,"$seq":[{"prop":"complete","value":false,"time":1273110295222}]},"SSceneEnd":{"complete":false,"$seq":[{"prop":"complete","value":false,"time":1273110296503}]}},"module":{},"tutor":{}}