{"scene":{"SNavigator":{},"SMatsIntro":{"complete":true,"$seq":[{"prop":"complete","value":false,"time":1554729037474},{"prop":"complete","value":true,"time":1554729051273}]},"SMatsPre1":{"complete":true,"$seq":[{"prop":"complete","value":false,"time":1554729054396},{"prop":"Sg2","value":"true","time":1554729063704},{"prop":"PreTest:Sg2","value":"b5","time":1554729063704},{"prop":"complete","value":false,"time":1554729063704},{"prop":"Sg2","value":"true","time":1554729063705},{"prop":"complete","value":false,"time":1554729063705},{"prop":"Sg1","value":"true","time":1554729070665},{"prop":"PreTest:Sg1","value":"b4","time":1554729070665},{"prop":"complete","value":false,"time":1554729070665},{"prop":"Sg1","value":"true","time":1554729070665},{"prop":"complete","value":false,"time":1554729070665},{"prop":"Sg3","value":"true","time":1554729079503},{"prop":"PreTest:Sg3","value":"b1","time":1554729079503},{"prop":"complete","value":false,"time":1554729079503},{"prop":"Sg3","value":"true","time":1554729079503},{"prop":"complete","value":false,"time":1554729079503},{"prop":"Sg4","value":"true","time":1554729083618},{"prop":"PreTest:Sg4","value":"b5","time":1554729083618},{"prop":"complete","value":true,"time":1554729083618},{"prop":"Sg4","value":"true","time":1554729083618},{"prop":"complete","value":true,"time":1554729083618}],"Sg2":"true","PreTest:Sg2":"b5","Sg1":"true","PreTest:Sg1":"b4","Sg3":"true","PreTest:Sg3":"b1","Sg4":"true","PreTest:Sg4":"b5"},"SMatsPre2":{"complete":true,"$seq":[{"prop":"complete","value":false,"time":1554729084619},{"prop":"Sg1","value":"true","time":1554729088713},{"prop":"PreTest:Sg1","value":"b1","time":1554729088713},{"prop":"complete","value":false,"time":1554729088713},{"prop":"Sg1","value":"true","time":1554729088714},{"prop":"complete","value":false,"time":1554729088714},{"prop":"Sg2","value":"true","time":1554729093394},{"prop":"PreTest:Sg2","value":"b4","time":1554729093394},{"prop":"complete","value":false,"time":1554729093394},{"prop":"Sg2","value":"true","time":1554729093395},{"prop":"complete","value":false,"time":1554729093395},{"prop":"Sg3","value":"true","time":1554729099774},{"prop":"PreTest:Sg3","value":"b3","time":1554729099774},{"prop":"complete","value":false,"time":1554729099774},{"prop":"Sg3","value":"true","time":1554729099774},{"prop":"complete","value":false,"time":1554729099774},{"prop":"Sg4","value":"true","time":1554729105908},{"prop":"PreTest:Sg4","value":"b2","time":1554729105908},{"prop":"complete","value":true,"time":1554729105908},{"prop":"Sg4","value":"true","time":1554729105909},{"prop":"complete","value":true,"time":1554729105909}],"Sg1":"true","PreTest:Sg1":"b1","Sg2":"true","PreTest:Sg2":"b4","Sg3":"true","PreTest:Sg3":"b3","Sg4":"true","PreTest:Sg4":"b2"},"SMatsPre3":{"complete":true,"$seq":[{"prop":"complete","value":false,"time":1554729107952},{"prop":"Sg1","value":"true","time":1554729111667},{"prop":"PreTest:Sg1","value":"b4","time":1554729111667},{"prop":"complete","value":false,"time":1554729111667},{"prop":"Sg1","value":"true","time":1554729111667},{"prop":"complete","value":false,"time":1554729111667},{"prop":"Sg2","value":"true","time":1554729113863},{"prop":"PreTest:Sg2","value":"b4","time":1554729113864},{"prop":"complete","value":false,"time":1554729113864},{"prop":"Sg2","value":"true","time":1554729113864},{"prop":"complete","value":false,"time":1554729113864},{"prop":"Sg3","value":"true","time":1554729116348},{"prop":"PreTest:Sg3","value":"b4","time":1554729116348},{"prop":"complete","value":false,"time":1554729116348},{"prop":"Sg3","value":"true","time":1554729116348},{"prop":"complete","value":false,"time":1554729116348},{"prop":"Sg3","value":"true","time":1554729117001},{"prop":"PreTest:Sg3","value":"b5","time":1554729117001},{"prop":"complete","value":false,"time":1554729117001},{"prop":"Sg3","value":"true","time":1554729117001},{"prop":"complete","value":false,"time":1554729117001},{"prop":"Sg4","value":"true","time":1554729121472},{"prop":"PreTest:Sg4","value":"b4","time":1554729121472},{"prop":"complete","value":true,"time":1554729121472},{"prop":"Sg4","value":"true","time":1554729121472},{"prop":"complete","value":true,"time":1554729121472}],"Sg1":"true","PreTest:Sg1":"b4","Sg2":"true","PreTest:Sg2":"b4","Sg3":"true","PreTest:Sg3":"b5","Sg4":"true","PreTest:Sg4":"b4"},"SMatsPre4":{"complete":true,"$seq":[{"prop":"complete","value":false,"time":1554729122147},{"prop":"Sg1","value":"true","time":1554729126580},{"prop":"PreTest:Sg1","value":"b2","time":1554729126580},{"prop":"complete","value":false,"time":1554729126580},{"prop":"Sg1","value":"true","time":1554729126580},{"prop":"complete","value":false,"time":1554729126580},{"prop":"Sg2","value":"true","time":1554729132245},{"prop":"PreTest:Sg2","value":"b1","time":1554729132245},{"prop":"complete","value":true,"time":1554729132245},{"prop":"prompted","value":true,"time":1554729132245},{"prop":"Sg2","value":"true","time":1554729132246},{"prop":"complete","value":true,"time":1554729132246},{"prop":"complete","value":true,"time":1554729133126}],"Sg1":"true","PreTest:Sg1":"b2","Sg2":"true","PreTest:Sg2":"b1","prompted":true},"SSceneEnd":{"complete":false,"$seq":[{"prop":"complete","value":false,"time":1554729133276}]}},"module":{},"tutor":{}}