{"sceneState":{"SNavigator":{},"SScene3":{"complete":true,"$seq":[{"prop":"complete","value":false,"time":1557934734567},{"prop":"complete","value":true,"time":1557934741208}]},"SScene4":{"complete":true,"$seq":[{"prop":"complete","value":false,"time":1557934742785},{"prop":"complete","value":true,"time":1557934754414}]},"SScene5":{"complete":true,"$seq":[{"prop":"complete","value":false,"time":1557934758264},{"prop":"complete","value":true,"time":1557934763828}]},"SScene6":{"complete":true,"$seq":[{"prop":"complete","value":false,"time":1557934765479},{"prop":"complete","value":true,"time":1557934776796}]},"SScene7":{"complete":true,"$seq":[{"prop":"complete","value":false,"time":1557935084131},{"prop":"complete","value":true,"time":1557935092932}]},"SScene8":{"complete":true,"$seq":[{"prop":"complete","value":false,"time":1557935096438},{"prop":"complete","value":true,"time":1557935141994}]},"SScene9":{"complete":false,"$seq":[{"prop":"complete","value":false,"time":1557935144081},{"prop":"complete","value":true,"time":1557935151742},{"prop":"complete","value":false,"time":1557935152934}]},"SScene10":{"complete":true,"$seq":[{"prop":"complete","value":false,"time":1557935156790},{"prop":"complete","value":true,"time":1557935175126}]},"SScene12":{"complete":true,"$seq":[{"prop":"complete","value":false,"time":1557935178093},{"prop":"complete","value":true,"time":1557935185048}]},"SScene12A":{"complete":false,"$seq":[{"prop":"complete","value":false,"time":1557935187000},{"prop":"complete","value":true,"time":1557935196338},{"prop":"complete","value":false,"time":1557935197814}]},"SScene13":{"complete":false,"$seq":[{"prop":"complete","value":false,"time":1557935208247},{"prop":"complete","value":true,"time":1557935228381},{"prop":"complete","value":false,"time":1557935229746}]},"SScene15":{"complete":true,"$seq":[{"prop":"complete","value":false,"time":1557935240508},{"prop":"complete","value":false,"time":1557935269121},{"prop":"complete","value":false,"time":1557935270940},{"prop":"complete","value":true,"time":1557935272334},{"prop":"complete","value":false,"time":1557935273336},{"prop":"complete","value":true,"time":1557935312064}]},"SScene16":{"complete":true,"$seq":[{"prop":"complete","value":false,"time":1557935313489},{"prop":"complete","value":true,"time":1557935319810}]},"SScene17":{"complete":true,"$seq":[{"prop":"complete","value":false,"time":1557935321623},{"prop":"complete","value":true,"time":1557935335847},{"prop":"complete","value":true,"time":1557935335847},{"prop":"complete","value":false,"time":1557935338099},{"prop":"complete","value":true,"time":1557935365805}]},"SScene18":{"complete":true,"$seq":[{"prop":"complete","value":false,"time":1557935367040},{"prop":"complete","value":true,"time":1557935372317}]},"SScene19":{"complete":true,"$seq":[{"prop":"complete","value":false,"time":1557935498618},{"prop":"complete","value":false,"time":1557935503714},{"prop":"complete","value":false,"time":1557935505186},{"prop":"complete","value":false,"time":1557935506654},{"prop":"complete","value":false,"time":1557935507989},{"prop":"complete","value":false,"time":1557935509309},{"prop":"complete","value":false,"time":1557935510496},{"prop":"complete","value":false,"time":1557935512896},{"prop":"complete","value":true,"time":1557935514342}]},"SScene20":{"complete":true,"$seq":[{"prop":"complete","value":false,"time":1557935515248},{"prop":"complete","value":true,"time":1557935517513}]},"SScene21":{"complete":true,"$seq":[{"prop":"complete","value":false,"time":1557935518494},{"prop":"complete","value":true,"time":1557935538541}]},"SSceneEnd":{}},"moduleState":{"selectedArea":{"ontologyKey":"S_A1|name","index":1},"selectedTopic":{"ontologyKey":"S_A1_T2|name","index":2},"selectedVariable":{"ontologyKey":"S_A1_T2_V4|name","index":4},"selectedRQ":{"ontologyKey":"S_A1_T2_RQ4"},"AreaSelectedID":"Sarea1|Sselected","AreaButtonID":"Sbutton1","TopicSelectedID":"Stopic2|Sselected","TopicButtonID":"Sbutton2","VariableHighlightID":"SbuttonHL4","VariableClickMaskID":"SclickMask4","RQconfirmation":"UNKNOWN","TEDExptNonTarget":[1,3,4],"TEDExptConfounds":[1],"TEDExptDifferent":[1,2],"TEDExptArea":{"ontologyKey":"S_A1","index":1},"TEDExptTopic":{"ontologyKey":"S_A1_T2","index":2},"TEDExptVariable":{"ontologyKey":"S_A1_T2_V2","index":2},"TEDExptRQ":{"ontologyKey":"S_A1_T2_RQ2","index":2},"TEDExptVarNC1":{"ontologyKey":"S_A1_T2_V1","index":1},"TEDExptVarNC2":{"ontologyKey":"S_A1_T2_V3","index":3},"TEDExptVarNC3":{"ontologyKey":"S_A1_T2_V4","index":4},"TEDExptPOSTSequence":[],"TEDExpt1V1":{"ontologyKey":"S_A1_T2_V1_A","index":1},"TEDExpt2V1":{"ontologyKey":"S_A1_T2_V1_B","index":1},"TEDExpt1V2":{"ontologyKey":"S_A1_T2_V2_A","index":2},"TEDExpt2V2":{"ontologyKey":"S_A1_T2_V2_B","index":2},"TEDExpt1V3":{"ontologyKey":"S_A1_T2_V3_A","index":3},"TEDExpt2V3":{"ontologyKey":"S_A1_T2_V3_A","index":3},"TEDExpt1V4":{"ontologyKey":"S_A1_T2_V4_A","index":4},"TEDExpt2V4":{"ontologyKey":"S_A1_T2_V4_A","index":4},"TEDExptNC1SameDiff":{"ontologyKey":"TED_E1_Q7NC1DIFF","value":"diff","index":1},"TEDExptNC1Confound":{"ontologyKey":"S_A1_T2_V1","index":1},"TEDExptNC2SameDiff":{"ontologyKey":"TED_E1_Q7NC2SAME","value":"same","index":3},"TEDExptNC2Confound":{"ontologyKey":"S_A1_T2_V3","index":3},"TEDExptNC3SameDiff":{"ontologyKey":"TED_E1_Q7NC3SAME","value":"same","index":4},"TEDExptNC3Confound":{"ontologyKey":"S_A1_T2_V4","index":4},"differentRow":4,"independentVarN":{"row":4,"col":0,"ontologyKey":"S_A1_T2_V4|name","isText":true,"selectedValue":"Amount of CO2","cell":{},"processed":true},"sameRow1":1,"sameRow2":2,"sameRow3":3,"Expt1_Q1":{"name":"{{$EFO_TED_E1_LISTYN|no}}","ontologyKey":"TED_E1_LISTYN|no","index":2,"value":true,"id":"correct"},"Expt1_Q":{"name":"{{$EFO_TED_E1_LISTYN|no}}","ontologyKey":"TED_E1_LISTYN|no","index":2,"value":true,"id":"correct"},"Expt1_Reason":{"name":"{{$EFO_TED_E1_LISTQ23|ans2}}","value":"$EFL_efdata.TED.E1.LISTQ23","ontologyKey":"TED_E1_LISTQ23|yes","index":2,"id":"2"},"Expt1_Q4":{"name":"{{$EFO_TED_E1_LISTYN|no}}","ontologyKey":"TED_E1_LISTYN|no","index":2,"value":true,"id":"correct"},"Imagine1":{"name":"{{$EFO_TED_E1_LISTYN|no}}","ontologyKey":"TED_E1_LISTYN|no","index":2,"value":true,"id":"correct"},"Imagine1_Reason":{"name":"{{$EFO_TED_E1_LISTQ56|ans4}}","value":"$EFL_efdata.TED.E1.LISTQ56","ontologyKey":"TED_E1_LISTQ56|yes","index":4,"id":"4"},"FFocus:1":{"Row-2 Col-3":"Could cause","Row-3 Col-3":"Could cause","Row-4 Col-3":"Could cause"},"TEDFeatureFocus":["Could cause","","Could Not cause","Could Not cause"],"CHG:FFocus:1:Row-2 Col-3":"Could cause","CHG:FFocus:1:Row-3 Col-3":"Could cause","CHG:FFocus:1:Row-4 Col-3":"Could cause","FFocus:1_CorrExp:":{"Row-2 Col-2":"Some","Row-3 Col-1":"Rough","Row-4 Col-2":"High"},"TEDcorrection":0,"CHG:FFocus:1_CorrExp::Row-2 Col-2":"Some","CHG:FFocus:1_CorrExp::Row-3 Col-1":"Rough","CHG:FFocus:1_CorrExp::Row-4 Col-2":"High","FFocus:1_Explain:":{"name":"{{$EFO_TED_E1_LISTQ9|ans2}}","value":"$EFL_efdata.TED.E1.LISTQ9","ontologyKey":"TED_E1_LISTQ9|yes","index":2,"id":"2"},"Expt2_Q":{"name":"{{$EFO_TED_E1_LISTYN|no}}","ontologyKey":"TED_E1_LISTYN|no","index":2,"value":true,"id":"correct"},"Expt2_Reason":{"name":"{{$EFO_TED_E1_LISTQ23|ans4}}","value":"$EFL_efdata.TED.E1.LISTQ23","ontologyKey":"TED_E1_LISTQ23|yes","index":4,"id":"4"},"Imagine2":{"name":"{{$EFO_TED_E1_LISTYN|no}}","ontologyKey":"TED_E1_LISTYN|no","index":2,"value":true,"id":"correct"},"Imagine2_Reason":{"name":"{{$EFO_TED_E1_LISTQ56|ans4}}","value":"$EFL_efdata.TED.E1.LISTQ56","ontologyKey":"TED_E1_LISTQ56|yes","index":4,"id":"4"},"FFocus:2":{"Row-1 Col-3":"Could cause","Row-3 Col-3":"Could Not cause","Row-4 Col-3":"Could Not cause"},"CHG:FFocus:2:Row-1 Col-3":"Could cause","CHG:FFocus:2:Row-3 Col-3":"Could Not cause","CHG:FFocus:2:Row-4 Col-3":"Could Not cause","FFocus:2_CorrExp:":{"Row-1 Col-2":"Sugar"},"CHG:FFocus:2_CorrExp::Row-1 Col-2":"Sugar","FFocus:2_Explain:":{"name":"{{$EFO_TED_E1_LISTQ9|ans3}}","value":"$EFL_efdata.TED.E1.LISTQ9","ontologyKey":"TED_E1_LISTQ9|yes","index":3,"id":"3"},"TEDExptPOSTTV":{"ontologyKey":"S_A1_T2_V3","index":3},"POSTQ:1":{"Row-1 Col-1":"Sugar","Row-1 Col-2":"Sugar","Row-2 Col-1":"None","Row-2 Col-2":"None","Row-3 Col-1":"Smooth","Row-3 Col-2":"Smooth","Row-4 Col-1":"High","Row-4 Col-2":"High"},"CHG:POSTQ:1:Row-1 Col-1":"Sugar","CHG:POSTQ:1:Row-1 Col-2":"Sugar","CHG:POSTQ:1:Row-2 Col-1":"None","CHG:POSTQ:1:Row-2 Col-2":"None","CHG:POSTQ:1:Row-3 Col-1":"Smooth","CHG:POSTQ:1:Row-3 Col-2":"Smooth","CHG:POSTQ:1:Row-4 Col-1":"High","CHG:POSTQ:1:Row-4 Col-2":"High","POSTQ:1_Reason:":{"name":"{{$EFO_TED_E1_LISTPOST|ans4}}","value":"$EFL_efdata.TED.E1.LISTPOST","ontologyKey":"TED_E1_LISTPOST|yes","index":4,"id":"4"},"POSTQ:2":{"Row-1 Col-1":"Sugar","Row-1 Col-2":"Aspartame","Row-2 Col-1":"Some","Row-2 Col-2":"Some","Row-3 Col-1":"Rough","Row-3 Col-2":"Rough","Row-4 Col-1":"Low","Row-4 Col-2":"Low"},"CHG:POSTQ:2:Row-1 Col-1":"Sugar","CHG:POSTQ:2:Row-1 Col-2":"Aspartame","CHG:POSTQ:2:Row-2 Col-1":"Some","CHG:POSTQ:2:Row-2 Col-2":"Some","CHG:POSTQ:2:Row-3 Col-1":"Rough","CHG:POSTQ:2:Row-3 Col-2":"Rough","CHG:POSTQ:2:Row-4 Col-1":"Low","CHG:POSTQ:2:Row-4 Col-2":"Low","POSTQ:2_Reason:":{"name":"{{$EFO_TED_E1_LISTPOST|ans5}}","value":"$EFL_efdata.TED.E1.LISTPOST","ontologyKey":"TED_E1_LISTPOST|yes","index":5,"id":"5"},"POSTQ:3":{"Row-2 Col-1":"Some","Row-2 Col-2":"None","Row-1 Col-1":"Aspartame","Row-1 Col-2":"Aspartame","Row-3 Col-1":"Rough","Row-3 Col-2":"Rough","Row-4 Col-1":"High","Row-4 Col-2":"High"},"CHG:POSTQ:3:Row-2 Col-1":"Some","CHG:POSTQ:3:Row-2 Col-2":"None","CHG:POSTQ:3:Row-1 Col-1":"Aspartame","CHG:POSTQ:3:Row-1 Col-2":"Aspartame","CHG:POSTQ:3:Row-3 Col-1":"Rough","CHG:POSTQ:3:Row-3 Col-2":"Rough","CHG:POSTQ:3:Row-4 Col-1":"High","CHG:POSTQ:3:Row-4 Col-2":"High","POSTQ:3_Reason:":{"name":"{{$EFO_TED_E1_LISTPOST|ans4}}","value":"$EFL_efdata.TED.E1.LISTPOST","ontologyKey":"TED_E1_LISTPOST|yes","index":4,"id":"4"},"POSTQ:4":{"Row-3 Col-1":"Smooth","Row-3 Col-2":"Rough","Row-1 Col-1":"Sugar","Row-1 Col-2":"Sugar","Row-2 Col-1":"None","Row-2 Col-2":"None","Row-4 Col-1":"Low","Row-4 Col-2":"Low"},"CHG:POSTQ:4:Row-3 Col-1":"Smooth","CHG:POSTQ:4:Row-3 Col-2":"Rough","CHG:POSTQ:4:Row-1 Col-1":"Sugar","CHG:POSTQ:4:Row-1 Col-2":"Sugar","CHG:POSTQ:4:Row-2 Col-1":"None","CHG:POSTQ:4:Row-2 Col-2":"None","CHG:POSTQ:4:Row-4 Col-1":"Low","CHG:POSTQ:4:Row-4 Col-2":"Low","POSTQ:4_Reason:":{"name":"{{$EFO_TED_E1_LISTPOST|ans5}}","value":"$EFL_efdata.TED.E1.LISTPOST","ontologyKey":"TED_E1_LISTPOST|yes","index":5,"id":"5"}},"tutorState":{"experimentalGroup":{"ontologyKey":"EG_A2"}},"fFeatures":{"0":true,"FTR_NOCHOICE":true,"FTR_NCSODA":true,"FTR_SODA":true,"FTR_PASS2":true,"FTR_IVLAST":true,"FTR_TED_720":true,"FTR_TEDEXP2":true},"featureID":{"varsel":{"FTR_SODA":true}}}