{"sceneState":{"SNavigator":{},"SIntro":{"complete":false,"$seq":[{"prop":"complete","value":false,"time":1557762283330}]},"SScene1":{"complete":true,"$seq":[{"prop":"complete","value":false,"time":1557762297770},{"prop":"Sg1","value":"true","time":1557762317939},{"prop":"DR1:Sg1","value":"ans1","time":1557762317939},{"prop":"complete","value":true,"time":1557762317939},{"prop":"Sg1","value":"true","time":1557762317940},{"prop":"complete","value":true,"time":1557762317940}],"Sg1":"true","DR1:Sg1":"ans1"},"SScene2":{"complete":true,"$seq":[{"prop":"complete","value":false,"time":1557762318887},{"prop":"Sg1","value":"true","time":1557762383920},{"prop":"DR2:Sg1","value":"ans4","time":1557762383920},{"prop":"complete","value":true,"time":1557762383920},{"prop":"Sg1","value":"true","time":1557762383920},{"prop":"complete","value":true,"time":1557762383921}],"Sg1":"true","DR2:Sg1":"ans4"},"SScene3":{"complete":true,"$seq":[{"prop":"complete","value":false,"time":1557762385172},{"prop":"Sg1","value":"true","time":1557762448176},{"prop":"DR3:Sg1","value":"ans3","time":1557762448176},{"prop":"complete","value":true,"time":1557762448177},{"prop":"Sg1","value":"true","time":1557762448177},{"prop":"complete","value":true,"time":1557762448177}],"Sg1":"true","DR3:Sg1":"ans3"},"SScene4":{"complete":true,"$seq":[{"prop":"complete","value":false,"time":1557762450568},{"prop":"Sg1","value":"true","time":1557762506050},{"prop":"DR4:Sg1","value":"ans2","time":1557762506050},{"prop":"complete","value":true,"time":1557762506050},{"prop":"Sg1","value":"true","time":1557762506051},{"prop":"complete","value":true,"time":1557762506051}],"Sg1":"true","DR4:Sg1":"ans2"},"SSubmit":{"complete":false,"$seq":[{"prop":"complete","value":false,"time":1557762507053}]},"SSceneEnd":{"complete":false,"$seq":[{"prop":"complete","value":false,"time":1557762509118}]}},"moduleState":{},"tutorState":{},"fFeatures":{"0":true},"featureID":{}}