{"scene":{"SNavigator":{},"SIntro":{"complete":false,"$seq":[{"prop":"complete","value":false,"time":1556110749688}]},"SScene1":{"complete":true,"$seq":[{"prop":"complete","value":false,"time":1556110764570},{"prop":"Sg1","value":"true","time":1556110776452},{"prop":"DR1:Sg1","value":"ans1","time":1556110776452},{"prop":"complete","value":true,"time":1556110776452},{"prop":"Sg1","value":"true","time":1556110776454},{"prop":"complete","value":true,"time":1556110776454}],"Sg1":"true","DR1:Sg1":"ans1"},"SScene2":{"complete":true,"$seq":[{"prop":"complete","value":false,"time":1556110777730},{"prop":"Sg1","value":"true","time":1556110804958},{"prop":"DR2:Sg1","value":"ans4","time":1556110804958},{"prop":"complete","value":true,"time":1556110804958},{"prop":"Sg1","value":"true","time":1556110804958},{"prop":"complete","value":true,"time":1556110804958}],"Sg1":"true","DR2:Sg1":"ans4"},"SScene3":{"complete":true,"$seq":[{"prop":"complete","value":false,"time":1556110805877},{"prop":"Sg1","value":"true","time":1556110834582},{"prop":"DR3:Sg1","value":"ans3","time":1556110834582},{"prop":"complete","value":true,"time":1556110834582},{"prop":"Sg1","value":"true","time":1556110834583},{"prop":"complete","value":true,"time":1556110834583}],"Sg1":"true","DR3:Sg1":"ans3"},"SScene4":{"complete":true,"$seq":[{"prop":"complete","value":false,"time":1556110835612},{"prop":"Sg1","value":"true","time":1556110908262},{"prop":"DR4:Sg1","value":"ans1","time":1556110908263},{"prop":"complete","value":true,"time":1556110908263},{"prop":"Sg1","value":"true","time":1556110908263},{"prop":"complete","value":true,"time":1556110908263}],"Sg1":"true","DR4:Sg1":"ans1"},"SSubmit":{"complete":false,"$seq":[{"prop":"complete","value":false,"time":1556110909207}]},"SSceneEnd":{"complete":false,"$seq":[{"prop":"complete","value":false,"time":1556110911190}]}},"module":{},"tutor":{}}