{"sceneState":{"SNavigator":{},"SIntro":{"complete":false,"$seq":[{"prop":"complete","value":false,"time":1263423841829}]},"SScene1":{"complete":true,"$seq":[{"prop":"complete","value":false,"time":1263423856715},{"prop":"Sg1","value":"true","time":1263423894845},{"prop":"DR1:Sg1","value":"ans1","time":1263423894845},{"prop":"complete","value":true,"time":1263423894845},{"prop":"Sg1","value":"true","time":1263423894848},{"prop":"complete","value":true,"time":1263423894848}],"Sg1":"true","DR1:Sg1":"ans1"},"SScene2":{"complete":true,"$seq":[{"prop":"complete","value":false,"time":1263423902102},{"prop":"Sg1","value":"true","time":1263423953799},{"prop":"DR2:Sg1","value":"ans1","time":1263423953800},{"prop":"complete","value":true,"time":1263423953800},{"prop":"Sg1","value":"true","time":1263423953801},{"prop":"complete","value":true,"time":1263423953801}],"Sg1":"true","DR2:Sg1":"ans1"},"SScene3":{"complete":true,"$seq":[{"prop":"complete","value":false,"time":1263423955752},{"prop":"Sg1","value":"true","time":1263423990516},{"prop":"DR3:Sg1","value":"ans3","time":1263423990516},{"prop":"complete","value":true,"time":1263423990516},{"prop":"Sg1","value":"true","time":1263423990516},{"prop":"complete","value":true,"time":1263423990516}],"Sg1":"true","DR3:Sg1":"ans3"},"SScene4":{"complete":true,"$seq":[{"prop":"complete","value":false,"time":1263423991355},{"prop":"Sg1","value":"true","time":1263424030833},{"prop":"DR4:Sg1","value":"ans1","time":1263424030833},{"prop":"complete","value":true,"time":1263424030833},{"prop":"Sg1","value":"true","time":1263424030833},{"prop":"complete","value":true,"time":1263424030833}],"Sg1":"true","DR4:Sg1":"ans1"},"SSubmit":{"complete":false,"$seq":[{"prop":"complete","value":false,"time":1263424031184}]},"SSceneEnd":{"complete":false,"$seq":[{"prop":"complete","value":false,"time":1263424035042}]}},"moduleState":{},"tutorState":{},"fFeatures":{"0":true},"featureID":{}}