{"scene":{"SNavigator":{},"SScene1":{"rowsComplete":4,"$seq":[{"prop":"rowsComplete","value":0,"time":1542221985274},{"prop":"complete","value":false,"time":1542221985611},{"prop":"currentRow","value":2,"time":1542221992975},{"prop":"correct","value":true,"time":1542221992975},{"prop":"correct","value":false,"time":1542221993004},{"prop":"correct","value":false,"time":1542221998610},{"prop":"correct","value":false,"time":1542221998613},{"prop":"TVSel.col1","value":1,"time":1542222011242},{"prop":"TVSel.col2","value":1,"time":1542222014528},{"prop":"correct","value":false,"time":1542222014528},{"prop":"correct","value":false,"time":1542222014565},{"prop":"TVSel.col1","value":2,"time":1542222018729},{"prop":"correct","value":true,"time":1542222018729},{"prop":"correct","value":false,"time":1542222018763},{"prop":"rowsComplete","value":1,"time":1542222018768},{"prop":"currentRow","value":0,"time":1542222028565},{"prop":"currentRow","value":1,"time":1542222028566},{"prop":"correct","value":false,"time":1542222028566},{"prop":"VSel.col1","value":null,"time":1542222028566},{"prop":"VSel.col2","value":null,"time":1542222028566},{"prop":"correct","value":false,"time":1542222028567},{"prop":"VSel.col1","value":1,"time":1542222061120},{"prop":"VSel.col2","value":2,"time":1542222062733},{"prop":"correct","value":false,"time":1542222062733},{"prop":"correct","value":false,"time":1542222062765},{"prop":"VSel.col1","value":2,"time":1542222066510},{"prop":"correct","value":true,"time":1542222066510},{"prop":"correct","value":false,"time":1542222066558},{"prop":"rowsComplete","value":2,"time":1542222066559},{"prop":"currentRow","value":3,"time":1542222072218},{"prop":"correct","value":false,"time":1542222072218},{"prop":"VSel.col1","value":null,"time":1542222072218},{"prop":"VSel.col2","value":null,"time":1542222072218},{"prop":"correct","value":false,"time":1542222072219},{"prop":"VSel.col1","value":1,"time":1542222076318},{"prop":"VSel.col2","value":1,"time":1542222078018},{"prop":"correct","value":true,"time":1542222078018},{"prop":"correct","value":false,"time":1542222078067},{"prop":"rowsComplete","value":3,"time":1542222078069},{"prop":"currentRow","value":4,"time":1542222083785},{"prop":"correct","value":false,"time":1542222083785},{"prop":"VSel.col1","value":null,"time":1542222083786},{"prop":"VSel.col2","value":null,"time":1542222083786},{"prop":"correct","value":false,"time":1542222083787},{"prop":"VSel.col1","value":1,"time":1542222087739},{"prop":"VSel.col2","value":1,"time":1542222090422},{"prop":"correct","value":true,"time":1542222090422},{"prop":"correct","value":false,"time":1542222090462},{"prop":"rowsComplete","value":4,"time":1542222090471},{"prop":"currentRow","value":5,"time":1542222096155},{"prop":"complete","value":true,"time":1542222096156},{"prop":"correct","value":false,"time":1542222096157}],"complete":true,"currentRow":5,"correct":false,"TVSel":{"col1":2,"col2":1},"VSel":{"col1":1,"col2":1}},"SScene2":{"complete":true,"$seq":[{"prop":"complete","value":false,"time":1542222128849},{"prop":"complete","value":true,"time":1542222150968},{"prop":"correct","value":false,"time":1542222153232}],"correct":false},"SScene3":{"complete":true,"$seq":[{"prop":"complete","value":false,"time":1542222153331},{"prop":"complete","value":true,"time":1542222160737}]},"SScene4":{"complete":true,"$seq":[{"prop":"complete","value":false,"time":1542222173552},{"prop":"complete","value":true,"time":1542222185461}]},"SScene5":{"complete":true,"$seq":[{"prop":"complete","value":false,"time":1542222186793},{"prop":"complete","value":true,"time":1542222192641}]},"SScene6":{"complete":true,"$seq":[{"prop":"complete","value":false,"time":1542222193261},{"prop":"complete","value":true,"time":1542222204760}]},"SScene7":{"complete":true,"$seq":[{"prop":"complete","value":false,"time":1542222665841},{"prop":"complete","value":true,"time":1542222676490}]},"SScene8":{"complete":true,"$seq":[{"prop":"complete","value":false,"time":1542222700120},{"prop":"complete","value":true,"time":1542222766293}]},"SScene9":{"complete":false,"$seq":[{"prop":"complete","value":false,"time":1542222768377},{"prop":"complete","value":true,"time":1542222776949},{"prop":"complete","value":false,"time":1542222778506}]},"SScene10":{"complete":true,"$seq":[{"prop":"complete","value":false,"time":1542222782643},{"prop":"complete","value":true,"time":1542222796291}]},"SScene12":{"complete":true,"$seq":[{"prop":"complete","value":false,"time":1542222813535},{"prop":"complete","value":true,"time":1542222821576}]},"SScene12A":{"complete":false,"$seq":[{"prop":"complete","value":false,"time":1542222822505},{"prop":"complete","value":true,"time":1542222839351},{"prop":"complete","value":false,"time":1542222841672},{"prop":"complete","value":false,"time":1542222844419},{"prop":"complete","value":false,"time":1542222846333},{"prop":"complete","value":false,"time":1542222850384},{"prop":"complete","value":false,"time":1542222852287},{"prop":"complete","value":false,"time":1542222853661},{"prop":"complete","value":false,"time":1542222854912}]},"SScene14":{"complete":false,"$seq":[{"prop":"complete","value":true,"time":1542222880899},{"prop":"complete","value":false,"time":1542222882239},{"prop":"complete","value":false,"time":1542222893625}]},"SScene15":{"complete":true,"$seq":[{"prop":"complete","value":false,"time":1542222893646},{"prop":"complete","value":false,"time":1542222926640},{"prop":"complete","value":false,"time":1542222928659},{"prop":"complete","value":true,"time":1542222930038},{"prop":"complete","value":false,"time":1542222931103},{"prop":"complete","value":false,"time":1542222932221},{"prop":"complete","value":false,"time":1542222933536},{"prop":"complete","value":true,"time":1542222978645}]},"SScene16":{"complete":true,"$seq":[{"prop":"complete","value":false,"time":1542222981093},{"prop":"complete","value":true,"time":1542223011627}]},"SScene17":{"complete":false,"$seq":[{"prop":"complete","value":false,"time":1542223055013}]}},"module":{"EFMod_TEDInstr":{"selectedArea":{"index":1,"ontologyKey":"STBL_A1|name"},"$seq":[{"prop":"selectedArea.index","value":1,"time":1542221985146},{"prop":"selectedArea.ontologyKey","value":"STBL_A1|name","time":1542221985147},{"prop":"selectedTopic.index","value":2,"time":1542221985147},{"prop":"selectedTopic.ontologyKey","value":"STBL_A1_T2|name","time":1542221985147},{"prop":"selectedVariable.index","value":2,"time":1542221985147},{"prop":"selectedVariable.ontologyKey","value":"STBL_A1_T2_V2|name","time":1542221985147},{"prop":"TEDExptNonTarget","value":[1,2,4],"time":1542221985247},{"prop":"TEDExptConfounds","value":[4,1,2],"time":1542221985248},{"prop":"TEDExptDifferent","value":[4,1,2,3],"time":1542221985248},{"prop":"TEDExptArea","value":{"ontologyKey":"STBL_A1","index":1},"time":1542221985248},{"prop":"TEDExptTopic","value":{"ontologyKey":"STBL_A1_T2","index":2},"time":1542221985248},{"prop":"TEDExptVariable","value":{"ontologyKey":"STBL_A1_T2_V3","index":3},"time":1542221985248},{"prop":"TEDExptRQ","value":{"ontologyKey":"S_A1_T2_RQ3","index":3},"time":1542221985248},{"prop":"TEDExptVarNC1","value":{"ontologyKey":"STBL_A1_T2_V1","index":1},"time":1542221985248},{"prop":"TEDExptVarNC2","value":{"ontologyKey":"STBL_A1_T2_V2","index":2},"time":1542221985248},{"prop":"TEDExptVarNC3","value":{"ontologyKey":"STBL_A1_T2_V4","index":4},"time":1542221985248},{"prop":"TEDExptPOSTSequence","value":[{"ontologyKey":"STBL_A1_T2_V2","index":2},{"ontologyKey":"STBL_A1_T2_V3","index":3},{"ontologyKey":"STBL_A1_T2_V4","index":4},{"ontologyKey":"STBL_A1_T2_V1","index":1}],"time":1542221985248},{"prop":"TEDExpt1V1","value":{"ontologyKey":"S_A1_T2_V1_A","index":1},"time":1542221985248},{"prop":"TEDExpt2V1","value":{"ontologyKey":"S_A1_T2_V1_A","index":1},"time":1542221985248},{"prop":"TEDExpt1V2","value":{"ontologyKey":"S_A1_T2_V2_A","index":2},"time":1542221985248},{"prop":"TEDExpt2V2","value":{"ontologyKey":"S_A1_T2_V2_A","index":2},"time":1542221985248},{"prop":"TEDExpt1V3","value":{"ontologyKey":"S_A1_T2_V3_A","index":3},"time":1542221985248},{"prop":"TEDExpt2V3","value":{"ontologyKey":"S_A1_T2_V3_A","index":3},"time":1542221985248},{"prop":"TEDExpt1V4","value":{"ontologyKey":"S_A1_T2_V4_A","index":4},"time":1542221985248},{"prop":"TEDExpt2V4","value":{"ontologyKey":"S_A1_T2_V4_A","index":4},"time":1542221985248},{"prop":"TEDExpt2V4","value":{"ontologyKey":"S_A1_T2_V4_B","index":4},"time":1542221985248},{"prop":"TEDExpt2V1","value":{"ontologyKey":"S_A1_T2_V1_B","index":1},"time":1542221985248},{"prop":"TEDExpt2V2","value":{"ontologyKey":"S_A1_T2_V2_B","index":2},"time":1542221985248},{"prop":"TEDExpt2V3","value":{"ontologyKey":"S_A1_T2_V3_B","index":3},"time":1542221985248},{"prop":"TEDExptNC1SameDiff","value":{"ontologyKey":"TED_E1_Q7NC1DIFF","value":"diff","index":1},"time":1542221985249},{"prop":"TEDExptNC1Confound","value":{"ontologyKey":"STBL_A1_T2_V1","index":1},"time":1542221985249},{"prop":"TEDExptNC2SameDiff","value":{"ontologyKey":"TED_E1_Q7NC2DIFF","value":"diff","index":2},"time":1542221985249},{"prop":"TEDExptNC2Confound","value":{"ontologyKey":"STBL_A1_T2_V2","index":2},"time":1542221985249},{"prop":"TEDExptNC3SameDiff","value":{"ontologyKey":"TED_E1_Q7NC3DIFF","value":"diff","index":4},"time":1542221985249},{"prop":"TEDExptNC3Confound","value":{"ontologyKey":"STBL_A1_T2_V4","index":4},"time":1542221985249},{"prop":"TEDExptNonTarget","value":[1,2,4],"time":1542221985611},{"prop":"TEDExptConfounds","value":[4,1,2],"time":1542221985611},{"prop":"TEDExptDifferent","value":[4,1,2,3],"time":1542221985611},{"prop":"TEDExptArea","value":{"ontologyKey":"STBL_A1","index":1},"time":1542221985611},{"prop":"TEDExptTopic","value":{"ontologyKey":"STBL_A1_T2","index":2},"time":1542221985611},{"prop":"TEDExptVariable","value":{"ontologyKey":"STBL_A1_T2_V3","index":3},"time":1542221985611},{"prop":"TEDExptRQ","value":{"ontologyKey":"S_A1_T2_RQ3","index":3},"time":1542221985611},{"prop":"TEDExptVarNC1","value":{"ontologyKey":"STBL_A1_T2_V1","index":1},"time":1542221985611},{"prop":"TEDExptVarNC2","value":{"ontologyKey":"STBL_A1_T2_V2","index":2},"time":1542221985611},{"prop":"TEDExptVarNC3","value":{"ontologyKey":"STBL_A1_T2_V4","index":4},"time":1542221985611},{"prop":"TEDExptPOSTSequence","value":[{"ontologyKey":"STBL_A1_T2_V2","index":2},{"ontologyKey":"STBL_A1_T2_V3","index":3},{"ontologyKey":"STBL_A1_T2_V4","index":4},{"ontologyKey":"STBL_A1_T2_V1","index":1}],"time":1542221985612},{"prop":"TEDExpt1V1","value":{"ontologyKey":"S_A1_T2_V1_A","index":1},"time":1542221985612},{"prop":"TEDExpt2V1","value":{"ontologyKey":"S_A1_T2_V1_A","index":1},"time":1542221985612},{"prop":"TEDExpt1V2","value":{"ontologyKey":"S_A1_T2_V2_A","index":2},"time":1542221985612},{"prop":"TEDExpt2V2","value":{"ontologyKey":"S_A1_T2_V2_A","index":2},"time":1542221985612},{"prop":"TEDExpt1V3","value":{"ontologyKey":"S_A1_T2_V3_A","index":3},"time":1542221985612},{"prop":"TEDExpt2V3","value":{"ontologyKey":"S_A1_T2_V3_A","index":3},"time":1542221985612},{"prop":"TEDExpt1V4","value":{"ontologyKey":"S_A1_T2_V4_A","index":4},"time":1542221985612},{"prop":"TEDExpt2V4","value":{"ontologyKey":"S_A1_T2_V4_A","index":4},"time":1542221985612},{"prop":"TEDExpt2V4","value":{"ontologyKey":"S_A1_T2_V4_B","index":4},"time":1542221985612},{"prop":"TEDExpt2V1","value":{"ontologyKey":"S_A1_T2_V1_B","index":1},"time":1542221985612},{"prop":"TEDExpt2V2","value":{"ontologyKey":"S_A1_T2_V2_B","index":2},"time":1542221985612},{"prop":"TEDExpt2V3","value":{"ontologyKey":"S_A1_T2_V3_B","index":3},"time":1542221985612},{"prop":"TEDExptNC1SameDiff","value":{"ontologyKey":"TED_E1_Q7NC1DIFF","value":"diff","index":1},"time":1542221985612},{"prop":"TEDExptNC1Confound","value":{"ontologyKey":"STBL_A1_T2_V1","index":1},"time":1542221985612},{"prop":"TEDExptNC2SameDiff","value":{"ontologyKey":"TED_E1_Q7NC2DIFF","value":"diff","index":2},"time":1542221985612},{"prop":"TEDExptNC2Confound","value":{"ontologyKey":"STBL_A1_T2_V2","index":2},"time":1542221985612},{"prop":"TEDExptNC3SameDiff","value":{"ontologyKey":"TED_E1_Q7NC3DIFF","value":"diff","index":4},"time":1542221985612},{"prop":"TEDExptNC3Confound","value":{"ontologyKey":"STBL_A1_T2_V4","index":4},"time":1542221985612},{"prop":"differentRow","value":2,"time":1542222018768},{"prop":"independentVarN","value":{"row":1,"col":0,"ontologyKey":"STBL_A1_T2_V1|name","isText":true,"selectedValue":"Type of Sweetener","cell":{}},"time":1542222028566},{"prop":"sameRow1","value":1,"time":1542222066559},{"prop":"independentVarN","value":{"row":3,"col":0,"ontologyKey":"STBL_A1_T2_V3|name","isText":true,"selectedValue":"Texture of Mint","cell":{}},"time":1542222072218},{"prop":"sameRow2","value":3,"time":1542222078069},{"prop":"independentVarN","value":{"row":4,"col":0,"ontologyKey":"STBL_A1_T2_V4|name","isText":true,"selectedValue":"Amount of CO2","cell":{}},"time":1542222083785},{"prop":"sameRow3","value":4,"time":1542222090471},{"prop":"independentVarN","time":1542222096156},{"prop":"Expt1_Q1","value":{"name":"{{$EFO_TED_E1_LISTYN|no}}","ontologyKey":"TED_E1_LISTYN|no","index":2,"value":true,"id":"correct"},"time":1542222307046},{"prop":"Expt1_Q2_RIGHT","value":{"name":"{{$EFO_TED_E1_LISTQ23|ans4}}","value":"$EFL_efdata.TED.E1.LISTQ23","ontologyKey":"TED_E1_LISTQ23|yes","index":4,"id":"4"},"time":1542222340932},{"prop":"Expt1_Q4","value":{"name":"{{$EFO_TED_E1_LISTYN|yes}}","ontologyKey":"TED_E1_LISTYN|yes","index":1,"value":false,"id":"incorrect"},"time":1542222394397},{"prop":"Expt1_Q4B_WRONG","value":{"name":"{{$EFO_TED_E1_LISTQ56|ans2}}","value":"$EFL_efdata.TED.E1.LISTQ56","ontologyKey":"TED_E1_LISTQ56|yes","index":2,"id":"2"},"time":1542222431878},{"prop":"TEDFeatureFocus","value":["Could cause","Could cause","","Could cause"],"time":1542222458543},{"prop":"TEDFeatureFocus","value":["Could cause","Could cause","","Could cause"],"time":1542222490475},{"prop":"TEDFeatureFocus","value":["Could cause","Could cause","","Could cause"],"time":1542222504574},{"prop":"TEDFeatureFocus","value":["Could cause","Could cause","","Could cause"],"time":1542222506273},{"prop":"TEDcorrection","value":3,"time":1542222568295},{"prop":"TEDcorrection","value":2,"time":1542222588747},{"prop":"TEDcorrection","value":1,"time":1542222590436},{"prop":"TEDcorrection","value":0,"time":1542222592727},{"prop":"TEDExptNonTarget","value":[1,2,3],"time":1542222665840},{"prop":"TEDExptConfounds","value":[3],"time":1542222665840},{"prop":"TEDExptDifferent","value":[3,4],"time":1542222665840},{"prop":"TEDExptArea","value":{"ontologyKey":"STBL_A1","index":1},"time":1542222665840},{"prop":"TEDExptTopic","value":{"ontologyKey":"STBL_A1_T2","index":2},"time":1542222665840},{"prop":"TEDExptVariable","value":{"ontologyKey":"STBL_A1_T2_V4","index":4},"time":1542222665840},{"prop":"TEDExptRQ","value":{"ontologyKey":"S_A1_T2_RQ4","index":4},"time":1542222665840},{"prop":"TEDExptVarNC1","value":{"ontologyKey":"STBL_A1_T2_V1","index":1},"time":1542222665840},{"prop":"TEDExptVarNC2","value":{"ontologyKey":"STBL_A1_T2_V2","index":2},"time":1542222665840},{"prop":"TEDExptVarNC3","value":{"ontologyKey":"STBL_A1_T2_V3","index":3},"time":1542222665840},{"prop":"TEDExptPOSTSequence","value":[{"ontologyKey":"STBL_A1_T2_V2","index":2},{"ontologyKey":"STBL_A1_T2_V3","index":3},{"ontologyKey":"STBL_A1_T2_V4","index":4},{"ontologyKey":"STBL_A1_T2_V1","index":1}],"time":1542222665840},{"prop":"TEDExpt1V1","value":{"ontologyKey":"S_A1_T2_V1_A","index":1},"time":1542222665841},{"prop":"TEDExpt2V1","value":{"ontologyKey":"S_A1_T2_V1_A","index":1},"time":1542222665841},{"prop":"TEDExpt1V2","value":{"ontologyKey":"S_A1_T2_V2_A","index":2},"time":1542222665841},{"prop":"TEDExpt2V2","value":{"ontologyKey":"S_A1_T2_V2_A","index":2},"time":1542222665841},{"prop":"TEDExpt1V3","value":{"ontologyKey":"S_A1_T2_V3_A","index":3},"time":1542222665841},{"prop":"TEDExpt2V3","value":{"ontologyKey":"S_A1_T2_V3_A","index":3},"time":1542222665841},{"prop":"TEDExpt1V4","value":{"ontologyKey":"S_A1_T2_V4_A","index":4},"time":1542222665841},{"prop":"TEDExpt2V4","value":{"ontologyKey":"S_A1_T2_V4_A","index":4},"time":1542222665841},{"prop":"TEDExpt2V3","value":{"ontologyKey":"S_A1_T2_V3_B","index":3},"time":1542222665841},{"prop":"TEDExpt2V4","value":{"ontologyKey":"S_A1_T2_V4_B","index":4},"time":1542222665841},{"prop":"TEDExptNC1SameDiff","value":{"ontologyKey":"TED_E1_Q7NC1SAME","value":"same","index":1},"time":1542222665841},{"prop":"TEDExptNC2SameDiff","value":{"ontologyKey":"TED_E1_Q7NC2SAME","value":"same","index":2},"time":1542222665841},{"prop":"TEDExptNC3SameDiff","value":{"ontologyKey":"TED_E1_Q7NC3DIFF","value":"diff","index":3},"time":1542222665841},{"prop":"TEDExptNC1Confound","value":{"ontologyKey":"STBL_A1_T2_V3","index":3},"time":1542222665841},{"prop":"Expt1_Q1","value":{"name":"{{$EFO_TED_E1_LISTYN|no}}","ontologyKey":"TED_E1_LISTYN|no","index":2,"value":true,"id":"correct"},"time":1542222776949},{"prop":"Expt1_Q2_RIGHT","value":{"name":"{{$EFO_TED_E1_LISTQ23|ans4}}","value":"$EFL_efdata.TED.E1.LISTQ23","ontologyKey":"TED_E1_LISTQ23|yes","index":4,"id":"4"},"time":1542222796291},{"prop":"Expt1_Q4","value":{"name":"{{$EFO_TED_E1_LISTYN|yes}}","ontologyKey":"TED_E1_LISTYN|yes","index":1,"value":false,"id":"incorrect"},"time":1542222839351},{"prop":"Expt1_Q4B_WRONG","value":{"name":"{{$EFO_TED_E1_LISTQ56|ans4}}","value":"$EFL_efdata.TED.E1.LISTQ56","ontologyKey":"TED_E1_LISTQ56|yes","index":4,"id":"4"},"time":1542222880899},{"prop":"TEDFeatureFocus","value":["Could cause","Could cause","Could cause",""],"time":1542222893919},{"prop":"TEDFeatureFocus","value":["Could cause","Could cause","Could cause",""],"time":1542222926640},{"prop":"TEDFeatureFocus","value":["Could cause","Could cause","Could cause",""],"time":1542222928659},{"prop":"TEDFeatureFocus","value":["Could cause","Could cause","Could cause",""],"time":1542222930038},{"prop":"TEDcorrection","value":1,"time":1542222981409},{"prop":"TEDcorrection","value":0,"time":1542223011627}],"selectedTopic":{"index":2,"ontologyKey":"STBL_A1_T2|name"},"selectedVariable":{"index":2,"ontologyKey":"STBL_A1_T2_V2|name"},"TEDExptNonTarget":[1,2,3],"TEDExptConfounds":[3],"TEDExptDifferent":[3,4],"TEDExptArea":{"ontologyKey":"STBL_A1","index":1},"TEDExptTopic":{"ontologyKey":"STBL_A1_T2","index":2},"TEDExptVariable":{"ontologyKey":"STBL_A1_T2_V4","index":4},"TEDExptRQ":{"ontologyKey":"S_A1_T2_RQ4","index":4},"TEDExptVarNC1":{"ontologyKey":"STBL_A1_T2_V1","index":1},"TEDExptVarNC2":{"ontologyKey":"STBL_A1_T2_V2","index":2},"TEDExptVarNC3":{"ontologyKey":"STBL_A1_T2_V3","index":3},"TEDExptPOSTSequence":[{"ontologyKey":"STBL_A1_T2_V2","index":2},{"ontologyKey":"STBL_A1_T2_V3","index":3},{"ontologyKey":"STBL_A1_T2_V4","index":4},{"ontologyKey":"STBL_A1_T2_V1","index":1}],"TEDExpt1V1":{"ontologyKey":"S_A1_T2_V1_A","index":1},"TEDExpt2V1":{"ontologyKey":"S_A1_T2_V1_A","index":1},"TEDExpt1V2":{"ontologyKey":"S_A1_T2_V2_A","index":2},"TEDExpt2V2":{"ontologyKey":"S_A1_T2_V2_A","index":2},"TEDExpt1V3":{"ontologyKey":"S_A1_T2_V3_A","index":3},"TEDExpt2V3":{"ontologyKey":"S_A1_T2_V3_B","index":3},"TEDExpt1V4":{"ontologyKey":"S_A1_T2_V4_A","index":4},"TEDExpt2V4":{"ontologyKey":"S_A1_T2_V4_B","index":4},"TEDExptNC1SameDiff":{"ontologyKey":"TED_E1_Q7NC1SAME","value":"same","index":1},"TEDExptNC1Confound":{"ontologyKey":"STBL_A1_T2_V3","index":3},"TEDExptNC2SameDiff":{"ontologyKey":"TED_E1_Q7NC2SAME","value":"same","index":2},"TEDExptNC2Confound":{"ontologyKey":"STBL_A1_T2_V2","index":2},"TEDExptNC3SameDiff":{"ontologyKey":"TED_E1_Q7NC3DIFF","value":"diff","index":3},"TEDExptNC3Confound":{"ontologyKey":"STBL_A1_T2_V4","index":4},"differentRow":2,"sameRow1":1,"sameRow2":3,"sameRow3":4,"Expt1_Q1":{"name":"{{$EFO_TED_E1_LISTYN|no}}","ontologyKey":"TED_E1_LISTYN|no","index":2,"value":true,"id":"correct"},"Expt1_Q2_RIGHT":{"name":"{{$EFO_TED_E1_LISTQ23|ans4}}","value":"$EFL_efdata.TED.E1.LISTQ23","ontologyKey":"TED_E1_LISTQ23|yes","index":4,"id":"4"},"Expt1_Q4":{"name":"{{$EFO_TED_E1_LISTYN|yes}}","ontologyKey":"TED_E1_LISTYN|yes","index":1,"value":false,"id":"incorrect"},"Expt1_Q4B_WRONG":{"name":"{{$EFO_TED_E1_LISTQ56|ans4}}","value":"$EFL_efdata.TED.E1.LISTQ56","ontologyKey":"TED_E1_LISTQ56|yes","index":4,"id":"4"},"TEDFeatureFocus":["Could cause","Could cause","Could cause",""],"TEDcorrection":0}},"tutor":{"experimentalGroup":{"ontologyKey":"EG_A1"},"$seq":[{"prop":"experimentalGroup.ontologyKey","value":"EG_A1","time":1542221985146}]}}