{"scene":{"SNavigator":{},"SScene1":{"rowsComplete":4,"$seq":[{"prop":"rowsComplete","value":0,"time":1542221985274},{"prop":"complete","value":false,"time":1542221985611},{"prop":"currentRow","value":2,"time":1542221992975},{"prop":"correct","value":true,"time":1542221992975},{"prop":"correct","value":false,"time":1542221993004},{"prop":"correct","value":false,"time":1542221998610},{"prop":"correct","value":false,"time":1542221998613},{"prop":"TVSel.col1","value":1,"time":1542222011242},{"prop":"TVSel.col2","value":1,"time":1542222014528},{"prop":"correct","value":false,"time":1542222014528},{"prop":"correct","value":false,"time":1542222014565},{"prop":"TVSel.col1","value":2,"time":1542222018729},{"prop":"correct","value":true,"time":1542222018729},{"prop":"correct","value":false,"time":1542222018763},{"prop":"rowsComplete","value":1,"time":1542222018768},{"prop":"currentRow","value":0,"time":1542222028565},{"prop":"currentRow","value":1,"time":1542222028566},{"prop":"correct","value":false,"time":1542222028566},{"prop":"VSel.col1","value":null,"time":1542222028566},{"prop":"VSel.col2","value":null,"time":1542222028566},{"prop":"correct","value":false,"time":1542222028567},{"prop":"VSel.col1","value":1,"time":1542222061120},{"prop":"VSel.col2","value":2,"time":1542222062733},{"prop":"correct","value":false,"time":1542222062733},{"prop":"correct","value":false,"time":1542222062765},{"prop":"VSel.col1","value":2,"time":1542222066510},{"prop":"correct","value":true,"time":1542222066510},{"prop":"correct","value":false,"time":1542222066558},{"prop":"rowsComplete","value":2,"time":1542222066559},{"prop":"currentRow","value":3,"time":1542222072218},{"prop":"correct","value":false,"time":1542222072218},{"prop":"VSel.col1","value":null,"time":1542222072218},{"prop":"VSel.col2","value":null,"time":1542222072218},{"prop":"correct","value":false,"time":1542222072219},{"prop":"VSel.col1","value":1,"time":1542222076318},{"prop":"VSel.col2","value":1,"time":1542222078018},{"prop":"correct","value":true,"time":1542222078018},{"prop":"correct","value":false,"time":1542222078067},{"prop":"rowsComplete","value":3,"time":1542222078069},{"prop":"currentRow","value":4,"time":1542222083785},{"prop":"correct","value":false,"time":1542222083785},{"prop":"VSel.col1","value":null,"time":1542222083786},{"prop":"VSel.col2","value":null,"time":1542222083786},{"prop":"correct","value":false,"time":1542222083787},{"prop":"VSel.col1","value":1,"time":1542222087739},{"prop":"VSel.col2","value":1,"time":1542222090422},{"prop":"correct","value":true,"time":1542222090422},{"prop":"correct","value":false,"time":1542222090462},{"prop":"rowsComplete","value":4,"time":1542222090471},{"prop":"currentRow","value":5,"time":1542222096155},{"prop":"complete","value":true,"time":1542222096156},{"prop":"correct","value":false,"time":1542222096157}],"complete":true,"currentRow":5,"correct":false,"TVSel":{"col1":2,"col2":1},"VSel":{"col1":1,"col2":1}},"SScene2":{"complete":true,"$seq":[{"prop":"complete","value":false,"time":1542222128849},{"prop":"complete","value":true,"time":1542222150968},{"prop":"correct","value":false,"time":1542222153232}],"correct":false},"SScene3":{"complete":true,"$seq":[{"prop":"complete","value":false,"time":1542222153331},{"prop":"complete","value":true,"time":1542222160737}]},"SScene4":{"complete":false,"$seq":[{"prop":"complete","value":false,"time":1542222173552}]}},"module":{"EFMod_TEDInstr":{"selectedArea":{"index":1,"ontologyKey":"STBL_A1|name"},"$seq":[{"prop":"selectedArea.index","value":1,"time":1542221985146},{"prop":"selectedArea.ontologyKey","value":"STBL_A1|name","time":1542221985147},{"prop":"selectedTopic.index","value":2,"time":1542221985147},{"prop":"selectedTopic.ontologyKey","value":"STBL_A1_T2|name","time":1542221985147},{"prop":"selectedVariable.index","value":2,"time":1542221985147},{"prop":"selectedVariable.ontologyKey","value":"STBL_A1_T2_V2|name","time":1542221985147},{"prop":"TEDExptNonTarget","value":[1,2,4],"time":1542221985247},{"prop":"TEDExptConfounds","value":[4,1,2],"time":1542221985248},{"prop":"TEDExptDifferent","value":[4,1,2,3],"time":1542221985248},{"prop":"TEDExptArea","value":{"ontologyKey":"STBL_A1","index":1},"time":1542221985248},{"prop":"TEDExptTopic","value":{"ontologyKey":"STBL_A1_T2","index":2},"time":1542221985248},{"prop":"TEDExptVariable","value":{"ontologyKey":"STBL_A1_T2_V3","index":3},"time":1542221985248},{"prop":"TEDExptRQ","value":{"ontologyKey":"S_A1_T2_RQ3","index":3},"time":1542221985248},{"prop":"TEDExptVarNC1","value":{"ontologyKey":"STBL_A1_T2_V1","index":1},"time":1542221985248},{"prop":"TEDExptVarNC2","value":{"ontologyKey":"STBL_A1_T2_V2","index":2},"time":1542221985248},{"prop":"TEDExptVarNC3","value":{"ontologyKey":"STBL_A1_T2_V4","index":4},"time":1542221985248},{"prop":"TEDExptPOSTSequence","value":[{"ontologyKey":"STBL_A1_T2_V2","index":2},{"ontologyKey":"STBL_A1_T2_V3","index":3},{"ontologyKey":"STBL_A1_T2_V4","index":4},{"ontologyKey":"STBL_A1_T2_V1","index":1}],"time":1542221985248},{"prop":"TEDExpt1V1","value":{"ontologyKey":"S_A1_T2_V1_A","index":1},"time":1542221985248},{"prop":"TEDExpt2V1","value":{"ontologyKey":"S_A1_T2_V1_A","index":1},"time":1542221985248},{"prop":"TEDExpt1V2","value":{"ontologyKey":"S_A1_T2_V2_A","index":2},"time":1542221985248},{"prop":"TEDExpt2V2","value":{"ontologyKey":"S_A1_T2_V2_A","index":2},"time":1542221985248},{"prop":"TEDExpt1V3","value":{"ontologyKey":"S_A1_T2_V3_A","index":3},"time":1542221985248},{"prop":"TEDExpt2V3","value":{"ontologyKey":"S_A1_T2_V3_A","index":3},"time":1542221985248},{"prop":"TEDExpt1V4","value":{"ontologyKey":"S_A1_T2_V4_A","index":4},"time":1542221985248},{"prop":"TEDExpt2V4","value":{"ontologyKey":"S_A1_T2_V4_A","index":4},"time":1542221985248},{"prop":"TEDExpt2V4","value":{"ontologyKey":"S_A1_T2_V4_B","index":4},"time":1542221985248},{"prop":"TEDExpt2V1","value":{"ontologyKey":"S_A1_T2_V1_B","index":1},"time":1542221985248},{"prop":"TEDExpt2V2","value":{"ontologyKey":"S_A1_T2_V2_B","index":2},"time":1542221985248},{"prop":"TEDExpt2V3","value":{"ontologyKey":"S_A1_T2_V3_B","index":3},"time":1542221985248},{"prop":"TEDExptNC1SameDiff","value":{"ontologyKey":"TED_E1_Q7NC1DIFF","value":"diff","index":1},"time":1542221985249},{"prop":"TEDExptNC1Confound","value":{"ontologyKey":"STBL_A1_T2_V1","index":1},"time":1542221985249},{"prop":"TEDExptNC2SameDiff","value":{"ontologyKey":"TED_E1_Q7NC2DIFF","value":"diff","index":2},"time":1542221985249},{"prop":"TEDExptNC2Confound","value":{"ontologyKey":"STBL_A1_T2_V2","index":2},"time":1542221985249},{"prop":"TEDExptNC3SameDiff","value":{"ontologyKey":"TED_E1_Q7NC3DIFF","value":"diff","index":4},"time":1542221985249},{"prop":"TEDExptNC3Confound","value":{"ontologyKey":"STBL_A1_T2_V4","index":4},"time":1542221985249},{"prop":"TEDExptNonTarget","value":[1,2,4],"time":1542221985611},{"prop":"TEDExptConfounds","value":[4,1,2],"time":1542221985611},{"prop":"TEDExptDifferent","value":[4,1,2,3],"time":1542221985611},{"prop":"TEDExptArea","value":{"ontologyKey":"STBL_A1","index":1},"time":1542221985611},{"prop":"TEDExptTopic","value":{"ontologyKey":"STBL_A1_T2","index":2},"time":1542221985611},{"prop":"TEDExptVariable","value":{"ontologyKey":"STBL_A1_T2_V3","index":3},"time":1542221985611},{"prop":"TEDExptRQ","value":{"ontologyKey":"S_A1_T2_RQ3","index":3},"time":1542221985611},{"prop":"TEDExptVarNC1","value":{"ontologyKey":"STBL_A1_T2_V1","index":1},"time":1542221985611},{"prop":"TEDExptVarNC2","value":{"ontologyKey":"STBL_A1_T2_V2","index":2},"time":1542221985611},{"prop":"TEDExptVarNC3","value":{"ontologyKey":"STBL_A1_T2_V4","index":4},"time":1542221985611},{"prop":"TEDExptPOSTSequence","value":[{"ontologyKey":"STBL_A1_T2_V2","index":2},{"ontologyKey":"STBL_A1_T2_V3","index":3},{"ontologyKey":"STBL_A1_T2_V4","index":4},{"ontologyKey":"STBL_A1_T2_V1","index":1}],"time":1542221985612},{"prop":"TEDExpt1V1","value":{"ontologyKey":"S_A1_T2_V1_A","index":1},"time":1542221985612},{"prop":"TEDExpt2V1","value":{"ontologyKey":"S_A1_T2_V1_A","index":1},"time":1542221985612},{"prop":"TEDExpt1V2","value":{"ontologyKey":"S_A1_T2_V2_A","index":2},"time":1542221985612},{"prop":"TEDExpt2V2","value":{"ontologyKey":"S_A1_T2_V2_A","index":2},"time":1542221985612},{"prop":"TEDExpt1V3","value":{"ontologyKey":"S_A1_T2_V3_A","index":3},"time":1542221985612},{"prop":"TEDExpt2V3","value":{"ontologyKey":"S_A1_T2_V3_A","index":3},"time":1542221985612},{"prop":"TEDExpt1V4","value":{"ontologyKey":"S_A1_T2_V4_A","index":4},"time":1542221985612},{"prop":"TEDExpt2V4","value":{"ontologyKey":"S_A1_T2_V4_A","index":4},"time":1542221985612},{"prop":"TEDExpt2V4","value":{"ontologyKey":"S_A1_T2_V4_B","index":4},"time":1542221985612},{"prop":"TEDExpt2V1","value":{"ontologyKey":"S_A1_T2_V1_B","index":1},"time":1542221985612},{"prop":"TEDExpt2V2","value":{"ontologyKey":"S_A1_T2_V2_B","index":2},"time":1542221985612},{"prop":"TEDExpt2V3","value":{"ontologyKey":"S_A1_T2_V3_B","index":3},"time":1542221985612},{"prop":"TEDExptNC1SameDiff","value":{"ontologyKey":"TED_E1_Q7NC1DIFF","value":"diff","index":1},"time":1542221985612},{"prop":"TEDExptNC1Confound","value":{"ontologyKey":"STBL_A1_T2_V1","index":1},"time":1542221985612},{"prop":"TEDExptNC2SameDiff","value":{"ontologyKey":"TED_E1_Q7NC2DIFF","value":"diff","index":2},"time":1542221985612},{"prop":"TEDExptNC2Confound","value":{"ontologyKey":"STBL_A1_T2_V2","index":2},"time":1542221985612},{"prop":"TEDExptNC3SameDiff","value":{"ontologyKey":"TED_E1_Q7NC3DIFF","value":"diff","index":4},"time":1542221985612},{"prop":"TEDExptNC3Confound","value":{"ontologyKey":"STBL_A1_T2_V4","index":4},"time":1542221985612},{"prop":"differentRow","value":2,"time":1542222018768},{"prop":"independentVarN","value":{"row":1,"col":0,"ontologyKey":"STBL_A1_T2_V1|name","isText":true,"selectedValue":"Type of Sweetener","cell":{}},"time":1542222028566},{"prop":"sameRow1","value":1,"time":1542222066559},{"prop":"independentVarN","value":{"row":3,"col":0,"ontologyKey":"STBL_A1_T2_V3|name","isText":true,"selectedValue":"Texture of Mint","cell":{}},"time":1542222072218},{"prop":"sameRow2","value":3,"time":1542222078069},{"prop":"independentVarN","value":{"row":4,"col":0,"ontologyKey":"STBL_A1_T2_V4|name","isText":true,"selectedValue":"Amount of CO2","cell":{}},"time":1542222083785},{"prop":"sameRow3","value":4,"time":1542222090471},{"prop":"independentVarN","time":1542222096156}],"selectedTopic":{"index":2,"ontologyKey":"STBL_A1_T2|name"},"selectedVariable":{"index":2,"ontologyKey":"STBL_A1_T2_V2|name"},"TEDExptNonTarget":[1,2,4],"TEDExptConfounds":[4,1,2],"TEDExptDifferent":[4,1,2,3],"TEDExptArea":{"ontologyKey":"STBL_A1","index":1},"TEDExptTopic":{"ontologyKey":"STBL_A1_T2","index":2},"TEDExptVariable":{"ontologyKey":"STBL_A1_T2_V3","index":3},"TEDExptRQ":{"ontologyKey":"S_A1_T2_RQ3","index":3},"TEDExptVarNC1":{"ontologyKey":"STBL_A1_T2_V1","index":1},"TEDExptVarNC2":{"ontologyKey":"STBL_A1_T2_V2","index":2},"TEDExptVarNC3":{"ontologyKey":"STBL_A1_T2_V4","index":4},"TEDExptPOSTSequence":[{"ontologyKey":"STBL_A1_T2_V2","index":2},{"ontologyKey":"STBL_A1_T2_V3","index":3},{"ontologyKey":"STBL_A1_T2_V4","index":4},{"ontologyKey":"STBL_A1_T2_V1","index":1}],"TEDExpt1V1":{"ontologyKey":"S_A1_T2_V1_A","index":1},"TEDExpt2V1":{"ontologyKey":"S_A1_T2_V1_B","index":1},"TEDExpt1V2":{"ontologyKey":"S_A1_T2_V2_A","index":2},"TEDExpt2V2":{"ontologyKey":"S_A1_T2_V2_B","index":2},"TEDExpt1V3":{"ontologyKey":"S_A1_T2_V3_A","index":3},"TEDExpt2V3":{"ontologyKey":"S_A1_T2_V3_B","index":3},"TEDExpt1V4":{"ontologyKey":"S_A1_T2_V4_A","index":4},"TEDExpt2V4":{"ontologyKey":"S_A1_T2_V4_B","index":4},"TEDExptNC1SameDiff":{"ontologyKey":"TED_E1_Q7NC1DIFF","value":"diff","index":1},"TEDExptNC1Confound":{"ontologyKey":"STBL_A1_T2_V1","index":1},"TEDExptNC2SameDiff":{"ontologyKey":"TED_E1_Q7NC2DIFF","value":"diff","index":2},"TEDExptNC2Confound":{"ontologyKey":"STBL_A1_T2_V2","index":2},"TEDExptNC3SameDiff":{"ontologyKey":"TED_E1_Q7NC3DIFF","value":"diff","index":4},"TEDExptNC3Confound":{"ontologyKey":"STBL_A1_T2_V4","index":4},"differentRow":2,"sameRow1":1,"sameRow2":3,"sameRow3":4}},"tutor":{"experimentalGroup":{"ontologyKey":"EG_A1"},"$seq":[{"prop":"experimentalGroup.ontologyKey","value":"EG_A1","time":1542221985146}]}}