{"sceneState":{"SNavigator":{},"SIntro":{"complete":false,"$seq":[{"prop":"complete","value":false,"time":1557762256065}]},"SScene1":{"complete":true,"$seq":[{"prop":"complete","value":false,"time":1557762270215},{"prop":"Sg1","value":"true","time":1557762291000},{"prop":"DR1:Sg1","value":"ans4","time":1557762291000},{"prop":"complete","value":true,"time":1557762291000},{"prop":"Sg1","value":"true","time":1557762291003},{"prop":"complete","value":true,"time":1557762291003},{"prop":"Sg1","value":"true","time":1557762299744},{"prop":"DR1:Sg1","value":"ans1","time":1557762299744},{"prop":"complete","value":true,"time":1557762299744},{"prop":"Sg1","value":"true","time":1557762299745},{"prop":"complete","value":true,"time":1557762299745}],"Sg1":"true","DR1:Sg1":"ans1"},"SScene2":{"complete":true,"$seq":[{"prop":"complete","value":false,"time":1557762303180},{"prop":"Sg1","value":"true","time":1557762349222},{"prop":"DR2:Sg1","value":"ans4","time":1557762349222},{"prop":"complete","value":true,"time":1557762349223},{"prop":"Sg1","value":"true","time":1557762349223},{"prop":"complete","value":true,"time":1557762349223}],"Sg1":"true","DR2:Sg1":"ans4"},"SScene3":{"complete":true,"$seq":[{"prop":"complete","value":false,"time":1557762356322},{"prop":"Sg1","value":"true","time":1557762418367},{"prop":"DR3:Sg1","value":"ans3","time":1557762418367},{"prop":"complete","value":true,"time":1557762418367},{"prop":"Sg1","value":"true","time":1557762418368},{"prop":"complete","value":true,"time":1557762418368}],"Sg1":"true","DR3:Sg1":"ans3"},"SScene4":{"complete":true,"$seq":[{"prop":"complete","value":false,"time":1557762420296},{"prop":"Sg1","value":"true","time":1557762511418},{"prop":"DR4:Sg1","value":"ans1","time":1557762511418},{"prop":"complete","value":true,"time":1557762511418},{"prop":"Sg1","value":"true","time":1557762511418},{"prop":"complete","value":true,"time":1557762511418}],"Sg1":"true","DR4:Sg1":"ans1"},"SSubmit":{"complete":false,"$seq":[{"prop":"complete","value":false,"time":1557762513676}]},"SSceneEnd":{"complete":false,"$seq":[{"prop":"complete","value":false,"time":1557762515440}]}},"moduleState":{},"tutorState":{},"fFeatures":{"0":true},"featureID":{}}