{"scene":{"SNavigator":{},"SSceneBL":{"complete":true,"$seq":[{"prop":"complete","value":false,"time":1543848347189},{"prop":"complete","value":true,"time":1543848355994}]},"SScene4":{"complete":true,"$seq":[{"prop":"complete","value":false,"time":1543848359564},{"prop":"complete","value":true,"time":1543848380327}]},"SScene5":{"complete":true,"$seq":[{"prop":"complete","value":false,"time":1543848381199},{"prop":"complete","value":true,"time":1543848385857}]},"SScene5a":{"complete":true,"$seq":[{"prop":"complete","value":false,"time":1543848391295},{"prop":"complete","value":true,"time":1543848402816}]},"SScene6a":{},"SScene6b":{},"SScene6c":{},"SScene7":{"complete":true,"$seq":[{"prop":"complete","value":false,"time":1543848417217},{"prop":"complete","value":true,"time":1543848463107}]},"SScene8":{"complete":true,"$seq":[{"prop":"complete","value":false,"time":1543848465295},{"prop":"complete","value":true,"time":1543848507452}]},"SScene11":{"RQconfirmed":false,"$seq":[{"prop":"RQconfirmed","value":false,"time":1543848508480},{"prop":"complete","value":true,"time":1543848520171}],"complete":true},"SSceneEnd":{},"SScene1":{"rowsComplete":4,"$seq":[{"prop":"rowsComplete","value":0,"time":1543848524183},{"prop":"complete","value":false,"time":1543848524499},{"prop":"currentRow","value":1,"time":1543848532745},{"prop":"correct","value":false,"time":1543848532745},{"prop":"correct","value":false,"time":1543848532788},{"prop":"currentRow","value":4,"time":1543848543749},{"prop":"correct","value":true,"time":1543848543750},{"prop":"correct","value":false,"time":1543848543775},{"prop":"correct","value":false,"time":1543848549179},{"prop":"correct","value":false,"time":1543848549182},{"prop":"TVSel.col1","value":2,"time":1543848555115},{"prop":"TVSel.col2","value":1,"time":1543848556744},{"prop":"correct","value":true,"time":1543848556744},{"prop":"correct","value":false,"time":1543848556777},{"prop":"rowsComplete","value":1,"time":1543848556783},{"prop":"currentRow","value":0,"time":1543848566590},{"prop":"currentRow","value":1,"time":1543848566591},{"prop":"correct","value":false,"time":1543848566591},{"prop":"VSel.col1","value":null,"time":1543848566593},{"prop":"VSel.col2","value":null,"time":1543848566593},{"prop":"correct","value":false,"time":1543848566595},{"prop":"VSel.col1","value":2,"time":1543848571183},{"prop":"VSel.col2","value":1,"time":1543848572490},{"prop":"correct","value":false,"time":1543848572490},{"prop":"correct","value":false,"time":1543848572520},{"prop":"VSel.col2","value":2,"time":1543848580732},{"prop":"correct","value":true,"time":1543848580732},{"prop":"correct","value":false,"time":1543848580782},{"prop":"rowsComplete","value":2,"time":1543848580785},{"prop":"currentRow","value":2,"time":1543848586479},{"prop":"correct","value":false,"time":1543848586479},{"prop":"VSel.col1","value":null,"time":1543848586480},{"prop":"VSel.col2","value":null,"time":1543848586480},{"prop":"correct","value":false,"time":1543848586481},{"prop":"VSel.col1","value":2,"time":1543848589820},{"prop":"VSel.col2","value":1,"time":1543848591233},{"prop":"correct","value":false,"time":1543848591233},{"prop":"correct","value":false,"time":1543848591269},{"prop":"VSel.col2","value":2,"time":1543848593525},{"prop":"correct","value":true,"time":1543848593525},{"prop":"correct","value":false,"time":1543848593546},{"prop":"rowsComplete","value":3,"time":1543848593549},{"prop":"currentRow","value":3,"time":1543848599214},{"prop":"correct","value":false,"time":1543848599215},{"prop":"VSel.col1","value":null,"time":1543848599215},{"prop":"VSel.col2","value":null,"time":1543848599215},{"prop":"correct","value":false,"time":1543848599217},{"prop":"VSel.col1","value":2,"time":1543848603289},{"prop":"VSel.col2","value":1,"time":1543848608634},{"prop":"correct","value":false,"time":1543848608634},{"prop":"correct","value":false,"time":1543848608675},{"prop":"VSel.col2","value":2,"time":1543848610958},{"prop":"correct","value":true,"time":1543848610958},{"prop":"correct","value":false,"time":1543848611004},{"prop":"rowsComplete","value":4,"time":1543848611009},{"prop":"currentRow","value":5,"time":1543848616684},{"prop":"complete","value":true,"time":1543848616684},{"prop":"correct","value":false,"time":1543848616685}],"complete":true,"currentRow":5,"correct":false,"TVSel":{"col1":2,"col2":1},"VSel":{"col1":2,"col2":2}},"SScene2":{"complete":true,"$seq":[{"prop":"complete","value":false,"time":1543848617870},{"prop":"complete","value":true,"time":1543848640977},{"prop":"correct","value":false,"time":1543848642102}],"correct":false}},"module":{"selectedArea":{"ontologyKey":"S_A1|name","index":1},"selectedTopic":{"ontologyKey":"S_A1_T2|name","index":2},"selectedVariable":{"ontologyKey":"S_A1_T2_V4|name","index":4},"selectedRQ":{"ontologyKey":"S_A1_T2_RQ4"},"AreaSelectedID":"Sarea1|Sselected","AreaButtonID":"Sbutton1","TopicSelectedID":"Stopic2|Sselected","TopicButtonID":"Sbutton2","VariableHighlightID":"SbuttonHL4","VariableClickMaskID":"SclickMask4","RQconfirmation":"UNKNOWN","$seq":[{"prop":"selectedArea","value":{"ontologyKey":"S_A1|name","index":1},"time":1543848524086},{"prop":"selectedTopic","value":{"ontologyKey":"S_A1_T2|name","index":2},"time":1543848524086},{"prop":"selectedVariable","value":{"ontologyKey":"S_A1_T2_V4|name","index":4},"time":1543848524086},{"prop":"selectedRQ","value":{"ontologyKey":"S_A1_T2_RQ4"},"time":1543848524086},{"prop":"AreaSelectedID","value":"Sarea1|Sselected","time":1543848524086},{"prop":"AreaButtonID","value":"Sbutton1","time":1543848524086},{"prop":"TopicSelectedID","value":"Stopic2|Sselected","time":1543848524086},{"prop":"TopicButtonID","value":"Sbutton2","time":1543848524086},{"prop":"VariableHighlightID","value":"SbuttonHL4","time":1543848524086},{"prop":"VariableClickMaskID","value":"SclickMask4","time":1543848524086},{"prop":"TEDExptNonTarget","value":[2,3,4],"time":1543848524089},{"prop":"TEDExptConfounds","value":[2,3,4],"time":1543848524089},{"prop":"TEDExptDifferent","value":[2,3,4,1],"time":1543848524089},{"prop":"TEDExptArea","value":{"ontologyKey":"S_A1","index":1},"time":1543848524089},{"prop":"TEDExptTopic","value":{"ontologyKey":"S_A1_T2","index":2},"time":1543848524089},{"prop":"TEDExptVariable","value":{"ontologyKey":"S_A1_T2_V1","index":1},"time":1543848524089},{"prop":"TEDExptRQ","value":{"ontologyKey":"S_A1_T2_RQ1","index":1},"time":1543848524089},{"prop":"TEDExptVarNC1","value":{"ontologyKey":"S_A1_T2_V2","index":2},"time":1543848524090},{"prop":"TEDExptVarNC2","value":{"ontologyKey":"S_A1_T2_V3","index":3},"time":1543848524090},{"prop":"TEDExptVarNC3","value":{"ontologyKey":"S_A1_T2_V4","index":4},"time":1543848524090},{"prop":"TEDExptPOSTSequence","value":[{"ontologyKey":"S_A1_T2_V4","index":4},{"ontologyKey":"S_A1_T2_V1","index":1},{"ontologyKey":"S_A1_T2_V2","index":2},{"ontologyKey":"S_A1_T2_V3","index":3}],"time":1543848524090},{"prop":"TEDExpt1V1","value":{"ontologyKey":"S_A1_T2_V1_A","index":1},"time":1543848524090},{"prop":"TEDExpt2V1","value":{"ontologyKey":"S_A1_T2_V1_A","index":1},"time":1543848524090},{"prop":"TEDExpt1V2","value":{"ontologyKey":"S_A1_T2_V2_A","index":2},"time":1543848524090},{"prop":"TEDExpt2V2","value":{"ontologyKey":"S_A1_T2_V2_A","index":2},"time":1543848524090},{"prop":"TEDExpt1V3","value":{"ontologyKey":"S_A1_T2_V3_A","index":3},"time":1543848524090},{"prop":"TEDExpt2V3","value":{"ontologyKey":"S_A1_T2_V3_A","index":3},"time":1543848524090},{"prop":"TEDExpt1V4","value":{"ontologyKey":"S_A1_T2_V4_A","index":4},"time":1543848524090},{"prop":"TEDExpt2V4","value":{"ontologyKey":"S_A1_T2_V4_A","index":4},"time":1543848524090},{"prop":"TEDExpt2V2","value":{"ontologyKey":"S_A1_T2_V2_B","index":2},"time":1543848524090},{"prop":"TEDExpt2V3","value":{"ontologyKey":"S_A1_T2_V3_B","index":3},"time":1543848524090},{"prop":"TEDExpt2V4","value":{"ontologyKey":"S_A1_T2_V4_B","index":4},"time":1543848524090},{"prop":"TEDExpt2V1","value":{"ontologyKey":"S_A1_T2_V1_B","index":1},"time":1543848524090},{"prop":"TEDExptNC1SameDiff","value":{"ontologyKey":"TED_E1_Q7NC1DIFF","value":"diff","index":2},"time":1543848524090},{"prop":"TEDExptNC1Confound","value":{"ontologyKey":"S_A1_T2_V2","index":2},"time":1543848524090},{"prop":"TEDExptNC2SameDiff","value":{"ontologyKey":"TED_E1_Q7NC2DIFF","value":"diff","index":3},"time":1543848524090},{"prop":"TEDExptNC2Confound","value":{"ontologyKey":"S_A1_T2_V3","index":3},"time":1543848524090},{"prop":"TEDExptNC3SameDiff","value":{"ontologyKey":"TED_E1_Q7NC3DIFF","value":"diff","index":4},"time":1543848524090},{"prop":"TEDExptNC3Confound","value":{"ontologyKey":"S_A1_T2_V4","index":4},"time":1543848524090},{"prop":"TEDExptNonTarget","value":[2,3,4],"time":1543848524162},{"prop":"TEDExptConfounds","value":[2,3,4],"time":1543848524163},{"prop":"TEDExptDifferent","value":[2,3,4,1],"time":1543848524163},{"prop":"TEDExptArea","value":{"ontologyKey":"S_A1","index":1},"time":1543848524163},{"prop":"TEDExptTopic","value":{"ontologyKey":"S_A1_T2","index":2},"time":1543848524163},{"prop":"TEDExptVariable","value":{"ontologyKey":"S_A1_T2_V1","index":1},"time":1543848524163},{"prop":"TEDExptRQ","value":{"ontologyKey":"S_A1_T2_RQ1","index":1},"time":1543848524163},{"prop":"TEDExptVarNC1","value":{"ontologyKey":"S_A1_T2_V2","index":2},"time":1543848524163},{"prop":"TEDExptVarNC2","value":{"ontologyKey":"S_A1_T2_V3","index":3},"time":1543848524163},{"prop":"TEDExptVarNC3","value":{"ontologyKey":"S_A1_T2_V4","index":4},"time":1543848524163},{"prop":"TEDExptPOSTSequence","value":[{"ontologyKey":"S_A1_T2_V4","index":4},{"ontologyKey":"S_A1_T2_V1","index":1},{"ontologyKey":"S_A1_T2_V2","index":2},{"ontologyKey":"S_A1_T2_V3","index":3}],"time":1543848524163},{"prop":"TEDExpt1V1","value":{"ontologyKey":"S_A1_T2_V1_A","index":1},"time":1543848524163},{"prop":"TEDExpt2V1","value":{"ontologyKey":"S_A1_T2_V1_A","index":1},"time":1543848524163},{"prop":"TEDExpt1V2","value":{"ontologyKey":"S_A1_T2_V2_A","index":2},"time":1543848524163},{"prop":"TEDExpt2V2","value":{"ontologyKey":"S_A1_T2_V2_A","index":2},"time":1543848524163},{"prop":"TEDExpt1V3","value":{"ontologyKey":"S_A1_T2_V3_A","index":3},"time":1543848524163},{"prop":"TEDExpt2V3","value":{"ontologyKey":"S_A1_T2_V3_A","index":3},"time":1543848524163},{"prop":"TEDExpt1V4","value":{"ontologyKey":"S_A1_T2_V4_A","index":4},"time":1543848524163},{"prop":"TEDExpt2V4","value":{"ontologyKey":"S_A1_T2_V4_A","index":4},"time":1543848524163},{"prop":"TEDExpt2V2","value":{"ontologyKey":"S_A1_T2_V2_B","index":2},"time":1543848524163},{"prop":"TEDExpt2V3","value":{"ontologyKey":"S_A1_T2_V3_B","index":3},"time":1543848524163},{"prop":"TEDExpt2V4","value":{"ontologyKey":"S_A1_T2_V4_B","index":4},"time":1543848524163},{"prop":"TEDExpt2V1","value":{"ontologyKey":"S_A1_T2_V1_B","index":1},"time":1543848524163},{"prop":"TEDExptNC1SameDiff","value":{"ontologyKey":"TED_E1_Q7NC1DIFF","value":"diff","index":2},"time":1543848524163},{"prop":"TEDExptNC1Confound","value":{"ontologyKey":"S_A1_T2_V2","index":2},"time":1543848524163},{"prop":"TEDExptNC2SameDiff","value":{"ontologyKey":"TED_E1_Q7NC2DIFF","value":"diff","index":3},"time":1543848524163},{"prop":"TEDExptNC2Confound","value":{"ontologyKey":"S_A1_T2_V3","index":3},"time":1543848524163},{"prop":"TEDExptNC3SameDiff","value":{"ontologyKey":"TED_E1_Q7NC3DIFF","value":"diff","index":4},"time":1543848524163},{"prop":"TEDExptNC3Confound","value":{"ontologyKey":"S_A1_T2_V4","index":4},"time":1543848524163},{"prop":"TEDExptNonTarget","value":[2,3,4],"time":1543848524499},{"prop":"TEDExptConfounds","value":[2,3,4],"time":1543848524499},{"prop":"TEDExptDifferent","value":[2,3,4,1],"time":1543848524499},{"prop":"TEDExptArea","value":{"ontologyKey":"S_A1","index":1},"time":1543848524499},{"prop":"TEDExptTopic","value":{"ontologyKey":"S_A1_T2","index":2},"time":1543848524499},{"prop":"TEDExptVariable","value":{"ontologyKey":"S_A1_T2_V1","index":1},"time":1543848524499},{"prop":"TEDExptRQ","value":{"ontologyKey":"S_A1_T2_RQ1","index":1},"time":1543848524499},{"prop":"TEDExptVarNC1","value":{"ontologyKey":"S_A1_T2_V2","index":2},"time":1543848524499},{"prop":"TEDExptVarNC2","value":{"ontologyKey":"S_A1_T2_V3","index":3},"time":1543848524499},{"prop":"TEDExptVarNC3","value":{"ontologyKey":"S_A1_T2_V4","index":4},"time":1543848524499},{"prop":"TEDExptPOSTSequence","value":[{"ontologyKey":"S_A1_T2_V4","index":4},{"ontologyKey":"S_A1_T2_V1","index":1},{"ontologyKey":"S_A1_T2_V2","index":2},{"ontologyKey":"S_A1_T2_V3","index":3}],"time":1543848524499},{"prop":"TEDExpt1V1","value":{"ontologyKey":"S_A1_T2_V1_A","index":1},"time":1543848524499},{"prop":"TEDExpt2V1","value":{"ontologyKey":"S_A1_T2_V1_A","index":1},"time":1543848524499},{"prop":"TEDExpt1V2","value":{"ontologyKey":"S_A1_T2_V2_A","index":2},"time":1543848524499},{"prop":"TEDExpt2V2","value":{"ontologyKey":"S_A1_T2_V2_A","index":2},"time":1543848524499},{"prop":"TEDExpt1V3","value":{"ontologyKey":"S_A1_T2_V3_A","index":3},"time":1543848524499},{"prop":"TEDExpt2V3","value":{"ontologyKey":"S_A1_T2_V3_A","index":3},"time":1543848524499},{"prop":"TEDExpt1V4","value":{"ontologyKey":"S_A1_T2_V4_A","index":4},"time":1543848524499},{"prop":"TEDExpt2V4","value":{"ontologyKey":"S_A1_T2_V4_A","index":4},"time":1543848524499},{"prop":"TEDExpt2V2","value":{"ontologyKey":"S_A1_T2_V2_B","index":2},"time":1543848524499},{"prop":"TEDExpt2V3","value":{"ontologyKey":"S_A1_T2_V3_B","index":3},"time":1543848524499},{"prop":"TEDExpt2V4","value":{"ontologyKey":"S_A1_T2_V4_B","index":4},"time":1543848524499},{"prop":"TEDExpt2V1","value":{"ontologyKey":"S_A1_T2_V1_B","index":1},"time":1543848524499},{"prop":"TEDExptNC1SameDiff","value":{"ontologyKey":"TED_E1_Q7NC1DIFF","value":"diff","index":2},"time":1543848524499},{"prop":"TEDExptNC1Confound","value":{"ontologyKey":"S_A1_T2_V2","index":2},"time":1543848524499},{"prop":"TEDExptNC2SameDiff","value":{"ontologyKey":"TED_E1_Q7NC2DIFF","value":"diff","index":3},"time":1543848524499},{"prop":"TEDExptNC2Confound","value":{"ontologyKey":"S_A1_T2_V3","index":3},"time":1543848524499},{"prop":"TEDExptNC3SameDiff","value":{"ontologyKey":"TED_E1_Q7NC3DIFF","value":"diff","index":4},"time":1543848524499},{"prop":"TEDExptNC3Confound","value":{"ontologyKey":"S_A1_T2_V4","index":4},"time":1543848524499},{"prop":"differentRow","value":4,"time":1543848556783},{"prop":"independentVarN","value":{"row":1,"col":0,"ontologyKey":"S_A1_T2_V1|name","isText":true,"selectedValue":"Type of Sweetener","cell":{}},"time":1543848566591},{"prop":"sameRow1","value":1,"time":1543848580785},{"prop":"independentVarN","value":{"row":2,"col":0,"ontologyKey":"S_A1_T2_V2|name","isText":true,"selectedValue":"Amount of Caffeine","cell":{}},"time":1543848586479},{"prop":"sameRow2","value":2,"time":1543848593549},{"prop":"independentVarN","value":{"row":3,"col":0,"ontologyKey":"S_A1_T2_V3|name","isText":true,"selectedValue":"Texture of Mint","cell":{}},"time":1543848599214},{"prop":"sameRow3","value":3,"time":1543848611009},{"prop":"independentVarN","value":{"row":4,"col":0,"ontologyKey":"S_A1_T2_V4|name","isText":true,"selectedValue":"Amount of CO2","cell":{},"processed":true},"time":1543848616684}],"TEDExptNonTarget":[2,3,4],"TEDExptConfounds":[2,3,4],"TEDExptDifferent":[2,3,4,1],"TEDExptArea":{"ontologyKey":"S_A1","index":1},"TEDExptTopic":{"ontologyKey":"S_A1_T2","index":2},"TEDExptVariable":{"ontologyKey":"S_A1_T2_V1","index":1},"TEDExptRQ":{"ontologyKey":"S_A1_T2_RQ1","index":1},"TEDExptVarNC1":{"ontologyKey":"S_A1_T2_V2","index":2},"TEDExptVarNC2":{"ontologyKey":"S_A1_T2_V3","index":3},"TEDExptVarNC3":{"ontologyKey":"S_A1_T2_V4","index":4},"TEDExptPOSTSequence":[{"ontologyKey":"S_A1_T2_V4","index":4},{"ontologyKey":"S_A1_T2_V1","index":1},{"ontologyKey":"S_A1_T2_V2","index":2},{"ontologyKey":"S_A1_T2_V3","index":3}],"TEDExpt1V1":{"ontologyKey":"S_A1_T2_V1_A","index":1},"TEDExpt2V1":{"ontologyKey":"S_A1_T2_V1_B","index":1},"TEDExpt1V2":{"ontologyKey":"S_A1_T2_V2_A","index":2},"TEDExpt2V2":{"ontologyKey":"S_A1_T2_V2_B","index":2},"TEDExpt1V3":{"ontologyKey":"S_A1_T2_V3_A","index":3},"TEDExpt2V3":{"ontologyKey":"S_A1_T2_V3_B","index":3},"TEDExpt1V4":{"ontologyKey":"S_A1_T2_V4_A","index":4},"TEDExpt2V4":{"ontologyKey":"S_A1_T2_V4_B","index":4},"TEDExptNC1SameDiff":{"ontologyKey":"TED_E1_Q7NC1DIFF","value":"diff","index":2},"TEDExptNC1Confound":{"ontologyKey":"S_A1_T2_V2","index":2},"TEDExptNC2SameDiff":{"ontologyKey":"TED_E1_Q7NC2DIFF","value":"diff","index":3},"TEDExptNC2Confound":{"ontologyKey":"S_A1_T2_V3","index":3},"TEDExptNC3SameDiff":{"ontologyKey":"TED_E1_Q7NC3DIFF","value":"diff","index":4},"TEDExptNC3Confound":{"ontologyKey":"S_A1_T2_V4","index":4},"differentRow":4,"independentVarN":{"row":4,"col":0,"ontologyKey":"S_A1_T2_V4|name","isText":true,"selectedValue":"Amount of CO2","cell":{},"processed":true},"sameRow1":1,"sameRow2":2,"sameRow3":3},"tutor":{"experimentalGroup":{"ontologyKey":"EG_A3"},"$seq":[{"prop":"experimentalGroup.ontologyKey","value":"EG_A3","time":1543848524086}]}}