{"sceneState":{"SNavigator":{},"SMatsIntro":{"complete":true,"$seq":[{"prop":"complete","value":false,"time":1273610822897},{"prop":"complete","value":true,"time":1273610836776}]},"SMatsPre1":{"complete":true,"$seq":[{"prop":"complete","value":false,"time":1273610845140},{"prop":"Sg1","value":"true","time":1273610846681},{"prop":"PreTest:Sg1","value":"b5","time":1273610846681},{"prop":"complete","value":false,"time":1273610846682},{"prop":"Sg1","value":"true","time":1273610846684},{"prop":"complete","value":false,"time":1273610846684},{"prop":"Sg2","value":"true","time":1273610847263},{"prop":"PreTest:Sg2","value":"b5","time":1273610847263},{"prop":"complete","value":false,"time":1273610847263},{"prop":"Sg2","value":"true","time":1273610847263},{"prop":"complete","value":false,"time":1273610847263},{"prop":"Sg3","value":"true","time":1273610847764},{"prop":"PreTest:Sg3","value":"b5","time":1273610847764},{"prop":"complete","value":false,"time":1273610847764},{"prop":"Sg3","value":"true","time":1273610847764},{"prop":"complete","value":false,"time":1273610847764},{"prop":"Sg4","value":"true","time":1273610848877},{"prop":"PreTest:Sg4","value":"b5","time":1273610848877},{"prop":"complete","value":true,"time":1273610848877},{"prop":"Sg4","value":"true","time":1273610848877},{"prop":"complete","value":true,"time":1273610848877}],"Sg1":"true","PreTest:Sg1":"b5","Sg2":"true","PreTest:Sg2":"b5","Sg3":"true","PreTest:Sg3":"b5","Sg4":"true","PreTest:Sg4":"b5"},"SMatsPre2":{"complete":true,"$seq":[{"prop":"complete","value":false,"time":1273610849733},{"prop":"Sg1","value":"true","time":1273610851636},{"prop":"PreTest:Sg1","value":"b5","time":1273610851636},{"prop":"complete","value":false,"time":1273610851636},{"prop":"Sg1","value":"true","time":1273610851637},{"prop":"complete","value":false,"time":1273610851637},{"prop":"Sg2","value":"true","time":1273610852119},{"prop":"PreTest:Sg2","value":"b5","time":1273610852119},{"prop":"complete","value":false,"time":1273610852119},{"prop":"Sg2","value":"true","time":1273610852119},{"prop":"complete","value":false,"time":1273610852119},{"prop":"Sg3","value":"true","time":1273610852705},{"prop":"PreTest:Sg3","value":"b5","time":1273610852705},{"prop":"complete","value":false,"time":1273610852705},{"prop":"Sg3","value":"true","time":1273610852705},{"prop":"complete","value":false,"time":1273610852706},{"prop":"Sg4","value":"true","time":1273610853183},{"prop":"PreTest:Sg4","value":"b5","time":1273610853183},{"prop":"complete","value":true,"time":1273610853183},{"prop":"Sg4","value":"true","time":1273610853184},{"prop":"complete","value":true,"time":1273610853184}],"Sg1":"true","PreTest:Sg1":"b5","Sg2":"true","PreTest:Sg2":"b5","Sg3":"true","PreTest:Sg3":"b5","Sg4":"true","PreTest:Sg4":"b5"},"SMatsPre3":{"complete":true,"$seq":[{"prop":"complete","value":false,"time":1273610853925},{"prop":"Sg1","value":"true","time":1273610854969},{"prop":"PreTest:Sg1","value":"b5","time":1273610854969},{"prop":"complete","value":false,"time":1273610854969},{"prop":"Sg1","value":"true","time":1273610854969},{"prop":"complete","value":false,"time":1273610854969},{"prop":"Sg2","value":"true","time":1273610855549},{"prop":"PreTest:Sg2","value":"b5","time":1273610855549},{"prop":"complete","value":false,"time":1273610855549},{"prop":"Sg2","value":"true","time":1273610855549},{"prop":"complete","value":false,"time":1273610855550},{"prop":"Sg4","value":"true","time":1273610856616},{"prop":"PreTest:Sg4","value":"b5","time":1273610856616},{"prop":"complete","value":false,"time":1273610856616},{"prop":"Sg4","value":"true","time":1273610856616},{"prop":"complete","value":false,"time":1273610856616},{"prop":"Sg3","value":"true","time":1273610857114},{"prop":"PreTest:Sg3","value":"b5","time":1273610857114},{"prop":"complete","value":true,"time":1273610857114},{"prop":"Sg3","value":"true","time":1273610857114},{"prop":"complete","value":true,"time":1273610857114}],"Sg1":"true","PreTest:Sg1":"b5","Sg2":"true","PreTest:Sg2":"b5","Sg4":"true","PreTest:Sg4":"b5","Sg3":"true","PreTest:Sg3":"b5"},"SMatsPre4":{"complete":true,"$seq":[{"prop":"complete","value":false,"time":1273610857750},{"prop":"Sg1","value":"true","time":1273610859173},{"prop":"PreTest:Sg1","value":"b5","time":1273610859173},{"prop":"complete","value":false,"time":1273610859173},{"prop":"Sg1","value":"true","time":1273610859173},{"prop":"complete","value":false,"time":1273610859173},{"prop":"Sg2","value":"true","time":1273610860373},{"prop":"PreTest:Sg2","value":"b5","time":1273610860373},{"prop":"complete","value":true,"time":1273610860373},{"prop":"prompted","value":true,"time":1273610860373},{"prop":"Sg2","value":"true","time":1273610860374},{"prop":"complete","value":true,"time":1273610860374}],"Sg1":"true","PreTest:Sg1":"b5","Sg2":"true","PreTest:Sg2":"b5","prompted":true},"SSceneEnd":{"complete":false,"$seq":[{"prop":"complete","value":false,"time":1273610860478}]}},"moduleState":{},"tutorState":{},"fFeatures":{"0":true,"FTR_PRE":true,"FTR_PROMPTED":true},"featureID":{}}