{"scene":{"SNavigator":{},"SIntro":{"complete":false,"$seq":[{"prop":"complete","value":false,"time":1556110810677}]},"SScene1":{"complete":true,"$seq":[{"prop":"complete","value":false,"time":1556110825543},{"prop":"Sg1","value":"true","time":1556110842409},{"prop":"DR1:Sg1","value":"ans1","time":1556110842409},{"prop":"complete","value":true,"time":1556110842409},{"prop":"Sg1","value":"true","time":1556110842411},{"prop":"complete","value":true,"time":1556110842411}],"Sg1":"true","DR1:Sg1":"ans1"},"SScene2":{"complete":false,"$seq":[{"prop":"complete","value":false,"time":1556110846080}]}},"module":{},"tutor":{}}