{"scene":{"SNavigator":{},"SMatsIntro":{"complete":true,"$seq":[{"prop":"complete","value":false,"time":1554988720867},{"prop":"complete","value":true,"time":1554988734750}]},"SMatsPre1":{"complete":true,"$seq":[{"prop":"complete","value":false,"time":1554988739279},{"prop":"Sg1","value":"true","time":1554988742458},{"prop":"PreTest:Sg1","value":"b5","time":1554988742458},{"prop":"complete","value":false,"time":1554988742458},{"prop":"Sg1","value":"true","time":1554988742459},{"prop":"complete","value":false,"time":1554988742459},{"prop":"Sg2","value":"true","time":1554988743475},{"prop":"PreTest:Sg2","value":"b5","time":1554988743475},{"prop":"complete","value":false,"time":1554988743475},{"prop":"Sg2","value":"true","time":1554988743476},{"prop":"complete","value":false,"time":1554988743476},{"prop":"Sg3","value":"true","time":1554988745900},{"prop":"PreTest:Sg3","value":"b3","time":1554988745900},{"prop":"complete","value":false,"time":1554988745900},{"prop":"Sg3","value":"true","time":1554988745901},{"prop":"complete","value":false,"time":1554988745901},{"prop":"Sg4","value":"true","time":1554988747331},{"prop":"PreTest:Sg4","value":"b3","time":1554988747331},{"prop":"complete","value":true,"time":1554988747331},{"prop":"Sg4","value":"true","time":1554988747332},{"prop":"complete","value":true,"time":1554988747332}],"Sg1":"true","PreTest:Sg1":"b5","Sg2":"true","PreTest:Sg2":"b5","Sg3":"true","PreTest:Sg3":"b3","Sg4":"true","PreTest:Sg4":"b3"},"SMatsPre2":{"complete":true,"$seq":[{"prop":"complete","value":false,"time":1554988748555},{"prop":"Sg1","value":"true","time":1554988751402},{"prop":"PreTest:Sg1","value":"b2","time":1554988751402},{"prop":"complete","value":false,"time":1554988751402},{"prop":"Sg1","value":"true","time":1554988751402},{"prop":"complete","value":false,"time":1554988751402},{"prop":"Sg1","value":"true","time":1554988752367},{"prop":"PreTest:Sg1","value":"b3","time":1554988752367},{"prop":"complete","value":false,"time":1554988752367},{"prop":"Sg1","value":"true","time":1554988752368},{"prop":"complete","value":false,"time":1554988752368},{"prop":"Sg2","value":"true","time":1554988756489},{"prop":"PreTest:Sg2","value":"b3","time":1554988756489},{"prop":"complete","value":false,"time":1554988756489},{"prop":"Sg2","value":"true","time":1554988756489},{"prop":"complete","value":false,"time":1554988756489},{"prop":"Sg3","value":"true","time":1554988757839},{"prop":"PreTest:Sg3","value":"b5","time":1554988757839},{"prop":"complete","value":false,"time":1554988757839},{"prop":"Sg3","value":"true","time":1554988757839},{"prop":"complete","value":false,"time":1554988757839},{"prop":"Sg4","value":"true","time":1554988760040},{"prop":"PreTest:Sg4","value":"b5","time":1554988760040},{"prop":"complete","value":true,"time":1554988760040},{"prop":"Sg4","value":"true","time":1554988760041},{"prop":"complete","value":true,"time":1554988760041}],"Sg1":"true","PreTest:Sg1":"b3","Sg2":"true","PreTest:Sg2":"b3","Sg3":"true","PreTest:Sg3":"b5","Sg4":"true","PreTest:Sg4":"b5"},"SMatsPre3":{"complete":true,"$seq":[{"prop":"complete","value":false,"time":1554988760786},{"prop":"Sg1","value":"true","time":1554988764220},{"prop":"PreTest:Sg1","value":"b5","time":1554988764220},{"prop":"complete","value":false,"time":1554988764221},{"prop":"Sg1","value":"true","time":1554988764222},{"prop":"complete","value":false,"time":1554988764222},{"prop":"Sg2","value":"true","time":1554988765897},{"prop":"PreTest:Sg2","value":"b4","time":1554988765897},{"prop":"complete","value":false,"time":1554988765897},{"prop":"Sg2","value":"true","time":1554988765897},{"prop":"complete","value":false,"time":1554988765897},{"prop":"Sg3","value":"true","time":1554988768771},{"prop":"PreTest:Sg3","value":"b5","time":1554988768771},{"prop":"complete","value":false,"time":1554988768771},{"prop":"Sg3","value":"true","time":1554988768772},{"prop":"complete","value":false,"time":1554988768772},{"prop":"Sg4","value":"true","time":1554988776766},{"prop":"PreTest:Sg4","value":"b5","time":1554988776766},{"prop":"complete","value":true,"time":1554988776766},{"prop":"Sg4","value":"true","time":1554988776767},{"prop":"complete","value":true,"time":1554988776767}],"Sg1":"true","PreTest:Sg1":"b5","Sg2":"true","PreTest:Sg2":"b4","Sg3":"true","PreTest:Sg3":"b5","Sg4":"true","PreTest:Sg4":"b5"},"SMatsPre4":{"complete":false,"$seq":[{"prop":"complete","value":false,"time":1554988779026}]}},"module":{},"tutor":{}}