{"scene":{"SNavigator":{},"SScene1":{"complete":true,"$seq":[{"prop":"complete","value":false,"time":1556197796840},{"prop":"complete","value":true,"time":1556197846198}]},"SScene2":{"AreaSelected":true,"$seq":[{"prop":"AreaSelected","value":false,"time":1556197849443},{"prop":"AreaSelected","value":true,"time":1556197893266},{"prop":"Area Name:forces and motion","time":1556197893267},{"prop":"Area Index:3","time":1556197893268}]},"SScene3":{"TopicSelected":true,"$seq":[{"prop":"TopicSelected","value":false,"time":1556197895630},{"prop":"TopicSelected","value":true,"time":1556197901133},{"prop":"Topic Index:1","time":1556197901135}]},"SScene4":{"complete":true,"$seq":[{"prop":"complete","value":false,"time":1556197901281},{"prop":"complete","value":true,"time":1556197920282}]},"SScene5":{"complete":true,"$seq":[{"prop":"complete","value":false,"time":1556197923481},{"prop":"complete","value":true,"time":1556197927894}]},"SScene5a":{"complete":true,"$seq":[{"prop":"complete","value":false,"time":1556197942068},{"prop":"complete","value":true,"time":1556197951265}]},"SScene6a":{},"SScene6b":{},"SScene6c":{},"SScene7":{"complete":true,"$seq":[{"prop":"complete","value":false,"time":1556197963199},{"prop":"complete","value":true,"time":1556197975348}]},"SScene8":{"complete":true,"$seq":[{"prop":"complete","value":false,"time":1556197978539},{"prop":"complete","value":true,"time":1556198018099}]},"SScene9":{"RQSelected":true,"$seq":[{"prop":"RQSelected","value":false,"time":1556198020143},{"prop":"RQSelected","value":true,"time":1556198032801},{"prop":"Variable Index:1","time":1556198032802}]},"SScene10":{"RQconfirmed":false,"$seq":[{"prop":"RQconfirmed","value":false,"time":1556198032946}]}},"module":{"selectedArea":{"ontologyKey":"S_A3|name","index":3},"$seq":[{"prop":"selectedArea.ontologyKey","value":"S_A3|name","time":1556197893266},{"prop":"selectedArea.index","value":3,"time":1556197893266},{"prop":"selectedTopic.ontologyKey","value":"S_A3_T1|name","time":1556197901133},{"prop":"selectedTopic.index","value":1,"time":1556197901134},{"prop":"selectedVariable.ontologyKey","value":"S_A3_T1_V1|name","time":1556198032802},{"prop":"selectedVariable.index","value":1,"time":1556198032802},{"prop":"selectedRQ","value":{"ontologyKey":"S_A3_T1_RQ1","index":"1"},"time":1556198032802},{"prop":"RQconfirmation","value":"UNKNOWN","time":1556198032946}],"selectedTopic":{"ontologyKey":"S_A3_T1|name","index":1},"selectedVariable":{"ontologyKey":"S_A3_T1_V1|name","index":1},"selectedRQ":{"ontologyKey":"S_A3_T1_RQ1","index":"1"},"RQconfirmation":"UNKNOWN"},"tutor":{"experimentalGroup":{"ontologyKey":"EG_A1"},"$seq":[{"prop":"experimentalGroup.ontologyKey","value":"EG_A1","time":1556197796722}]}}