{
    "_MODULEDATA":"v1.0.0",

    "SScene4": {
        "Sg1": {
            "grpData": {
                "members":["Sans1","Sans2","Sans3","Sans4"]
            }            
        },
        "Squestion1": {
            "layoutsource":"$EFL_eftext.Squestion1",
            "htmlData":{
                "html": "{{$EFO_DEDR_Q4|1}}"
            },
            "fontSize":40
        },
        "Squestion2": {
            "layoutsource":"$EFL_eftext.Squestion2",
            "htmlData":{
                "html": "{{$EFO_DEDR_Q4|2}}"
            },
            "fontSize":33
        },
        "Squestion3": {
            "layoutsource":"$EFL_eftext.Squestion3",
            "htmlData":{
                "html": "{{$EFO_DEDR_Q4|3}}"
            },
            "fontSize":32
        },

        "Sans1": {
            "btnData": {
                "label":"{{$EFO_DEDR_ANS4|1}}",
                "type":"radio"
            }
        },
        "Sans2": {
            "btnData": {
                "label":"{{$EFO_DEDR_ANS4|2}}",
                "type":"radio"
            }
        },
        "Sans3": {
            "btnData": {
                "label":"{{$EFO_DEDR_ANS4|3}}",
                "type":"radio"
            }
        },
        "Sans4": {
            "btnData": {
                "label":"{{$EFO_DEDR_ANS4|4}}",
                "type":"radio"
            }
        }
    }    
}