{"scene":{"SNavigator":{},"SScene1":{"rowsComplete":4,"$seq":[{"prop":"rowsComplete","value":0,"time":1543844791193},{"prop":"complete","value":false,"time":1543844791527},{"prop":"currentRow","value":3,"time":1543844797251},{"prop":"correct","value":true,"time":1543844797251},{"prop":"correct","value":false,"time":1543844797276},{"prop":"correct","value":false,"time":1543844802759},{"prop":"correct","value":false,"time":1543844802760},{"prop":"TVSel.col1","value":1,"time":1543844806951},{"prop":"TVSel.col2","value":2,"time":1543844809027},{"prop":"correct","value":true,"time":1543844809027},{"prop":"correct","value":false,"time":1543844809058},{"prop":"rowsComplete","value":1,"time":1543844809061},{"prop":"currentRow","value":0,"time":1543844818837},{"prop":"currentRow","value":1,"time":1543844818837},{"prop":"correct","value":false,"time":1543844818837},{"prop":"VSel.col1","value":null,"time":1543844818837},{"prop":"VSel.col2","value":null,"time":1543844818838},{"prop":"correct","value":false,"time":1543844818841},{"prop":"VSel.col1","value":1,"time":1543844824948},{"prop":"VSel.col2","value":2,"time":1543844826830},{"prop":"correct","value":false,"time":1543844826830},{"prop":"correct","value":false,"time":1543844826854},{"prop":"VSel.col1","value":2,"time":1543844833827},{"prop":"correct","value":true,"time":1543844833827},{"prop":"correct","value":false,"time":1543844833878},{"prop":"rowsComplete","value":2,"time":1543844833882},{"prop":"currentRow","value":2,"time":1543844839653},{"prop":"correct","value":false,"time":1543844839656},{"prop":"VSel.col1","value":null,"time":1543844839656},{"prop":"VSel.col2","value":null,"time":1543844839656},{"prop":"correct","value":false,"time":1543844839659},{"prop":"VSel.col1","value":1,"time":1543844843746},{"prop":"VSel.col2","value":1,"time":1543844845578},{"prop":"correct","value":true,"time":1543844845578},{"prop":"correct","value":false,"time":1543844845612},{"prop":"rowsComplete","value":3,"time":1543844845614},{"prop":"currentRow","value":4,"time":1543844851285},{"prop":"correct","value":false,"time":1543844851286},{"prop":"VSel.col1","value":null,"time":1543844851286},{"prop":"VSel.col2","value":null,"time":1543844851286},{"prop":"correct","value":false,"time":1543844851289},{"prop":"VSel.col1","value":1,"time":1543844854510},{"prop":"VSel.col2","value":1,"time":1543844856008},{"prop":"correct","value":true,"time":1543844856008},{"prop":"correct","value":false,"time":1543844856039},{"prop":"rowsComplete","value":4,"time":1543844856045},{"prop":"currentRow","value":5,"time":1543844861745},{"prop":"complete","value":true,"time":1543844861745},{"prop":"correct","value":false,"time":1543844861746}],"complete":true,"currentRow":5,"correct":false,"TVSel":{"col1":1,"col2":2},"VSel":{"col1":1,"col2":1}},"SScene2":{"complete":true,"$seq":[{"prop":"complete","value":false,"time":1543844863224},{"prop":"complete","value":true,"time":1543844887091},{"prop":"correct","value":false,"time":1543844888223}],"correct":false},"SScene3":{"TopicSelected":true,"$seq":[{"prop":"TopicSelected","value":false,"time":1543844600463},{"prop":"TopicSelected","value":true,"time":1543844609211},{"prop":"Topic Index:2","time":1543844609212}]},"SScene4":{"complete":true,"$seq":[{"prop":"complete","value":false,"time":1543844609562},{"prop":"complete","value":true,"time":1543844630235}]},"SScene5":{"complete":true,"$seq":[{"prop":"complete","value":false,"time":1543844632663},{"prop":"complete","value":true,"time":1543844637288}]},"SScene5a":{"complete":true,"$seq":[{"prop":"complete","value":false,"time":1543844639202},{"prop":"complete","value":true,"time":1543844661010}]},"SScene6a":{},"SScene6b":{},"SScene6c":{},"SScene6d":{},"SScene6e":{},"SScene7":{"complete":true,"$seq":[{"prop":"complete","value":false,"time":1543844684917},{"prop":"complete","value":true,"time":1543844705726}]},"SScene8":{"complete":true,"$seq":[{"prop":"complete","value":false,"time":1543844711332},{"prop":"complete","value":true,"time":1543844754846}]},"SScene9":{"RQSelected":true,"$seq":[{"prop":"RQSelected","value":false,"time":1543844756150},{"prop":"RQSelected","value":true,"time":1543844762054},{"prop":"Variable Index:3","time":1543844762055}]},"SScene10":{"RQconfirmed":true,"$seq":[{"prop":"RQconfirmed","value":false,"time":1543844762195},{"prop":"RQconfirmed","value":true,"time":1543844777641}]},"SScene11":{"RQconfirmed":false,"$seq":[{"prop":"RQconfirmed","value":false,"time":1543844777774},{"prop":"complete","value":true,"time":1543844787553}],"complete":true},"SSceneEnd":{}},"module":{"selectedArea":{"ontologyKey":"S_A2|name","index":2},"selectedTopic":{"ontologyKey":"S_A2_T2|name","index":2},"selectedVariable":{"ontologyKey":"S_A2_T2_V3|name","index":3},"selectedRQ":{"ontologyKey":"S_A2_T2_RQ3","index":"3"},"RQconfirmation":"UNKNOWN","TEDExptNonTarget":[1,2,3],"$seq":[{"prop":"TEDExptNonTarget","value":[1,2,3],"time":1543844791099},{"prop":"TEDExptConfounds","value":[1,2,3],"time":1543844791099},{"prop":"TEDExptDifferent","value":[1,2,3,4],"time":1543844791099},{"prop":"TEDExptArea","value":{"ontologyKey":"S_A2","index":2},"time":1543844791099},{"prop":"TEDExptTopic","value":{"ontologyKey":"S_A2_T2","index":2},"time":1543844791099},{"prop":"TEDExptVariable","value":{"ontologyKey":"S_A2_T2_V4","index":4},"time":1543844791099},{"prop":"TEDExptRQ","value":{"ontologyKey":"S_A2_T2_RQ4","index":4},"time":1543844791099},{"prop":"TEDExptVarNC1","value":{"ontologyKey":"S_A2_T2_V1","index":1},"time":1543844791099},{"prop":"TEDExptVarNC2","value":{"ontologyKey":"S_A2_T2_V2","index":2},"time":1543844791099},{"prop":"TEDExptVarNC3","value":{"ontologyKey":"S_A2_T2_V3","index":3},"time":1543844791099},{"prop":"TEDExptPOSTSequence","value":[{"ontologyKey":"S_A2_T2_V3","index":3},{"ontologyKey":"S_A2_T2_V4","index":4},{"ontologyKey":"S_A2_T2_V1","index":1},{"ontologyKey":"S_A2_T2_V2","index":2}],"time":1543844791099},{"prop":"TEDExpt1V1","value":{"ontologyKey":"S_A2_T2_V1_A","index":1},"time":1543844791099},{"prop":"TEDExpt2V1","value":{"ontologyKey":"S_A2_T2_V1_A","index":1},"time":1543844791099},{"prop":"TEDExpt1V2","value":{"ontologyKey":"S_A2_T2_V2_A","index":2},"time":1543844791099},{"prop":"TEDExpt2V2","value":{"ontologyKey":"S_A2_T2_V2_A","index":2},"time":1543844791099},{"prop":"TEDExpt1V3","value":{"ontologyKey":"S_A2_T2_V3_A","index":3},"time":1543844791099},{"prop":"TEDExpt2V3","value":{"ontologyKey":"S_A2_T2_V3_A","index":3},"time":1543844791099},{"prop":"TEDExpt1V4","value":{"ontologyKey":"S_A2_T2_V4_A","index":4},"time":1543844791099},{"prop":"TEDExpt2V4","value":{"ontologyKey":"S_A2_T2_V4_A","index":4},"time":1543844791099},{"prop":"TEDExpt2V1","value":{"ontologyKey":"S_A2_T2_V1_B","index":1},"time":1543844791099},{"prop":"TEDExpt2V2","value":{"ontologyKey":"S_A2_T2_V2_B","index":2},"time":1543844791099},{"prop":"TEDExpt2V3","value":{"ontologyKey":"S_A2_T2_V3_B","index":3},"time":1543844791099},{"prop":"TEDExpt2V4","value":{"ontologyKey":"S_A2_T2_V4_B","index":4},"time":1543844791099},{"prop":"TEDExptNC1SameDiff","value":{"ontologyKey":"TED_E1_Q7NC1DIFF","value":"diff","index":1},"time":1543844791099},{"prop":"TEDExptNC1Confound","value":{"ontologyKey":"S_A2_T2_V1","index":1},"time":1543844791099},{"prop":"TEDExptNC2SameDiff","value":{"ontologyKey":"TED_E1_Q7NC2DIFF","value":"diff","index":2},"time":1543844791099},{"prop":"TEDExptNC2Confound","value":{"ontologyKey":"S_A2_T2_V2","index":2},"time":1543844791099},{"prop":"TEDExptNC3SameDiff","value":{"ontologyKey":"TED_E1_Q7NC3DIFF","value":"diff","index":3},"time":1543844791099},{"prop":"TEDExptNC3Confound","value":{"ontologyKey":"S_A2_T2_V3","index":3},"time":1543844791099},{"prop":"TEDExptNonTarget","value":[1,2,3],"time":1543844791172},{"prop":"TEDExptConfounds","value":[1,2,3],"time":1543844791172},{"prop":"TEDExptDifferent","value":[1,2,3,4],"time":1543844791172},{"prop":"TEDExptArea","value":{"ontologyKey":"S_A2","index":2},"time":1543844791172},{"prop":"TEDExptTopic","value":{"ontologyKey":"S_A2_T2","index":2},"time":1543844791172},{"prop":"TEDExptVariable","value":{"ontologyKey":"S_A2_T2_V4","index":4},"time":1543844791172},{"prop":"TEDExptRQ","value":{"ontologyKey":"S_A2_T2_RQ4","index":4},"time":1543844791172},{"prop":"TEDExptVarNC1","value":{"ontologyKey":"S_A2_T2_V1","index":1},"time":1543844791172},{"prop":"TEDExptVarNC2","value":{"ontologyKey":"S_A2_T2_V2","index":2},"time":1543844791172},{"prop":"TEDExptVarNC3","value":{"ontologyKey":"S_A2_T2_V3","index":3},"time":1543844791172},{"prop":"TEDExptPOSTSequence","value":[{"ontologyKey":"S_A2_T2_V3","index":3},{"ontologyKey":"S_A2_T2_V4","index":4},{"ontologyKey":"S_A2_T2_V1","index":1},{"ontologyKey":"S_A2_T2_V2","index":2}],"time":1543844791172},{"prop":"TEDExpt1V1","value":{"ontologyKey":"S_A2_T2_V1_A","index":1},"time":1543844791172},{"prop":"TEDExpt2V1","value":{"ontologyKey":"S_A2_T2_V1_A","index":1},"time":1543844791172},{"prop":"TEDExpt1V2","value":{"ontologyKey":"S_A2_T2_V2_A","index":2},"time":1543844791172},{"prop":"TEDExpt2V2","value":{"ontologyKey":"S_A2_T2_V2_A","index":2},"time":1543844791172},{"prop":"TEDExpt1V3","value":{"ontologyKey":"S_A2_T2_V3_A","index":3},"time":1543844791172},{"prop":"TEDExpt2V3","value":{"ontologyKey":"S_A2_T2_V3_A","index":3},"time":1543844791172},{"prop":"TEDExpt1V4","value":{"ontologyKey":"S_A2_T2_V4_A","index":4},"time":1543844791172},{"prop":"TEDExpt2V4","value":{"ontologyKey":"S_A2_T2_V4_A","index":4},"time":1543844791172},{"prop":"TEDExpt2V1","value":{"ontologyKey":"S_A2_T2_V1_B","index":1},"time":1543844791172},{"prop":"TEDExpt2V2","value":{"ontologyKey":"S_A2_T2_V2_B","index":2},"time":1543844791172},{"prop":"TEDExpt2V3","value":{"ontologyKey":"S_A2_T2_V3_B","index":3},"time":1543844791172},{"prop":"TEDExpt2V4","value":{"ontologyKey":"S_A2_T2_V4_B","index":4},"time":1543844791172},{"prop":"TEDExptNC1SameDiff","value":{"ontologyKey":"TED_E1_Q7NC1DIFF","value":"diff","index":1},"time":1543844791172},{"prop":"TEDExptNC1Confound","value":{"ontologyKey":"S_A2_T2_V1","index":1},"time":1543844791172},{"prop":"TEDExptNC2SameDiff","value":{"ontologyKey":"TED_E1_Q7NC2DIFF","value":"diff","index":2},"time":1543844791172},{"prop":"TEDExptNC2Confound","value":{"ontologyKey":"S_A2_T2_V2","index":2},"time":1543844791172},{"prop":"TEDExptNC3SameDiff","value":{"ontologyKey":"TED_E1_Q7NC3DIFF","value":"diff","index":3},"time":1543844791172},{"prop":"TEDExptNC3Confound","value":{"ontologyKey":"S_A2_T2_V3","index":3},"time":1543844791172},{"prop":"TEDExptNonTarget","value":[1,2,3],"time":1543844791528},{"prop":"TEDExptConfounds","value":[1,2,3],"time":1543844791528},{"prop":"TEDExptDifferent","value":[1,2,3,4],"time":1543844791528},{"prop":"TEDExptArea","value":{"ontologyKey":"S_A2","index":2},"time":1543844791528},{"prop":"TEDExptTopic","value":{"ontologyKey":"S_A2_T2","index":2},"time":1543844791528},{"prop":"TEDExptVariable","value":{"ontologyKey":"S_A2_T2_V4","index":4},"time":1543844791528},{"prop":"TEDExptRQ","value":{"ontologyKey":"S_A2_T2_RQ4","index":4},"time":1543844791528},{"prop":"TEDExptVarNC1","value":{"ontologyKey":"S_A2_T2_V1","index":1},"time":1543844791528},{"prop":"TEDExptVarNC2","value":{"ontologyKey":"S_A2_T2_V2","index":2},"time":1543844791528},{"prop":"TEDExptVarNC3","value":{"ontologyKey":"S_A2_T2_V3","index":3},"time":1543844791528},{"prop":"TEDExptPOSTSequence","value":[{"ontologyKey":"S_A2_T2_V3","index":3},{"ontologyKey":"S_A2_T2_V4","index":4},{"ontologyKey":"S_A2_T2_V1","index":1},{"ontologyKey":"S_A2_T2_V2","index":2}],"time":1543844791528},{"prop":"TEDExpt1V1","value":{"ontologyKey":"S_A2_T2_V1_A","index":1},"time":1543844791528},{"prop":"TEDExpt2V1","value":{"ontologyKey":"S_A2_T2_V1_A","index":1},"time":1543844791528},{"prop":"TEDExpt1V2","value":{"ontologyKey":"S_A2_T2_V2_A","index":2},"time":1543844791528},{"prop":"TEDExpt2V2","value":{"ontologyKey":"S_A2_T2_V2_A","index":2},"time":1543844791528},{"prop":"TEDExpt1V3","value":{"ontologyKey":"S_A2_T2_V3_A","index":3},"time":1543844791528},{"prop":"TEDExpt2V3","value":{"ontologyKey":"S_A2_T2_V3_A","index":3},"time":1543844791528},{"prop":"TEDExpt1V4","value":{"ontologyKey":"S_A2_T2_V4_A","index":4},"time":1543844791528},{"prop":"TEDExpt2V4","value":{"ontologyKey":"S_A2_T2_V4_A","index":4},"time":1543844791528},{"prop":"TEDExpt2V1","value":{"ontologyKey":"S_A2_T2_V1_B","index":1},"time":1543844791528},{"prop":"TEDExpt2V2","value":{"ontologyKey":"S_A2_T2_V2_B","index":2},"time":1543844791528},{"prop":"TEDExpt2V3","value":{"ontologyKey":"S_A2_T2_V3_B","index":3},"time":1543844791528},{"prop":"TEDExpt2V4","value":{"ontologyKey":"S_A2_T2_V4_B","index":4},"time":1543844791528},{"prop":"TEDExptNC1SameDiff","value":{"ontologyKey":"TED_E1_Q7NC1DIFF","value":"diff","index":1},"time":1543844791528},{"prop":"TEDExptNC1Confound","value":{"ontologyKey":"S_A2_T2_V1","index":1},"time":1543844791528},{"prop":"TEDExptNC2SameDiff","value":{"ontologyKey":"TED_E1_Q7NC2DIFF","value":"diff","index":2},"time":1543844791528},{"prop":"TEDExptNC2Confound","value":{"ontologyKey":"S_A2_T2_V2","index":2},"time":1543844791528},{"prop":"TEDExptNC3SameDiff","value":{"ontologyKey":"TED_E1_Q7NC3DIFF","value":"diff","index":3},"time":1543844791528},{"prop":"TEDExptNC3Confound","value":{"ontologyKey":"S_A2_T2_V3","index":3},"time":1543844791528},{"prop":"differentRow","value":3,"time":1543844809061},{"prop":"independentVarN","value":{"row":1,"col":0,"ontologyKey":"S_A2_T2_V1|name","isText":true,"selectedValue":"Balloon Color","cell":{}},"time":1543844818837},{"prop":"sameRow1","value":1,"time":1543844833882},{"prop":"independentVarN","value":{"row":2,"col":0,"ontologyKey":"S_A2_T2_V2|name","isText":true,"selectedValue":"Amount of Sunlight","cell":{}},"time":1543844839653},{"prop":"sameRow2","value":2,"time":1543844845614},{"prop":"independentVarN","value":{"row":4,"col":0,"ontologyKey":"S_A2_T2_V4|name","isText":true,"selectedValue":"Type of Chair","cell":{}},"time":1543844851285},{"prop":"sameRow3","value":4,"time":1543844856045},{"prop":"independentVarN","time":1543844861745}],"TEDExptConfounds":[1,2,3],"TEDExptDifferent":[1,2,3,4],"TEDExptArea":{"ontologyKey":"S_A2","index":2},"TEDExptTopic":{"ontologyKey":"S_A2_T2","index":2},"TEDExptVariable":{"ontologyKey":"S_A2_T2_V4","index":4},"TEDExptRQ":{"ontologyKey":"S_A2_T2_RQ4","index":4},"TEDExptVarNC1":{"ontologyKey":"S_A2_T2_V1","index":1},"TEDExptVarNC2":{"ontologyKey":"S_A2_T2_V2","index":2},"TEDExptVarNC3":{"ontologyKey":"S_A2_T2_V3","index":3},"TEDExptPOSTSequence":[{"ontologyKey":"S_A2_T2_V3","index":3},{"ontologyKey":"S_A2_T2_V4","index":4},{"ontologyKey":"S_A2_T2_V1","index":1},{"ontologyKey":"S_A2_T2_V2","index":2}],"TEDExpt1V1":{"ontologyKey":"S_A2_T2_V1_A","index":1},"TEDExpt2V1":{"ontologyKey":"S_A2_T2_V1_B","index":1},"TEDExpt1V2":{"ontologyKey":"S_A2_T2_V2_A","index":2},"TEDExpt2V2":{"ontologyKey":"S_A2_T2_V2_B","index":2},"TEDExpt1V3":{"ontologyKey":"S_A2_T2_V3_A","index":3},"TEDExpt2V3":{"ontologyKey":"S_A2_T2_V3_B","index":3},"TEDExpt1V4":{"ontologyKey":"S_A2_T2_V4_A","index":4},"TEDExpt2V4":{"ontologyKey":"S_A2_T2_V4_B","index":4},"TEDExptNC1SameDiff":{"ontologyKey":"TED_E1_Q7NC1DIFF","value":"diff","index":1},"TEDExptNC1Confound":{"ontologyKey":"S_A2_T2_V1","index":1},"TEDExptNC2SameDiff":{"ontologyKey":"TED_E1_Q7NC2DIFF","value":"diff","index":2},"TEDExptNC2Confound":{"ontologyKey":"S_A2_T2_V2","index":2},"TEDExptNC3SameDiff":{"ontologyKey":"TED_E1_Q7NC3DIFF","value":"diff","index":3},"TEDExptNC3Confound":{"ontologyKey":"S_A2_T2_V3","index":3},"differentRow":3,"sameRow1":1,"sameRow2":2,"sameRow3":4},"tutor":{"experimentalGroup":{"ontologyKey":"EG_A1"},"$seq":[{"prop":"experimentalGroup.ontologyKey","value":"EG_A1","time":1543844791094}]}}