{"scene":{"SNavigator":{},"SSceneBL":{"complete":true,"$seq":[{"prop":"complete","value":false,"time":1543857524202},{"prop":"complete","value":true,"time":1543857532889}]},"SScene4":{"complete":true,"$seq":[{"prop":"complete","value":false,"time":1543857533698},{"prop":"complete","value":true,"time":1543857554671}]},"SScene5":{"complete":true,"$seq":[{"prop":"complete","value":false,"time":1543857559836},{"prop":"complete","value":true,"time":1543857564401}]},"SScene5a":{"complete":true,"$seq":[{"prop":"complete","value":false,"time":1543857565953},{"prop":"complete","value":true,"time":1543857577798}]},"SScene6a":{},"SScene6b":{},"SScene6c":{}},"module":{"selectedArea":{"ontologyKey":"S_A1|name","index":1},"$seq":[{"prop":"selectedArea","value":{"ontologyKey":"S_A1|name","index":1},"time":1543857524141},{"prop":"selectedTopic","value":{"ontologyKey":"S_A1_T2|name","index":2},"time":1543857524141},{"prop":"selectedVariable","value":{"ontologyKey":"S_A1_T2_V4|name","index":4},"time":1543857524141},{"prop":"selectedRQ","value":{"ontologyKey":"S_A1_T2_RQ4"},"time":1543857524141},{"prop":"AreaSelectedID","value":"Sarea1|Sselected","time":1543857524141},{"prop":"AreaButtonID","value":"Sbutton1","time":1543857524141},{"prop":"TopicSelectedID","value":"Stopic2|Sselected","time":1543857524141},{"prop":"TopicButtonID","value":"Sbutton2","time":1543857524141},{"prop":"VariableHighlightID","value":"SbuttonHL4","time":1543857524141},{"prop":"VariableClickMaskID","value":"SclickMask4","time":1543857524141}],"selectedTopic":{"ontologyKey":"S_A1_T2|name","index":2},"selectedVariable":{"ontologyKey":"S_A1_T2_V4|name","index":4},"selectedRQ":{"ontologyKey":"S_A1_T2_RQ4"},"AreaSelectedID":"Sarea1|Sselected","AreaButtonID":"Sbutton1","TopicSelectedID":"Stopic2|Sselected","TopicButtonID":"Sbutton2","VariableHighlightID":"SbuttonHL4","VariableClickMaskID":"SclickMask4"},"tutor":{"experimentalGroup":{"ontologyKey":"EG_A3"},"$seq":[{"prop":"experimentalGroup.ontologyKey","value":"EG_A3","time":1543857524140}]}}