{"scene":{"SNavigator":{},"SIntro":{"complete":false,"$seq":[{"prop":"complete","value":false,"time":1266190416005}]},"SScene1":{"complete":true,"$seq":[{"prop":"complete","value":false,"time":1266190430934},{"prop":"Sg1","value":"true","time":1266190439968},{"prop":"DR1:Sg1","value":"ans1","time":1266190439968},{"prop":"complete","value":true,"time":1266190439969},{"prop":"Sg1","value":"true","time":1266190439971},{"prop":"complete","value":true,"time":1266190439971}],"Sg1":"true","DR1:Sg1":"ans1"},"SScene2":{"complete":true,"$seq":[{"prop":"complete","value":false,"time":1266190440981},{"prop":"Sg1","value":"true","time":1266190443462},{"prop":"DR2:Sg1","value":"ans3","time":1266190443462},{"prop":"complete","value":true,"time":1266190443462},{"prop":"Sg1","value":"true","time":1266190443463},{"prop":"complete","value":true,"time":1266190443463},{"prop":"Sg1","value":"true","time":1266190444284},{"prop":"DR2:Sg1","value":"ans2","time":1266190444284},{"prop":"complete","value":true,"time":1266190444284},{"prop":"Sg1","value":"true","time":1266190444285},{"prop":"complete","value":true,"time":1266190444285},{"prop":"Sg1","value":"true","time":1266190452505},{"prop":"DR2:Sg1","value":"ans1","time":1266190452505},{"prop":"complete","value":true,"time":1266190452505},{"prop":"Sg1","value":"true","time":1266190452505},{"prop":"complete","value":true,"time":1266190452505},{"prop":"Sg1","value":"true","time":1266190463453},{"prop":"DR2:Sg1","value":"ans4","time":1266190463453},{"prop":"complete","value":true,"time":1266190463453},{"prop":"Sg1","value":"true","time":1266190463453},{"prop":"complete","value":true,"time":1266190463453},{"prop":"Sg1","value":"true","time":1266190465143},{"prop":"DR2:Sg1","value":"ans1","time":1266190465143},{"prop":"complete","value":true,"time":1266190465143},{"prop":"Sg1","value":"true","time":1266190465144},{"prop":"complete","value":true,"time":1266190465144}],"Sg1":"true","DR2:Sg1":"ans1"},"SScene3":{"complete":true,"$seq":[{"prop":"complete","value":false,"time":1266190466168},{"prop":"Sg1","value":"true","time":1266190470782},{"prop":"DR3:Sg1","value":"ans2","time":1266190470782},{"prop":"complete","value":true,"time":1266190470782},{"prop":"Sg1","value":"true","time":1266190470783},{"prop":"complete","value":true,"time":1266190470783}],"Sg1":"true","DR3:Sg1":"ans2"},"SScene4":{"complete":true,"$seq":[{"prop":"complete","value":false,"time":1266190471522},{"prop":"Sg1","value":"true","time":1266190486080},{"prop":"DR4:Sg1","value":"ans1","time":1266190486080},{"prop":"complete","value":true,"time":1266190486080},{"prop":"Sg1","value":"true","time":1266190486081},{"prop":"complete","value":true,"time":1266190486081},{"prop":"Sg1","value":"true","time":1266190488237},{"prop":"DR4:Sg1","value":"ans4","time":1266190488237},{"prop":"complete","value":true,"time":1266190488237},{"prop":"Sg1","value":"true","time":1266190488238},{"prop":"complete","value":true,"time":1266190488238}],"Sg1":"true","DR4:Sg1":"ans4"},"SSubmit":{"complete":false,"$seq":[{"prop":"complete","value":false,"time":1266190490475}]},"SSceneEnd":{"complete":false,"$seq":[{"prop":"complete","value":false,"time":1266190491895}]}},"module":{},"tutor":{}}