{"scene":{"SNavigator":{},"SScene1":{"complete":true,"$seq":[{"prop":"complete","value":false,"time":1543857375285},{"prop":"complete","value":true,"time":1543857427367}]},"SScene2":{"AreaSelected":true,"$seq":[{"prop":"AreaSelected","value":false,"time":1543857444067},{"prop":"AreaSelected","value":true,"time":1543857506020},{"prop":"Area Name:physical and chemical changes","time":1543857506022},{"prop":"Area Index:1","time":1543857506022}]},"SScene3":{"TopicSelected":true,"$seq":[{"prop":"TopicSelected","value":false,"time":1543857508992},{"prop":"TopicSelected","value":true,"time":1543857520513},{"prop":"Topic Index:2","time":1543857520513}]},"SScene4":{"complete":true,"$seq":[{"prop":"complete","value":false,"time":1543857520944},{"prop":"complete","value":true,"time":1543857541763}]},"SScene5":{"complete":true,"$seq":[{"prop":"complete","value":false,"time":1543857548888},{"prop":"complete","value":true,"time":1543857553550}]},"SScene5a":{"complete":true,"$seq":[{"prop":"complete","value":false,"time":1543857555037},{"prop":"complete","value":true,"time":1543857566973}]},"SScene6a":{}},"module":{"selectedArea":{"ontologyKey":"S_A1|name","index":1},"$seq":[{"prop":"selectedArea","value":{"ontologyKey":"S_A1|name","index":1},"time":1543857375180},{"prop":"selectedTopic","value":{"ontologyKey":"S_A1_T2|name","index":2},"time":1543857375180},{"prop":"selectedVariable","value":{"ontologyKey":"S_A1_T2_V4|name","index":4},"time":1543857375180},{"prop":"selectedRQ","value":{"ontologyKey":"S_A1_T2_RQ4"},"time":1543857375180},{"prop":"AreaSelectedID","value":"Sarea1|Sselected","time":1543857375181},{"prop":"AreaButtonID","value":"Sbutton1","time":1543857375181},{"prop":"TopicSelectedID","value":"Stopic2|Sselected","time":1543857375181},{"prop":"TopicButtonID","value":"Sbutton2","time":1543857375181},{"prop":"VariableHighlightID","value":"SbuttonHL4","time":1543857375181},{"prop":"VariableClickMaskID","value":"SclickMask4","time":1543857375181},{"prop":"selectedArea.ontologyKey","value":"S_A1|name","time":1543857506020},{"prop":"selectedArea.index","value":1,"time":1543857506020},{"prop":"selectedTopic.ontologyKey","value":"S_A1_T2|name","time":1543857520513},{"prop":"selectedTopic.index","value":2,"time":1543857520513}],"selectedTopic":{"ontologyKey":"S_A1_T2|name","index":2},"selectedVariable":{"ontologyKey":"S_A1_T2_V4|name","index":4},"selectedRQ":{"ontologyKey":"S_A1_T2_RQ4"},"AreaSelectedID":"Sarea1|Sselected","AreaButtonID":"Sbutton1","TopicSelectedID":"Stopic2|Sselected","TopicButtonID":"Sbutton2","VariableHighlightID":"SbuttonHL4","VariableClickMaskID":"SclickMask4"},"tutor":{"experimentalGroup":{"ontologyKey":"EG_A2"},"$seq":[{"prop":"experimentalGroup.ontologyKey","value":"EG_A2","time":1543857375180}]}}