{"sceneState":{"SNavigator":{},"SScene1":{"rowsComplete":4,"$seq":[{"prop":"rowsComplete","value":0,"time":1557848521350},{"prop":"complete","value":false,"time":1557848521696},{"prop":"currentRow","value":1,"time":1557848531570},{"prop":"correct","value":true,"time":1557848531570},{"prop":"correct","value":false,"time":1557848531585},{"prop":"correct","value":false,"time":1557848536922},{"prop":"correct","value":false,"time":1557848536925},{"prop":"TVSel.col1","value":1,"time":1557848543536},{"prop":"TVSel.col2","value":2,"time":1557848545605},{"prop":"correct","value":true,"time":1557848545605},{"prop":"correct","value":false,"time":1557848545630},{"prop":"rowsComplete","value":1,"time":1557848545635},{"prop":"currentRow","value":0,"time":1557848554895},{"prop":"currentRow","value":2,"time":1557848554895},{"prop":"correct","value":false,"time":1557848554896},{"prop":"VSel.col1","value":null,"time":1557848554896},{"prop":"VSel.col2","value":null,"time":1557848554896},{"prop":"correct","value":false,"time":1557848554897},{"prop":"VSel.col1","value":2,"time":1557848565479},{"prop":"VSel.col2","value":2,"time":1557848567230},{"prop":"correct","value":true,"time":1557848567230},{"prop":"correct","value":false,"time":1557848567275},{"prop":"rowsComplete","value":2,"time":1557848567278},{"prop":"currentRow","value":3,"time":1557848572739},{"prop":"correct","value":false,"time":1557848572740},{"prop":"VSel.col1","value":null,"time":1557848572740},{"prop":"VSel.col2","value":null,"time":1557848572740},{"prop":"correct","value":false,"time":1557848572741},{"prop":"VSel.col1","value":1,"time":1557848575953},{"prop":"VSel.col2","value":1,"time":1557848577590},{"prop":"correct","value":true,"time":1557848577590},{"prop":"correct","value":false,"time":1557848577615},{"prop":"rowsComplete","value":3,"time":1557848577616},{"prop":"currentRow","value":4,"time":1557848583016},{"prop":"correct","value":false,"time":1557848583016},{"prop":"VSel.col1","value":null,"time":1557848583016},{"prop":"VSel.col2","value":null,"time":1557848583016},{"prop":"correct","value":false,"time":1557848583017},{"prop":"VSel.col1","value":1,"time":1557848586227},{"prop":"VSel.col2","value":1,"time":1557848588912},{"prop":"correct","value":true,"time":1557848588912},{"prop":"correct","value":false,"time":1557848588929},{"prop":"rowsComplete","value":4,"time":1557848588931},{"prop":"currentRow","value":5,"time":1557848594339},{"prop":"complete","value":true,"time":1557848594339},{"prop":"correct","value":false,"time":1557848594339}],"complete":true,"currentRow":5,"correct":false,"TVSel":{"col1":1,"col2":2},"VSel":{"col1":1,"col2":1}},"SScene2":{"complete":true,"$seq":[{"prop":"complete","value":false,"time":1557848595175},{"prop":"complete","value":true,"time":1557848615942},{"prop":"correct","value":false,"time":1557848617248}],"correct":false},"SSceneEnd":{}},"moduleState":{"selectedArea":{"ontologyKey":"S_A2|name","index":2},"selectedTopic":{"ontologyKey":"S_A2_T1|name","index":1},"selectedVariable":{"ontologyKey":"S_A2_T1_V1|name","index":1},"selectedRQ":{"ontologyKey":"S_A2_T1_RQ1","index":"1"},"RQconfirmation":"UNKNOWN","TEDExptNonTarget":[1,3,4],"TEDExptConfounds":[3,4,1],"TEDExptDifferent":[3,4,1,2],"TEDExptArea":{"ontologyKey":"S_A2","index":2},"TEDExptTopic":{"ontologyKey":"S_A2_T1","index":1},"TEDExptVariable":{"ontologyKey":"S_A2_T1_V2","index":2},"TEDExptRQ":{"ontologyKey":"S_A2_T1_RQ2","index":2},"TEDExptVarNC1":{"ontologyKey":"S_A2_T1_V1","index":1},"TEDExptVarNC2":{"ontologyKey":"S_A2_T1_V3","index":3},"TEDExptVarNC3":{"ontologyKey":"S_A2_T1_V4","index":4},"TEDExptPOSTSequence":[{"ontologyKey":"S_A2_T1_V1","index":1},{"ontologyKey":"S_A2_T1_V2","index":2},{"ontologyKey":"S_A2_T1_V3","index":3},{"ontologyKey":"S_A2_T1_V4","index":4}],"TEDExpt1V1":{"ontologyKey":"S_A2_T1_V1_A","index":1},"TEDExpt2V1":{"ontologyKey":"S_A2_T1_V1_B","index":1},"TEDExpt1V2":{"ontologyKey":"S_A2_T1_V2_A","index":2},"TEDExpt2V2":{"ontologyKey":"S_A2_T1_V2_B","index":2},"TEDExpt1V3":{"ontologyKey":"S_A2_T1_V3_A","index":3},"TEDExpt2V3":{"ontologyKey":"S_A2_T1_V3_B","index":3},"TEDExpt1V4":{"ontologyKey":"S_A2_T1_V4_A","index":4},"TEDExpt2V4":{"ontologyKey":"S_A2_T1_V4_B","index":4},"TEDExptNC1SameDiff":{"ontologyKey":"TED_E1_Q7NC1DIFF","value":"diff","index":1},"TEDExptNC1Confound":{"ontologyKey":"S_A2_T1_V1","index":1},"TEDExptNC2SameDiff":{"ontologyKey":"TED_E1_Q7NC2DIFF","value":"diff","index":3},"TEDExptNC2Confound":{"ontologyKey":"S_A2_T1_V3","index":3},"TEDExptNC3SameDiff":{"ontologyKey":"TED_E1_Q7NC3DIFF","value":"diff","index":4},"TEDExptNC3Confound":{"ontologyKey":"S_A2_T1_V4","index":4},"differentRow":1,"sameRow1":2,"sameRow2":3,"sameRow3":4},"tutorState":{"experimentalGroup":{"ontologyKey":"EG_A1"}},"fFeatures":{"0":true,"FTR_CHOICE":true,"FTR_TED_1_6":true,"FTR_PASS2":true,"FTR_TEDEXP1":true,"FTR_ICEMELT":true,"FTR_POST1":true,"FTR_IVLAST":true},"featureID":{"varsel":{"FTR_ICEMELT":true}}}