{"scene":{"SNavigator":{},"SIntro":{"complete":false,"$seq":[{"prop":"complete","value":false,"time":1267586120333}]},"SScene1":{"complete":true,"$seq":[{"prop":"complete","value":false,"time":1267586135207},{"prop":"Sg1","value":"true","time":1267586163849},{"prop":"DR1:Sg1","value":"ans1","time":1267586163849},{"prop":"complete","value":true,"time":1267586163849},{"prop":"Sg1","value":"true","time":1267586163850},{"prop":"complete","value":true,"time":1267586163850}],"Sg1":"true","DR1:Sg1":"ans1"},"SScene2":{"complete":false,"$seq":[{"prop":"complete","value":false,"time":1267586164918}]}},"module":{},"tutor":{}}