{"scene":{"SNavigator":{},"SIntro":{"complete":false,"$seq":[{"prop":"complete","value":false,"time":1554741983952}]},"SScene1":{"complete":true,"$seq":[{"prop":"complete","value":false,"time":1554741998958},{"prop":"Sg1","value":"true","time":1554742023420},{"prop":"DR1:Sg1","value":"ans1","time":1554742023420},{"prop":"complete","value":true,"time":1554742023420},{"prop":"Sg1","value":"true","time":1554742023422},{"prop":"complete","value":true,"time":1554742023422}],"Sg1":"true","DR1:Sg1":"ans1"},"SScene2":{"complete":true,"$seq":[{"prop":"complete","value":false,"time":1554742024354},{"prop":"Sg1","value":"true","time":1554742055008},{"prop":"DR2:Sg1","value":"ans4","time":1554742055008},{"prop":"complete","value":true,"time":1554742055008},{"prop":"Sg1","value":"true","time":1554742055009},{"prop":"complete","value":true,"time":1554742055009}],"Sg1":"true","DR2:Sg1":"ans4"},"SScene3":{"complete":true,"$seq":[{"prop":"complete","value":false,"time":1554742058885},{"prop":"Sg1","value":"true","time":1554742076409},{"prop":"DR3:Sg1","value":"ans2","time":1554742076410},{"prop":"complete","value":true,"time":1554742076410},{"prop":"Sg1","value":"true","time":1554742076411},{"prop":"complete","value":true,"time":1554742076411}],"Sg1":"true","DR3:Sg1":"ans2"},"SScene4":{"complete":true,"$seq":[{"prop":"complete","value":false,"time":1554742080828},{"prop":"Sg1","value":"true","time":1554742124800},{"prop":"DR4:Sg1","value":"ans2","time":1554742124800},{"prop":"complete","value":true,"time":1554742124800},{"prop":"Sg1","value":"true","time":1554742124802},{"prop":"complete","value":true,"time":1554742124802}],"Sg1":"true","DR4:Sg1":"ans2"},"SSubmit":{"complete":false,"$seq":[{"prop":"complete","value":false,"time":1554742125694}]},"SSceneEnd":{"complete":false,"$seq":[{"prop":"complete","value":false,"time":1554742129120}]}},"module":{},"tutor":{}}