{"scene":{"SNavigator":{},"SIntro":{"complete":false,"$seq":[{"prop":"complete","value":false,"time":1554729088287}]},"SScene1":{"complete":true,"$seq":[{"prop":"complete","value":false,"time":1554729103170},{"prop":"Sg1","value":"true","time":1554729131949},{"prop":"DR1:Sg1","value":"ans1","time":1554729131949},{"prop":"complete","value":true,"time":1554729131949},{"prop":"Sg1","value":"true","time":1554729131952},{"prop":"complete","value":true,"time":1554729131952}],"Sg1":"true","DR1:Sg1":"ans1"},"SScene2":{"complete":true,"$seq":[{"prop":"complete","value":false,"time":1554729134553},{"prop":"Sg1","value":"true","time":1554729182560},{"prop":"DR2:Sg1","value":"ans1","time":1554729182560},{"prop":"complete","value":true,"time":1554729182560},{"prop":"Sg1","value":"true","time":1554729182561},{"prop":"complete","value":true,"time":1554729182561}],"Sg1":"true","DR2:Sg1":"ans1"},"SScene3":{"complete":true,"$seq":[{"prop":"complete","value":false,"time":1554729191916},{"prop":"Sg1","value":"true","time":1554729240155},{"prop":"DR3:Sg1","value":"ans3","time":1554729240155},{"prop":"complete","value":true,"time":1554729240155},{"prop":"Sg1","value":"true","time":1554729240155},{"prop":"complete","value":true,"time":1554729240155}],"Sg1":"true","DR3:Sg1":"ans3"},"SScene4":{"complete":true,"$seq":[{"prop":"complete","value":false,"time":1554729241609},{"prop":"Sg1","value":"true","time":1554729307835},{"prop":"DR4:Sg1","value":"ans1","time":1554729307835},{"prop":"complete","value":true,"time":1554729307835},{"prop":"Sg1","value":"true","time":1554729307836},{"prop":"complete","value":true,"time":1554729307836}],"Sg1":"true","DR4:Sg1":"ans1"},"SSubmit":{"complete":false,"$seq":[{"prop":"complete","value":false,"time":1554729308560}]}},"module":{},"tutor":{}}