{"scene":{"SNavigator":{},"SScene1":{"complete":true,"$seq":[{"prop":"complete","value":false,"time":1557848465656},{"prop":"complete","value":true,"time":1557848515205}]},"SScene2":{"AreaSelected":true,"$seq":[{"prop":"AreaSelected","value":false,"time":1557848520665},{"prop":"AreaSelected","value":true,"time":1557848565413},{"prop":"Area Name:physical and chemical changes","time":1557848565415},{"prop":"Area Index:1","time":1557848565415}]},"SScene3":{"TopicSelected":true,"$seq":[{"prop":"TopicSelected","value":false,"time":1557848811939},{"prop":"TopicSelected","value":true,"time":1557848818026},{"prop":"Topic Index:1","time":1557848818027}]},"SScene4":{"complete":true,"$seq":[{"prop":"complete","value":false,"time":1557848818530},{"prop":"complete","value":true,"time":1557848837694}]},"SScene5":{"complete":true,"$seq":[{"prop":"complete","value":false,"time":1557848840136},{"prop":"complete","value":true,"time":1557848844513}]},"SScene5a":{"complete":true,"$seq":[{"prop":"complete","value":false,"time":1557848846446},{"prop":"complete","value":true,"time":1557848864443}]},"SScene6a":{},"SScene6b":{},"SScene6c":{},"SScene6d":{},"SScene6e":{},"SScene6f":{},"SScene7":{"complete":true,"$seq":[{"prop":"complete","value":false,"time":1557848908468},{"prop":"complete","value":true,"time":1557848964379}]},"SScene8":{"complete":true,"$seq":[{"prop":"complete","value":false,"time":1557848966382},{"prop":"complete","value":true,"time":1557849005225}]},"SScene9":{"RQSelected":true,"$seq":[{"prop":"RQSelected","value":false,"time":1557849010130},{"prop":"RQSelected","value":true,"time":1557849011887},{"prop":"Variable Index:1","time":1557849011887}]},"SScene10":{"RQconfirmed":true,"$seq":[{"prop":"RQconfirmed","value":false,"time":1557849012091},{"prop":"RQconfirmed","value":true,"time":1557849013205}]},"SScene2a":{"AreaSelected":true,"$seq":[{"prop":"AreaSelected","value":false,"time":1557848802028},{"prop":"AreaSelected","value":true,"time":1557848809521},{"prop":"Area Name:physical and chemical changes","time":1557848809522},{"prop":"Area Index:1","time":1557848809522}]},"SScene11":{"RQconfirmed":false,"$seq":[{"prop":"RQconfirmed","value":false,"time":1557849013379}]}},"module":{"selectedArea":{"ontologyKey":"S_A1|name","index":1},"$seq":[{"prop":"selectedArea.ontologyKey","value":"S_A1|name","time":1557848565413},{"prop":"selectedArea.index","value":1,"time":1557848565414},{"prop":"selectedTopic.ontologyKey","value":"S_A1_T1|name","time":1557848576792},{"prop":"selectedTopic.index","value":1,"time":1557848576792},{"prop":"selectedVariable.ontologyKey","value":"S_A1_T1_V1|name","time":1557848775810},{"prop":"selectedVariable.index","value":1,"time":1557848775810},{"prop":"selectedRQ","value":{"ontologyKey":"S_A1_T1_RQ1","index":"1"},"time":1557848775810},{"prop":"RQconfirmation","value":"UNKNOWN","time":1557848776028},{"prop":"RQconfirmation","value":"CHANGE_RQ","time":1557848796371},{"prop":"selectedVariable.ontologyKey","value":"S_A1_T1_V1|name","time":1557848798233},{"prop":"selectedVariable.index","value":1,"time":1557848798233},{"prop":"selectedRQ","value":{"ontologyKey":"S_A1_T1_RQ1","index":"1"},"time":1557848798233},{"prop":"RQconfirmation","value":"UNKNOWN","time":1557848798378},{"prop":"RQconfirmation","value":"CHANGE_TOPIC","time":1557848800763},{"prop":"selectedArea.ontologyKey","value":"S_A1|name","time":1557848809521},{"prop":"selectedArea.index","value":1,"time":1557848809521},{"prop":"selectedTopic.ontologyKey","value":"S_A1_T1|name","time":1557848818026},{"prop":"selectedTopic.index","value":1,"time":1557848818026},{"prop":"selectedVariable.ontologyKey","value":"S_A1_T1_V1|name","time":1557849011887},{"prop":"selectedVariable.index","value":1,"time":1557849011887},{"prop":"selectedRQ","value":{"ontologyKey":"S_A1_T1_RQ1","index":"1"},"time":1557849011887},{"prop":"RQconfirmation","value":"UNKNOWN","time":1557849012091},{"prop":"RQconfirmation","value":"OK","time":1557849013205},{"prop":"RQconfirmation","value":"UNKNOWN","time":1557849013379}],"selectedTopic":{"ontologyKey":"S_A1_T1|name","index":1},"selectedVariable":{"ontologyKey":"S_A1_T1_V1|name","index":1},"selectedRQ":{"ontologyKey":"S_A1_T1_RQ1","index":"1"},"RQconfirmation":"UNKNOWN"},"tutor":{"experimentalGroup":{"ontologyKey":"EG_A1"},"$seq":[{"prop":"experimentalGroup.ontologyKey","value":"EG_A1","time":1557848465528}]}}