{"scene":{"SNavigator":{},"SScene1":{"complete":true,"$seq":[{"prop":"complete","value":false,"time":1557848465656},{"prop":"complete","value":true,"time":1557848515205}]},"SScene2":{"AreaSelected":true,"$seq":[{"prop":"AreaSelected","value":false,"time":1557848520665},{"prop":"AreaSelected","value":true,"time":1557848565413},{"prop":"Area Name:physical and chemical changes","time":1557848565415},{"prop":"Area Index:1","time":1557848565415}]},"SScene3":{"TopicSelected":true,"$seq":[{"prop":"TopicSelected","value":false,"time":1557848568117},{"prop":"TopicSelected","value":true,"time":1557848576792},{"prop":"Topic Index:1","time":1557848576794}]},"SScene4":{"complete":true,"$seq":[{"prop":"complete","value":false,"time":1557848577206},{"prop":"complete","value":true,"time":1557848596247}]},"SScene5":{"complete":true,"$seq":[{"prop":"complete","value":false,"time":1557848599253},{"prop":"complete","value":true,"time":1557848603715}]},"SScene5a":{"complete":true,"$seq":[{"prop":"complete","value":false,"time":1557848609400},{"prop":"complete","value":true,"time":1557848627363}]},"SScene6a":{},"SScene6b":{},"SScene6c":{},"SScene6d":{},"SScene6e":{},"SScene6f":{},"SScene7":{"complete":false,"$seq":[{"prop":"complete","value":false,"time":1557848658714}]}},"module":{"selectedArea":{"ontologyKey":"S_A1|name","index":1},"$seq":[{"prop":"selectedArea.ontologyKey","value":"S_A1|name","time":1557848565413},{"prop":"selectedArea.index","value":1,"time":1557848565414},{"prop":"selectedTopic.ontologyKey","value":"S_A1_T1|name","time":1557848576792},{"prop":"selectedTopic.index","value":1,"time":1557848576792}],"selectedTopic":{"ontologyKey":"S_A1_T1|name","index":1}},"tutor":{"experimentalGroup":{"ontologyKey":"EG_A1"},"$seq":[{"prop":"experimentalGroup.ontologyKey","value":"EG_A1","time":1557848465528}]}}