{"scene":{"SNavigator":{},"SScene1":{"complete":true,"$seq":[{"prop":"complete","value":false,"time":1543842240554},{"prop":"complete","value":true,"time":1543842292951}]},"SScene2":{"AreaSelected":true,"$seq":[{"prop":"AreaSelected","value":false,"time":1543842299782},{"prop":"AreaSelected","value":true,"time":1543842365488},{"prop":"Area Name:physical and chemical changes","time":1543842365490},{"prop":"Area Index:1","time":1543842365490}]},"SScene3":{"TopicSelected":true,"$seq":[{"prop":"TopicSelected","value":false,"time":1543842368447},{"prop":"TopicSelected","value":true,"time":1543842371484},{"prop":"Topic Index:2","time":1543842371486}]},"SScene4":{"complete":true,"$seq":[{"prop":"complete","value":false,"time":1543842371886},{"prop":"complete","value":true,"time":1543842392778}]},"SScene5":{"complete":true,"$seq":[{"prop":"complete","value":false,"time":1543842396714},{"prop":"complete","value":true,"time":1543842401330}]},"SScene5a":{"complete":true,"$seq":[{"prop":"complete","value":false,"time":1543842402702},{"prop":"complete","value":true,"time":1543842414757}]},"SScene6a":{},"SScene6b":{}},"module":{"selectedArea":{"ontologyKey":"S_A1|name","index":1},"$seq":[{"prop":"selectedArea","value":{"ontologyKey":"S_A1|name","index":1},"time":1543842240408},{"prop":"selectedTopic","value":{"ontologyKey":"S_A1_T2|name","index":2},"time":1543842240408},{"prop":"selectedVariable","value":{"ontologyKey":"S_A1_T2_V4|name","index":4},"time":1543842240408},{"prop":"selectedRQ","value":{"ontologyKey":"S_A1_T2_RQ4"},"time":1543842240409},{"prop":"AreaSelectedID","value":"Sarea1|Sselected","time":1543842240409},{"prop":"AreaButtonID","value":"Sbutton1","time":1543842240409},{"prop":"TopicSelectedID","value":"Stopic2|Sselected","time":1543842240409},{"prop":"TopicButtonID","value":"Sbutton2","time":1543842240409},{"prop":"VariableHighlightID","value":"SbuttonHL4","time":1543842240409},{"prop":"VariableClickMaskID","value":"SclickMask4","time":1543842240409},{"prop":"selectedArea.ontologyKey","value":"S_A1|name","time":1543842365488},{"prop":"selectedArea.index","value":1,"time":1543842365488},{"prop":"selectedTopic.ontologyKey","value":"S_A1_T2|name","time":1543842371484},{"prop":"selectedTopic.index","value":2,"time":1543842371485}],"selectedTopic":{"ontologyKey":"S_A1_T2|name","index":2},"selectedVariable":{"ontologyKey":"S_A1_T2_V4|name","index":4},"selectedRQ":{"ontologyKey":"S_A1_T2_RQ4"},"AreaSelectedID":"Sarea1|Sselected","AreaButtonID":"Sbutton1","TopicSelectedID":"Stopic2|Sselected","TopicButtonID":"Sbutton2","VariableHighlightID":"SbuttonHL4","VariableClickMaskID":"SclickMask4"},"tutor":{"experimentalGroup":{"ontologyKey":"EG_A2"},"$seq":[{"prop":"experimentalGroup.ontologyKey","value":"EG_A2","time":1543842240408}]}}