{"scene":{"SNavigator":{},"SMatsIntro":{"complete":true,"$seq":[{"prop":"complete","value":false,"time":1556124649269},{"prop":"complete","value":true,"time":1556124663077}]},"SMatsPre1":{"complete":true,"$seq":[{"prop":"complete","value":false,"time":1556124679411},{"prop":"Sg1","value":"true","time":1556124683702},{"prop":"PreTest:Sg1","value":"b1","time":1556124683702},{"prop":"complete","value":false,"time":1556124683702},{"prop":"Sg1","value":"true","time":1556124683703},{"prop":"complete","value":false,"time":1556124683703},{"prop":"Sg2","value":"true","time":1556124686436},{"prop":"PreTest:Sg2","value":"b1","time":1556124686436},{"prop":"complete","value":false,"time":1556124686436},{"prop":"Sg2","value":"true","time":1556124686436},{"prop":"complete","value":false,"time":1556124686436},{"prop":"Sg3","value":"true","time":1556124691170},{"prop":"PreTest:Sg3","value":"b4","time":1556124691170},{"prop":"complete","value":false,"time":1556124691170},{"prop":"Sg3","value":"true","time":1556124691171},{"prop":"complete","value":false,"time":1556124691171},{"prop":"Sg3","value":"true","time":1556124693392},{"prop":"PreTest:Sg3","value":"b2","time":1556124693392},{"prop":"complete","value":false,"time":1556124693392},{"prop":"Sg3","value":"true","time":1556124693392},{"prop":"complete","value":false,"time":1556124693392},{"prop":"Sg4","value":"true","time":1556124697424},{"prop":"PreTest:Sg4","value":"b3","time":1556124697424},{"prop":"complete","value":true,"time":1556124697424},{"prop":"Sg4","value":"true","time":1556124697425},{"prop":"complete","value":true,"time":1556124697425}],"Sg1":"true","PreTest:Sg1":"b1","Sg2":"true","PreTest:Sg2":"b1","Sg3":"true","PreTest:Sg3":"b2","Sg4":"true","PreTest:Sg4":"b3"},"SMatsPre2":{"complete":true,"$seq":[{"prop":"complete","value":false,"time":1556124698983},{"prop":"Sg1","value":"true","time":1556124705028},{"prop":"PreTest:Sg1","value":"b4","time":1556124705028},{"prop":"complete","value":false,"time":1556124705028},{"prop":"Sg1","value":"true","time":1556124705028},{"prop":"complete","value":false,"time":1556124705028},{"prop":"Sg2","value":"true","time":1556124707712},{"prop":"PreTest:Sg2","value":"b2","time":1556124707712},{"prop":"complete","value":false,"time":1556124707712},{"prop":"Sg2","value":"true","time":1556124707713},{"prop":"complete","value":false,"time":1556124707713},{"prop":"Sg3","value":"true","time":1556124712568},{"prop":"PreTest:Sg3","value":"b2","time":1556124712568},{"prop":"complete","value":false,"time":1556124712568},{"prop":"Sg3","value":"true","time":1556124712568},{"prop":"complete","value":false,"time":1556124712568},{"prop":"Sg4","value":"true","time":1556124722384},{"prop":"PreTest:Sg4","value":"b2","time":1556124722384},{"prop":"complete","value":true,"time":1556124722384},{"prop":"Sg4","value":"true","time":1556124722385},{"prop":"complete","value":true,"time":1556124722385}],"Sg1":"true","PreTest:Sg1":"b4","Sg2":"true","PreTest:Sg2":"b2","Sg3":"true","PreTest:Sg3":"b2","Sg4":"true","PreTest:Sg4":"b2"},"SMatsPre3":{"complete":true,"$seq":[{"prop":"complete","value":false,"time":1556124723557},{"prop":"Sg1","value":"true","time":1556124728338},{"prop":"PreTest:Sg1","value":"b3","time":1556124728338},{"prop":"complete","value":false,"time":1556124728338},{"prop":"Sg1","value":"true","time":1556124728339},{"prop":"complete","value":false,"time":1556124728339},{"prop":"Sg2","value":"true","time":1556124730754},{"prop":"PreTest:Sg2","value":"b2","time":1556124730754},{"prop":"complete","value":false,"time":1556124730754},{"prop":"Sg2","value":"true","time":1556124730755},{"prop":"complete","value":false,"time":1556124730755},{"prop":"Sg3","value":"true","time":1556124734208},{"prop":"PreTest:Sg3","value":"b2","time":1556124734208},{"prop":"complete","value":false,"time":1556124734209},{"prop":"Sg3","value":"true","time":1556124734209},{"prop":"complete","value":false,"time":1556124734209},{"prop":"Sg4","value":"true","time":1556124739364},{"prop":"PreTest:Sg4","value":"b2","time":1556124739364},{"prop":"complete","value":true,"time":1556124739364},{"prop":"Sg4","value":"true","time":1556124739365},{"prop":"complete","value":true,"time":1556124739365}],"Sg1":"true","PreTest:Sg1":"b3","Sg2":"true","PreTest:Sg2":"b2","Sg3":"true","PreTest:Sg3":"b2","Sg4":"true","PreTest:Sg4":"b2"},"SMatsPre4":{"complete":true,"$seq":[{"prop":"complete","value":false,"time":1556124740551},{"prop":"Sg1","value":"true","time":1556124743637},{"prop":"PreTest:Sg1","value":"b2","time":1556124743637},{"prop":"complete","value":false,"time":1556124743637},{"prop":"Sg1","value":"true","time":1556124743638},{"prop":"complete","value":false,"time":1556124743638},{"prop":"Sg2","value":"true","time":1556124749675},{"prop":"PreTest:Sg2","value":"b1","time":1556124749675},{"prop":"complete","value":true,"time":1556124749675},{"prop":"prompted","value":true,"time":1556124749675},{"prop":"Sg2","value":"true","time":1556124749675},{"prop":"complete","value":true,"time":1556124749675},{"prop":"complete","value":true,"time":1556124789827}],"Sg1":"true","PreTest:Sg1":"b2","Sg2":"true","PreTest:Sg2":"b1","prompted":true},"SSceneEnd":{"complete":false,"$seq":[{"prop":"complete","value":false,"time":1556124789935}]}},"module":{},"tutor":{}}