{"scene":{"SNavigator":{},"SMatsIntro":{"complete":true,"$seq":[{"prop":"complete","value":false,"time":1556124649269},{"prop":"complete","value":true,"time":1556124663077}]},"SMatsPre1":{"complete":true,"$seq":[{"prop":"complete","value":false,"time":1556124679411},{"prop":"Sg1","value":"true","time":1556124683702},{"prop":"PreTest:Sg1","value":"b1","time":1556124683702},{"prop":"complete","value":false,"time":1556124683702},{"prop":"Sg1","value":"true","time":1556124683703},{"prop":"complete","value":false,"time":1556124683703},{"prop":"Sg2","value":"true","time":1556124686436},{"prop":"PreTest:Sg2","value":"b1","time":1556124686436},{"prop":"complete","value":false,"time":1556124686436},{"prop":"Sg2","value":"true","time":1556124686436},{"prop":"complete","value":false,"time":1556124686436},{"prop":"Sg3","value":"true","time":1556124691170},{"prop":"PreTest:Sg3","value":"b4","time":1556124691170},{"prop":"complete","value":false,"time":1556124691170},{"prop":"Sg3","value":"true","time":1556124691171},{"prop":"complete","value":false,"time":1556124691171},{"prop":"Sg3","value":"true","time":1556124693392},{"prop":"PreTest:Sg3","value":"b2","time":1556124693392},{"prop":"complete","value":false,"time":1556124693392},{"prop":"Sg3","value":"true","time":1556124693392},{"prop":"complete","value":false,"time":1556124693392},{"prop":"Sg4","value":"true","time":1556124697424},{"prop":"PreTest:Sg4","value":"b3","time":1556124697424},{"prop":"complete","value":true,"time":1556124697424},{"prop":"Sg4","value":"true","time":1556124697425},{"prop":"complete","value":true,"time":1556124697425}],"Sg1":"true","PreTest:Sg1":"b1","Sg2":"true","PreTest:Sg2":"b1","Sg3":"true","PreTest:Sg3":"b2","Sg4":"true","PreTest:Sg4":"b3"},"SMatsPre2":{"complete":false,"$seq":[{"prop":"complete","value":false,"time":1556124698983}]}},"module":{},"tutor":{}}