{"scene":{"SNavigator":{},"SIntro":{"complete":false,"$seq":[{"prop":"complete","value":false,"time":1274492951569}]},"SScene1":{"complete":true,"$seq":[{"prop":"complete","value":false,"time":1274492966443},{"prop":"Sg1","value":"true","time":1274493010365},{"prop":"DR1:Sg1","value":"ans4","time":1274493010366},{"prop":"complete","value":true,"time":1274493010366},{"prop":"Sg1","value":"true","time":1274493010368},{"prop":"complete","value":true,"time":1274493010368},{"prop":"Sg1","value":"true","time":1274493010760},{"prop":"DR1:Sg1","value":"ans3","time":1274493010760},{"prop":"complete","value":true,"time":1274493010760},{"prop":"Sg1","value":"true","time":1274493010760},{"prop":"complete","value":true,"time":1274493010760},{"prop":"Sg1","value":"true","time":1274493013574},{"prop":"DR1:Sg1","value":"ans2","time":1274493013574},{"prop":"complete","value":true,"time":1274493013574},{"prop":"Sg1","value":"true","time":1274493013575},{"prop":"complete","value":true,"time":1274493013575},{"prop":"Sg1","value":"true","time":1274493020590},{"prop":"DR1:Sg1","value":"ans1","time":1274493020590},{"prop":"complete","value":true,"time":1274493020590},{"prop":"Sg1","value":"true","time":1274493020591},{"prop":"complete","value":true,"time":1274493020591},{"prop":"Sg1","value":"true","time":1274493021927},{"prop":"DR1:Sg1","value":"ans1","time":1274493021927},{"prop":"complete","value":true,"time":1274493021927},{"prop":"Sg1","value":"true","time":1274493021928},{"prop":"complete","value":true,"time":1274493021928},{"prop":"Sg1","value":"true","time":1274493022200},{"prop":"DR1:Sg1","value":"ans4","time":1274493022200},{"prop":"complete","value":true,"time":1274493022200},{"prop":"Sg1","value":"true","time":1274493022200},{"prop":"complete","value":true,"time":1274493022200},{"prop":"Sg1","value":"true","time":1274493022384},{"prop":"DR1:Sg1","value":"ans3","time":1274493022384},{"prop":"complete","value":true,"time":1274493022384},{"prop":"Sg1","value":"true","time":1274493022385},{"prop":"complete","value":true,"time":1274493022385},{"prop":"Sg1","value":"true","time":1274493023676},{"prop":"DR1:Sg1","value":"ans1","time":1274493023676},{"prop":"complete","value":true,"time":1274493023676},{"prop":"Sg1","value":"true","time":1274493023677},{"prop":"complete","value":true,"time":1274493023677},{"prop":"Sg1","value":"true","time":1274493024508},{"prop":"DR1:Sg1","value":"ans4","time":1274493024508},{"prop":"complete","value":true,"time":1274493024508},{"prop":"Sg1","value":"true","time":1274493024509},{"prop":"complete","value":true,"time":1274493024509},{"prop":"Sg1","value":"true","time":1274493025366},{"prop":"DR1:Sg1","value":"ans4","time":1274493025366},{"prop":"complete","value":true,"time":1274493025366},{"prop":"Sg1","value":"true","time":1274493025366},{"prop":"complete","value":true,"time":1274493025366},{"prop":"Sg1","value":"true","time":1274493025792},{"prop":"DR1:Sg1","value":"ans1","time":1274493025792},{"prop":"complete","value":true,"time":1274493025792},{"prop":"Sg1","value":"true","time":1274493025792},{"prop":"complete","value":true,"time":1274493025792},{"prop":"Sg1","value":"true","time":1274493027028},{"prop":"DR1:Sg1","value":"ans2","time":1274493027028},{"prop":"complete","value":true,"time":1274493027028},{"prop":"Sg1","value":"true","time":1274493027029},{"prop":"complete","value":true,"time":1274493027029}],"Sg1":"true","DR1:Sg1":"ans2"},"SScene2":{"complete":false,"$seq":[{"prop":"complete","value":false,"time":1274493029195}]}},"module":{},"tutor":{}}