{"scene":{"SNavigator":{},"SScene1":{"complete":true,"$seq":[{"prop":"complete","value":false,"time":1557848458491},{"prop":"complete","value":true,"time":1557848506278}]},"SScene2":{"AreaSelected":true,"$seq":[{"prop":"AreaSelected","value":false,"time":1557848511244},{"prop":"AreaSelected","value":true,"time":1557848558210},{"prop":"Area Name:physical and chemical changes","time":1557848558210},{"prop":"Area Index:1","time":1557848558211}]},"SScene3":{"TopicSelected":true,"$seq":[{"prop":"TopicSelected","value":false,"time":1557848560857},{"prop":"TopicSelected","value":true,"time":1557848571336},{"prop":"Topic Index:2","time":1557848571338}]},"SScene4":{"complete":true,"$seq":[{"prop":"complete","value":false,"time":1557848571756},{"prop":"complete","value":true,"time":1557848592022}]},"SScene5":{"complete":true,"$seq":[{"prop":"complete","value":false,"time":1557848593630},{"prop":"complete","value":true,"time":1557848598063}]},"SScene5a":{"complete":true,"$seq":[{"prop":"complete","value":false,"time":1557848602889},{"prop":"complete","value":true,"time":1557848612470}]},"SScene6a":{},"SScene6b":{},"SScene6c":{},"SScene7":{"complete":false,"$seq":[{"prop":"complete","value":false,"time":1557848626776}]}},"module":{"selectedArea":{"ontologyKey":"S_A1|name","index":1},"$seq":[{"prop":"selectedArea","value":{"ontologyKey":"S_A1|name","index":1},"time":1557848458353},{"prop":"selectedTopic","value":{"ontologyKey":"S_A1_T2|name","index":2},"time":1557848458353},{"prop":"selectedVariable","value":{"ontologyKey":"S_A1_T2_V4|name","index":4},"time":1557848458353},{"prop":"selectedRQ","value":{"ontologyKey":"S_A1_T2_RQ4"},"time":1557848458353},{"prop":"AreaSelectedID","value":"Sarea1|Sselected","time":1557848458353},{"prop":"AreaButtonID","value":"Sbutton1","time":1557848458353},{"prop":"TopicSelectedID","value":"Stopic2|Sselected","time":1557848458353},{"prop":"TopicButtonID","value":"Sbutton2","time":1557848458353},{"prop":"VariableHighlightID","value":"SbuttonHL4","time":1557848458353},{"prop":"VariableClickMaskID","value":"SclickMask4","time":1557848458353},{"prop":"selectedArea.ontologyKey","value":"S_A1|name","time":1557848558210},{"prop":"selectedArea.index","value":1,"time":1557848558210},{"prop":"selectedTopic.ontologyKey","value":"S_A1_T2|name","time":1557848571336},{"prop":"selectedTopic.index","value":2,"time":1557848571336}],"selectedTopic":{"ontologyKey":"S_A1_T2|name","index":2},"selectedVariable":{"ontologyKey":"S_A1_T2_V4|name","index":4},"selectedRQ":{"ontologyKey":"S_A1_T2_RQ4"},"AreaSelectedID":"Sarea1|Sselected","AreaButtonID":"Sbutton1","TopicSelectedID":"Stopic2|Sselected","TopicButtonID":"Sbutton2","VariableHighlightID":"SbuttonHL4","VariableClickMaskID":"SclickMask4"},"tutor":{"experimentalGroup":{"ontologyKey":"EG_A2"},"$seq":[{"prop":"experimentalGroup.ontologyKey","value":"EG_A2","time":1557848458353}]}}