{
    "_MODULEDATA":"v1.0.0",
    "_ONTOLOGY": {    
        "S": {
            "A1":{
                "withinarea":"Within the area of Physical and Chemical Changes,",
                "T1":{
                    "features":"FTR_CRYSTAL",
                    "wewillselect":"we will select the topic crystal growth",
                    "belowarevariables":"Below are some variables that might affect the amount of crystal growth on a string in water.",
                    "enumVar1":"Water temperature",
                    "enumVar2":"The type of crystals",
                    "enumVar3":"The initial amount of crystals on the string",
                    "enumVar4":"The type of string",
                    "enumUtt4":"And the type of string",
                    "enumMat1":"A glass jar",
                    "enumMat2":"A calendar",
                    "enumMat3":"A pencil",
                    "enumMat4":"String",
                    "enumMat5":"Distilled water",
                    "enumMat6":"Crystals",
                    "enumMat7":"and a digital scale",
                    "enumProcess1":"We will mix a crystal salt or sugar in water so it dissolves.",
                    "enumProcess2":"We will continue to add the crystals and mix until no more crystals can be dissolved in the water. This is the saturation point.",
                    "enumProcess3":"",
                    "enumProcess4":"Then we will put a string in the water.",
                    "enumProcess5":"",                    
                    "enumProcess6":"We can measure the weight of the crystal growth after two weeks.",
                    "fourcanchange":"In this experiment, there are only four things we can change. Any of these might make a difference in the amount of crystal growth on a string in water. These are the four variables you can test in this experiment",

                    "enumValue1":"The Water Temperature",
                    "enumValue1a":"Cool (16c)",
                    "enumValue1b":"Hot (50c)",
                    "enumValue2":"The Type of Crystal",
                    "enumValue2a":"Salt",
                    "enumValue2b":"Brown Sugar",
                    "enumValue3":"The initial amount of crystals on the string",
                    "enumValue3a":"Some",
                    "enumValue3b":"None",
                    "enumValue4":"The type of string",
                    "enumValue4a":"Twine",
                    "enumValue4b":"Yarn",
                                
                    "enumValueUtt1a":"The water temperature which can be cool.",
                    "enumValueUtt1b":"Or hot, might make a difference.",
                    "enumValueUtt2a":"The type of crystal which can be salt",
                    "enumValueUtt2b":"Or brown sugar, might make a difference.",
                    "enumValueUtt3a":"The initial amount of crystals on the string which can be some",
                    "enumValueUtt3b":"Or none, might make a difference.",
                    "enumValueUtt4a":"And the type of string which can be twine.",
                    "enumValueUtt4b":"Or yarn. This might also make a difference.",

                    "RQ1":{
                        "rqselected":"Does the water temperature",
                        "ExpSelected":"water temperature"
                    },
                    "RQ2":{
                        "rqselected":"Does the type of crystal",
                        "ExpSelected":"type of crystal"   
                    },
                    "RQ3":{
                        "rqselected":"Does the initial amount of crystals on the string",
                        "ExpSelected":"initial amount of crystals on the string"
                    },
                    "RQ4":{
                        "rqselected":"Does the type of string",
                        "ExpSelected":"type of string"
                    },
                    "rqselectedall":"affect the weight of the crystal growth on a string in water after two weeks?",
                    "rqselectedalls":"affects the weight of the crystal growth on a string after two weeks?",

                    "DVg":"amount of crystal growth on a string in water",
                    "DVst":"The weight of the crystal growth on the string after two weeks.",
					"DVs":"weight of the crystal growth on the string after two weeks.",
                    "DVabb":"crystal weight",

                    "buttVarName1":"The Water Temperature",
                    "buttVarName2":"The Type of Crystal",
                    "buttVarName3":"The initial amount of crystals on the string",
                    "buttVarName4":"The type of string"

                },
                "T2":{
                    "features":"FTR_SODA",
                    "wewillselect":"we will select the topic soda mint reactions",
                    "belowarevariables":"Below are some variables that might affect the reaction between soda and mints.",
                    "enumVar1":"The type of sweetener in the soda",
                    "enumVar2":"The amount of caffeine in the soda",
                    "enumVar3":"The surface area of the mint",
                    "enumVar4":"The amount of carbon dioxide in the soda",
                    "enumUtt4":"And the amount of carbon dioxide in the soda",
                    "enumMat1":"A mint",
                    "enumMat2":"a bottle of soda",
                    "enumMat3":"and a ruler",
                    "enumProcess1":"We will put a single mint into a bottle of soda.",
                    "enumProcess2":"Bubbles forming a soda geyser may come out of the bottle.",
                    "enumProcess3":"We can measure the height of the soda geyser.",
                    "fourcanchange":"In this experiment, there are only four things we can change. Any of these might make a difference in the reaction between the soda and mint. These are the four variables you can test in this experiment",

                    "enumValue1":"The type of sweetener in the soda",
                    "enumValue1a":"Sugar",
                    "enumValue1b":"Aspartame",
                    "enumValue2":"The amount of caffeine in the soda",
                    "enumValue2a":"Some",
                    "enumValue2b":"None",
                    "enumValue3":"The surface Texture of the mint",
                    "enumValue3a":"Smooth",
                    "enumValue3b":"Rough",
                    "enumValue4":"The amount of carbon dioxide in the soda",
                    "enumValue4a":"High",
                    "enumValue4b":"Low",
                    
                    "enumValueUtt1a":"The type of sweetener which can be sugar",
                    "enumValueUtt1b":"Or aspartame, might make a difference",
                    "enumValueUtt2a":"The amount of caffeine in the soda which can be some",
                    "enumValueUtt2b":"Or none, might make a difference",
                    "enumValueUtt3a":"The surface texture of the mint, which can be smooth",
                    "enumValueUtt3b":"Or rough, might make a difference",
                    "enumValueUtt4a":"And the amount of carbon dioxide in the soda which can be high",
                    "enumValueUtt4b":"Or low. This might also make a difference",

                    "RQ1":{
                        "rqselected":"Does the type of sweetener in the soda",
                        "ExpSelected":"type of sweetener in the soda"
                        },
                    "RQ2":{
                        "rqselected":"Does the amount of caffeine in the soda",
                        "ExpSelected":"amount of caffeine in the soda"
                        },
                    "RQ3":{
                        "rqselected":"Does the surface texture of the mint",
                        "ExpSelected":"surface texture of the mint"
                        },
                    "RQ4":{
                        "rqselected":"Does the amount of carbon dioxide in the soda",
                        "ExpSelected":"amount of carbon dioxide in the soda"
                        },

                    "rqselectedall":"affect the strength of the reaction between soda and mints?",
                    "rqselectedalls":"affects the height of the soda geyser?",

                    "DVg":"Strength of the reaction between soda and mints",
                    "DVst":"The height of the soda geyser",
					"DVs":"height of the soda geyser",
                    "DVabb":"geyser height",

                    "buttVarName1":"The type of sweetener in the soda",
                    "buttVarName2":"The amount of caffeine in the soda",
                    "buttVarName3":"The surface Texture of the mint",
                    "buttVarName4":"The amount of carbon dioxide in the soda"        
                }        
            },
            "A2": {
                "withinarea":"Within the area of Heat and Temperature,",
                "T1":{
                    "features":"FTR_ICEMELT",
                    "wewillselect":"we will select the topic ice melting time",
                    "belowarevariables":"Below are some variables that might affect the time it takes for an ice cube to melt in water.",
                    "enumVar1":"The initial temperature of the ice cube",
                    "enumVar2":"The initial temperature of the water",
                    "enumVar3":"The pattern on the glass",
                    "enumVar4":"The shape of the glass",
                    "enumUtt4":"And the shape of the glass",
                    "enumMat1":"A thermometer",
                    "enumMat2":"Glass cups",
                    "enumMat3":"Ice cubes and ice bucket",
                    "enumMat4":"Water",
                    "enumMat5":"And a digital clock",
                    "enumProcess1":"We will place an ice cube in a glass filled with 237 milliliters of water.",
                    "enumProcess2":"The ice cube will eventually completely melt.",
                    "enumProcess3":"We can measure the time it takes for the ice cube to melt in water.",
                    "fourcanchange":"In this experiment, there are only four things we can change. Any of these might make a difference in the time it takes for the ice cube to melt in water. These are the four variables you can test in this experiment",

                    "enumValue1":"The initial temperature of the ice cube",
                    "enumValue1a":"0c",
                    "enumValue1b":"-20c",
                    "enumValue2":"The initial temperature of the water",
                    "enumValue2a":"Cold",
                    "enumValue2b":"Hot",
                    "enumValue3":"The pattern on the glass",
                    "enumValue3a":"Striped",
                    "enumValue3b":"Plain",
                    "enumValue4":"The shape of the glass",
                    "enumValue4a":"Short",
                    "enumValue4b":"Tall",
                    
                    "enumValueUtt1a":"the initial temperature of the ice cube which can be zero degrees Celsius",
                    "enumValueUtt1b":"Or negative twenty degrees Celsius, might make a difference",
                    "enumValueUtt2a":"The initial temperature of the water which can be cold",
                    "enumValueUtt2b":"Or hot, might make a difference",
                    "enumValueUtt3a":"The pattern on the glass which can be striped",
                    "enumValueUtt3b":"Or plain, might make a difference",
                    "enumValueUtt4a":"And the shape of the glass which can be short or",
                    "enumValueUtt4b":"Tall. This might also make a difference",
                    "RQ1":{
                        "rqselected":"Does the initial temperature of the ice cube",
                        "ExpSelected":"initial temperature of the ice cube"
                        },
                    "RQ2":{
                        "rqselected":"Does the initial temperature of the water",
                        "ExpSelected":"initial temperature of the water"
                        },
                    "RQ3":{
                        "rqselected":"Does the pattern on the glass",
                        "ExpSelected":"pattern on the glass"
                        },
                    "RQ4":{
                        "rqselected":"Does the shape of the glass",
                        "ExpSelected":"shape of the glass"
                        },
                        "rqselectedall":"affect the time it takes for an ice cube to melt in water?",
                        "rqselectedalls":"affects the time it takes for the ice cube to melt in water?",

                        "DVg":"Time it takes for an ice cube to melt in water",
                        "DVst":"The time it takes for the ice cube to melt in water",
					    "DVs":"time it takes for the ice cube to melt in water",
                        "DVabb":"time to melt",
    
                        "buttVarName1":"The initial temperature of the ice cube",
                        "buttVarName2":"The initial temperature of the water",
                        "buttVarName3":"The pattern on the glass",
                        "buttVarName4":"The shape of the glass"
                },
                "T2":{
                    "features":"FTR_BALLOON",
                    "wewillselect":"we will select the topic temperature of a gas",
                    "belowarevariables":"Below are some variables that might affect the temperature of gas in a balloon.",
                    "enumVar1":"The color of the balloon",
                    "enumVar2":"The amount of sunlight exposure the balloon gets",
                    "enumVar3":"The material the balloon is made of",
                    "enumVar4":"The type of chair the balloon is tied to",
                    "enumUtt4":"And the type of chair the balloon is tied to",
                    "enumMat1":"A balloon",
                    "enumMat2":"A wireless temperature reader and sensor",
                    "enumMat3":"A chair",
                    "enumMat4":"A stopwatch",
                    "enumMat5":"A helium tank",
                    "enumMat6":"And an umbrella",
                    "enumProcess1":"We will pump 5 grams of Helium at 15 degrees Celsius into a balloon.",
                    "enumProcess2":"",
                    "enumProcess3":"Then we will place the balloon outside for 30 minutes.",
                    "enumProcess4":"The temperature of the outside air is 27 degrees Celsius.",
                    "enumProcess5":"We can measure the temperature of the gas after 30 minutes.",
                    "fourcanchange":"In this experiment, there are only four things we can change. Any of these might make a difference in the temperature of gas in the balloon. These are the four variables you can test in this experiment",

                    "enumValue1":"The color of the balloon",
                    "enumValue1a":"Light",
                    "enumValue1b":"Dark",
                    "enumValue2":"The amount of sunlight exposure the balloon gets",
                    "enumValue2a":"Full Sun",
                    "enumValue2b":"Shade",
                    "enumValue3":"The material the balloon is made of",
                    "enumValue3a":"Latex",
                    "enumValue3b":"Foil",
                    "enumValue4":"The type of chair the balloon is tied to",
                    "enumValue4a":"Wooden",
                    "enumValue4b":"Canvas",
                    
                    "enumValueUtt1a":"The color of the balloon, which can be light",
                    "enumValueUtt1b":"Or dark, might make a difference",
                    "enumValueUtt2a":"The amount of sunlight exposure the balloon gets, which can be full sun",
                    "enumValueUtt2b":"Or shade, might make a difference",
                    "enumValueUtt3a":"The material the balloon is made of which can be latex",
                    "enumValueUtt3b":"Or foil, might make a difference",
                    "enumValueUtt4a":"And the type of chair the balloon is tied to, which can be a wooden chair",
                    "enumValueUtt4b":"Or a canvas chair. This might also make a difference",
                    "RQ1":{
                        "rqselected":"Does the color of the balloon",
                        "ExpSelected":"color of the balloon"
                        },
                    "RQ2":{
                        "rqselected":"Does the amount of sunlight exposure the balloon gets",
                        "ExpSelected":"amount of sunlight exposure the balloon gets"
                        },
                    "RQ3":{
                        "rqselected":"Does the material the balloon is made of",
                        "ExpSelected":"material the balloon is made of"
                        },
                    "RQ4":{
                        "rqselected":"Does the type of chair the balloon is tied to",
                        "ExpSelected":"type of chair the balloon is tied to"
                        },

                    "rqselectedall":"affect the gas temperature within the balloon after 30 minutes?",
                    "rqselectedalls":"affects the gas temperature within balloon after 30 minutes?",

                    "DVg":"Temperature of gas in a balloon",
                    "DVst":"The gas temperature within balloon after 30 minutes",
                    "DVs":"gas temperature within balloon after 30 minutes",
                    "DVabb":"Gas temperature",

                    "buttVarName1":"The color of the balloon",
                    "buttVarName2":"The amount of sunlight exposure the balloon gets",
                    "buttVarName3":"The material the balloon is made of",
                    "buttVarName4":"The type of chair the balloon is tied to"
                }
            },
            "A3":{
                "withinarea":"Within the area of Forces and Motion,",
                "T1":{
                    "features":"FTR_RAMPS",
                    "wewillselect":"we will select the topic the speed of balls at the bottom of ramps",
                    "belowarevariables":"Below are some variables that might affect the speed of balls at the bottom of ramps.",
                    "enumVar1":"The Slope of the Ramp",
                    "enumVar2":"The Color of the Ball",
                    "enumVar3":"The Starting Position of the Ball",
                    "enumVar4":"The Surface Texture of the Ramp",
                    "enumUtt4":"And the Surface Texture of the Ramp",
                    "enumMat1":"A speedometer",
                    "enumMat2":"A ramp",
                    "enumMat3":"And a ball",
                    "enumProcess1":"We will place a ball on the ramp.",
                    "enumProcess2":"The ball will roll down the ramp.",
                    "enumProcess3":"We will measure the balls speed at the bottom of the ramp.",
                    "fourcanchange":"In this experiment, there are only four things we can change. Any of these might make a difference in the speed of the ball at the bottom of the ramp. These are the four variables you can test in this experiment",

                    "enumValue1":"The Slope of the Ramp",
                    "enumValue1a":"Not Steep",
                    "enumValue1b":"Steep",
                    "enumValue2":"The Color of the Ball",
                    "enumValue2a":"Yellow",
                    "enumValue2b":"Pink",
                    "enumValue3":"The Starting Position of the Ball",
                    "enumValue3a":"Middle",
                    "enumValue3b":"Top",
                    "enumValue4":"The Surface Texture of the Ramp",
                    "enumValue4a":"Rough",
                    "enumValue4b":"Smooth",
                    
                    "enumValueUtt1a":"The slope of the ramp, which can be not steep",
                    "enumValueUtt1b":"Or steep, might make a difference",
                    "enumValueUtt2a":"The color of the ball which can be yellow",
                    "enumValueUtt2b":"Or pink, might make a difference",
                    "enumValueUtt3a":"The starting position of the ball, which can be in the middle",
                    "enumValueUtt3b":"Or at the top, might make a difference",
                    "enumValueUtt4a":"And the surface texture of the ramp, which can be rough",
                    "enumValueUtt4b":"Or smooth.  This might also make a difference",
                    "RQ1":{
                        "rqselected":"Does the slope of the ramp",
                        "ExpSelected":"slope of the ramp"
                        },
                    "RQ2":{
                        "rqselected":"Does the color of the ball",
                        "ExpSelected":"color of the ball"
                        },
                    "RQ3":{
                        "rqselected":"Does the starting position of the ball",
                        "ExpSelected":"starting position of the ball"
                        },
                    "RQ4":{
                        "rqselected":"Does the surface texture of the ramp",
                        "ExpSelected":"surface texture of the ramp"
                        },
                        "rqselectedall":"affect the speed of the ball at the bottom of the ramp?",
                        "rqselectedalls":"affects the speed of the ball at the bottom of the ramp?",

                        "DVg":"Speed of the ball at the bottom of the ramp",
                        "DVst":"The speed of the ball at the bottom of the ramp",
					    "DVs":"speed of the ball at the bottom of the ramp",
                        "DVabb":"Speed of the ball at the bottom of the ramp",

                        "buttVarName1":"The Slope of the Ramp",
                        "buttVarName2":"The Color of the Ball",
                        "buttVarName3":"The Starting Position of the Ball",
                        "buttVarName4":"The Surface Texture of the Ramp"
                },
                "T2":{
                    "features":"FTR_SINKING",
                    "wewillselect":"we will select the topic the time for objects to sink",
                    "belowarevariables":"Below are some variables that might affect the time it takes for objects to sink in water.",
                    "enumVar1":"Density of the Water",
                    "enumVar2":"Shape of the Object",
                    "enumVar3":"Volume of the Object",
                    "enumVar4":"Density of the Object",
                    "enumUtt4":"And the density of the Object",
                    "enumMat1":"A stopwatch",
                    "enumMat2":"A lead or glass object",
                    "enumMat3":"A graduated cylinder",
                    "enumMat4":"And water",
                    "enumProcess1":"We will place an object into a graduated cylinder filled with water.",
                    "enumProcess2":"",
                    "enumProcess3":"It will sink to the bottom.",
                    "enumProcess4":"",
                    "enumProcess5":"We can measure the time it takes for the object to sink in water.",
                    "fourcanchange":"In this experiment, there are only four things we can change. Any of these might make a difference in the time it takes for objects to sink in water. These are the four variables you can test in this experiment",

                    "enumValue1":"The Density of the Water",
                    "enumValue1a":"Low",
                    "enumValue1b":"High",
                    "enumValue2":"The Shape of the Object",
                    "enumValue2a":"Sphere",
                    "enumValue2b":"Tear-Shaped",
                    "enumValue3":"The Volume of the Object",
                    "enumValue3a":"Small",
                    "enumValue3b":"Large",
                    "enumValue4":"The Density of the Object",
                    "enumValue4a":"High",
                    "enumValue4b":"Low",
                    
                    "enumValueUtt1a":"The density of the water, which can be low",
                    "enumValueUtt1b":"Or high, might make a difference",
                    "enumValueUtt2a":"The shape of the object which can be a sphere",
                    "enumValueUtt2b":"Or tier-shaped, might make a difference",
                    "enumValueUtt3a":"The volume of the object which can be small",
                    "enumValueUtt3b":"Or large, might make a difference",
                    "enumValueUtt4a":"And the density of the object which can be high",
                    "enumValueUtt4b":"Or low.  This might also make a difference",
                    "RQ1":{
                        "rqselected":"Does the density of water",
                        "ExpSelected":"density of water"
                        },
                    "RQ2":{
                        "rqselected":"Does the shape of the object",
                        "ExpSelected":"shape of the object"
                        },
                    "RQ3":{
                        "rqselected":"Does the volume of the object",
                        "ExpSelected":"volume of the object"
                        },
                    "RQ4":{
                        "rqselected":"Does the density of the object",
                        "ExpSelected":"density of the object"
                        },
                        "rqselectedall":"affect the time it takes for objects to sink in water?",
                        "rqselectedalls":"affects the time it takes for objects to sink in water?",

                        "DVg":"Time it takes for objects to sink in water",
                        "DVst":"The time it takes for objects to sink in water",
					    "DVs":"time it takes for objects to sink in water",
                        "DVabb":"time to sink",

                        "buttVarName1":"The Density of the Water",
                        "buttVarName2":"The Shape of the Object",
                        "buttVarName3":"The Volume of the Object",
                        "buttVarName4":"The Density of the Object"
                }
            },
            "A4":{
                "withinarea":"Within the area of Plant Reproduction,",
                "T1":{
                    "features":"FTR_GRHOUSE",
                    "wewillselect":"we will select the topic Flower Reproduction",
                    "belowarevariables":"Below are some variables that might affect the number of seeds produced by flowers in a greenhouse.",
                    "enumVar1":"The Number of honey bees in the greenhouse",
                    "enumVar2":"The Amount of sunlight the greenhouse lets in",
                    "enumVar3":"The Amount of Fertilizer",
                    "enumVar4":"The Type of Water",
                    "enumUtt4":"And the Type of Water",
                    "enumMat1":"A greenhouse",
                    "enumMat2":"Twelve sunflower plants",
                    "enumMat3":"A beehive with bees",
                    "enumMat4":"Fertilizer",
                    "enumMat5":"And water",
                    "enumProcess1":"We will plant twelve sunflowers in the ground in a greenhouse at the beginning of Spring.",
                    "enumProcess2":"",
                    "enumProcess3":"The flowers will produce seeds then die by the end of the season.",
                    "enumProcess4":"We can measure the number of seeds produced by the flowers at the end of the season. ",
                    "fourcanchange":"In this experiment, there are only four things we can change. Any of these might make a difference in the number of seeds produced by the flowers at the end of the season. These are the four variables you can test in this experiment",

                    "enumValue1":"The Number of honey bees in the greenhouse",
                    "enumValue1a":"Zero",
                    "enumValue1b":"Whole Hive",
                    "enumValue2":"The Amount of sunlight the greenhouse lets in",
                    "enumValue2a":"Full Sunlight",
                    "enumValue2b":"Partial Sunlight",
                    "enumValue3":"The Amount of Fertilizer",
                    "enumValue3a":"None",
                    "enumValue3b":"Some",
                    "enumValue4":"The Type of Water",
                    "enumValue4a":"Rain Water",
                    "enumValue4b":"Tap Water",
                    
                    "enumValueUtt1a":"The number of honey bees in the greenhouse, which can be zero",
                    "enumValueUtt1b":"Or a whole hive, might make a difference",
                    "enumValueUtt2a":"The amount of sunlight the greenhouse lets in, which can be full sunlight",
                    "enumValueUtt2b":"Or partial sunlight, might make a difference",
                    "enumValueUtt3a":"The amount of fertilizer, which can be none",
                    "enumValueUtt3b":"Or some, might make a difference",
                    "enumValueUtt4a":"And the type of water, which can be rain water",
                    "enumValueUtt4b":"Or tap water.   This might also make a difference",
                    "RQ1":{
                        "rqselected":"Does the number of honey bees in the greenhouse",
                        "ExpSelected":"number of honey bees in the greenhouse",
                        "ExpSelected2":"The number of honey bees in the greenhouse"
                        },
                    "RQ2":{
                        "rqselected":"Does the amount of sunlight the greenhouse lets in",
                        "ExpSelected":"amount of sunlight the greenhouse lets in"
                        },
                    "RQ3":{
                        "rqselected":"Does the amount of fertilizer",
                        "ExpSelected":"amount of fertilizer"
                        },
                    "RQ4":{
                        "rqselected":"Does the type of water",
                        "ExpSelected":"type of water"
                        },

                    "rqselectedall":"affect the number of seeds produced by flowers at the end of the season?",
                    "rqselectedalls":"affects the number of seeds produced by flowers at the end of the season?",

                    "DVg":"Number of seeds produced by flowers in a greenhouse",
                    "DVst":"The number of seeds produced by the flowers at the end of the season",
                    "DVs":"number of seeds produced by the flowers at the end of the season",
                    "DVabb":"number of seeds",

                    "buttVarName1":"The Number of honey bees in the greenhouse",
                    "buttVarName2":"The Amount of sunlight the greenhouse lets in",
                    "buttVarName3":"The Amount of Fertilizer",
                    "buttVarName4":"The Type of Water"
                },
                "T2":{
                    "features":"FTR_ALGAE",
                    "wewillselect":"we will select the topic Algae Reproduction",
                    "belowarevariables":"Below are some variables that might affect the amount of algae produced in water.",
                    "enumVar1":"The Temperature of the Water",
                    "enumVar2":"The Amount of Exposure to Music",
                    "enumVar3":"The Amount of Carbon Dioxide in the Water",
                    "enumVar4":"The Amount of Direct Sunlight Exposure",
                    "enumUtt4":"And the Amount of Direct Sunlight Exposure",
                    "enumMat1":"A radio",
                    "enumMat2":"A calendar",
                    "enumMat3":"A digital scale",
                    "enumMat4":"A fish tank heater",
                    "enumMat5":"Fifty grams of algae",
                    "enumMat6":"A fish tank filled with 16 liters of water",
                    "enumMat7":"A thermometer",
                    "enumMat8":"And a carbon dioxide machine",
                    "enumProcess1":"We will add fifty grams of algae to a fish tank filled with 16 liters of distilled water.",
                    "enumProcess2":"",
                    "enumProcess3":"We can measure the weight of the algae production after one week.",
                    "fourcanchange":"In this experiment, there are only four things we can change. Any of these might make a difference in the weight of the algae after one week. These are the four variables you can test in this experiment",

                    "enumValue1":"The Temperature of the Water",
                    "enumValue1a":"Room Temperature",
                    "enumValue1b":"Warm",
                    "enumValue2":"The Amount of Exposure to Music",
                    "enumValue2a":"Constant Music",
                    "enumValue2b":"No Music",
                    "enumValue3":"The Amount of Carbon Dioxide in the Water",
                    "enumValue3a":"A Lot",
                    "enumValue3b":"None",
                    "enumValue4":"The Amount of Direct Sunlight Exposure",
                    "enumValue4a":"Some",
                    "enumValue4b":"None",
                    
                    "enumValueUtt1a":"The temperature of the water, which can be room temperature",
                    "enumValueUtt1b":"Or a warm, might make a difference",
                    "enumValueUtt2a":"The amount of exposure to music which can be constant music",
                    "enumValueUtt2b":"Or no music, might make a difference",
                    "enumValueUtt3a":"The amount of carbon dioxide, which can be a lot",
                    "enumValueUtt3b":"Or none, might make a difference",
                    "enumValueUtt4a":"And the amount of direct sunlight exposure, which can be some",
                    "enumValueUtt4b":"Or none. This might also make a difference",

                    "RQ1":{
                        "rqselected":"Does the temperature of the water",
                        "ExpSelected":"temperature of the water"
                        },
                    "RQ2":{
                        "rqselected":"Does the exposure to music",
                        "ExpSelected":"exposure to music"
                        },
                    "RQ3":{
                        "rqselected":"Does the amount of carbon dioxide in the water",
                        "ExpSelected":"amount of carbon dioxide in the water"
                        },
                    "RQ4":{
                        "rqselected":"Does the amount of direct sunlight exposure",
                        "ExpSelected":"amount of direct sunlight exposure"
                        },

                    "rqselectedall":"affect the weight of the algae produced after one week?",
                    "rqselectedalls":"affects the weight of the algae produced after one week?",

                    "DVg":"Amount of algae produced in water",
                    "DVst":"The weight of the algae produced after one week",
                    "DVs":"weight of the algae produced after one week",
                    "DVabb":"algae weight",

                    "buttVarName1":"The Temperature of the Water",
                    "buttVarName2":"The Amount of Exposure to Music", 
                    "buttVarName3":"The Amount of Carbon Dioxide in the Water",
                    "buttVarName4":"The Amount of Direct Sunlight Exposure"
                }
            }
        },
        "EG": {
            "BOTH": {
                "S5aT1a":"Here are all of the materials that may be necessary for this experiment",
                "track1":"In this lesson, we will ask you to set up and evaluate experiments.",
                "track8":"You will set up (but not run) an experiment on the computer to answer the research question that you have selected.",
                "track9":"Let's begin by focusing on one area of science",

                "S10B1":"I'd like to test a different variable for my research question.",
                "S10B2":"I'd like to pick a different area or topic.",
                "S10B3":"I'd like to pick a whole different area.",
                "S10B4":"I like this question."
            },
            "A1": {
                "type": "choice",                
                "pronoun": "you",
                "selecttopic":"please select a topic by clicking on a picture below.",
                "selecttv":"Select the variable you would like to test. This variable is the independent variable of your experiment.",
                "rqselected":"The research question you have chosen is",
                "rqselectedText":"Your research question is:",
                "okselected":"OK! You have chosen as your Research Question",
                "okselectedText":"OK! You have chosen as your Research Question:",
                "cantest":"You can test one of these variables in your experiment.",
                "track2":"But first you will select a general area for the experiment.",
                "track3":"For example, you might select the general area of psychology.",
                "track4":"After you select the general area, you will then select a specific topic within that area.",
                "track5":"For example, within the general area of psychology, you might select the topic attention to color.",
                "track6":"Within that topic, you will select a research question.",
                "track7":"For example, within the topic of attention to color, you might select a research question such as does the color of the t-shirt a person is wearing affect attention?",
                "track10":"Please tap on the area you wish to use for your experiment design.",
                "rqselectedall":""
            },
            "A2": {
                "type": "no choice",
                "pronoun": "we",
                "selecttopic":"Please click the highlighted picture below.",
                "selecttv":"We will test the following variable:",
                "selecttv2":", This variable is the independent variable of the experiment. Please click on the highlighted button below",
                "rqselected":"Our research question is",
                "rqselectedText":"Our research question is:",
                "okselected":"OK! We have chosen the following Research Question",
                "okselectedText":"OK! We have chosen the following Research Question:",
                "cantest":"We can test one of these variables in the experiment.",
                "track2":"But first we will select a general area for the experiment.",
                "track3":"For example, we might select the general area of psychology.",
                "track4":"After we select the general area, we will then select a specific topic within that area.",
                "track5":"For example, within the general area of psychology, we might select the topic attention to color.",
                "track6":"Within that topic, we will select a research question.",
                "track7":"For example, within the topic of attention to color, we might select a research question such as does the color of the t-shirt a person is wearing affect attention?",
                "track10":"we will select the topic, Plant Reproduction. Please click the highlighted picture below.",
                "rqselectedall":""
            },
            "A3": {
                "introtitle": "<p>In this lesson, we will ask you to set up and evaluate experiments.</p><p>Here is the procedure for one practice trial for this experiment.</p>",
                "okselected":"OK! First, design an experiment to answer this research question: ",
                "okselectedText":"OK! First, design an experiment to answer this research question: ",
                "cantest":"We can test one of these variables in the experiment."
            }
        }
    }
}