{"scene":{"SNavigator":{},"SScene1":{"rowsComplete":4,"$seq":[{"prop":"rowsComplete","value":0,"time":1264001743029},{"prop":"complete","value":false,"time":1264001743353},{"prop":"currentRow","value":2,"time":1264001752791},{"prop":"correct","value":false,"time":1264001752791},{"prop":"correct","value":false,"time":1264001752814},{"prop":"currentRow","value":4,"time":1264001762164},{"prop":"correct","value":true,"time":1264001762165},{"prop":"correct","value":false,"time":1264001762194},{"prop":"correct","value":false,"time":1264001767639},{"prop":"correct","value":false,"time":1264001767641},{"prop":"TVSel.col1","value":1,"time":1264001775194},{"prop":"TVSel.col2","value":2,"time":1264001776837},{"prop":"correct","value":true,"time":1264001776837},{"prop":"correct","value":false,"time":1264001776874},{"prop":"rowsComplete","value":1,"time":1264001776880},{"prop":"currentRow","value":0,"time":1264001786452},{"prop":"currentRow","value":1,"time":1264001786452},{"prop":"correct","value":false,"time":1264001786453},{"prop":"VSel.col1","value":null,"time":1264001786453},{"prop":"VSel.col2","value":null,"time":1264001786453},{"prop":"correct","value":false,"time":1264001786455},{"prop":"VSel.col1","value":2,"time":1264001810060},{"prop":"VSel.col2","value":1,"time":1264001813093},{"prop":"correct","value":false,"time":1264001813094},{"prop":"correct","value":false,"time":1264001813125},{"prop":"VSel.col1","value":1,"time":1264001817830},{"prop":"correct","value":true,"time":1264001817830},{"prop":"correct","value":false,"time":1264001817853},{"prop":"rowsComplete","value":2,"time":1264001817864},{"prop":"currentRow","value":2,"time":1264001823501},{"prop":"correct","value":false,"time":1264001823503},{"prop":"VSel.col1","value":null,"time":1264001823503},{"prop":"VSel.col2","value":null,"time":1264001823503},{"prop":"correct","value":false,"time":1264001823505},{"prop":"VSel.col1","value":1,"time":1264001828232},{"prop":"VSel.col2","value":1,"time":1264001829981},{"prop":"correct","value":true,"time":1264001829981},{"prop":"correct","value":false,"time":1264001830016},{"prop":"rowsComplete","value":3,"time":1264001830020},{"prop":"currentRow","value":3,"time":1264001835601},{"prop":"correct","value":false,"time":1264001835602},{"prop":"VSel.col1","value":null,"time":1264001835602},{"prop":"VSel.col2","value":null,"time":1264001835602},{"prop":"correct","value":false,"time":1264001835604},{"prop":"VSel.col1","value":2,"time":1264001838608},{"prop":"VSel.col2","value":2,"time":1264001840222},{"prop":"correct","value":true,"time":1264001840222},{"prop":"correct","value":false,"time":1264001840259},{"prop":"rowsComplete","value":4,"time":1264001840272},{"prop":"currentRow","value":5,"time":1264001845801},{"prop":"complete","value":true,"time":1264001845802},{"prop":"correct","value":false,"time":1264001845803}],"complete":true,"currentRow":5,"correct":false,"TVSel":{"col1":1,"col2":2},"VSel":{"col1":2,"col2":2}},"SScene2":{"complete":true,"$seq":[{"prop":"complete","value":false,"time":1264001849722},{"prop":"complete","value":true,"time":1264001869434},{"prop":"correct","value":false,"time":1264001871295}],"correct":false},"SScene3":{"complete":true,"$seq":[{"prop":"complete","value":false,"time":1264001871384},{"prop":"complete","value":true,"time":1264001878792}]},"SScene4":{"complete":true,"$seq":[{"prop":"complete","value":false,"time":1264001880114},{"prop":"complete","value":true,"time":1264001892330}]},"SScene5":{"complete":true,"$seq":[{"prop":"complete","value":false,"time":1264001894317},{"prop":"complete","value":true,"time":1264001900277}]},"SScene6":{"complete":true,"$seq":[{"prop":"complete","value":false,"time":1264001901658},{"prop":"complete","value":true,"time":1264001913509}]},"SScene7":{"complete":true,"$seq":[{"prop":"complete","value":false,"time":1264001915488},{"prop":"complete","value":true,"time":1264001925224}]},"SScene8":{"complete":true,"$seq":[{"prop":"complete","value":false,"time":1264001926929},{"prop":"complete","value":true,"time":1264001973459}]},"SScene9":{"complete":false,"$seq":[{"prop":"complete","value":false,"time":1264001974893},{"prop":"complete","value":true,"time":1264001980119},{"prop":"complete","value":false,"time":1264001981457}]},"SScene10":{"complete":true,"$seq":[{"prop":"complete","value":false,"time":1264001985340},{"prop":"complete","value":true,"time":1264002002055}]},"SScene12":{"complete":true,"$seq":[{"prop":"complete","value":false,"time":1264002003525},{"prop":"complete","value":true,"time":1264002010712}]},"SScene12A":{"complete":false,"$seq":[{"prop":"complete","value":false,"time":1264002012393},{"prop":"complete","value":true,"time":1264002022331},{"prop":"complete","value":false,"time":1264002023490}]},"SScene13":{"complete":false,"$seq":[{"prop":"complete","value":false,"time":1264002034276},{"prop":"complete","value":true,"time":1264002053030},{"prop":"complete","value":false,"time":1264002054066}]},"SScene15":{"complete":true,"$seq":[{"prop":"complete","value":false,"time":1264002065332},{"prop":"complete","value":false,"time":1264002122973},{"prop":"complete","value":false,"time":1264002125672},{"prop":"complete","value":true,"time":1264002126795},{"prop":"complete","value":false,"time":1264002127886},{"prop":"complete","value":true,"time":1264002170152}]},"SScene16":{"complete":false,"$seq":[{"prop":"complete","value":false,"time":1264002174339}]}},"module":{"selectedArea":{"ontologyKey":"S_A1|name","index":1},"selectedTopic":{"ontologyKey":"S_A1_T2|name","index":2},"selectedVariable":{"ontologyKey":"S_A1_T2_V4|name","index":4},"selectedRQ":{"ontologyKey":"S_A1_T2_RQ4"},"AreaSelectedID":"Sarea1|Sselected","AreaButtonID":"Sbutton1","TopicSelectedID":"Stopic2|Sselected","TopicButtonID":"Sbutton2","VariableHighlightID":"SbuttonHL4","VariableClickMaskID":"SclickMask4","RQconfirmation":"UNKNOWN","$seq":[{"prop":"selectedArea","value":{"ontologyKey":"S_A1|name","index":1},"time":1264001742928},{"prop":"selectedTopic","value":{"ontologyKey":"S_A1_T2|name","index":2},"time":1264001742928},{"prop":"selectedVariable","value":{"ontologyKey":"S_A1_T2_V4|name","index":4},"time":1264001742928},{"prop":"selectedRQ","value":{"ontologyKey":"S_A1_T2_RQ4"},"time":1264001742928},{"prop":"AreaSelectedID","value":"Sarea1|Sselected","time":1264001742928},{"prop":"AreaButtonID","value":"Sbutton1","time":1264001742928},{"prop":"TopicSelectedID","value":"Stopic2|Sselected","time":1264001742928},{"prop":"TopicButtonID","value":"Sbutton2","time":1264001742928},{"prop":"VariableHighlightID","value":"SbuttonHL4","time":1264001742928},{"prop":"VariableClickMaskID","value":"SclickMask4","time":1264001742928},{"prop":"TEDExptNonTarget","value":[2,3,4],"time":1264001742931},{"prop":"TEDExptConfounds","value":[2,3,4],"time":1264001742932},{"prop":"TEDExptDifferent","value":[2,3,4,1],"time":1264001742932},{"prop":"TEDExptArea","value":{"ontologyKey":"S_A1","index":1},"time":1264001742932},{"prop":"TEDExptTopic","value":{"ontologyKey":"S_A1_T2","index":2},"time":1264001742932},{"prop":"TEDExptVariable","value":{"ontologyKey":"S_A1_T2_V1","index":1},"time":1264001742932},{"prop":"TEDExptRQ","value":{"ontologyKey":"S_A1_T2_RQ1","index":1},"time":1264001742932},{"prop":"TEDExptVarNC1","value":{"ontologyKey":"S_A1_T2_V2","index":2},"time":1264001742932},{"prop":"TEDExptVarNC2","value":{"ontologyKey":"S_A1_T2_V3","index":3},"time":1264001742932},{"prop":"TEDExptVarNC3","value":{"ontologyKey":"S_A1_T2_V4","index":4},"time":1264001742932},{"prop":"TEDExptPOSTSequence","value":[{"ontologyKey":"S_A1_T2_V4","index":4},{"ontologyKey":"S_A1_T2_V1","index":1},{"ontologyKey":"S_A1_T2_V2","index":2},{"ontologyKey":"S_A1_T2_V3","index":3}],"time":1264001742932},{"prop":"TEDExpt1V1","value":{"ontologyKey":"S_A1_T2_V1_A","index":1},"time":1264001742933},{"prop":"TEDExpt2V1","value":{"ontologyKey":"S_A1_T2_V1_A","index":1},"time":1264001742933},{"prop":"TEDExpt1V2","value":{"ontologyKey":"S_A1_T2_V2_A","index":2},"time":1264001742933},{"prop":"TEDExpt2V2","value":{"ontologyKey":"S_A1_T2_V2_A","index":2},"time":1264001742933},{"prop":"TEDExpt1V3","value":{"ontologyKey":"S_A1_T2_V3_A","index":3},"time":1264001742933},{"prop":"TEDExpt2V3","value":{"ontologyKey":"S_A1_T2_V3_A","index":3},"time":1264001742933},{"prop":"TEDExpt1V4","value":{"ontologyKey":"S_A1_T2_V4_A","index":4},"time":1264001742933},{"prop":"TEDExpt2V4","value":{"ontologyKey":"S_A1_T2_V4_A","index":4},"time":1264001742933},{"prop":"TEDExpt2V2","value":{"ontologyKey":"S_A1_T2_V2_B","index":2},"time":1264001742933},{"prop":"TEDExpt2V3","value":{"ontologyKey":"S_A1_T2_V3_B","index":3},"time":1264001742933},{"prop":"TEDExpt2V4","value":{"ontologyKey":"S_A1_T2_V4_B","index":4},"time":1264001742933},{"prop":"TEDExpt2V1","value":{"ontologyKey":"S_A1_T2_V1_B","index":1},"time":1264001742933},{"prop":"TEDExptNC1SameDiff","value":{"ontologyKey":"TED_E1_Q7NC1DIFF","value":"diff","index":2},"time":1264001742933},{"prop":"TEDExptNC1Confound","value":{"ontologyKey":"S_A1_T2_V2","index":2},"time":1264001742933},{"prop":"TEDExptNC2SameDiff","value":{"ontologyKey":"TED_E1_Q7NC2DIFF","value":"diff","index":3},"time":1264001742933},{"prop":"TEDExptNC2Confound","value":{"ontologyKey":"S_A1_T2_V3","index":3},"time":1264001742933},{"prop":"TEDExptNC3SameDiff","value":{"ontologyKey":"TED_E1_Q7NC3DIFF","value":"diff","index":4},"time":1264001742933},{"prop":"TEDExptNC3Confound","value":{"ontologyKey":"S_A1_T2_V4","index":4},"time":1264001742933},{"prop":"TEDExptNonTarget","value":[2,3,4],"time":1264001743005},{"prop":"TEDExptConfounds","value":[2,3,4],"time":1264001743005},{"prop":"TEDExptDifferent","value":[2,3,4,1],"time":1264001743005},{"prop":"TEDExptArea","value":{"ontologyKey":"S_A1","index":1},"time":1264001743005},{"prop":"TEDExptTopic","value":{"ontologyKey":"S_A1_T2","index":2},"time":1264001743005},{"prop":"TEDExptVariable","value":{"ontologyKey":"S_A1_T2_V1","index":1},"time":1264001743005},{"prop":"TEDExptRQ","value":{"ontologyKey":"S_A1_T2_RQ1","index":1},"time":1264001743005},{"prop":"TEDExptVarNC1","value":{"ontologyKey":"S_A1_T2_V2","index":2},"time":1264001743005},{"prop":"TEDExptVarNC2","value":{"ontologyKey":"S_A1_T2_V3","index":3},"time":1264001743005},{"prop":"TEDExptVarNC3","value":{"ontologyKey":"S_A1_T2_V4","index":4},"time":1264001743005},{"prop":"TEDExptPOSTSequence","value":[{"ontologyKey":"S_A1_T2_V4","index":4},{"ontologyKey":"S_A1_T2_V1","index":1},{"ontologyKey":"S_A1_T2_V2","index":2},{"ontologyKey":"S_A1_T2_V3","index":3}],"time":1264001743005},{"prop":"TEDExpt1V1","value":{"ontologyKey":"S_A1_T2_V1_A","index":1},"time":1264001743005},{"prop":"TEDExpt2V1","value":{"ontologyKey":"S_A1_T2_V1_A","index":1},"time":1264001743005},{"prop":"TEDExpt1V2","value":{"ontologyKey":"S_A1_T2_V2_A","index":2},"time":1264001743005},{"prop":"TEDExpt2V2","value":{"ontologyKey":"S_A1_T2_V2_A","index":2},"time":1264001743005},{"prop":"TEDExpt1V3","value":{"ontologyKey":"S_A1_T2_V3_A","index":3},"time":1264001743005},{"prop":"TEDExpt2V3","value":{"ontologyKey":"S_A1_T2_V3_A","index":3},"time":1264001743005},{"prop":"TEDExpt1V4","value":{"ontologyKey":"S_A1_T2_V4_A","index":4},"time":1264001743005},{"prop":"TEDExpt2V4","value":{"ontologyKey":"S_A1_T2_V4_A","index":4},"time":1264001743005},{"prop":"TEDExpt2V2","value":{"ontologyKey":"S_A1_T2_V2_B","index":2},"time":1264001743005},{"prop":"TEDExpt2V3","value":{"ontologyKey":"S_A1_T2_V3_B","index":3},"time":1264001743005},{"prop":"TEDExpt2V4","value":{"ontologyKey":"S_A1_T2_V4_B","index":4},"time":1264001743005},{"prop":"TEDExpt2V1","value":{"ontologyKey":"S_A1_T2_V1_B","index":1},"time":1264001743005},{"prop":"TEDExptNC1SameDiff","value":{"ontologyKey":"TED_E1_Q7NC1DIFF","value":"diff","index":2},"time":1264001743005},{"prop":"TEDExptNC1Confound","value":{"ontologyKey":"S_A1_T2_V2","index":2},"time":1264001743005},{"prop":"TEDExptNC2SameDiff","value":{"ontologyKey":"TED_E1_Q7NC2DIFF","value":"diff","index":3},"time":1264001743005},{"prop":"TEDExptNC2Confound","value":{"ontologyKey":"S_A1_T2_V3","index":3},"time":1264001743005},{"prop":"TEDExptNC3SameDiff","value":{"ontologyKey":"TED_E1_Q7NC3DIFF","value":"diff","index":4},"time":1264001743006},{"prop":"TEDExptNC3Confound","value":{"ontologyKey":"S_A1_T2_V4","index":4},"time":1264001743006},{"prop":"TEDExptNonTarget","value":[2,3,4],"time":1264001743353},{"prop":"TEDExptConfounds","value":[2,3,4],"time":1264001743353},{"prop":"TEDExptDifferent","value":[2,3,4,1],"time":1264001743353},{"prop":"TEDExptArea","value":{"ontologyKey":"S_A1","index":1},"time":1264001743353},{"prop":"TEDExptTopic","value":{"ontologyKey":"S_A1_T2","index":2},"time":1264001743353},{"prop":"TEDExptVariable","value":{"ontologyKey":"S_A1_T2_V1","index":1},"time":1264001743353},{"prop":"TEDExptRQ","value":{"ontologyKey":"S_A1_T2_RQ1","index":1},"time":1264001743353},{"prop":"TEDExptVarNC1","value":{"ontologyKey":"S_A1_T2_V2","index":2},"time":1264001743353},{"prop":"TEDExptVarNC2","value":{"ontologyKey":"S_A1_T2_V3","index":3},"time":1264001743353},{"prop":"TEDExptVarNC3","value":{"ontologyKey":"S_A1_T2_V4","index":4},"time":1264001743353},{"prop":"TEDExptPOSTSequence","value":[{"ontologyKey":"S_A1_T2_V4","index":4},{"ontologyKey":"S_A1_T2_V1","index":1},{"ontologyKey":"S_A1_T2_V2","index":2},{"ontologyKey":"S_A1_T2_V3","index":3}],"time":1264001743353},{"prop":"TEDExpt1V1","value":{"ontologyKey":"S_A1_T2_V1_A","index":1},"time":1264001743353},{"prop":"TEDExpt2V1","value":{"ontologyKey":"S_A1_T2_V1_A","index":1},"time":1264001743353},{"prop":"TEDExpt1V2","value":{"ontologyKey":"S_A1_T2_V2_A","index":2},"time":1264001743353},{"prop":"TEDExpt2V2","value":{"ontologyKey":"S_A1_T2_V2_A","index":2},"time":1264001743353},{"prop":"TEDExpt1V3","value":{"ontologyKey":"S_A1_T2_V3_A","index":3},"time":1264001743353},{"prop":"TEDExpt2V3","value":{"ontologyKey":"S_A1_T2_V3_A","index":3},"time":1264001743353},{"prop":"TEDExpt1V4","value":{"ontologyKey":"S_A1_T2_V4_A","index":4},"time":1264001743353},{"prop":"TEDExpt2V4","value":{"ontologyKey":"S_A1_T2_V4_A","index":4},"time":1264001743353},{"prop":"TEDExpt2V2","value":{"ontologyKey":"S_A1_T2_V2_B","index":2},"time":1264001743353},{"prop":"TEDExpt2V3","value":{"ontologyKey":"S_A1_T2_V3_B","index":3},"time":1264001743353},{"prop":"TEDExpt2V4","value":{"ontologyKey":"S_A1_T2_V4_B","index":4},"time":1264001743353},{"prop":"TEDExpt2V1","value":{"ontologyKey":"S_A1_T2_V1_B","index":1},"time":1264001743353},{"prop":"TEDExptNC1SameDiff","value":{"ontologyKey":"TED_E1_Q7NC1DIFF","value":"diff","index":2},"time":1264001743353},{"prop":"TEDExptNC1Confound","value":{"ontologyKey":"S_A1_T2_V2","index":2},"time":1264001743353},{"prop":"TEDExptNC2SameDiff","value":{"ontologyKey":"TED_E1_Q7NC2DIFF","value":"diff","index":3},"time":1264001743353},{"prop":"TEDExptNC2Confound","value":{"ontologyKey":"S_A1_T2_V3","index":3},"time":1264001743353},{"prop":"TEDExptNC3SameDiff","value":{"ontologyKey":"TED_E1_Q7NC3DIFF","value":"diff","index":4},"time":1264001743353},{"prop":"TEDExptNC3Confound","value":{"ontologyKey":"S_A1_T2_V4","index":4},"time":1264001743353},{"prop":"differentRow","value":4,"time":1264001776880},{"prop":"independentVarN","value":{"row":1,"col":0,"ontologyKey":"S_A1_T2_V1|name","isText":true,"selectedValue":"Type of Sweetener","cell":{}},"time":1264001786452},{"prop":"sameRow1","value":1,"time":1264001817864},{"prop":"independentVarN","value":{"row":2,"col":0,"ontologyKey":"S_A1_T2_V2|name","isText":true,"selectedValue":"Amount of Caffeine","cell":{}},"time":1264001823501},{"prop":"sameRow2","value":2,"time":1264001830020},{"prop":"independentVarN","value":{"row":3,"col":0,"ontologyKey":"S_A1_T2_V3|name","isText":true,"selectedValue":"Texture of Mint","cell":{}},"time":1264001835601},{"prop":"sameRow3","value":3,"time":1264001840272},{"prop":"independentVarN","value":{"row":4,"col":0,"ontologyKey":"S_A1_T2_V4|name","isText":true,"selectedValue":"Amount of CO2","cell":{},"processed":true},"time":1264001845802},{"prop":"Expt1_Q1","value":{"name":"{{$EFO_TED_E1_LISTYN|no}}","ontologyKey":"TED_E1_LISTYN|no","index":2,"value":true,"id":"correct"},"time":1264001980119},{"prop":"Expt1_Q","value":{"name":"{{$EFO_TED_E1_LISTYN|no}}","ontologyKey":"TED_E1_LISTYN|no","index":2,"value":true,"id":"correct"},"time":1264001980119},{"prop":"Expt1_Reason","value":{"name":"{{$EFO_TED_E1_LISTQ23|ans2}}","value":"$EFL_efdata.TED.E1.LISTQ23","ontologyKey":"TED_E1_LISTQ23|yes","index":2,"id":"2"},"time":1264002002055},{"prop":"Expt1_Q4","value":{"name":"{{$EFO_TED_E1_LISTYN|no}}","ontologyKey":"TED_E1_LISTYN|no","index":2,"value":true,"id":"correct"},"time":1264002022331},{"prop":"Imagine1","value":{"name":"{{$EFO_TED_E1_LISTYN|no}}","ontologyKey":"TED_E1_LISTYN|no","index":2,"value":true,"id":"correct"},"time":1264002022331},{"prop":"Imagine1_Reason","value":{"name":"{{$EFO_TED_E1_LISTQ56|ans6}}","value":"$EFL_efdata.TED.E1.LISTQ56","ontologyKey":"TED_E1_LISTQ56|yes","index":6,"id":"6"},"time":1264002053030},{"prop":"FFocus:1","value":{"Row-2 Col-3":"Could Not cause","Row-3 Col-3":"Could Not cause","Row-4 Col-3":"Could Not cause"},"time":1264002065332},{"prop":"TEDFeatureFocus","value":["","Could Not cause","Could Not cause","Could Not cause"],"time":1264002065695},{"prop":"CHG:FFocus:1:Row-2 Col-3","value":"Could Not cause","time":1264002122972},{"prop":"TEDFeatureFocus","value":["","Could Not cause","Could Not cause","Could Not cause"],"time":1264002122972},{"prop":"CHG:FFocus:1:Row-3 Col-3","value":"Could Not cause","time":1264002125672},{"prop":"TEDFeatureFocus","value":["","Could Not cause","Could Not cause","Could Not cause"],"time":1264002125672},{"prop":"CHG:FFocus:1:Row-4 Col-3","value":"Could Not cause","time":1264002126795},{"prop":"TEDFeatureFocus","value":["","Could Not cause","Could Not cause","Could Not cause"],"time":1264002126795},{"prop":"FFocus:1_CorrExp:","value":{},"time":1264002174339}],"TEDExptNonTarget":[2,3,4],"TEDExptConfounds":[2,3,4],"TEDExptDifferent":[2,3,4,1],"TEDExptArea":{"ontologyKey":"S_A1","index":1},"TEDExptTopic":{"ontologyKey":"S_A1_T2","index":2},"TEDExptVariable":{"ontologyKey":"S_A1_T2_V1","index":1},"TEDExptRQ":{"ontologyKey":"S_A1_T2_RQ1","index":1},"TEDExptVarNC1":{"ontologyKey":"S_A1_T2_V2","index":2},"TEDExptVarNC2":{"ontologyKey":"S_A1_T2_V3","index":3},"TEDExptVarNC3":{"ontologyKey":"S_A1_T2_V4","index":4},"TEDExptPOSTSequence":[{"ontologyKey":"S_A1_T2_V4","index":4},{"ontologyKey":"S_A1_T2_V1","index":1},{"ontologyKey":"S_A1_T2_V2","index":2},{"ontologyKey":"S_A1_T2_V3","index":3}],"TEDExpt1V1":{"ontologyKey":"S_A1_T2_V1_A","index":1},"TEDExpt2V1":{"ontologyKey":"S_A1_T2_V1_B","index":1},"TEDExpt1V2":{"ontologyKey":"S_A1_T2_V2_A","index":2},"TEDExpt2V2":{"ontologyKey":"S_A1_T2_V2_B","index":2},"TEDExpt1V3":{"ontologyKey":"S_A1_T2_V3_A","index":3},"TEDExpt2V3":{"ontologyKey":"S_A1_T2_V3_B","index":3},"TEDExpt1V4":{"ontologyKey":"S_A1_T2_V4_A","index":4},"TEDExpt2V4":{"ontologyKey":"S_A1_T2_V4_B","index":4},"TEDExptNC1SameDiff":{"ontologyKey":"TED_E1_Q7NC1DIFF","value":"diff","index":2},"TEDExptNC1Confound":{"ontologyKey":"S_A1_T2_V2","index":2},"TEDExptNC2SameDiff":{"ontologyKey":"TED_E1_Q7NC2DIFF","value":"diff","index":3},"TEDExptNC2Confound":{"ontologyKey":"S_A1_T2_V3","index":3},"TEDExptNC3SameDiff":{"ontologyKey":"TED_E1_Q7NC3DIFF","value":"diff","index":4},"TEDExptNC3Confound":{"ontologyKey":"S_A1_T2_V4","index":4},"differentRow":4,"independentVarN":{"row":4,"col":0,"ontologyKey":"S_A1_T2_V4|name","isText":true,"selectedValue":"Amount of CO2","cell":{},"processed":true},"sameRow1":1,"sameRow2":2,"sameRow3":3,"Expt1_Q1":{"name":"{{$EFO_TED_E1_LISTYN|no}}","ontologyKey":"TED_E1_LISTYN|no","index":2,"value":true,"id":"correct"},"Expt1_Q":{"name":"{{$EFO_TED_E1_LISTYN|no}}","ontologyKey":"TED_E1_LISTYN|no","index":2,"value":true,"id":"correct"},"Expt1_Reason":{"name":"{{$EFO_TED_E1_LISTQ23|ans2}}","value":"$EFL_efdata.TED.E1.LISTQ23","ontologyKey":"TED_E1_LISTQ23|yes","index":2,"id":"2"},"Expt1_Q4":{"name":"{{$EFO_TED_E1_LISTYN|no}}","ontologyKey":"TED_E1_LISTYN|no","index":2,"value":true,"id":"correct"},"Imagine1":{"name":"{{$EFO_TED_E1_LISTYN|no}}","ontologyKey":"TED_E1_LISTYN|no","index":2,"value":true,"id":"correct"},"Imagine1_Reason":{"name":"{{$EFO_TED_E1_LISTQ56|ans6}}","value":"$EFL_efdata.TED.E1.LISTQ56","ontologyKey":"TED_E1_LISTQ56|yes","index":6,"id":"6"},"FFocus:1":{"Row-2 Col-3":"Could Not cause","Row-3 Col-3":"Could Not cause","Row-4 Col-3":"Could Not cause"},"TEDFeatureFocus":["","Could Not cause","Could Not cause","Could Not cause"],"CHG:FFocus:1:Row-2 Col-3":"Could Not cause","CHG:FFocus:1:Row-3 Col-3":"Could Not cause","CHG:FFocus:1:Row-4 Col-3":"Could Not cause","FFocus:1_CorrExp:":{}},"tutor":{"experimentalGroup":{"ontologyKey":"EG_A2"},"$seq":[{"prop":"experimentalGroup.ontologyKey","value":"EG_A2","time":1264001742928}]}}