{"scene":{"SNavigator":{},"SIntro":{"complete":false,"$seq":[{"prop":"complete","value":false,"time":1556110784488}]},"SScene1":{"complete":true,"$seq":[{"prop":"complete","value":false,"time":1556110799351},{"prop":"Sg1","value":"true","time":1556110815518},{"prop":"DR1:Sg1","value":"ans1","time":1556110815518},{"prop":"complete","value":true,"time":1556110815519},{"prop":"Sg1","value":"true","time":1556110815520},{"prop":"complete","value":true,"time":1556110815520}],"Sg1":"true","DR1:Sg1":"ans1"},"SScene2":{"complete":true,"$seq":[{"prop":"complete","value":false,"time":1556110816624},{"prop":"Sg1","value":"true","time":1556110842879},{"prop":"DR2:Sg1","value":"ans4","time":1556110842879},{"prop":"complete","value":true,"time":1556110842879},{"prop":"Sg1","value":"true","time":1556110842880},{"prop":"complete","value":true,"time":1556110842880},{"prop":"Sg1","value":"true","time":1556110843854},{"prop":"DR2:Sg1","value":"ans3","time":1556110843854},{"prop":"complete","value":true,"time":1556110843854},{"prop":"Sg1","value":"true","time":1556110843855},{"prop":"complete","value":true,"time":1556110843855},{"prop":"Sg1","value":"true","time":1556110844448},{"prop":"DR2:Sg1","value":"ans4","time":1556110844448},{"prop":"complete","value":true,"time":1556110844448},{"prop":"Sg1","value":"true","time":1556110844449},{"prop":"complete","value":true,"time":1556110844449}],"Sg1":"true","DR2:Sg1":"ans4"},"SScene3":{"complete":true,"$seq":[{"prop":"complete","value":false,"time":1556110845664},{"prop":"Sg1","value":"true","time":1556110906392},{"prop":"DR3:Sg1","value":"ans3","time":1556110906392},{"prop":"complete","value":true,"time":1556110906392},{"prop":"Sg1","value":"true","time":1556110906393},{"prop":"complete","value":true,"time":1556110906393}],"Sg1":"true","DR3:Sg1":"ans3"},"SScene4":{"complete":false,"$seq":[{"prop":"complete","value":false,"time":1556110908525}]}},"module":{},"tutor":{}}