{"scene":{"SNavigator":{},"SMatsIntro":{"complete":true,"$seq":[{"prop":"complete","value":false,"time":1556110779686},{"prop":"complete","value":true,"time":1556110793437}]},"SMatsPre1":{"complete":true,"$seq":[{"prop":"complete","value":false,"time":1556110814238},{"prop":"Sg2","value":"true","time":1556110820488},{"prop":"PreTest:Sg2","value":"b5","time":1556110820488},{"prop":"complete","value":false,"time":1556110820489},{"prop":"Sg2","value":"true","time":1556110820490},{"prop":"complete","value":false,"time":1556110820490},{"prop":"Sg1","value":"true","time":1556110827450},{"prop":"PreTest:Sg1","value":"b4","time":1556110827450},{"prop":"complete","value":false,"time":1556110827450},{"prop":"Sg1","value":"true","time":1556110827450},{"prop":"complete","value":false,"time":1556110827450},{"prop":"Sg3","value":"true","time":1556110849985},{"prop":"PreTest:Sg3","value":"b2","time":1556110849985},{"prop":"complete","value":false,"time":1556110849985},{"prop":"Sg3","value":"true","time":1556110849986},{"prop":"complete","value":false,"time":1556110849986},{"prop":"Sg4","value":"true","time":1556110856085},{"prop":"PreTest:Sg4","value":"b4","time":1556110856085},{"prop":"complete","value":true,"time":1556110856085},{"prop":"Sg4","value":"true","time":1556110856086},{"prop":"complete","value":true,"time":1556110856086},{"prop":"Sg4","value":"true","time":1556110864955},{"prop":"PreTest:Sg4","value":"b3","time":1556110864955},{"prop":"complete","value":true,"time":1556110864955},{"prop":"Sg4","value":"true","time":1556110864955},{"prop":"complete","value":true,"time":1556110864955},{"prop":"Sg4","value":"true","time":1556110865324},{"prop":"PreTest:Sg4","value":"b3","time":1556110865324},{"prop":"complete","value":true,"time":1556110865324},{"prop":"Sg4","value":"true","time":1556110865325},{"prop":"complete","value":true,"time":1556110865325}],"Sg2":"true","PreTest:Sg2":"b5","Sg1":"true","PreTest:Sg1":"b4","Sg3":"true","PreTest:Sg3":"b2","Sg4":"true","PreTest:Sg4":"b3"},"SMatsPre2":{"complete":false,"$seq":[{"prop":"complete","value":false,"time":1556110870702}]}},"module":{},"tutor":{}}