{"scene":{"SNavigator":{},"SIntro":{"complete":false,"$seq":[{"prop":"complete","value":false,"time":1554729014161}]},"SScene1":{"complete":true,"$seq":[{"prop":"complete","value":false,"time":1554729029106},{"prop":"Sg1","value":"true","time":1554729051971},{"prop":"DR1:Sg1","value":"ans1","time":1554729051971},{"prop":"complete","value":true,"time":1554729051971},{"prop":"Sg1","value":"true","time":1554729051972},{"prop":"complete","value":true,"time":1554729051972}],"Sg1":"true","DR1:Sg1":"ans1"},"SScene2":{"complete":true,"$seq":[{"prop":"complete","value":false,"time":1554729053654},{"prop":"Sg1","value":"true","time":1554729085454},{"prop":"DR2:Sg1","value":"ans1","time":1554729085454},{"prop":"complete","value":true,"time":1554729085454},{"prop":"Sg1","value":"true","time":1554729085455},{"prop":"complete","value":true,"time":1554729085455}],"Sg1":"true","DR2:Sg1":"ans1"},"SScene3":{"complete":true,"$seq":[{"prop":"complete","value":false,"time":1554729089447},{"prop":"Sg1","value":"true","time":1554729141904},{"prop":"DR3:Sg1","value":"ans3","time":1554729141904},{"prop":"complete","value":true,"time":1554729141904},{"prop":"Sg1","value":"true","time":1554729141905},{"prop":"complete","value":true,"time":1554729141905},{"prop":"Sg1","value":"true","time":1554729160680},{"prop":"DR3:Sg1","value":"ans4","time":1554729160680},{"prop":"complete","value":true,"time":1554729160680},{"prop":"Sg1","value":"true","time":1554729160680},{"prop":"complete","value":true,"time":1554729160680},{"prop":"Sg1","value":"true","time":1554729161801},{"prop":"DR3:Sg1","value":"ans3","time":1554729161801},{"prop":"complete","value":true,"time":1554729161801},{"prop":"Sg1","value":"true","time":1554729161801},{"prop":"complete","value":true,"time":1554729161801}],"Sg1":"true","DR3:Sg1":"ans3"},"SScene4":{"complete":false,"$seq":[{"prop":"complete","value":false,"time":1554729162735}]}},"module":{},"tutor":{}}