{"scene":{"SNavigator":{},"SIntro":{"complete":false,"$seq":[{"prop":"complete","value":false,"time":1554742142014}]},"SScene1":{"complete":true,"$seq":[{"prop":"complete","value":false,"time":1554742156999},{"prop":"Sg1","value":"true","time":1554742184805},{"prop":"DR1:Sg1","value":"ans3","time":1554742184805},{"prop":"complete","value":true,"time":1554742184805},{"prop":"Sg1","value":"true","time":1554742184807},{"prop":"complete","value":true,"time":1554742184807},{"prop":"Sg1","value":"true","time":1554742185775},{"prop":"DR1:Sg1","value":"ans3","time":1554742185775},{"prop":"complete","value":true,"time":1554742185775},{"prop":"Sg1","value":"true","time":1554742185776},{"prop":"complete","value":true,"time":1554742185776},{"prop":"Sg1","value":"true","time":1554742200147},{"prop":"DR1:Sg1","value":"ans1","time":1554742200147},{"prop":"complete","value":true,"time":1554742200147},{"prop":"Sg1","value":"true","time":1554742200148},{"prop":"complete","value":true,"time":1554742200148}],"Sg1":"true","DR1:Sg1":"ans1"},"SScene2":{"complete":true,"$seq":[{"prop":"complete","value":false,"time":1554742201218},{"prop":"Sg1","value":"true","time":1554742246615},{"prop":"DR2:Sg1","value":"ans1","time":1554742246615},{"prop":"complete","value":true,"time":1554742246615},{"prop":"Sg1","value":"true","time":1554742246615},{"prop":"complete","value":true,"time":1554742246615}],"Sg1":"true","DR2:Sg1":"ans1"},"SScene3":{"complete":true,"$seq":[{"prop":"complete","value":false,"time":1554742247477},{"prop":"Sg1","value":"true","time":1554742249104},{"prop":"DR3:Sg1","value":"ans3","time":1554742249104},{"prop":"complete","value":true,"time":1554742249104},{"prop":"Sg1","value":"true","time":1554742249105},{"prop":"complete","value":true,"time":1554742249105}],"Sg1":"true","DR3:Sg1":"ans3"},"SScene4":{"complete":true,"$seq":[{"prop":"complete","value":false,"time":1554742250640},{"prop":"Sg1","value":"true","time":1554742252082},{"prop":"DR4:Sg1","value":"ans2","time":1554742252082},{"prop":"complete","value":true,"time":1554742252082},{"prop":"Sg1","value":"true","time":1554742252083},{"prop":"complete","value":true,"time":1554742252083},{"prop":"Sg1","value":"true","time":1554742254821},{"prop":"DR4:Sg1","value":"ans3","time":1554742254821},{"prop":"complete","value":true,"time":1554742254821},{"prop":"Sg1","value":"true","time":1554742254821},{"prop":"complete","value":true,"time":1554742254822}],"Sg1":"true","DR4:Sg1":"ans3"},"SSubmit":{"complete":false,"$seq":[{"prop":"complete","value":false,"time":1554742255557}]}},"module":{},"tutor":{}}