{"scene":{"SNavigator":{},"SScene1":{"rowsComplete":4,"$seq":[{"prop":"rowsComplete","value":0,"time":1556198062094},{"prop":"complete","value":false,"time":1556198062449},{"prop":"currentRow","value":1,"time":1556198067988},{"prop":"correct","value":true,"time":1556198067988},{"prop":"correct","value":false,"time":1556198068000},{"prop":"correct","value":false,"time":1556198073479},{"prop":"correct","value":false,"time":1556198073481},{"prop":"TVSel.col1","value":1,"time":1556198082014},{"prop":"TVSel.col2","value":2,"time":1556198084214},{"prop":"correct","value":true,"time":1556198084214},{"prop":"correct","value":false,"time":1556198084238},{"prop":"rowsComplete","value":1,"time":1556198084243},{"prop":"currentRow","value":0,"time":1556198093580},{"prop":"currentRow","value":2,"time":1556198093580},{"prop":"correct","value":false,"time":1556198093581},{"prop":"VSel.col1","value":null,"time":1556198093581},{"prop":"VSel.col2","value":null,"time":1556198093582},{"prop":"correct","value":false,"time":1556198093583},{"prop":"VSel.col1","value":1,"time":1556198104982},{"prop":"VSel.col2","value":1,"time":1556198106834},{"prop":"correct","value":true,"time":1556198106834},{"prop":"correct","value":false,"time":1556198106857},{"prop":"rowsComplete","value":2,"time":1556198106860},{"prop":"currentRow","value":3,"time":1556198112468},{"prop":"correct","value":false,"time":1556198112469},{"prop":"VSel.col1","value":null,"time":1556198112470},{"prop":"VSel.col2","value":null,"time":1556198112470},{"prop":"correct","value":false,"time":1556198112471},{"prop":"VSel.col1","value":2,"time":1556198115192},{"prop":"VSel.col2","value":2,"time":1556198116755},{"prop":"correct","value":true,"time":1556198116755},{"prop":"correct","value":false,"time":1556198116790},{"prop":"rowsComplete","value":3,"time":1556198116792},{"prop":"currentRow","value":4,"time":1556198122350},{"prop":"correct","value":false,"time":1556198122351},{"prop":"VSel.col1","value":null,"time":1556198122352},{"prop":"VSel.col2","value":null,"time":1556198122352},{"prop":"correct","value":false,"time":1556198122353},{"prop":"VSel.col1","value":2,"time":1556198125421},{"prop":"VSel.col2","value":2,"time":1556198127115},{"prop":"correct","value":true,"time":1556198127115},{"prop":"correct","value":false,"time":1556198127168},{"prop":"rowsComplete","value":4,"time":1556198127170},{"prop":"currentRow","value":5,"time":1556198132817},{"prop":"complete","value":true,"time":1556198132817},{"prop":"correct","value":false,"time":1556198132818}],"complete":true,"currentRow":5,"correct":false,"TVSel":{"col1":1,"col2":2},"VSel":{"col1":2,"col2":2}},"SScene2":{"complete":false,"$seq":[{"prop":"complete","value":false,"time":1556198134324}]}},"module":{"selectedArea":{"ontologyKey":"S_A3|name","index":3},"selectedTopic":{"ontologyKey":"S_A3_T1|name","index":1},"selectedVariable":{"ontologyKey":"S_A3_T1_V1|name","index":1},"selectedRQ":{"ontologyKey":"S_A3_T1_RQ1","index":"1"},"RQconfirmation":"UNKNOWN","TEDExptNonTarget":[1,3,4],"$seq":[{"prop":"TEDExptNonTarget","value":[1,3,4],"time":1556198061999},{"prop":"TEDExptConfounds","value":[3,4,1],"time":1556198061999},{"prop":"TEDExptDifferent","value":[3,4,1,2],"time":1556198061999},{"prop":"TEDExptArea","value":{"ontologyKey":"S_A3","index":3},"time":1556198061999},{"prop":"TEDExptTopic","value":{"ontologyKey":"S_A3_T1","index":1},"time":1556198061999},{"prop":"TEDExptVariable","value":{"ontologyKey":"S_A3_T1_V2","index":2},"time":1556198061999},{"prop":"TEDExptRQ","value":{"ontologyKey":"S_A3_T1_RQ2","index":2},"time":1556198061999},{"prop":"TEDExptVarNC1","value":{"ontologyKey":"S_A3_T1_V1","index":1},"time":1556198061999},{"prop":"TEDExptVarNC2","value":{"ontologyKey":"S_A3_T1_V3","index":3},"time":1556198061999},{"prop":"TEDExptVarNC3","value":{"ontologyKey":"S_A3_T1_V4","index":4},"time":1556198061999},{"prop":"TEDExptPOSTSequence","value":[{"ontologyKey":"S_A3_T1_V1","index":1},{"ontologyKey":"S_A3_T1_V2","index":2},{"ontologyKey":"S_A3_T1_V3","index":3},{"ontologyKey":"S_A3_T1_V4","index":4}],"time":1556198061999},{"prop":"TEDExpt1V1","value":{"ontologyKey":"S_A3_T1_V1_A","index":1},"time":1556198061999},{"prop":"TEDExpt2V1","value":{"ontologyKey":"S_A3_T1_V1_A","index":1},"time":1556198062000},{"prop":"TEDExpt1V2","value":{"ontologyKey":"S_A3_T1_V2_A","index":2},"time":1556198062000},{"prop":"TEDExpt2V2","value":{"ontologyKey":"S_A3_T1_V2_A","index":2},"time":1556198062000},{"prop":"TEDExpt1V3","value":{"ontologyKey":"S_A3_T1_V3_A","index":3},"time":1556198062000},{"prop":"TEDExpt2V3","value":{"ontologyKey":"S_A3_T1_V3_A","index":3},"time":1556198062000},{"prop":"TEDExpt1V4","value":{"ontologyKey":"S_A3_T1_V4_A","index":4},"time":1556198062000},{"prop":"TEDExpt2V4","value":{"ontologyKey":"S_A3_T1_V4_A","index":4},"time":1556198062000},{"prop":"TEDExpt2V3","value":{"ontologyKey":"S_A3_T1_V3_B","index":3},"time":1556198062000},{"prop":"TEDExpt2V4","value":{"ontologyKey":"S_A3_T1_V4_B","index":4},"time":1556198062000},{"prop":"TEDExpt2V1","value":{"ontologyKey":"S_A3_T1_V1_B","index":1},"time":1556198062000},{"prop":"TEDExpt2V2","value":{"ontologyKey":"S_A3_T1_V2_B","index":2},"time":1556198062000},{"prop":"TEDExptNC1SameDiff","value":{"ontologyKey":"TED_E1_Q7NC1DIFF","value":"diff","index":1},"time":1556198062000},{"prop":"TEDExptNC1Confound","value":{"ontologyKey":"S_A3_T1_V1","index":1},"time":1556198062000},{"prop":"TEDExptNC2SameDiff","value":{"ontologyKey":"TED_E1_Q7NC2DIFF","value":"diff","index":3},"time":1556198062000},{"prop":"TEDExptNC2Confound","value":{"ontologyKey":"S_A3_T1_V3","index":3},"time":1556198062000},{"prop":"TEDExptNC3SameDiff","value":{"ontologyKey":"TED_E1_Q7NC3DIFF","value":"diff","index":4},"time":1556198062000},{"prop":"TEDExptNC3Confound","value":{"ontologyKey":"S_A3_T1_V4","index":4},"time":1556198062000},{"prop":"TEDExptNonTarget","value":[1,3,4],"time":1556198062067},{"prop":"TEDExptConfounds","value":[3,4,1],"time":1556198062067},{"prop":"TEDExptDifferent","value":[3,4,1,2],"time":1556198062067},{"prop":"TEDExptArea","value":{"ontologyKey":"S_A3","index":3},"time":1556198062067},{"prop":"TEDExptTopic","value":{"ontologyKey":"S_A3_T1","index":1},"time":1556198062067},{"prop":"TEDExptVariable","value":{"ontologyKey":"S_A3_T1_V2","index":2},"time":1556198062067},{"prop":"TEDExptRQ","value":{"ontologyKey":"S_A3_T1_RQ2","index":2},"time":1556198062067},{"prop":"TEDExptVarNC1","value":{"ontologyKey":"S_A3_T1_V1","index":1},"time":1556198062067},{"prop":"TEDExptVarNC2","value":{"ontologyKey":"S_A3_T1_V3","index":3},"time":1556198062067},{"prop":"TEDExptVarNC3","value":{"ontologyKey":"S_A3_T1_V4","index":4},"time":1556198062067},{"prop":"TEDExptPOSTSequence","value":[{"ontologyKey":"S_A3_T1_V1","index":1},{"ontologyKey":"S_A3_T1_V2","index":2},{"ontologyKey":"S_A3_T1_V3","index":3},{"ontologyKey":"S_A3_T1_V4","index":4}],"time":1556198062067},{"prop":"TEDExpt1V1","value":{"ontologyKey":"S_A3_T1_V1_A","index":1},"time":1556198062067},{"prop":"TEDExpt2V1","value":{"ontologyKey":"S_A3_T1_V1_A","index":1},"time":1556198062067},{"prop":"TEDExpt1V2","value":{"ontologyKey":"S_A3_T1_V2_A","index":2},"time":1556198062067},{"prop":"TEDExpt2V2","value":{"ontologyKey":"S_A3_T1_V2_A","index":2},"time":1556198062067},{"prop":"TEDExpt1V3","value":{"ontologyKey":"S_A3_T1_V3_A","index":3},"time":1556198062067},{"prop":"TEDExpt2V3","value":{"ontologyKey":"S_A3_T1_V3_A","index":3},"time":1556198062067},{"prop":"TEDExpt1V4","value":{"ontologyKey":"S_A3_T1_V4_A","index":4},"time":1556198062067},{"prop":"TEDExpt2V4","value":{"ontologyKey":"S_A3_T1_V4_A","index":4},"time":1556198062067},{"prop":"TEDExpt2V3","value":{"ontologyKey":"S_A3_T1_V3_B","index":3},"time":1556198062067},{"prop":"TEDExpt2V4","value":{"ontologyKey":"S_A3_T1_V4_B","index":4},"time":1556198062067},{"prop":"TEDExpt2V1","value":{"ontologyKey":"S_A3_T1_V1_B","index":1},"time":1556198062067},{"prop":"TEDExpt2V2","value":{"ontologyKey":"S_A3_T1_V2_B","index":2},"time":1556198062067},{"prop":"TEDExptNC1SameDiff","value":{"ontologyKey":"TED_E1_Q7NC1DIFF","value":"diff","index":1},"time":1556198062067},{"prop":"TEDExptNC1Confound","value":{"ontologyKey":"S_A3_T1_V1","index":1},"time":1556198062067},{"prop":"TEDExptNC2SameDiff","value":{"ontologyKey":"TED_E1_Q7NC2DIFF","value":"diff","index":3},"time":1556198062067},{"prop":"TEDExptNC2Confound","value":{"ontologyKey":"S_A3_T1_V3","index":3},"time":1556198062067},{"prop":"TEDExptNC3SameDiff","value":{"ontologyKey":"TED_E1_Q7NC3DIFF","value":"diff","index":4},"time":1556198062067},{"prop":"TEDExptNC3Confound","value":{"ontologyKey":"S_A3_T1_V4","index":4},"time":1556198062067},{"prop":"TEDExptNonTarget","value":[1,3,4],"time":1556198062449},{"prop":"TEDExptConfounds","value":[3,4,1],"time":1556198062449},{"prop":"TEDExptDifferent","value":[3,4,1,2],"time":1556198062449},{"prop":"TEDExptArea","value":{"ontologyKey":"S_A3","index":3},"time":1556198062449},{"prop":"TEDExptTopic","value":{"ontologyKey":"S_A3_T1","index":1},"time":1556198062449},{"prop":"TEDExptVariable","value":{"ontologyKey":"S_A3_T1_V2","index":2},"time":1556198062449},{"prop":"TEDExptRQ","value":{"ontologyKey":"S_A3_T1_RQ2","index":2},"time":1556198062449},{"prop":"TEDExptVarNC1","value":{"ontologyKey":"S_A3_T1_V1","index":1},"time":1556198062449},{"prop":"TEDExptVarNC2","value":{"ontologyKey":"S_A3_T1_V3","index":3},"time":1556198062449},{"prop":"TEDExptVarNC3","value":{"ontologyKey":"S_A3_T1_V4","index":4},"time":1556198062449},{"prop":"TEDExptPOSTSequence","value":[{"ontologyKey":"S_A3_T1_V1","index":1},{"ontologyKey":"S_A3_T1_V2","index":2},{"ontologyKey":"S_A3_T1_V3","index":3},{"ontologyKey":"S_A3_T1_V4","index":4}],"time":1556198062449},{"prop":"TEDExpt1V1","value":{"ontologyKey":"S_A3_T1_V1_A","index":1},"time":1556198062449},{"prop":"TEDExpt2V1","value":{"ontologyKey":"S_A3_T1_V1_A","index":1},"time":1556198062449},{"prop":"TEDExpt1V2","value":{"ontologyKey":"S_A3_T1_V2_A","index":2},"time":1556198062449},{"prop":"TEDExpt2V2","value":{"ontologyKey":"S_A3_T1_V2_A","index":2},"time":1556198062449},{"prop":"TEDExpt1V3","value":{"ontologyKey":"S_A3_T1_V3_A","index":3},"time":1556198062449},{"prop":"TEDExpt2V3","value":{"ontologyKey":"S_A3_T1_V3_A","index":3},"time":1556198062449},{"prop":"TEDExpt1V4","value":{"ontologyKey":"S_A3_T1_V4_A","index":4},"time":1556198062449},{"prop":"TEDExpt2V4","value":{"ontologyKey":"S_A3_T1_V4_A","index":4},"time":1556198062449},{"prop":"TEDExpt2V3","value":{"ontologyKey":"S_A3_T1_V3_B","index":3},"time":1556198062449},{"prop":"TEDExpt2V4","value":{"ontologyKey":"S_A3_T1_V4_B","index":4},"time":1556198062449},{"prop":"TEDExpt2V1","value":{"ontologyKey":"S_A3_T1_V1_B","index":1},"time":1556198062449},{"prop":"TEDExpt2V2","value":{"ontologyKey":"S_A3_T1_V2_B","index":2},"time":1556198062449},{"prop":"TEDExptNC1SameDiff","value":{"ontologyKey":"TED_E1_Q7NC1DIFF","value":"diff","index":1},"time":1556198062449},{"prop":"TEDExptNC1Confound","value":{"ontologyKey":"S_A3_T1_V1","index":1},"time":1556198062449},{"prop":"TEDExptNC2SameDiff","value":{"ontologyKey":"TED_E1_Q7NC2DIFF","value":"diff","index":3},"time":1556198062449},{"prop":"TEDExptNC2Confound","value":{"ontologyKey":"S_A3_T1_V3","index":3},"time":1556198062449},{"prop":"TEDExptNC3SameDiff","value":{"ontologyKey":"TED_E1_Q7NC3DIFF","value":"diff","index":4},"time":1556198062449},{"prop":"TEDExptNC3Confound","value":{"ontologyKey":"S_A3_T1_V4","index":4},"time":1556198062449},{"prop":"differentRow","value":1,"time":1556198084243},{"prop":"independentVarN","value":{"row":2,"col":0,"ontologyKey":"S_A3_T1_V2|name","isText":true,"selectedValue":"Color of the Ball","cell":{}},"time":1556198093581},{"prop":"sameRow1","value":2,"time":1556198106860},{"prop":"independentVarN","value":{"row":3,"col":0,"ontologyKey":"S_A3_T1_V3|name","isText":true,"selectedValue":"Starting Position","cell":{}},"time":1556198112469},{"prop":"sameRow2","value":3,"time":1556198116792},{"prop":"independentVarN","value":{"row":4,"col":0,"ontologyKey":"S_A3_T1_V4|name","isText":true,"selectedValue":"Ramp Surface","cell":{}},"time":1556198122350},{"prop":"sameRow3","value":4,"time":1556198127170},{"prop":"independentVarN","time":1556198132817}],"TEDExptConfounds":[3,4,1],"TEDExptDifferent":[3,4,1,2],"TEDExptArea":{"ontologyKey":"S_A3","index":3},"TEDExptTopic":{"ontologyKey":"S_A3_T1","index":1},"TEDExptVariable":{"ontologyKey":"S_A3_T1_V2","index":2},"TEDExptRQ":{"ontologyKey":"S_A3_T1_RQ2","index":2},"TEDExptVarNC1":{"ontologyKey":"S_A3_T1_V1","index":1},"TEDExptVarNC2":{"ontologyKey":"S_A3_T1_V3","index":3},"TEDExptVarNC3":{"ontologyKey":"S_A3_T1_V4","index":4},"TEDExptPOSTSequence":[{"ontologyKey":"S_A3_T1_V1","index":1},{"ontologyKey":"S_A3_T1_V2","index":2},{"ontologyKey":"S_A3_T1_V3","index":3},{"ontologyKey":"S_A3_T1_V4","index":4}],"TEDExpt1V1":{"ontologyKey":"S_A3_T1_V1_A","index":1},"TEDExpt2V1":{"ontologyKey":"S_A3_T1_V1_B","index":1},"TEDExpt1V2":{"ontologyKey":"S_A3_T1_V2_A","index":2},"TEDExpt2V2":{"ontologyKey":"S_A3_T1_V2_B","index":2},"TEDExpt1V3":{"ontologyKey":"S_A3_T1_V3_A","index":3},"TEDExpt2V3":{"ontologyKey":"S_A3_T1_V3_B","index":3},"TEDExpt1V4":{"ontologyKey":"S_A3_T1_V4_A","index":4},"TEDExpt2V4":{"ontologyKey":"S_A3_T1_V4_B","index":4},"TEDExptNC1SameDiff":{"ontologyKey":"TED_E1_Q7NC1DIFF","value":"diff","index":1},"TEDExptNC1Confound":{"ontologyKey":"S_A3_T1_V1","index":1},"TEDExptNC2SameDiff":{"ontologyKey":"TED_E1_Q7NC2DIFF","value":"diff","index":3},"TEDExptNC2Confound":{"ontologyKey":"S_A3_T1_V3","index":3},"TEDExptNC3SameDiff":{"ontologyKey":"TED_E1_Q7NC3DIFF","value":"diff","index":4},"TEDExptNC3Confound":{"ontologyKey":"S_A3_T1_V4","index":4},"differentRow":1,"sameRow1":2,"sameRow2":3,"sameRow3":4},"tutor":{"experimentalGroup":{"ontologyKey":"EG_A1"},"$seq":[{"prop":"experimentalGroup.ontologyKey","value":"EG_A1","time":1556198061995}]}}