{"scene":{"SNavigator":{},"SScene1":{"rowsComplete":4,"$seq":[{"prop":"rowsComplete","value":0,"time":1556198062094},{"prop":"complete","value":false,"time":1556198062449},{"prop":"currentRow","value":1,"time":1556198067988},{"prop":"correct","value":true,"time":1556198067988},{"prop":"correct","value":false,"time":1556198068000},{"prop":"correct","value":false,"time":1556198073479},{"prop":"correct","value":false,"time":1556198073481},{"prop":"TVSel.col1","value":1,"time":1556198082014},{"prop":"TVSel.col2","value":2,"time":1556198084214},{"prop":"correct","value":true,"time":1556198084214},{"prop":"correct","value":false,"time":1556198084238},{"prop":"rowsComplete","value":1,"time":1556198084243},{"prop":"currentRow","value":0,"time":1556198093580},{"prop":"currentRow","value":2,"time":1556198093580},{"prop":"correct","value":false,"time":1556198093581},{"prop":"VSel.col1","value":null,"time":1556198093581},{"prop":"VSel.col2","value":null,"time":1556198093582},{"prop":"correct","value":false,"time":1556198093583},{"prop":"VSel.col1","value":1,"time":1556198104982},{"prop":"VSel.col2","value":1,"time":1556198106834},{"prop":"correct","value":true,"time":1556198106834},{"prop":"correct","value":false,"time":1556198106857},{"prop":"rowsComplete","value":2,"time":1556198106860},{"prop":"currentRow","value":3,"time":1556198112468},{"prop":"correct","value":false,"time":1556198112469},{"prop":"VSel.col1","value":null,"time":1556198112470},{"prop":"VSel.col2","value":null,"time":1556198112470},{"prop":"correct","value":false,"time":1556198112471},{"prop":"VSel.col1","value":2,"time":1556198115192},{"prop":"VSel.col2","value":2,"time":1556198116755},{"prop":"correct","value":true,"time":1556198116755},{"prop":"correct","value":false,"time":1556198116790},{"prop":"rowsComplete","value":3,"time":1556198116792},{"prop":"currentRow","value":4,"time":1556198122350},{"prop":"correct","value":false,"time":1556198122351},{"prop":"VSel.col1","value":null,"time":1556198122352},{"prop":"VSel.col2","value":null,"time":1556198122352},{"prop":"correct","value":false,"time":1556198122353},{"prop":"VSel.col1","value":2,"time":1556198125421},{"prop":"VSel.col2","value":2,"time":1556198127115},{"prop":"correct","value":true,"time":1556198127115},{"prop":"correct","value":false,"time":1556198127168},{"prop":"rowsComplete","value":4,"time":1556198127170},{"prop":"currentRow","value":5,"time":1556198132817},{"prop":"complete","value":true,"time":1556198132817},{"prop":"correct","value":false,"time":1556198132818}],"complete":true,"currentRow":5,"correct":false,"TVSel":{"col1":1,"col2":2},"VSel":{"col1":2,"col2":2}},"SScene2":{"complete":true,"$seq":[{"prop":"complete","value":false,"time":1556198134324},{"prop":"complete","value":true,"time":1556198153507},{"prop":"correct","value":false,"time":1556198155795}],"correct":false},"SScene3":{"complete":true,"$seq":[{"prop":"complete","value":false,"time":1556198155879},{"prop":"complete","value":true,"time":1556198162974}]},"SScene4":{"complete":true,"$seq":[{"prop":"complete","value":false,"time":1556198164410},{"prop":"complete","value":true,"time":1556198176336}]},"SScene5":{"complete":true,"$seq":[{"prop":"complete","value":false,"time":1556198178598},{"prop":"complete","value":true,"time":1556198184546}]},"SScene6":{"complete":true,"$seq":[{"prop":"complete","value":false,"time":1556198186165},{"prop":"complete","value":true,"time":1556198197878}]},"SScene7":{"complete":true,"$seq":[{"prop":"complete","value":false,"time":1556198429995},{"prop":"complete","value":true,"time":1556198439864}]},"SScene8":{"complete":true,"$seq":[{"prop":"complete","value":false,"time":1556198440906},{"prop":"complete","value":true,"time":1556198473845}]},"SScene9":{"complete":false,"$seq":[{"prop":"complete","value":false,"time":1556198474999},{"prop":"complete","value":true,"time":1556198478910},{"prop":"complete","value":false,"time":1556198479754}]},"SScene10":{"complete":true,"$seq":[{"prop":"complete","value":false,"time":1556198482572},{"prop":"complete","value":true,"time":1556198493605}]},"SScene12":{"complete":true,"$seq":[{"prop":"complete","value":false,"time":1556198494437},{"prop":"complete","value":true,"time":1556198502150}]},"SScene12A":{"complete":false,"$seq":[{"prop":"complete","value":false,"time":1556198503403},{"prop":"complete","value":true,"time":1556198510278},{"prop":"complete","value":false,"time":1556198511564}]},"SScene13":{"complete":false,"$seq":[{"prop":"complete","value":false,"time":1556198522937},{"prop":"complete","value":true,"time":1556198533291},{"prop":"complete","value":false,"time":1556198533963}]},"SScene15":{"complete":true,"$seq":[{"prop":"complete","value":false,"time":1556198544040},{"prop":"complete","value":false,"time":1556198568267},{"prop":"complete","value":false,"time":1556198569958},{"prop":"complete","value":false,"time":1556198575857},{"prop":"complete","value":true,"time":1556198579949},{"prop":"complete","value":false,"time":1556198581715},{"prop":"complete","value":true,"time":1556198622491}]},"SScene16":{"complete":true,"$seq":[{"prop":"complete","value":false,"time":1556198627701},{"prop":"complete","value":true,"time":1556198635768}]},"SScene17":{"complete":true,"$seq":[{"prop":"complete","value":false,"time":1556198638680},{"prop":"complete","value":true,"time":1556198647949},{"prop":"complete","value":true,"time":1556198647949},{"prop":"complete","value":false,"time":1556198651006},{"prop":"complete","value":true,"time":1556198681207}]},"SScene18":{"complete":false,"$seq":[{"prop":"complete","value":false,"time":1556198682953}]}},"module":{"selectedArea":{"ontologyKey":"S_A3|name","index":3},"selectedTopic":{"ontologyKey":"S_A3_T1|name","index":1},"selectedVariable":{"ontologyKey":"S_A3_T1_V1|name","index":1},"selectedRQ":{"ontologyKey":"S_A3_T1_RQ1","index":"1"},"RQconfirmation":"UNKNOWN","TEDExptNonTarget":[1,2,4],"$seq":[{"prop":"TEDExptNonTarget","value":[1,3,4],"time":1556198061999},{"prop":"TEDExptConfounds","value":[3,4,1],"time":1556198061999},{"prop":"TEDExptDifferent","value":[3,4,1,2],"time":1556198061999},{"prop":"TEDExptArea","value":{"ontologyKey":"S_A3","index":3},"time":1556198061999},{"prop":"TEDExptTopic","value":{"ontologyKey":"S_A3_T1","index":1},"time":1556198061999},{"prop":"TEDExptVariable","value":{"ontologyKey":"S_A3_T1_V2","index":2},"time":1556198061999},{"prop":"TEDExptRQ","value":{"ontologyKey":"S_A3_T1_RQ2","index":2},"time":1556198061999},{"prop":"TEDExptVarNC1","value":{"ontologyKey":"S_A3_T1_V1","index":1},"time":1556198061999},{"prop":"TEDExptVarNC2","value":{"ontologyKey":"S_A3_T1_V3","index":3},"time":1556198061999},{"prop":"TEDExptVarNC3","value":{"ontologyKey":"S_A3_T1_V4","index":4},"time":1556198061999},{"prop":"TEDExptPOSTSequence","value":[{"ontologyKey":"S_A3_T1_V1","index":1},{"ontologyKey":"S_A3_T1_V2","index":2},{"ontologyKey":"S_A3_T1_V3","index":3},{"ontologyKey":"S_A3_T1_V4","index":4}],"time":1556198061999},{"prop":"TEDExpt1V1","value":{"ontologyKey":"S_A3_T1_V1_A","index":1},"time":1556198061999},{"prop":"TEDExpt2V1","value":{"ontologyKey":"S_A3_T1_V1_A","index":1},"time":1556198062000},{"prop":"TEDExpt1V2","value":{"ontologyKey":"S_A3_T1_V2_A","index":2},"time":1556198062000},{"prop":"TEDExpt2V2","value":{"ontologyKey":"S_A3_T1_V2_A","index":2},"time":1556198062000},{"prop":"TEDExpt1V3","value":{"ontologyKey":"S_A3_T1_V3_A","index":3},"time":1556198062000},{"prop":"TEDExpt2V3","value":{"ontologyKey":"S_A3_T1_V3_A","index":3},"time":1556198062000},{"prop":"TEDExpt1V4","value":{"ontologyKey":"S_A3_T1_V4_A","index":4},"time":1556198062000},{"prop":"TEDExpt2V4","value":{"ontologyKey":"S_A3_T1_V4_A","index":4},"time":1556198062000},{"prop":"TEDExpt2V3","value":{"ontologyKey":"S_A3_T1_V3_B","index":3},"time":1556198062000},{"prop":"TEDExpt2V4","value":{"ontologyKey":"S_A3_T1_V4_B","index":4},"time":1556198062000},{"prop":"TEDExpt2V1","value":{"ontologyKey":"S_A3_T1_V1_B","index":1},"time":1556198062000},{"prop":"TEDExpt2V2","value":{"ontologyKey":"S_A3_T1_V2_B","index":2},"time":1556198062000},{"prop":"TEDExptNC1SameDiff","value":{"ontologyKey":"TED_E1_Q7NC1DIFF","value":"diff","index":1},"time":1556198062000},{"prop":"TEDExptNC1Confound","value":{"ontologyKey":"S_A3_T1_V1","index":1},"time":1556198062000},{"prop":"TEDExptNC2SameDiff","value":{"ontologyKey":"TED_E1_Q7NC2DIFF","value":"diff","index":3},"time":1556198062000},{"prop":"TEDExptNC2Confound","value":{"ontologyKey":"S_A3_T1_V3","index":3},"time":1556198062000},{"prop":"TEDExptNC3SameDiff","value":{"ontologyKey":"TED_E1_Q7NC3DIFF","value":"diff","index":4},"time":1556198062000},{"prop":"TEDExptNC3Confound","value":{"ontologyKey":"S_A3_T1_V4","index":4},"time":1556198062000},{"prop":"TEDExptNonTarget","value":[1,3,4],"time":1556198062067},{"prop":"TEDExptConfounds","value":[3,4,1],"time":1556198062067},{"prop":"TEDExptDifferent","value":[3,4,1,2],"time":1556198062067},{"prop":"TEDExptArea","value":{"ontologyKey":"S_A3","index":3},"time":1556198062067},{"prop":"TEDExptTopic","value":{"ontologyKey":"S_A3_T1","index":1},"time":1556198062067},{"prop":"TEDExptVariable","value":{"ontologyKey":"S_A3_T1_V2","index":2},"time":1556198062067},{"prop":"TEDExptRQ","value":{"ontologyKey":"S_A3_T1_RQ2","index":2},"time":1556198062067},{"prop":"TEDExptVarNC1","value":{"ontologyKey":"S_A3_T1_V1","index":1},"time":1556198062067},{"prop":"TEDExptVarNC2","value":{"ontologyKey":"S_A3_T1_V3","index":3},"time":1556198062067},{"prop":"TEDExptVarNC3","value":{"ontologyKey":"S_A3_T1_V4","index":4},"time":1556198062067},{"prop":"TEDExptPOSTSequence","value":[{"ontologyKey":"S_A3_T1_V1","index":1},{"ontologyKey":"S_A3_T1_V2","index":2},{"ontologyKey":"S_A3_T1_V3","index":3},{"ontologyKey":"S_A3_T1_V4","index":4}],"time":1556198062067},{"prop":"TEDExpt1V1","value":{"ontologyKey":"S_A3_T1_V1_A","index":1},"time":1556198062067},{"prop":"TEDExpt2V1","value":{"ontologyKey":"S_A3_T1_V1_A","index":1},"time":1556198062067},{"prop":"TEDExpt1V2","value":{"ontologyKey":"S_A3_T1_V2_A","index":2},"time":1556198062067},{"prop":"TEDExpt2V2","value":{"ontologyKey":"S_A3_T1_V2_A","index":2},"time":1556198062067},{"prop":"TEDExpt1V3","value":{"ontologyKey":"S_A3_T1_V3_A","index":3},"time":1556198062067},{"prop":"TEDExpt2V3","value":{"ontologyKey":"S_A3_T1_V3_A","index":3},"time":1556198062067},{"prop":"TEDExpt1V4","value":{"ontologyKey":"S_A3_T1_V4_A","index":4},"time":1556198062067},{"prop":"TEDExpt2V4","value":{"ontologyKey":"S_A3_T1_V4_A","index":4},"time":1556198062067},{"prop":"TEDExpt2V3","value":{"ontologyKey":"S_A3_T1_V3_B","index":3},"time":1556198062067},{"prop":"TEDExpt2V4","value":{"ontologyKey":"S_A3_T1_V4_B","index":4},"time":1556198062067},{"prop":"TEDExpt2V1","value":{"ontologyKey":"S_A3_T1_V1_B","index":1},"time":1556198062067},{"prop":"TEDExpt2V2","value":{"ontologyKey":"S_A3_T1_V2_B","index":2},"time":1556198062067},{"prop":"TEDExptNC1SameDiff","value":{"ontologyKey":"TED_E1_Q7NC1DIFF","value":"diff","index":1},"time":1556198062067},{"prop":"TEDExptNC1Confound","value":{"ontologyKey":"S_A3_T1_V1","index":1},"time":1556198062067},{"prop":"TEDExptNC2SameDiff","value":{"ontologyKey":"TED_E1_Q7NC2DIFF","value":"diff","index":3},"time":1556198062067},{"prop":"TEDExptNC2Confound","value":{"ontologyKey":"S_A3_T1_V3","index":3},"time":1556198062067},{"prop":"TEDExptNC3SameDiff","value":{"ontologyKey":"TED_E1_Q7NC3DIFF","value":"diff","index":4},"time":1556198062067},{"prop":"TEDExptNC3Confound","value":{"ontologyKey":"S_A3_T1_V4","index":4},"time":1556198062067},{"prop":"TEDExptNonTarget","value":[1,3,4],"time":1556198062449},{"prop":"TEDExptConfounds","value":[3,4,1],"time":1556198062449},{"prop":"TEDExptDifferent","value":[3,4,1,2],"time":1556198062449},{"prop":"TEDExptArea","value":{"ontologyKey":"S_A3","index":3},"time":1556198062449},{"prop":"TEDExptTopic","value":{"ontologyKey":"S_A3_T1","index":1},"time":1556198062449},{"prop":"TEDExptVariable","value":{"ontologyKey":"S_A3_T1_V2","index":2},"time":1556198062449},{"prop":"TEDExptRQ","value":{"ontologyKey":"S_A3_T1_RQ2","index":2},"time":1556198062449},{"prop":"TEDExptVarNC1","value":{"ontologyKey":"S_A3_T1_V1","index":1},"time":1556198062449},{"prop":"TEDExptVarNC2","value":{"ontologyKey":"S_A3_T1_V3","index":3},"time":1556198062449},{"prop":"TEDExptVarNC3","value":{"ontologyKey":"S_A3_T1_V4","index":4},"time":1556198062449},{"prop":"TEDExptPOSTSequence","value":[{"ontologyKey":"S_A3_T1_V1","index":1},{"ontologyKey":"S_A3_T1_V2","index":2},{"ontologyKey":"S_A3_T1_V3","index":3},{"ontologyKey":"S_A3_T1_V4","index":4}],"time":1556198062449},{"prop":"TEDExpt1V1","value":{"ontologyKey":"S_A3_T1_V1_A","index":1},"time":1556198062449},{"prop":"TEDExpt2V1","value":{"ontologyKey":"S_A3_T1_V1_A","index":1},"time":1556198062449},{"prop":"TEDExpt1V2","value":{"ontologyKey":"S_A3_T1_V2_A","index":2},"time":1556198062449},{"prop":"TEDExpt2V2","value":{"ontologyKey":"S_A3_T1_V2_A","index":2},"time":1556198062449},{"prop":"TEDExpt1V3","value":{"ontologyKey":"S_A3_T1_V3_A","index":3},"time":1556198062449},{"prop":"TEDExpt2V3","value":{"ontologyKey":"S_A3_T1_V3_A","index":3},"time":1556198062449},{"prop":"TEDExpt1V4","value":{"ontologyKey":"S_A3_T1_V4_A","index":4},"time":1556198062449},{"prop":"TEDExpt2V4","value":{"ontologyKey":"S_A3_T1_V4_A","index":4},"time":1556198062449},{"prop":"TEDExpt2V3","value":{"ontologyKey":"S_A3_T1_V3_B","index":3},"time":1556198062449},{"prop":"TEDExpt2V4","value":{"ontologyKey":"S_A3_T1_V4_B","index":4},"time":1556198062449},{"prop":"TEDExpt2V1","value":{"ontologyKey":"S_A3_T1_V1_B","index":1},"time":1556198062449},{"prop":"TEDExpt2V2","value":{"ontologyKey":"S_A3_T1_V2_B","index":2},"time":1556198062449},{"prop":"TEDExptNC1SameDiff","value":{"ontologyKey":"TED_E1_Q7NC1DIFF","value":"diff","index":1},"time":1556198062449},{"prop":"TEDExptNC1Confound","value":{"ontologyKey":"S_A3_T1_V1","index":1},"time":1556198062449},{"prop":"TEDExptNC2SameDiff","value":{"ontologyKey":"TED_E1_Q7NC2DIFF","value":"diff","index":3},"time":1556198062449},{"prop":"TEDExptNC2Confound","value":{"ontologyKey":"S_A3_T1_V3","index":3},"time":1556198062449},{"prop":"TEDExptNC3SameDiff","value":{"ontologyKey":"TED_E1_Q7NC3DIFF","value":"diff","index":4},"time":1556198062449},{"prop":"TEDExptNC3Confound","value":{"ontologyKey":"S_A3_T1_V4","index":4},"time":1556198062449},{"prop":"differentRow","value":1,"time":1556198084243},{"prop":"independentVarN","value":{"row":2,"col":0,"ontologyKey":"S_A3_T1_V2|name","isText":true,"selectedValue":"Color of the Ball","cell":{}},"time":1556198093581},{"prop":"sameRow1","value":2,"time":1556198106860},{"prop":"independentVarN","value":{"row":3,"col":0,"ontologyKey":"S_A3_T1_V3|name","isText":true,"selectedValue":"Starting Position","cell":{}},"time":1556198112469},{"prop":"sameRow2","value":3,"time":1556198116792},{"prop":"independentVarN","value":{"row":4,"col":0,"ontologyKey":"S_A3_T1_V4|name","isText":true,"selectedValue":"Ramp Surface","cell":{}},"time":1556198122350},{"prop":"sameRow3","value":4,"time":1556198127170},{"prop":"independentVarN","time":1556198132817},{"prop":"Expt1_Q1","value":{"name":"{{$EFO_TED_E1_LISTYN|no}}","ontologyKey":"TED_E1_LISTYN|no","index":2,"value":true,"id":"correct"},"time":1556198250888},{"prop":"Expt1_Q","value":{"name":"{{$EFO_TED_E1_LISTYN|no}}","ontologyKey":"TED_E1_LISTYN|no","index":2,"value":true,"id":"correct"},"time":1556198250889},{"prop":"Expt1_Reason","value":{"name":"{{$EFO_TED_E1_LISTQ23|ans2}}","value":"$EFL_efdata.TED.E1.LISTQ23","ontologyKey":"TED_E1_LISTQ23|yes","index":2,"id":"2"},"time":1556198261235},{"prop":"Expt1_Q4","value":{"name":"{{$EFO_TED_E1_LISTYN|no}}","ontologyKey":"TED_E1_LISTYN|no","index":2,"value":true,"id":"correct"},"time":1556198277635},{"prop":"Imagine1","value":{"name":"{{$EFO_TED_E1_LISTYN|no}}","ontologyKey":"TED_E1_LISTYN|no","index":2,"value":true,"id":"correct"},"time":1556198277635},{"prop":"Imagine1_Reason","value":{"name":"{{$EFO_TED_E1_LISTQ56|ans2}}","value":"$EFL_efdata.TED.E1.LISTQ56","ontologyKey":"TED_E1_LISTQ56|yes","index":2,"id":"2"},"time":1556198296600},{"prop":"FFocus:1","value":{"Row-1 Col-3":"Could cause","Row-3 Col-3":"Could cause","Row-4 Col-3":"Could cause"},"time":1556198307761},{"prop":"TEDFeatureFocus","value":["Could cause","","Could cause","Could cause"],"time":1556198308112},{"prop":"CHG:FFocus:1:Row-1 Col-3","value":"Could cause","time":1556198332313},{"prop":"TEDFeatureFocus","value":["Could cause","","Could cause","Could cause"],"time":1556198332313},{"prop":"CHG:FFocus:1:Row-3 Col-3","value":"Could cause","time":1556198333842},{"prop":"TEDFeatureFocus","value":["Could cause","","Could cause","Could cause"],"time":1556198333842},{"prop":"CHG:FFocus:1:Row-4 Col-3","value":"Could cause","time":1556198335188},{"prop":"TEDFeatureFocus","value":["Could cause","","Could cause","Could cause"],"time":1556198335188},{"prop":"FFocus:1_CorrExp:","value":{"Row-1 Col-1":"Steep","Row-3 Col-1":"Top","Row-4 Col-1":"Smooth"},"time":1556198380500},{"prop":"TEDcorrection","value":3,"time":1556198380822},{"prop":"CHG:FFocus:1_CorrExp::Row-1 Col-1","value":"Steep","time":1556198386296},{"prop":"TEDcorrection","value":2,"time":1556198386296},{"prop":"CHG:FFocus:1_CorrExp::Row-3 Col-1","value":"Top","time":1556198387857},{"prop":"TEDcorrection","value":1,"time":1556198387857},{"prop":"CHG:FFocus:1_CorrExp::Row-4 Col-1","value":"Smooth","time":1556198389331},{"prop":"TEDcorrection","value":0,"time":1556198389331},{"prop":"FFocus:1_Explain:","value":{"name":"{{$EFO_TED_E1_LISTQ9|ans2}}","value":"$EFL_efdata.TED.E1.LISTQ9","ontologyKey":"TED_E1_LISTQ9|yes","index":2,"id":"2"},"time":1556198397344},{"prop":"TEDExptNonTarget","value":[1,2,4],"time":1556198429979},{"prop":"TEDExptConfounds","value":[2],"time":1556198429979},{"prop":"TEDExptDifferent","value":[2,3],"time":1556198429979},{"prop":"TEDExptArea","value":{"ontologyKey":"S_A3","index":3},"time":1556198429979},{"prop":"TEDExptTopic","value":{"ontologyKey":"S_A3_T1","index":1},"time":1556198429979},{"prop":"TEDExptVariable","value":{"ontologyKey":"S_A3_T1_V3","index":3},"time":1556198429979},{"prop":"TEDExptRQ","value":{"ontologyKey":"S_A3_T1_RQ3","index":3},"time":1556198429979},{"prop":"TEDExptVarNC1","value":{"ontologyKey":"S_A3_T1_V1","index":1},"time":1556198429979},{"prop":"TEDExptVarNC2","value":{"ontologyKey":"S_A3_T1_V2","index":2},"time":1556198429979},{"prop":"TEDExptVarNC3","value":{"ontologyKey":"S_A3_T1_V4","index":4},"time":1556198429979},{"prop":"TEDExptPOSTSequence","value":[{"ontologyKey":"S_A3_T1_V1","index":1},{"ontologyKey":"S_A3_T1_V2","index":2},{"ontologyKey":"S_A3_T1_V3","index":3},{"ontologyKey":"S_A3_T1_V4","index":4}],"time":1556198429979},{"prop":"TEDExpt1V1","value":{"ontologyKey":"S_A3_T1_V1_A","index":1},"time":1556198429980},{"prop":"TEDExpt2V1","value":{"ontologyKey":"S_A3_T1_V1_A","index":1},"time":1556198429980},{"prop":"TEDExpt1V2","value":{"ontologyKey":"S_A3_T1_V2_A","index":2},"time":1556198429980},{"prop":"TEDExpt2V2","value":{"ontologyKey":"S_A3_T1_V2_A","index":2},"time":1556198429980},{"prop":"TEDExpt1V3","value":{"ontologyKey":"S_A3_T1_V3_A","index":3},"time":1556198429980},{"prop":"TEDExpt2V3","value":{"ontologyKey":"S_A3_T1_V3_A","index":3},"time":1556198429980},{"prop":"TEDExpt1V4","value":{"ontologyKey":"S_A3_T1_V4_A","index":4},"time":1556198429980},{"prop":"TEDExpt2V4","value":{"ontologyKey":"S_A3_T1_V4_A","index":4},"time":1556198429980},{"prop":"TEDExpt2V2","value":{"ontologyKey":"S_A3_T1_V2_B","index":2},"time":1556198429980},{"prop":"TEDExpt2V3","value":{"ontologyKey":"S_A3_T1_V3_B","index":3},"time":1556198429980},{"prop":"TEDExptNC1SameDiff","value":{"ontologyKey":"TED_E1_Q7NC1SAME","value":"same","index":1},"time":1556198429980},{"prop":"TEDExptNC2SameDiff","value":{"ontologyKey":"TED_E1_Q7NC2DIFF","value":"diff","index":2},"time":1556198429980},{"prop":"TEDExptNC1Confound","value":{"ontologyKey":"S_A3_T1_V2","index":2},"time":1556198429980},{"prop":"TEDExptNC3SameDiff","value":{"ontologyKey":"TED_E1_Q7NC3SAME","value":"same","index":4},"time":1556198429980},{"prop":"Expt1_Q1","value":{"name":"{{$EFO_TED_E1_LISTYN|no}}","ontologyKey":"TED_E1_LISTYN|no","index":2,"value":true,"id":"correct"},"time":1556198478910},{"prop":"Expt2_Q","value":{"name":"{{$EFO_TED_E1_LISTYN|no}}","ontologyKey":"TED_E1_LISTYN|no","index":2,"value":true,"id":"correct"},"time":1556198478910},{"prop":"Expt2_Reason","value":{"name":"{{$EFO_TED_E1_LISTQ23|ans4}}","value":"$EFL_efdata.TED.E1.LISTQ23","ontologyKey":"TED_E1_LISTQ23|yes","index":4,"id":"4"},"time":1556198493605},{"prop":"Expt1_Q4","value":{"name":"{{$EFO_TED_E1_LISTYN|no}}","ontologyKey":"TED_E1_LISTYN|no","index":2,"value":true,"id":"correct"},"time":1556198510278},{"prop":"Imagine2","value":{"name":"{{$EFO_TED_E1_LISTYN|no}}","ontologyKey":"TED_E1_LISTYN|no","index":2,"value":true,"id":"correct"},"time":1556198510278},{"prop":"Imagine2_Reason","value":{"name":"{{$EFO_TED_E1_LISTQ56|ans4}}","value":"$EFL_efdata.TED.E1.LISTQ56","ontologyKey":"TED_E1_LISTQ56|yes","index":4,"id":"4"},"time":1556198533291},{"prop":"FFocus:2","value":{"Row-1 Col-3":"Could Not cause","Row-2 Col-3":"Could cause","Row-4 Col-3":"Could Not cause"},"time":1556198544040},{"prop":"TEDFeatureFocus","value":["Could Not cause","Could cause","","Could Not cause"],"time":1556198544394},{"prop":"CHG:FFocus:2:Row-1 Col-3","value":"Could Not cause","time":1556198568266},{"prop":"TEDFeatureFocus","value":["Could Not cause","Could cause","","Could Not cause"],"time":1556198568266},{"prop":"CHG:FFocus:2:Row-2 Col-3","value":"Could Not cause","time":1556198569958},{"prop":"TEDFeatureFocus","value":["Could Not cause","Could cause","","Could Not cause"],"time":1556198569958},{"prop":"CHG:FFocus:2:Row-2 Col-3","value":"Could cause","time":1556198575857},{"prop":"TEDFeatureFocus","value":["Could Not cause","Could cause","","Could Not cause"],"time":1556198575857},{"prop":"CHG:FFocus:2:Row-4 Col-3","value":"Could Not cause","time":1556198579949},{"prop":"TEDFeatureFocus","value":["Could Not cause","Could cause","","Could Not cause"],"time":1556198579949},{"prop":"FFocus:2_CorrExp:","value":{"Row-2 Col-1":"Pink"},"time":1556198627701},{"prop":"TEDcorrection","value":1,"time":1556198628059},{"prop":"CHG:FFocus:2_CorrExp::Row-2 Col-1","value":"Pink","time":1556198635767},{"prop":"TEDcorrection","value":0,"time":1556198635767},{"prop":"FFocus:2_Explain:","value":{"name":"{{$EFO_TED_E1_LISTQ9|ans2}}","value":"$EFL_efdata.TED.E1.LISTQ9","ontologyKey":"TED_E1_LISTQ9|yes","index":2,"id":"2"},"time":1556198647948}],"TEDExptConfounds":[2],"TEDExptDifferent":[2,3],"TEDExptArea":{"ontologyKey":"S_A3","index":3},"TEDExptTopic":{"ontologyKey":"S_A3_T1","index":1},"TEDExptVariable":{"ontologyKey":"S_A3_T1_V3","index":3},"TEDExptRQ":{"ontologyKey":"S_A3_T1_RQ3","index":3},"TEDExptVarNC1":{"ontologyKey":"S_A3_T1_V1","index":1},"TEDExptVarNC2":{"ontologyKey":"S_A3_T1_V2","index":2},"TEDExptVarNC3":{"ontologyKey":"S_A3_T1_V4","index":4},"TEDExptPOSTSequence":[{"ontologyKey":"S_A3_T1_V1","index":1},{"ontologyKey":"S_A3_T1_V2","index":2},{"ontologyKey":"S_A3_T1_V3","index":3},{"ontologyKey":"S_A3_T1_V4","index":4}],"TEDExpt1V1":{"ontologyKey":"S_A3_T1_V1_A","index":1},"TEDExpt2V1":{"ontologyKey":"S_A3_T1_V1_A","index":1},"TEDExpt1V2":{"ontologyKey":"S_A3_T1_V2_A","index":2},"TEDExpt2V2":{"ontologyKey":"S_A3_T1_V2_B","index":2},"TEDExpt1V3":{"ontologyKey":"S_A3_T1_V3_A","index":3},"TEDExpt2V3":{"ontologyKey":"S_A3_T1_V3_B","index":3},"TEDExpt1V4":{"ontologyKey":"S_A3_T1_V4_A","index":4},"TEDExpt2V4":{"ontologyKey":"S_A3_T1_V4_A","index":4},"TEDExptNC1SameDiff":{"ontologyKey":"TED_E1_Q7NC1SAME","value":"same","index":1},"TEDExptNC1Confound":{"ontologyKey":"S_A3_T1_V2","index":2},"TEDExptNC2SameDiff":{"ontologyKey":"TED_E1_Q7NC2DIFF","value":"diff","index":2},"TEDExptNC2Confound":{"ontologyKey":"S_A3_T1_V3","index":3},"TEDExptNC3SameDiff":{"ontologyKey":"TED_E1_Q7NC3SAME","value":"same","index":4},"TEDExptNC3Confound":{"ontologyKey":"S_A3_T1_V4","index":4},"differentRow":1,"sameRow1":2,"sameRow2":3,"sameRow3":4,"Expt1_Q1":{"name":"{{$EFO_TED_E1_LISTYN|no}}","ontologyKey":"TED_E1_LISTYN|no","index":2,"value":true,"id":"correct"},"Expt1_Q":{"name":"{{$EFO_TED_E1_LISTYN|no}}","ontologyKey":"TED_E1_LISTYN|no","index":2,"value":true,"id":"correct"},"Expt1_Reason":{"name":"{{$EFO_TED_E1_LISTQ23|ans2}}","value":"$EFL_efdata.TED.E1.LISTQ23","ontologyKey":"TED_E1_LISTQ23|yes","index":2,"id":"2"},"Expt1_Q4":{"name":"{{$EFO_TED_E1_LISTYN|no}}","ontologyKey":"TED_E1_LISTYN|no","index":2,"value":true,"id":"correct"},"Imagine1":{"name":"{{$EFO_TED_E1_LISTYN|no}}","ontologyKey":"TED_E1_LISTYN|no","index":2,"value":true,"id":"correct"},"Imagine1_Reason":{"name":"{{$EFO_TED_E1_LISTQ56|ans2}}","value":"$EFL_efdata.TED.E1.LISTQ56","ontologyKey":"TED_E1_LISTQ56|yes","index":2,"id":"2"},"FFocus:1":{"Row-1 Col-3":"Could cause","Row-3 Col-3":"Could cause","Row-4 Col-3":"Could cause"},"TEDFeatureFocus":["Could Not cause","Could cause","","Could Not cause"],"CHG:FFocus:1:Row-1 Col-3":"Could cause","CHG:FFocus:1:Row-3 Col-3":"Could cause","CHG:FFocus:1:Row-4 Col-3":"Could cause","FFocus:1_CorrExp:":{"Row-1 Col-1":"Steep","Row-3 Col-1":"Top","Row-4 Col-1":"Smooth"},"TEDcorrection":0,"CHG:FFocus:1_CorrExp::Row-1 Col-1":"Steep","CHG:FFocus:1_CorrExp::Row-3 Col-1":"Top","CHG:FFocus:1_CorrExp::Row-4 Col-1":"Smooth","FFocus:1_Explain:":{"name":"{{$EFO_TED_E1_LISTQ9|ans2}}","value":"$EFL_efdata.TED.E1.LISTQ9","ontologyKey":"TED_E1_LISTQ9|yes","index":2,"id":"2"},"Expt2_Q":{"name":"{{$EFO_TED_E1_LISTYN|no}}","ontologyKey":"TED_E1_LISTYN|no","index":2,"value":true,"id":"correct"},"Expt2_Reason":{"name":"{{$EFO_TED_E1_LISTQ23|ans4}}","value":"$EFL_efdata.TED.E1.LISTQ23","ontologyKey":"TED_E1_LISTQ23|yes","index":4,"id":"4"},"Imagine2":{"name":"{{$EFO_TED_E1_LISTYN|no}}","ontologyKey":"TED_E1_LISTYN|no","index":2,"value":true,"id":"correct"},"Imagine2_Reason":{"name":"{{$EFO_TED_E1_LISTQ56|ans4}}","value":"$EFL_efdata.TED.E1.LISTQ56","ontologyKey":"TED_E1_LISTQ56|yes","index":4,"id":"4"},"FFocus:2":{"Row-1 Col-3":"Could Not cause","Row-2 Col-3":"Could cause","Row-4 Col-3":"Could Not cause"},"CHG:FFocus:2:Row-1 Col-3":"Could Not cause","CHG:FFocus:2:Row-2 Col-3":"Could cause","CHG:FFocus:2:Row-4 Col-3":"Could Not cause","FFocus:2_CorrExp:":{"Row-2 Col-1":"Pink"},"CHG:FFocus:2_CorrExp::Row-2 Col-1":"Pink","FFocus:2_Explain:":{"name":"{{$EFO_TED_E1_LISTQ9|ans2}}","value":"$EFL_efdata.TED.E1.LISTQ9","ontologyKey":"TED_E1_LISTQ9|yes","index":2,"id":"2"}},"tutor":{"experimentalGroup":{"ontologyKey":"EG_A1"},"$seq":[{"prop":"experimentalGroup.ontologyKey","value":"EG_A1","time":1556198061995}]}}