{"scene":{"SNavigator":{},"SScene1":{"complete":true,"$seq":[{"prop":"complete","value":false,"time":1543844584499},{"prop":"complete","value":true,"time":1543844637539}]},"SScene2":{"AreaSelected":true,"$seq":[{"prop":"AreaSelected","value":false,"time":1543844641798},{"prop":"AreaSelected","value":true,"time":1543844703432},{"prop":"Area Name:plant reproduction","time":1543844703433},{"prop":"Area Index:4","time":1543844703434}]},"SScene3":{"TopicSelected":true,"$seq":[{"prop":"TopicSelected","value":false,"time":1543844706432},{"prop":"TopicSelected","value":true,"time":1543844715339},{"prop":"Topic Index:1","time":1543844715341}]},"SScene4":{"complete":true,"$seq":[{"prop":"complete","value":false,"time":1543844715652},{"prop":"complete","value":true,"time":1543844736704}]},"SScene5":{"complete":true,"$seq":[{"prop":"complete","value":false,"time":1543844738788},{"prop":"complete","value":true,"time":1543844744070}]},"SScene5a":{"complete":false,"$seq":[{"prop":"complete","value":false,"time":1543844746844}]}},"module":{"selectedArea":{"ontologyKey":"S_A4|name","index":4},"$seq":[{"prop":"selectedArea","value":{"ontologyKey":"S_A4|name","index":4},"time":1543844584386},{"prop":"selectedTopic","value":{"ontologyKey":"S_A4_T1|name","index":1},"time":1543844584386},{"prop":"selectedVariable","value":{"ontologyKey":"S_A4_T1_V1|name","index":1},"time":1543844584386},{"prop":"selectedRQ","value":{"ontologyKey":"S_A4_T1_RQ1"},"time":1543844584386},{"prop":"AreaSelectedID","value":"Sarea4|Sselected","time":1543844584386},{"prop":"AreaButtonID","value":"Sbutton4","time":1543844584386},{"prop":"TopicSelectedID","value":"Stopic1|Sselected","time":1543844584386},{"prop":"TopicButtonID","value":"Sbutton1","time":1543844584386},{"prop":"VariableHighlightID","value":"SbuttonHL1","time":1543844584386},{"prop":"VariableClickMaskID","value":"SclickMask1","time":1543844584386},{"prop":"selectedArea.ontologyKey","value":"S_A4|name","time":1543844703432},{"prop":"selectedArea.index","value":4,"time":1543844703432},{"prop":"selectedTopic.ontologyKey","value":"S_A4_T1|name","time":1543844715340},{"prop":"selectedTopic.index","value":1,"time":1543844715340}],"selectedTopic":{"ontologyKey":"S_A4_T1|name","index":1},"selectedVariable":{"ontologyKey":"S_A4_T1_V1|name","index":1},"selectedRQ":{"ontologyKey":"S_A4_T1_RQ1"},"AreaSelectedID":"Sarea4|Sselected","AreaButtonID":"Sbutton4","TopicSelectedID":"Stopic1|Sselected","TopicButtonID":"Sbutton1","VariableHighlightID":"SbuttonHL1","VariableClickMaskID":"SclickMask1"},"tutor":{"experimentalGroup":{"ontologyKey":"EG_A2"},"$seq":[{"prop":"experimentalGroup.ontologyKey","value":"EG_A2","time":1543844584386}]}}