{"scene":{"SNavigator":{},"SScene1":{"rowsComplete":4,"$seq":[{"prop":"rowsComplete","value":0,"time":1542221977119},{"prop":"complete","value":false,"time":1542221977403},{"prop":"currentRow","value":1,"time":1542222024759},{"prop":"correct","value":true,"time":1542222024759},{"prop":"correct","value":false,"time":1542222024790},{"prop":"correct","value":false,"time":1542222030283},{"prop":"correct","value":false,"time":1542222030285},{"prop":"TVSel.col1","value":1,"time":1542222048515},{"prop":"TVSel.col2","value":1,"time":1542222054936},{"prop":"correct","value":false,"time":1542222054936},{"prop":"correct","value":false,"time":1542222054976},{"prop":"TVSel.col1","value":2,"time":1542222060061},{"prop":"correct","value":true,"time":1542222060062},{"prop":"correct","value":false,"time":1542222060114},{"prop":"rowsComplete","value":1,"time":1542222060117},{"prop":"currentRow","value":0,"time":1542222069866},{"prop":"currentRow","value":2,"time":1542222069866},{"prop":"correct","value":false,"time":1542222069867},{"prop":"VSel.col1","value":null,"time":1542222069867},{"prop":"VSel.col2","value":null,"time":1542222069867},{"prop":"correct","value":false,"time":1542222069868},{"prop":"VSel.col1","value":1,"time":1542222090331},{"prop":"VSel.col2","value":2,"time":1542222092087},{"prop":"correct","value":false,"time":1542222092087},{"prop":"correct","value":false,"time":1542222092144},{"prop":"VSel.col1","value":2,"time":1542222094726},{"prop":"correct","value":true,"time":1542222094726},{"prop":"correct","value":false,"time":1542222094776},{"prop":"rowsComplete","value":2,"time":1542222094777},{"prop":"currentRow","value":3,"time":1542222100452},{"prop":"correct","value":false,"time":1542222100452},{"prop":"VSel.col1","value":null,"time":1542222100452},{"prop":"VSel.col2","value":null,"time":1542222100452},{"prop":"correct","value":false,"time":1542222100453},{"prop":"VSel.col1","value":1,"time":1542222112872},{"prop":"VSel.col2","value":1,"time":1542222115046},{"prop":"correct","value":true,"time":1542222115046},{"prop":"correct","value":false,"time":1542222115092},{"prop":"rowsComplete","value":3,"time":1542222115095},{"prop":"currentRow","value":4,"time":1542222120799},{"prop":"correct","value":false,"time":1542222120799},{"prop":"VSel.col1","value":null,"time":1542222120800},{"prop":"VSel.col2","value":null,"time":1542222120800},{"prop":"correct","value":false,"time":1542222120801},{"prop":"VSel.col1","value":1,"time":1542222129297},{"prop":"VSel.col2","value":1,"time":1542222131772},{"prop":"correct","value":true,"time":1542222131772},{"prop":"correct","value":false,"time":1542222131822},{"prop":"rowsComplete","value":4,"time":1542222131824},{"prop":"currentRow","value":5,"time":1542222137601},{"prop":"complete","value":true,"time":1542222137601},{"prop":"correct","value":false,"time":1542222137602}],"complete":true,"currentRow":5,"correct":false,"TVSel":{"col1":2,"col2":1},"VSel":{"col1":1,"col2":1}},"SScene2":{"complete":true,"$seq":[{"prop":"complete","value":false,"time":1542222138977},{"prop":"complete","value":true,"time":1542222160987},{"prop":"correct","value":false,"time":1542222162229}],"correct":false},"SScene3":{"complete":true,"$seq":[{"prop":"complete","value":false,"time":1542222162323},{"prop":"complete","value":true,"time":1542222169868}]},"SScene4":{"complete":true,"$seq":[{"prop":"complete","value":false,"time":1542222171661},{"prop":"complete","value":true,"time":1542222183728}]},"SScene5":{"complete":true,"$seq":[{"prop":"complete","value":false,"time":1542222186216},{"prop":"complete","value":true,"time":1542222191968}]},"SScene6":{"complete":true,"$seq":[{"prop":"complete","value":false,"time":1542222193135},{"prop":"complete","value":true,"time":1542222204621}]},"SScene7":{"complete":true,"$seq":[{"prop":"complete","value":false,"time":1542222673010},{"prop":"complete","value":true,"time":1542222683213}]},"SScene8":{"complete":true,"$seq":[{"prop":"complete","value":false,"time":1542222688177},{"prop":"complete","value":true,"time":1542222760786}]},"SScene9":{"complete":false,"$seq":[{"prop":"complete","value":false,"time":1542222764127},{"prop":"complete","value":true,"time":1542222786625},{"prop":"complete","value":false,"time":1542222789578}]},"SScene10":{"complete":true,"$seq":[{"prop":"complete","value":false,"time":1542222794221},{"prop":"complete","value":true,"time":1542222810462}]},"SScene12":{"complete":true,"$seq":[{"prop":"complete","value":false,"time":1542222811835},{"prop":"complete","value":true,"time":1542222820033}]},"SScene12A":{"complete":false,"$seq":[{"prop":"complete","value":false,"time":1542222822047},{"prop":"complete","value":true,"time":1542222842714},{"prop":"complete","value":true,"time":1542222854201},{"prop":"complete","value":false,"time":1542222855759},{"prop":"complete","value":false,"time":1542222858371},{"prop":"complete","value":false,"time":1542222859876},{"prop":"complete","value":false,"time":1542222863955},{"prop":"complete","value":false,"time":1542222865501},{"prop":"complete","value":false,"time":1542222866886},{"prop":"complete","value":false,"time":1542222868224}]},"SScene14":{"complete":false,"$seq":[{"prop":"complete","value":true,"time":1542222445128},{"prop":"complete","value":false,"time":1542222451746},{"prop":"complete","value":false,"time":1542222463170}]},"SScene15":{"complete":true,"$seq":[{"prop":"complete","value":false,"time":1542222907438},{"prop":"complete","value":false,"time":1542222947476},{"prop":"complete","value":false,"time":1542222967263},{"prop":"complete","value":true,"time":1542222976331},{"prop":"complete","value":false,"time":1542222977922},{"prop":"complete","value":false,"time":1542222979052},{"prop":"complete","value":false,"time":1542222980362},{"prop":"complete","value":true,"time":1542223025322}]},"SScene16":{"complete":true,"$seq":[{"prop":"complete","value":false,"time":1542223026567},{"prop":"complete","value":true,"time":1542223049514}]},"SScene17":{"complete":true,"$seq":[{"prop":"complete","value":false,"time":1542223051770},{"prop":"complete","value":true,"time":1542223066429},{"prop":"complete","value":false,"time":1542223067902},{"prop":"complete","value":false,"time":1542223073959},{"prop":"complete","value":false,"time":1542223075326},{"prop":"complete","value":false,"time":1542223078878},{"prop":"complete","value":false,"time":1542223080535},{"prop":"complete","value":false,"time":1542223082638},{"prop":"complete","value":false,"time":1542223084030},{"prop":"complete","value":false,"time":1542223087914},{"prop":"complete","value":false,"time":1542223089606},{"prop":"complete","value":false,"time":1542223091082},{"prop":"complete","value":false,"time":1542223092460},{"prop":"complete","value":false,"time":1542223097740},{"prop":"complete","value":false,"time":1542223099103},{"prop":"complete","value":true,"time":1542223101218}]},"SScene13":{"complete":false,"$seq":[{"prop":"complete","value":false,"time":1542222869773},{"prop":"complete","value":true,"time":1542222888051},{"prop":"complete","value":true,"time":1542222892743},{"prop":"complete","value":false,"time":1542222895517}]},"SScene18":{"complete":true,"$seq":[{"prop":"complete","value":false,"time":1542223101924},{"prop":"complete","value":true,"time":1542223107922}]},"SScene19":{"complete":true,"$seq":[{"prop":"complete","value":false,"time":1542223260824},{"prop":"complete","value":false,"time":1542223267831},{"prop":"complete","value":false,"time":1542223270934},{"prop":"complete","value":false,"time":1542223273197},{"prop":"complete","value":false,"time":1542223274925},{"prop":"complete","value":false,"time":1542223277178},{"prop":"complete","value":false,"time":1542223278801},{"prop":"complete","value":false,"time":1542223282229},{"prop":"complete","value":true,"time":1542223283763}]},"SScene20":{"complete":false,"$seq":[{"prop":"complete","value":false,"time":1542223284814}]}},"module":{"EFMod_TEDInstr":{"selectedArea":{"index":1,"ontologyKey":"STBL_A1|name"},"$seq":[{"prop":"selectedArea.index","value":1,"time":1542221976983},{"prop":"selectedArea.ontologyKey","value":"STBL_A1|name","time":1542221976983},{"prop":"selectedTopic.index","value":2,"time":1542221976983},{"prop":"selectedTopic.ontologyKey","value":"STBL_A1_T2|name","time":1542221976983},{"prop":"selectedVariable.index","value":1,"time":1542221976984},{"prop":"selectedVariable.ontologyKey","value":"STBL_A1_T2_V1|name","time":1542221976984},{"prop":"TEDExptNonTarget","value":[1,3,4],"time":1542221977092},{"prop":"TEDExptConfounds","value":[3,4,1],"time":1542221977092},{"prop":"TEDExptDifferent","value":[3,4,1,2],"time":1542221977092},{"prop":"TEDExptArea","value":{"ontologyKey":"STBL_A1","index":1},"time":1542221977093},{"prop":"TEDExptTopic","value":{"ontologyKey":"STBL_A1_T2","index":2},"time":1542221977093},{"prop":"TEDExptVariable","value":{"ontologyKey":"STBL_A1_T2_V2","index":2},"time":1542221977093},{"prop":"TEDExptRQ","value":{"ontologyKey":"S_A1_T2_RQ2","index":2},"time":1542221977093},{"prop":"TEDExptVarNC1","value":{"ontologyKey":"STBL_A1_T2_V1","index":1},"time":1542221977093},{"prop":"TEDExptVarNC2","value":{"ontologyKey":"STBL_A1_T2_V3","index":3},"time":1542221977093},{"prop":"TEDExptVarNC3","value":{"ontologyKey":"STBL_A1_T2_V4","index":4},"time":1542221977093},{"prop":"TEDExptPOSTSequence","value":[{"ontologyKey":"STBL_A1_T2_V1","index":1},{"ontologyKey":"STBL_A1_T2_V2","index":2},{"ontologyKey":"STBL_A1_T2_V3","index":3},{"ontologyKey":"STBL_A1_T2_V4","index":4}],"time":1542221977093},{"prop":"TEDExpt1V1","value":{"ontologyKey":"S_A1_T2_V1_A","index":1},"time":1542221977093},{"prop":"TEDExpt2V1","value":{"ontologyKey":"S_A1_T2_V1_A","index":1},"time":1542221977093},{"prop":"TEDExpt1V2","value":{"ontologyKey":"S_A1_T2_V2_A","index":2},"time":1542221977093},{"prop":"TEDExpt2V2","value":{"ontologyKey":"S_A1_T2_V2_A","index":2},"time":1542221977093},{"prop":"TEDExpt1V3","value":{"ontologyKey":"S_A1_T2_V3_A","index":3},"time":1542221977093},{"prop":"TEDExpt2V3","value":{"ontologyKey":"S_A1_T2_V3_A","index":3},"time":1542221977093},{"prop":"TEDExpt1V4","value":{"ontologyKey":"S_A1_T2_V4_A","index":4},"time":1542221977093},{"prop":"TEDExpt2V4","value":{"ontologyKey":"S_A1_T2_V4_A","index":4},"time":1542221977093},{"prop":"TEDExpt2V3","value":{"ontologyKey":"S_A1_T2_V3_B","index":3},"time":1542221977093},{"prop":"TEDExpt2V4","value":{"ontologyKey":"S_A1_T2_V4_B","index":4},"time":1542221977093},{"prop":"TEDExpt2V1","value":{"ontologyKey":"S_A1_T2_V1_B","index":1},"time":1542221977093},{"prop":"TEDExpt2V2","value":{"ontologyKey":"S_A1_T2_V2_B","index":2},"time":1542221977093},{"prop":"TEDExptNC1SameDiff","value":{"ontologyKey":"TED_E1_Q7NC1DIFF","value":"diff","index":1},"time":1542221977093},{"prop":"TEDExptNC1Confound","value":{"ontologyKey":"STBL_A1_T2_V1","index":1},"time":1542221977093},{"prop":"TEDExptNC2SameDiff","value":{"ontologyKey":"TED_E1_Q7NC2DIFF","value":"diff","index":3},"time":1542221977094},{"prop":"TEDExptNC2Confound","value":{"ontologyKey":"STBL_A1_T2_V3","index":3},"time":1542221977094},{"prop":"TEDExptNC3SameDiff","value":{"ontologyKey":"TED_E1_Q7NC3DIFF","value":"diff","index":4},"time":1542221977094},{"prop":"TEDExptNC3Confound","value":{"ontologyKey":"STBL_A1_T2_V4","index":4},"time":1542221977094},{"prop":"TEDExptNonTarget","value":[1,3,4],"time":1542221977404},{"prop":"TEDExptConfounds","value":[3,4,1],"time":1542221977404},{"prop":"TEDExptDifferent","value":[3,4,1,2],"time":1542221977404},{"prop":"TEDExptArea","value":{"ontologyKey":"STBL_A1","index":1},"time":1542221977404},{"prop":"TEDExptTopic","value":{"ontologyKey":"STBL_A1_T2","index":2},"time":1542221977404},{"prop":"TEDExptVariable","value":{"ontologyKey":"STBL_A1_T2_V2","index":2},"time":1542221977404},{"prop":"TEDExptRQ","value":{"ontologyKey":"S_A1_T2_RQ2","index":2},"time":1542221977404},{"prop":"TEDExptVarNC1","value":{"ontologyKey":"STBL_A1_T2_V1","index":1},"time":1542221977404},{"prop":"TEDExptVarNC2","value":{"ontologyKey":"STBL_A1_T2_V3","index":3},"time":1542221977404},{"prop":"TEDExptVarNC3","value":{"ontologyKey":"STBL_A1_T2_V4","index":4},"time":1542221977404},{"prop":"TEDExptPOSTSequence","value":[{"ontologyKey":"STBL_A1_T2_V1","index":1},{"ontologyKey":"STBL_A1_T2_V2","index":2},{"ontologyKey":"STBL_A1_T2_V3","index":3},{"ontologyKey":"STBL_A1_T2_V4","index":4}],"time":1542221977404},{"prop":"TEDExpt1V1","value":{"ontologyKey":"S_A1_T2_V1_A","index":1},"time":1542221977404},{"prop":"TEDExpt2V1","value":{"ontologyKey":"S_A1_T2_V1_A","index":1},"time":1542221977404},{"prop":"TEDExpt1V2","value":{"ontologyKey":"S_A1_T2_V2_A","index":2},"time":1542221977404},{"prop":"TEDExpt2V2","value":{"ontologyKey":"S_A1_T2_V2_A","index":2},"time":1542221977404},{"prop":"TEDExpt1V3","value":{"ontologyKey":"S_A1_T2_V3_A","index":3},"time":1542221977404},{"prop":"TEDExpt2V3","value":{"ontologyKey":"S_A1_T2_V3_A","index":3},"time":1542221977404},{"prop":"TEDExpt1V4","value":{"ontologyKey":"S_A1_T2_V4_A","index":4},"time":1542221977404},{"prop":"TEDExpt2V4","value":{"ontologyKey":"S_A1_T2_V4_A","index":4},"time":1542221977404},{"prop":"TEDExpt2V3","value":{"ontologyKey":"S_A1_T2_V3_B","index":3},"time":1542221977404},{"prop":"TEDExpt2V4","value":{"ontologyKey":"S_A1_T2_V4_B","index":4},"time":1542221977404},{"prop":"TEDExpt2V1","value":{"ontologyKey":"S_A1_T2_V1_B","index":1},"time":1542221977404},{"prop":"TEDExpt2V2","value":{"ontologyKey":"S_A1_T2_V2_B","index":2},"time":1542221977404},{"prop":"TEDExptNC1SameDiff","value":{"ontologyKey":"TED_E1_Q7NC1DIFF","value":"diff","index":1},"time":1542221977404},{"prop":"TEDExptNC1Confound","value":{"ontologyKey":"STBL_A1_T2_V1","index":1},"time":1542221977404},{"prop":"TEDExptNC2SameDiff","value":{"ontologyKey":"TED_E1_Q7NC2DIFF","value":"diff","index":3},"time":1542221977404},{"prop":"TEDExptNC2Confound","value":{"ontologyKey":"STBL_A1_T2_V3","index":3},"time":1542221977404},{"prop":"TEDExptNC3SameDiff","value":{"ontologyKey":"TED_E1_Q7NC3DIFF","value":"diff","index":4},"time":1542221977404},{"prop":"TEDExptNC3Confound","value":{"ontologyKey":"STBL_A1_T2_V4","index":4},"time":1542221977404},{"prop":"differentRow","value":1,"time":1542222060117},{"prop":"independentVarN","value":{"row":2,"col":0,"ontologyKey":"STBL_A1_T2_V2|name","isText":true,"selectedValue":"Amount of Caffeine","cell":{}},"time":1542222069866},{"prop":"sameRow1","value":2,"time":1542222094777},{"prop":"independentVarN","value":{"row":3,"col":0,"ontologyKey":"STBL_A1_T2_V3|name","isText":true,"selectedValue":"Texture of Mint","cell":{}},"time":1542222100452},{"prop":"sameRow2","value":3,"time":1542222115095},{"prop":"independentVarN","value":{"row":4,"col":0,"ontologyKey":"STBL_A1_T2_V4|name","isText":true,"selectedValue":"Amount of CO2","cell":{}},"time":1542222120799},{"prop":"sameRow3","value":4,"time":1542222131824},{"prop":"independentVarN","time":1542222137601},{"prop":"Expt1_Q1","value":{"name":"{{$EFO_TED_E1_LISTYN|no}}","ontologyKey":"TED_E1_LISTYN|no","index":2,"value":true,"id":"correct"},"time":1542222319514},{"prop":"Expt1_Q2_RIGHT","value":{"name":"{{$EFO_TED_E1_LISTQ23|ans4}}","value":"$EFL_efdata.TED.E1.LISTQ23","ontologyKey":"TED_E1_LISTQ23|yes","index":4,"id":"4"},"time":1542222354036},{"prop":"Expt1_Q4","value":{"name":"{{$EFO_TED_E1_LISTYN|yes}}","ontologyKey":"TED_E1_LISTYN|yes","index":1,"value":false,"id":"incorrect"},"time":1542222383952},{"prop":"Expt1_Q4B_WRONG","value":{"name":"{{$EFO_TED_E1_LISTQ56|ans2}}","value":"$EFL_efdata.TED.E1.LISTQ56","ontologyKey":"TED_E1_LISTQ56|yes","index":2,"id":"2"},"time":1542222445128},{"prop":"TEDFeatureFocus","value":["Could cause","","Could Not cause","Could Not cause"],"time":1542222463490},{"prop":"TEDFeatureFocus","value":["Could cause","","Could Not cause","Could Not cause"],"time":1542222506229},{"prop":"TEDFeatureFocus","value":["Could cause","","Could Not cause","Could Not cause"],"time":1542222511472},{"prop":"TEDFeatureFocus","value":["Could cause","","Could Not cause","Could Not cause"],"time":1542222514201},{"prop":"TEDcorrection","value":3,"time":1542222570030},{"prop":"TEDcorrection","value":2,"time":1542222582395},{"prop":"TEDcorrection","value":1,"time":1542222585869},{"prop":"TEDcorrection","value":0,"time":1542222597792},{"prop":"TEDExptNonTarget","value":[1,2,4],"time":1542222673009},{"prop":"TEDExptConfounds","value":[2],"time":1542222673009},{"prop":"TEDExptDifferent","value":[2,3],"time":1542222673009},{"prop":"TEDExptArea","value":{"ontologyKey":"STBL_A1","index":1},"time":1542222673009},{"prop":"TEDExptTopic","value":{"ontologyKey":"STBL_A1_T2","index":2},"time":1542222673009},{"prop":"TEDExptVariable","value":{"ontologyKey":"STBL_A1_T2_V3","index":3},"time":1542222673009},{"prop":"TEDExptRQ","value":{"ontologyKey":"S_A1_T2_RQ3","index":3},"time":1542222673009},{"prop":"TEDExptVarNC1","value":{"ontologyKey":"STBL_A1_T2_V1","index":1},"time":1542222673009},{"prop":"TEDExptVarNC2","value":{"ontologyKey":"STBL_A1_T2_V2","index":2},"time":1542222673009},{"prop":"TEDExptVarNC3","value":{"ontologyKey":"STBL_A1_T2_V4","index":4},"time":1542222673009},{"prop":"TEDExptPOSTSequence","value":[],"time":1542222673009},{"prop":"TEDExpt1V1","value":{"ontologyKey":"S_A1_T2_V1_A","index":1},"time":1542222673009},{"prop":"TEDExpt2V1","value":{"ontologyKey":"S_A1_T2_V1_A","index":1},"time":1542222673009},{"prop":"TEDExpt1V2","value":{"ontologyKey":"S_A1_T2_V2_A","index":2},"time":1542222673009},{"prop":"TEDExpt2V2","value":{"ontologyKey":"S_A1_T2_V2_A","index":2},"time":1542222673009},{"prop":"TEDExpt1V3","value":{"ontologyKey":"S_A1_T2_V3_A","index":3},"time":1542222673009},{"prop":"TEDExpt2V3","value":{"ontologyKey":"S_A1_T2_V3_A","index":3},"time":1542222673009},{"prop":"TEDExpt1V4","value":{"ontologyKey":"S_A1_T2_V4_A","index":4},"time":1542222673009},{"prop":"TEDExpt2V4","value":{"ontologyKey":"S_A1_T2_V4_A","index":4},"time":1542222673009},{"prop":"TEDExpt2V2","value":{"ontologyKey":"S_A1_T2_V2_B","index":2},"time":1542222673009},{"prop":"TEDExpt2V3","value":{"ontologyKey":"S_A1_T2_V3_B","index":3},"time":1542222673009},{"prop":"TEDExptNC1SameDiff","value":{"ontologyKey":"TED_E1_Q7NC1SAME","value":"same","index":1},"time":1542222673009},{"prop":"TEDExptNC2SameDiff","value":{"ontologyKey":"TED_E1_Q7NC2DIFF","value":"diff","index":2},"time":1542222673009},{"prop":"TEDExptNC1Confound","value":{"ontologyKey":"STBL_A1_T2_V2","index":2},"time":1542222673009},{"prop":"TEDExptNC3SameDiff","value":{"ontologyKey":"TED_E1_Q7NC3SAME","value":"same","index":4},"time":1542222673009},{"prop":"Expt1_Q1","value":{"name":"{{$EFO_TED_E1_LISTYN|no}}","ontologyKey":"TED_E1_LISTYN|no","index":2,"value":true,"id":"correct"},"time":1542222786625},{"prop":"Expt1_Q2_RIGHT","value":{"name":"{{$EFO_TED_E1_LISTQ23|ans4}}","value":"$EFL_efdata.TED.E1.LISTQ23","ontologyKey":"TED_E1_LISTQ23|yes","index":4,"id":"4"},"time":1542222810462},{"prop":"Expt1_Q4","value":{"name":"{{$EFO_TED_E1_LISTYN|yes}}","ontologyKey":"TED_E1_LISTYN|yes","index":1,"value":false,"id":"incorrect"},"time":1542222842714},{"prop":"Expt1_Q4","value":{"name":"{{$EFO_TED_E1_LISTYN|no}}","ontologyKey":"TED_E1_LISTYN|no","index":2,"value":true,"id":"correct"},"time":1542222854201},{"prop":"Expt1_Q4A_RIGHT","value":{"name":"{{$EFO_TED_E1_LISTQ56|ans5}}","value":"$EFL_efdata.TED.E1.LISTQ56","ontologyKey":"TED_E1_LISTQ56|yes","index":5,"id":"5"},"time":1542222888051},{"prop":"Expt1_Q4A_RIGHT","value":{"name":"{{$EFO_TED_E1_LISTQ56|ans4}}","value":"$EFL_efdata.TED.E1.LISTQ56","ontologyKey":"TED_E1_LISTQ56|yes","index":4,"id":"4"},"time":1542222892743},{"prop":"TEDFeatureFocus","value":["Could Not cause","Could Not cause","","Could cause"],"time":1542222907706},{"prop":"TEDFeatureFocus","value":["Could Not cause","Could Not cause","","Could cause"],"time":1542222947475},{"prop":"TEDFeatureFocus","value":["Could Not cause","Could Not cause","","Could cause"],"time":1542222967263},{"prop":"TEDFeatureFocus","value":["Could Not cause","Could Not cause","","Could cause"],"time":1542222976331},{"prop":"TEDcorrection","value":1,"time":1542223026914},{"prop":"TEDcorrection","value":0,"time":1542223049513},{"prop":"TEDExptPOSTTV","value":{"ontologyKey":"STBL_A1_T2_V1","index":1},"time":1542223119678},{"prop":"TEDExptPOSTTV","value":{"ontologyKey":"STBL_A1_T2_V2","index":2},"time":1542223189343},{"prop":"TEDExptPOSTTV","value":{"ontologyKey":"STBL_A1_T2_V3","index":3},"time":1542223225593},{"prop":"TEDExptPOSTTV","value":{"ontologyKey":"STBL_A1_T2_V4","index":4},"time":1542223260807}],"selectedTopic":{"index":2,"ontologyKey":"STBL_A1_T2|name"},"selectedVariable":{"index":1,"ontologyKey":"STBL_A1_T2_V1|name"},"TEDExptNonTarget":[1,2,4],"TEDExptConfounds":[2],"TEDExptDifferent":[2,3],"TEDExptArea":{"ontologyKey":"STBL_A1","index":1},"TEDExptTopic":{"ontologyKey":"STBL_A1_T2","index":2},"TEDExptVariable":{"ontologyKey":"STBL_A1_T2_V3","index":3},"TEDExptRQ":{"ontologyKey":"S_A1_T2_RQ3","index":3},"TEDExptVarNC1":{"ontologyKey":"STBL_A1_T2_V1","index":1},"TEDExptVarNC2":{"ontologyKey":"STBL_A1_T2_V2","index":2},"TEDExptVarNC3":{"ontologyKey":"STBL_A1_T2_V4","index":4},"TEDExptPOSTSequence":[],"TEDExpt1V1":{"ontologyKey":"S_A1_T2_V1_A","index":1},"TEDExpt2V1":{"ontologyKey":"S_A1_T2_V1_A","index":1},"TEDExpt1V2":{"ontologyKey":"S_A1_T2_V2_A","index":2},"TEDExpt2V2":{"ontologyKey":"S_A1_T2_V2_B","index":2},"TEDExpt1V3":{"ontologyKey":"S_A1_T2_V3_A","index":3},"TEDExpt2V3":{"ontologyKey":"S_A1_T2_V3_B","index":3},"TEDExpt1V4":{"ontologyKey":"S_A1_T2_V4_A","index":4},"TEDExpt2V4":{"ontologyKey":"S_A1_T2_V4_A","index":4},"TEDExptNC1SameDiff":{"ontologyKey":"TED_E1_Q7NC1SAME","value":"same","index":1},"TEDExptNC1Confound":{"ontologyKey":"STBL_A1_T2_V2","index":2},"TEDExptNC2SameDiff":{"ontologyKey":"TED_E1_Q7NC2DIFF","value":"diff","index":2},"TEDExptNC2Confound":{"ontologyKey":"STBL_A1_T2_V3","index":3},"TEDExptNC3SameDiff":{"ontologyKey":"TED_E1_Q7NC3SAME","value":"same","index":4},"TEDExptNC3Confound":{"ontologyKey":"STBL_A1_T2_V4","index":4},"differentRow":1,"sameRow1":2,"sameRow2":3,"sameRow3":4,"Expt1_Q1":{"name":"{{$EFO_TED_E1_LISTYN|no}}","ontologyKey":"TED_E1_LISTYN|no","index":2,"value":true,"id":"correct"},"Expt1_Q2_RIGHT":{"name":"{{$EFO_TED_E1_LISTQ23|ans4}}","value":"$EFL_efdata.TED.E1.LISTQ23","ontologyKey":"TED_E1_LISTQ23|yes","index":4,"id":"4"},"Expt1_Q4":{"name":"{{$EFO_TED_E1_LISTYN|no}}","ontologyKey":"TED_E1_LISTYN|no","index":2,"value":true,"id":"correct"},"Expt1_Q4B_WRONG":{"name":"{{$EFO_TED_E1_LISTQ56|ans2}}","value":"$EFL_efdata.TED.E1.LISTQ56","ontologyKey":"TED_E1_LISTQ56|yes","index":2,"id":"2"},"TEDFeatureFocus":["Could Not cause","Could Not cause","","Could cause"],"TEDcorrection":0,"Expt1_Q4A_RIGHT":{"name":"{{$EFO_TED_E1_LISTQ56|ans4}}","value":"$EFL_efdata.TED.E1.LISTQ56","ontologyKey":"TED_E1_LISTQ56|yes","index":4,"id":"4"},"TEDExptPOSTTV":{"ontologyKey":"STBL_A1_T2_V4","index":4}}},"tutor":{"experimentalGroup":{"ontologyKey":"EG_A1"},"$seq":[{"prop":"experimentalGroup.ontologyKey","value":"EG_A1","time":1542221976983}]}}