{"sceneState":{"SNavigator":{},"SMatsIntro":{"complete":true,"$seq":[{"prop":"complete","value":false,"time":1556124833888},{"prop":"complete","value":true,"time":1556124847624}]},"SMatsPre1":{"complete":true,"$seq":[{"prop":"complete","value":false,"time":1556124849437},{"prop":"Sg1","value":"true","time":1556124853335},{"prop":"PreTest:Sg1","value":"b2","time":1556124853335},{"prop":"complete","value":false,"time":1556124853335},{"prop":"Sg1","value":"true","time":1556124853336},{"prop":"complete","value":false,"time":1556124853336},{"prop":"Sg2","value":"true","time":1556124855890},{"prop":"PreTest:Sg2","value":"b1","time":1556124855890},{"prop":"complete","value":false,"time":1556124855890},{"prop":"Sg2","value":"true","time":1556124855890},{"prop":"complete","value":false,"time":1556124855890},{"prop":"Sg2","value":"true","time":1556124857184},{"prop":"PreTest:Sg2","value":"b5","time":1556124857184},{"prop":"complete","value":false,"time":1556124857184},{"prop":"Sg2","value":"true","time":1556124857184},{"prop":"complete","value":false,"time":1556124857184},{"prop":"Sg3","value":"true","time":1556124865944},{"prop":"PreTest:Sg3","value":"b3","time":1556124865944},{"prop":"complete","value":false,"time":1556124865944},{"prop":"Sg3","value":"true","time":1556124865944},{"prop":"complete","value":false,"time":1556124865944},{"prop":"Sg4","value":"true","time":1556124872301},{"prop":"PreTest:Sg4","value":"b4","time":1556124872301},{"prop":"complete","value":true,"time":1556124872301},{"prop":"Sg4","value":"true","time":1556124872302},{"prop":"complete","value":true,"time":1556124872302},{"prop":"Sg4","value":"true","time":1556124873776},{"prop":"PreTest:Sg4","value":"b3","time":1556124873776},{"prop":"complete","value":true,"time":1556124873776},{"prop":"Sg4","value":"true","time":1556124873777},{"prop":"complete","value":true,"time":1556124873777}],"Sg1":"true","PreTest:Sg1":"b2","Sg2":"true","PreTest:Sg2":"b5","Sg3":"true","PreTest:Sg3":"b3","Sg4":"true","PreTest:Sg4":"b3"},"SMatsPre2":{"complete":true,"$seq":[{"prop":"complete","value":false,"time":1556124875500},{"prop":"Sg1","value":"true","time":1556124907891},{"prop":"PreTest:Sg1","value":"b5","time":1556124907891},{"prop":"complete","value":false,"time":1556124907891},{"prop":"Sg1","value":"true","time":1556124907892},{"prop":"complete","value":false,"time":1556124907892},{"prop":"Sg2","value":"true","time":1556124910678},{"prop":"PreTest:Sg2","value":"b2","time":1556124910678},{"prop":"complete","value":false,"time":1556124910678},{"prop":"Sg2","value":"true","time":1556124910678},{"prop":"complete","value":false,"time":1556124910678},{"prop":"Sg2","value":"true","time":1556124911515},{"prop":"PreTest:Sg2","value":"b3","time":1556124911515},{"prop":"complete","value":false,"time":1556124911515},{"prop":"Sg2","value":"true","time":1556124911516},{"prop":"complete","value":false,"time":1556124911516},{"prop":"Sg3","value":"true","time":1556124914802},{"prop":"PreTest:Sg3","value":"b2","time":1556124914802},{"prop":"complete","value":false,"time":1556124914802},{"prop":"Sg3","value":"true","time":1556124914802},{"prop":"complete","value":false,"time":1556124914802},{"prop":"Sg4","value":"true","time":1556124919271},{"prop":"PreTest:Sg4","value":"b3","time":1556124919271},{"prop":"complete","value":true,"time":1556124919271},{"prop":"Sg4","value":"true","time":1556124919272},{"prop":"complete","value":true,"time":1556124919272},{"prop":"Sg4","value":"true","time":1556124920085},{"prop":"PreTest:Sg4","value":"b2","time":1556124920086},{"prop":"complete","value":true,"time":1556124920086},{"prop":"Sg4","value":"true","time":1556124920087},{"prop":"complete","value":true,"time":1556124920087}],"Sg1":"true","PreTest:Sg1":"b5","Sg2":"true","PreTest:Sg2":"b3","Sg3":"true","PreTest:Sg3":"b2","Sg4":"true","PreTest:Sg4":"b2"},"SMatsPre3":{"complete":true,"$seq":[{"prop":"complete","value":false,"time":1556124921446},{"prop":"Sg1","value":"true","time":1556124928600},{"prop":"PreTest:Sg1","value":"b4","time":1556124928600},{"prop":"complete","value":false,"time":1556124928600},{"prop":"Sg1","value":"true","time":1556124928600},{"prop":"complete","value":false,"time":1556124928600},{"prop":"Sg1","value":"true","time":1556124929014},{"prop":"PreTest:Sg1","value":"b4","time":1556124929014},{"prop":"complete","value":false,"time":1556124929014},{"prop":"Sg1","value":"true","time":1556124929014},{"prop":"complete","value":false,"time":1556124929014},{"prop":"Sg2","value":"true","time":1556124931039},{"prop":"PreTest:Sg2","value":"b3","time":1556124931039},{"prop":"complete","value":false,"time":1556124931039},{"prop":"Sg2","value":"true","time":1556124931039},{"prop":"complete","value":false,"time":1556124931039},{"prop":"Sg3","value":"true","time":1556124934531},{"prop":"PreTest:Sg3","value":"b5","time":1556124934531},{"prop":"complete","value":false,"time":1556124934531},{"prop":"Sg3","value":"true","time":1556124934532},{"prop":"complete","value":false,"time":1556124934532},{"prop":"Sg4","value":"true","time":1556124938948},{"prop":"PreTest:Sg4","value":"b3","time":1556124938948},{"prop":"complete","value":true,"time":1556124938949},{"prop":"Sg4","value":"true","time":1556124938949},{"prop":"complete","value":true,"time":1556124938949}],"Sg1":"true","PreTest:Sg1":"b4","Sg2":"true","PreTest:Sg2":"b3","Sg3":"true","PreTest:Sg3":"b5","Sg4":"true","PreTest:Sg4":"b3"},"SMatsPre4":{"complete":true,"$seq":[{"prop":"complete","value":false,"time":1556124940014},{"prop":"Sg1","value":"true","time":1556124944801},{"prop":"PreTest:Sg1","value":"b2","time":1556124944802},{"prop":"complete","value":false,"time":1556124944802},{"prop":"Sg1","value":"true","time":1556124944802},{"prop":"complete","value":false,"time":1556124944802},{"prop":"Sg2","value":"true","time":1556124949145},{"prop":"PreTest:Sg2","value":"b3","time":1556124949145},{"prop":"complete","value":true,"time":1556124949145},{"prop":"prompted","value":true,"time":1556124949145},{"prop":"Sg2","value":"true","time":1556124949147},{"prop":"complete","value":true,"time":1556124949147},{"prop":"complete","value":true,"time":1556124949948}],"Sg1":"true","PreTest:Sg1":"b2","Sg2":"true","PreTest:Sg2":"b3","prompted":true},"SSceneEnd":{"complete":false,"$seq":[{"prop":"complete","value":false,"time":1556124950057}]}},"moduleState":{},"tutorState":{},"fFeatures":{"0":true,"FTR_PRE":true,"FTR_PROMPTED":true},"featureID":{}}