{"scene":{"SNavigator":{},"SScene1":{"rowsComplete":4,"$seq":[{"prop":"rowsComplete","value":0,"time":1542221957225},{"prop":"complete","value":false,"time":1542221957506},{"prop":"currentRow","value":1,"time":1542221961714},{"prop":"correct","value":true,"time":1542221961714},{"prop":"correct","value":false,"time":1542221961742},{"prop":"correct","value":false,"time":1542221967266},{"prop":"correct","value":false,"time":1542221967268},{"prop":"TVSel.col1","value":2,"time":1542221971111},{"prop":"TVSel.col2","value":1,"time":1542221973092},{"prop":"correct","value":true,"time":1542221973092},{"prop":"correct","value":false,"time":1542221973132},{"prop":"rowsComplete","value":1,"time":1542221973136},{"prop":"currentRow","value":0,"time":1542221982921},{"prop":"currentRow","value":2,"time":1542221982921},{"prop":"correct","value":false,"time":1542221982921},{"prop":"VSel.col1","value":null,"time":1542221982921},{"prop":"VSel.col2","value":null,"time":1542221982921},{"prop":"correct","value":false,"time":1542221982922},{"prop":"VSel.col1","value":1,"time":1542221986078},{"prop":"VSel.col2","value":1,"time":1542221988557},{"prop":"correct","value":true,"time":1542221988557},{"prop":"correct","value":false,"time":1542221988591},{"prop":"rowsComplete","value":2,"time":1542221988595},{"prop":"currentRow","value":3,"time":1542221994268},{"prop":"correct","value":false,"time":1542221994268},{"prop":"VSel.col1","value":null,"time":1542221994268},{"prop":"VSel.col2","value":null,"time":1542221994268},{"prop":"correct","value":false,"time":1542221994269},{"prop":"VSel.col1","value":2,"time":1542221999636},{"prop":"VSel.col2","value":2,"time":1542222001633},{"prop":"correct","value":true,"time":1542222001634},{"prop":"correct","value":false,"time":1542222001679},{"prop":"rowsComplete","value":3,"time":1542222001682},{"prop":"currentRow","value":4,"time":1542222007383},{"prop":"correct","value":false,"time":1542222007384},{"prop":"VSel.col1","value":null,"time":1542222007384},{"prop":"VSel.col2","value":null,"time":1542222007384},{"prop":"correct","value":false,"time":1542222007385},{"prop":"VSel.col1","value":2,"time":1542222013136},{"prop":"VSel.col2","value":2,"time":1542222014650},{"prop":"correct","value":true,"time":1542222014650},{"prop":"correct","value":false,"time":1542222014700},{"prop":"rowsComplete","value":4,"time":1542222014702},{"prop":"currentRow","value":5,"time":1542222020389},{"prop":"complete","value":true,"time":1542222020389},{"prop":"correct","value":false,"time":1542222020389}],"complete":true,"currentRow":5,"correct":false,"TVSel":{"col1":2,"col2":1},"VSel":{"col1":2,"col2":2}},"SScene2":{"complete":true,"$seq":[{"prop":"complete","value":false,"time":1542222022867},{"prop":"complete","value":true,"time":1542222046680},{"prop":"correct","value":false,"time":1542222049231}],"correct":false},"SScene3":{"complete":true,"$seq":[{"prop":"complete","value":false,"time":1542222049336},{"prop":"complete","value":true,"time":1542222056678}]},"SScene4":{"complete":true,"$seq":[{"prop":"complete","value":false,"time":1542222059413},{"prop":"complete","value":true,"time":1542222071357}]},"SScene5":{"complete":true,"$seq":[{"prop":"complete","value":false,"time":1542222073873},{"prop":"complete","value":true,"time":1542222079604}]},"SScene6":{"complete":true,"$seq":[{"prop":"complete","value":false,"time":1542222081961},{"prop":"complete","value":true,"time":1542222093401}]},"SScene7":{"complete":true,"$seq":[{"prop":"complete","value":false,"time":1542222500702},{"prop":"complete","value":true,"time":1542222512162}]},"SScene8":{"complete":true,"$seq":[{"prop":"complete","value":false,"time":1542222516914},{"prop":"complete","value":true,"time":1542222572698}]},"SScene9":{"complete":false,"$seq":[{"prop":"complete","value":false,"time":1542222572961},{"prop":"complete","value":true,"time":1542222580249},{"prop":"complete","value":false,"time":1542222581731}]},"SScene11":{"complete":true,"$seq":[{"prop":"complete","value":false,"time":1542222199347},{"prop":"complete","value":true,"time":1542222233050}]},"SScene12":{"complete":true,"$seq":[{"prop":"complete","value":false,"time":1542222603560},{"prop":"complete","value":true,"time":1542222613316}]},"SScene12A":{"complete":false,"$seq":[{"prop":"complete","value":false,"time":1542222615326},{"prop":"complete","value":true,"time":1542222631202},{"prop":"complete","value":false,"time":1542222632242},{"prop":"complete","value":false,"time":1542222634837},{"prop":"complete","value":false,"time":1542222636500},{"prop":"complete","value":false,"time":1542222640523},{"prop":"complete","value":false,"time":1542222642176},{"prop":"complete","value":false,"time":1542222643546},{"prop":"complete","value":false,"time":1542222645037}]},"SScene14":{"complete":false,"$seq":[{"prop":"complete","value":true,"time":1542222296610},{"prop":"complete","value":false,"time":1542222298005},{"prop":"complete","value":false,"time":1542222309210}]},"SScene15":{"complete":false,"$seq":[{"prop":"complete","value":false,"time":1542222679748}]},"SScene16":{"complete":true,"$seq":[{"prop":"complete","value":false,"time":1542222408456},{"prop":"complete","value":false,"time":1542222424124},{"prop":"complete","value":false,"time":1542222426022},{"prop":"complete","value":true,"time":1542222428825},{"prop":"complete","value":false,"time":1542222431438},{"prop":"complete","value":true,"time":1542222433844}]},"SScene17":{"complete":true,"$seq":[{"prop":"complete","value":false,"time":1542222435522},{"prop":"complete","value":true,"time":1542222457734},{"prop":"complete","value":false,"time":1542222459127},{"prop":"complete","value":false,"time":1542222465187},{"prop":"complete","value":false,"time":1542222466632},{"prop":"complete","value":false,"time":1542222470222},{"prop":"complete","value":false,"time":1542222473740},{"prop":"complete","value":false,"time":1542222475832},{"prop":"complete","value":false,"time":1542222477320},{"prop":"complete","value":false,"time":1542222481239},{"prop":"complete","value":false,"time":1542222484747},{"prop":"complete","value":false,"time":1542222486228},{"prop":"complete","value":false,"time":1542222487713},{"prop":"complete","value":false,"time":1542222492952},{"prop":"complete","value":false,"time":1542222494393},{"prop":"complete","value":true,"time":1542222496496}]},"SScene10":{"complete":true,"$seq":[{"prop":"complete","value":false,"time":1542222585060},{"prop":"complete","value":true,"time":1542222602588}]},"SScene13":{"complete":false,"$seq":[{"prop":"complete","value":false,"time":1542222646295},{"prop":"complete","value":true,"time":1542222667682},{"prop":"complete","value":false,"time":1542222669236}]}},"module":{"EFMod_TEDInstr":{"selectedArea":{"index":4,"ontologyKey":"STBL_A4|name"},"$seq":[{"prop":"selectedArea.index","value":4,"time":1542221957099},{"prop":"selectedArea.ontologyKey","value":"STBL_A4|name","time":1542221957099},{"prop":"selectedTopic.index","value":1,"time":1542221957099},{"prop":"selectedTopic.ontologyKey","value":"STBL_A4_T1|name","time":1542221957099},{"prop":"selectedVariable.index","value":1,"time":1542221957099},{"prop":"selectedVariable.ontologyKey","value":"STBL_A4_T1_V1|name","time":1542221957099},{"prop":"TEDExptNonTarget","value":[1,3,4],"time":1542221957198},{"prop":"TEDExptConfounds","value":[3,4,1],"time":1542221957198},{"prop":"TEDExptDifferent","value":[3,4,1,2],"time":1542221957199},{"prop":"TEDExptArea","value":{"ontologyKey":"STBL_A4","index":4},"time":1542221957199},{"prop":"TEDExptTopic","value":{"ontologyKey":"STBL_A4_T1","index":1},"time":1542221957199},{"prop":"TEDExptVariable","value":{"ontologyKey":"STBL_A4_T1_V2","index":2},"time":1542221957199},{"prop":"TEDExptRQ","value":{"ontologyKey":"S_A4_T1_RQ2","index":2},"time":1542221957199},{"prop":"TEDExptVarNC1","value":{"ontologyKey":"STBL_A4_T1_V1","index":1},"time":1542221957199},{"prop":"TEDExptVarNC2","value":{"ontologyKey":"STBL_A4_T1_V3","index":3},"time":1542221957199},{"prop":"TEDExptVarNC3","value":{"ontologyKey":"STBL_A4_T1_V4","index":4},"time":1542221957199},{"prop":"TEDExptPOSTSequence","value":[{"ontologyKey":"STBL_A4_T1_V1","index":1},{"ontologyKey":"STBL_A4_T1_V2","index":2},{"ontologyKey":"STBL_A4_T1_V3","index":3},{"ontologyKey":"STBL_A4_T1_V4","index":4}],"time":1542221957199},{"prop":"TEDExpt1V1","value":{"ontologyKey":"S_A4_T1_V1_A","index":1},"time":1542221957199},{"prop":"TEDExpt2V1","value":{"ontologyKey":"S_A4_T1_V1_A","index":1},"time":1542221957199},{"prop":"TEDExpt1V2","value":{"ontologyKey":"S_A4_T1_V2_A","index":2},"time":1542221957199},{"prop":"TEDExpt2V2","value":{"ontologyKey":"S_A4_T1_V2_A","index":2},"time":1542221957199},{"prop":"TEDExpt1V3","value":{"ontologyKey":"S_A4_T1_V3_A","index":3},"time":1542221957199},{"prop":"TEDExpt2V3","value":{"ontologyKey":"S_A4_T1_V3_A","index":3},"time":1542221957199},{"prop":"TEDExpt1V4","value":{"ontologyKey":"S_A4_T1_V4_A","index":4},"time":1542221957199},{"prop":"TEDExpt2V4","value":{"ontologyKey":"S_A4_T1_V4_A","index":4},"time":1542221957199},{"prop":"TEDExpt2V3","value":{"ontologyKey":"S_A4_T1_V3_B","index":3},"time":1542221957199},{"prop":"TEDExpt2V4","value":{"ontologyKey":"S_A4_T1_V4_B","index":4},"time":1542221957199},{"prop":"TEDExpt2V1","value":{"ontologyKey":"S_A4_T1_V1_B","index":1},"time":1542221957199},{"prop":"TEDExpt2V2","value":{"ontologyKey":"S_A4_T1_V2_B","index":2},"time":1542221957199},{"prop":"TEDExptNC1SameDiff","value":{"ontologyKey":"TED_E1_Q7NC1DIFF","value":"diff","index":1},"time":1542221957199},{"prop":"TEDExptNC1Confound","value":{"ontologyKey":"STBL_A4_T1_V1","index":1},"time":1542221957199},{"prop":"TEDExptNC2SameDiff","value":{"ontologyKey":"TED_E1_Q7NC2DIFF","value":"diff","index":3},"time":1542221957200},{"prop":"TEDExptNC2Confound","value":{"ontologyKey":"STBL_A4_T1_V3","index":3},"time":1542221957200},{"prop":"TEDExptNC3SameDiff","value":{"ontologyKey":"TED_E1_Q7NC3DIFF","value":"diff","index":4},"time":1542221957200},{"prop":"TEDExptNC3Confound","value":{"ontologyKey":"STBL_A4_T1_V4","index":4},"time":1542221957200},{"prop":"TEDExptNonTarget","value":[1,3,4],"time":1542221957507},{"prop":"TEDExptConfounds","value":[3,4,1],"time":1542221957507},{"prop":"TEDExptDifferent","value":[3,4,1,2],"time":1542221957507},{"prop":"TEDExptArea","value":{"ontologyKey":"STBL_A4","index":4},"time":1542221957507},{"prop":"TEDExptTopic","value":{"ontologyKey":"STBL_A4_T1","index":1},"time":1542221957507},{"prop":"TEDExptVariable","value":{"ontologyKey":"STBL_A4_T1_V2","index":2},"time":1542221957507},{"prop":"TEDExptRQ","value":{"ontologyKey":"S_A4_T1_RQ2","index":2},"time":1542221957507},{"prop":"TEDExptVarNC1","value":{"ontologyKey":"STBL_A4_T1_V1","index":1},"time":1542221957507},{"prop":"TEDExptVarNC2","value":{"ontologyKey":"STBL_A4_T1_V3","index":3},"time":1542221957507},{"prop":"TEDExptVarNC3","value":{"ontologyKey":"STBL_A4_T1_V4","index":4},"time":1542221957507},{"prop":"TEDExptPOSTSequence","value":[{"ontologyKey":"STBL_A4_T1_V1","index":1},{"ontologyKey":"STBL_A4_T1_V2","index":2},{"ontologyKey":"STBL_A4_T1_V3","index":3},{"ontologyKey":"STBL_A4_T1_V4","index":4}],"time":1542221957507},{"prop":"TEDExpt1V1","value":{"ontologyKey":"S_A4_T1_V1_A","index":1},"time":1542221957507},{"prop":"TEDExpt2V1","value":{"ontologyKey":"S_A4_T1_V1_A","index":1},"time":1542221957507},{"prop":"TEDExpt1V2","value":{"ontologyKey":"S_A4_T1_V2_A","index":2},"time":1542221957507},{"prop":"TEDExpt2V2","value":{"ontologyKey":"S_A4_T1_V2_A","index":2},"time":1542221957507},{"prop":"TEDExpt1V3","value":{"ontologyKey":"S_A4_T1_V3_A","index":3},"time":1542221957507},{"prop":"TEDExpt2V3","value":{"ontologyKey":"S_A4_T1_V3_A","index":3},"time":1542221957507},{"prop":"TEDExpt1V4","value":{"ontologyKey":"S_A4_T1_V4_A","index":4},"time":1542221957507},{"prop":"TEDExpt2V4","value":{"ontologyKey":"S_A4_T1_V4_A","index":4},"time":1542221957507},{"prop":"TEDExpt2V3","value":{"ontologyKey":"S_A4_T1_V3_B","index":3},"time":1542221957507},{"prop":"TEDExpt2V4","value":{"ontologyKey":"S_A4_T1_V4_B","index":4},"time":1542221957507},{"prop":"TEDExpt2V1","value":{"ontologyKey":"S_A4_T1_V1_B","index":1},"time":1542221957507},{"prop":"TEDExpt2V2","value":{"ontologyKey":"S_A4_T1_V2_B","index":2},"time":1542221957507},{"prop":"TEDExptNC1SameDiff","value":{"ontologyKey":"TED_E1_Q7NC1DIFF","value":"diff","index":1},"time":1542221957507},{"prop":"TEDExptNC1Confound","value":{"ontologyKey":"STBL_A4_T1_V1","index":1},"time":1542221957507},{"prop":"TEDExptNC2SameDiff","value":{"ontologyKey":"TED_E1_Q7NC2DIFF","value":"diff","index":3},"time":1542221957507},{"prop":"TEDExptNC2Confound","value":{"ontologyKey":"STBL_A4_T1_V3","index":3},"time":1542221957507},{"prop":"TEDExptNC3SameDiff","value":{"ontologyKey":"TED_E1_Q7NC3DIFF","value":"diff","index":4},"time":1542221957507},{"prop":"TEDExptNC3Confound","value":{"ontologyKey":"STBL_A4_T1_V4","index":4},"time":1542221957507},{"prop":"differentRow","value":1,"time":1542221973136},{"prop":"independentVarN","value":{"row":2,"col":0,"ontologyKey":"STBL_A4_T1_V2|name","isText":true,"selectedValue":"Amount of Sunlight","cell":{}},"time":1542221982921},{"prop":"sameRow1","value":2,"time":1542221988595},{"prop":"independentVarN","value":{"row":3,"col":0,"ontologyKey":"STBL_A4_T1_V3|name","isText":true,"selectedValue":"Amount of Fertilizer","cell":{}},"time":1542221994268},{"prop":"sameRow2","value":3,"time":1542222001682},{"prop":"independentVarN","value":{"row":4,"col":0,"ontologyKey":"STBL_A4_T1_V4|name","isText":true,"selectedValue":"Type of Water","cell":{}},"time":1542222007383},{"prop":"sameRow3","value":4,"time":1542222014702},{"prop":"independentVarN","time":1542222020389},{"prop":"Expt1_Q1","value":{"name":"{{$EFO_TED_E1_LISTYN|yes}}","ontologyKey":"TED_E1_LISTYN|yes","index":1,"value":false,"id":"incorrect"},"time":1542222193132},{"prop":"Expt1_Q3_WRONG","value":{"name":"{{$EFO_TED_E1_LISTQ23|ans6}}","value":"$EFL_efdata.TED.E1.LISTQ23","ontologyKey":"TED_E1_LISTQ23|yes","index":6,"id":"6"},"time":1542222233050},{"prop":"Expt1_Q4","value":{"name":"{{$EFO_TED_E1_LISTYN|yes}}","ontologyKey":"TED_E1_LISTYN|yes","index":1,"value":false,"id":"incorrect"},"time":1542222266548},{"prop":"Expt1_Q4B_WRONG","value":{"name":"{{$EFO_TED_E1_LISTQ56|ans1}}","value":"$EFL_efdata.TED.E1.LISTQ56","ontologyKey":"TED_E1_LISTQ56|yes","index":1,"id":"1"},"time":1542222296610},{"prop":"TEDFeatureFocus","value":["Could cause","","Could cause","Could Not cause"],"time":1542222309564},{"prop":"TEDFeatureFocus","value":["Could cause","","Could cause","Could Not cause"],"time":1542222339801},{"prop":"TEDFeatureFocus","value":["Could cause","","Could cause","Could Not cause"],"time":1542222342869},{"prop":"TEDFeatureFocus","value":["Could cause","","Could cause","Could Not cause"],"time":1542222344526},{"prop":"TEDcorrection","value":3,"time":1542222408794},{"prop":"TEDcorrection","value":2,"time":1542222424124},{"prop":"TEDcorrection","value":1,"time":1542222426022},{"prop":"TEDcorrection","value":0,"time":1542222428825},{"prop":"TEDcorrection","value":1,"time":1542222431438},{"prop":"TEDcorrection","value":0,"time":1542222433844},{"prop":"TEDExptNonTarget","value":[1,2,4],"time":1542222500701},{"prop":"TEDExptConfounds","value":[2],"time":1542222500701},{"prop":"TEDExptDifferent","value":[2,3],"time":1542222500701},{"prop":"TEDExptArea","value":{"ontologyKey":"STBL_A4","index":4},"time":1542222500701},{"prop":"TEDExptTopic","value":{"ontologyKey":"STBL_A4_T1","index":1},"time":1542222500701},{"prop":"TEDExptVariable","value":{"ontologyKey":"STBL_A4_T1_V3","index":3},"time":1542222500701},{"prop":"TEDExptRQ","value":{"ontologyKey":"S_A4_T1_RQ3","index":3},"time":1542222500701},{"prop":"TEDExptVarNC1","value":{"ontologyKey":"STBL_A4_T1_V1","index":1},"time":1542222500701},{"prop":"TEDExptVarNC2","value":{"ontologyKey":"STBL_A4_T1_V2","index":2},"time":1542222500701},{"prop":"TEDExptVarNC3","value":{"ontologyKey":"STBL_A4_T1_V4","index":4},"time":1542222500701},{"prop":"TEDExptPOSTSequence","value":[{"ontologyKey":"STBL_A4_T1_V1","index":1},{"ontologyKey":"STBL_A4_T1_V2","index":2},{"ontologyKey":"STBL_A4_T1_V3","index":3},{"ontologyKey":"STBL_A4_T1_V4","index":4}],"time":1542222500701},{"prop":"TEDExpt1V1","value":{"ontologyKey":"S_A4_T1_V1_A","index":1},"time":1542222500701},{"prop":"TEDExpt2V1","value":{"ontologyKey":"S_A4_T1_V1_A","index":1},"time":1542222500701},{"prop":"TEDExpt1V2","value":{"ontologyKey":"S_A4_T1_V2_A","index":2},"time":1542222500701},{"prop":"TEDExpt2V2","value":{"ontologyKey":"S_A4_T1_V2_A","index":2},"time":1542222500701},{"prop":"TEDExpt1V3","value":{"ontologyKey":"S_A4_T1_V3_A","index":3},"time":1542222500701},{"prop":"TEDExpt2V3","value":{"ontologyKey":"S_A4_T1_V3_A","index":3},"time":1542222500701},{"prop":"TEDExpt1V4","value":{"ontologyKey":"S_A4_T1_V4_A","index":4},"time":1542222500701},{"prop":"TEDExpt2V4","value":{"ontologyKey":"S_A4_T1_V4_A","index":4},"time":1542222500701},{"prop":"TEDExpt2V2","value":{"ontologyKey":"S_A4_T1_V2_B","index":2},"time":1542222500701},{"prop":"TEDExpt2V3","value":{"ontologyKey":"S_A4_T1_V3_B","index":3},"time":1542222500701},{"prop":"TEDExptNC1SameDiff","value":{"ontologyKey":"TED_E1_Q7NC1SAME","value":"same","index":1},"time":1542222500702},{"prop":"TEDExptNC2SameDiff","value":{"ontologyKey":"TED_E1_Q7NC2DIFF","value":"diff","index":2},"time":1542222500702},{"prop":"TEDExptNC1Confound","value":{"ontologyKey":"STBL_A4_T1_V2","index":2},"time":1542222500702},{"prop":"TEDExptNC3SameDiff","value":{"ontologyKey":"TED_E1_Q7NC3SAME","value":"same","index":4},"time":1542222500702},{"prop":"Expt1_Q1","value":{"name":"{{$EFO_TED_E1_LISTYN|no}}","ontologyKey":"TED_E1_LISTYN|no","index":2,"value":true,"id":"correct"},"time":1542222580249},{"prop":"Expt1_Q2_RIGHT","value":{"name":"{{$EFO_TED_E1_LISTQ23|ans4}}","value":"$EFL_efdata.TED.E1.LISTQ23","ontologyKey":"TED_E1_LISTQ23|yes","index":4,"id":"4"},"time":1542222602588},{"prop":"Expt1_Q4","value":{"name":"{{$EFO_TED_E1_LISTYN|no}}","ontologyKey":"TED_E1_LISTYN|no","index":2,"value":true,"id":"correct"},"time":1542222631202},{"prop":"Expt1_Q4A_RIGHT","value":{"name":"{{$EFO_TED_E1_LISTQ56|ans4}}","value":"$EFL_efdata.TED.E1.LISTQ56","ontologyKey":"TED_E1_LISTQ56|yes","index":4,"id":"4"},"time":1542222667682}],"selectedTopic":{"index":1,"ontologyKey":"STBL_A4_T1|name"},"selectedVariable":{"index":1,"ontologyKey":"STBL_A4_T1_V1|name"},"TEDExptNonTarget":[1,2,4],"TEDExptConfounds":[2],"TEDExptDifferent":[2,3],"TEDExptArea":{"ontologyKey":"STBL_A4","index":4},"TEDExptTopic":{"ontologyKey":"STBL_A4_T1","index":1},"TEDExptVariable":{"ontologyKey":"STBL_A4_T1_V3","index":3},"TEDExptRQ":{"ontologyKey":"S_A4_T1_RQ3","index":3},"TEDExptVarNC1":{"ontologyKey":"STBL_A4_T1_V1","index":1},"TEDExptVarNC2":{"ontologyKey":"STBL_A4_T1_V2","index":2},"TEDExptVarNC3":{"ontologyKey":"STBL_A4_T1_V4","index":4},"TEDExptPOSTSequence":[{"ontologyKey":"STBL_A4_T1_V1","index":1},{"ontologyKey":"STBL_A4_T1_V2","index":2},{"ontologyKey":"STBL_A4_T1_V3","index":3},{"ontologyKey":"STBL_A4_T1_V4","index":4}],"TEDExpt1V1":{"ontologyKey":"S_A4_T1_V1_A","index":1},"TEDExpt2V1":{"ontologyKey":"S_A4_T1_V1_A","index":1},"TEDExpt1V2":{"ontologyKey":"S_A4_T1_V2_A","index":2},"TEDExpt2V2":{"ontologyKey":"S_A4_T1_V2_B","index":2},"TEDExpt1V3":{"ontologyKey":"S_A4_T1_V3_A","index":3},"TEDExpt2V3":{"ontologyKey":"S_A4_T1_V3_B","index":3},"TEDExpt1V4":{"ontologyKey":"S_A4_T1_V4_A","index":4},"TEDExpt2V4":{"ontologyKey":"S_A4_T1_V4_A","index":4},"TEDExptNC1SameDiff":{"ontologyKey":"TED_E1_Q7NC1SAME","value":"same","index":1},"TEDExptNC1Confound":{"ontologyKey":"STBL_A4_T1_V2","index":2},"TEDExptNC2SameDiff":{"ontologyKey":"TED_E1_Q7NC2DIFF","value":"diff","index":2},"TEDExptNC2Confound":{"ontologyKey":"STBL_A4_T1_V3","index":3},"TEDExptNC3SameDiff":{"ontologyKey":"TED_E1_Q7NC3SAME","value":"same","index":4},"TEDExptNC3Confound":{"ontologyKey":"STBL_A4_T1_V4","index":4},"differentRow":1,"sameRow1":2,"sameRow2":3,"sameRow3":4,"Expt1_Q1":{"name":"{{$EFO_TED_E1_LISTYN|no}}","ontologyKey":"TED_E1_LISTYN|no","index":2,"value":true,"id":"correct"},"Expt1_Q3_WRONG":{"name":"{{$EFO_TED_E1_LISTQ23|ans6}}","value":"$EFL_efdata.TED.E1.LISTQ23","ontologyKey":"TED_E1_LISTQ23|yes","index":6,"id":"6"},"Expt1_Q4":{"name":"{{$EFO_TED_E1_LISTYN|no}}","ontologyKey":"TED_E1_LISTYN|no","index":2,"value":true,"id":"correct"},"Expt1_Q4B_WRONG":{"name":"{{$EFO_TED_E1_LISTQ56|ans1}}","value":"$EFL_efdata.TED.E1.LISTQ56","ontologyKey":"TED_E1_LISTQ56|yes","index":1,"id":"1"},"TEDFeatureFocus":["Could cause","","Could cause","Could Not cause"],"TEDcorrection":0,"Expt1_Q2_RIGHT":{"name":"{{$EFO_TED_E1_LISTQ23|ans4}}","value":"$EFL_efdata.TED.E1.LISTQ23","ontologyKey":"TED_E1_LISTQ23|yes","index":4,"id":"4"},"Expt1_Q4A_RIGHT":{"name":"{{$EFO_TED_E1_LISTQ56|ans4}}","value":"$EFL_efdata.TED.E1.LISTQ56","ontologyKey":"TED_E1_LISTQ56|yes","index":4,"id":"4"}}},"tutor":{"experimentalGroup":{"ontologyKey":"EG_A2"},"$seq":[{"prop":"experimentalGroup.ontologyKey","value":"EG_A2","time":1542221957098}]}}