{"sceneState":{"SNavigator":{},"SIntro":{"complete":false,"$seq":[{"prop":"complete","value":false,"time":1274492951569}]},"SScene1":{"complete":true,"$seq":[{"prop":"complete","value":false,"time":1274492966443},{"prop":"Sg1","value":"true","time":1274493010365},{"prop":"DR1:Sg1","value":"ans4","time":1274493010366},{"prop":"complete","value":true,"time":1274493010366},{"prop":"Sg1","value":"true","time":1274493010368},{"prop":"complete","value":true,"time":1274493010368},{"prop":"Sg1","value":"true","time":1274493010760},{"prop":"DR1:Sg1","value":"ans3","time":1274493010760},{"prop":"complete","value":true,"time":1274493010760},{"prop":"Sg1","value":"true","time":1274493010760},{"prop":"complete","value":true,"time":1274493010760},{"prop":"Sg1","value":"true","time":1274493013574},{"prop":"DR1:Sg1","value":"ans2","time":1274493013574},{"prop":"complete","value":true,"time":1274493013574},{"prop":"Sg1","value":"true","time":1274493013575},{"prop":"complete","value":true,"time":1274493013575},{"prop":"Sg1","value":"true","time":1274493020590},{"prop":"DR1:Sg1","value":"ans1","time":1274493020590},{"prop":"complete","value":true,"time":1274493020590},{"prop":"Sg1","value":"true","time":1274493020591},{"prop":"complete","value":true,"time":1274493020591},{"prop":"Sg1","value":"true","time":1274493021927},{"prop":"DR1:Sg1","value":"ans1","time":1274493021927},{"prop":"complete","value":true,"time":1274493021927},{"prop":"Sg1","value":"true","time":1274493021928},{"prop":"complete","value":true,"time":1274493021928},{"prop":"Sg1","value":"true","time":1274493022200},{"prop":"DR1:Sg1","value":"ans4","time":1274493022200},{"prop":"complete","value":true,"time":1274493022200},{"prop":"Sg1","value":"true","time":1274493022200},{"prop":"complete","value":true,"time":1274493022200},{"prop":"Sg1","value":"true","time":1274493022384},{"prop":"DR1:Sg1","value":"ans3","time":1274493022384},{"prop":"complete","value":true,"time":1274493022384},{"prop":"Sg1","value":"true","time":1274493022385},{"prop":"complete","value":true,"time":1274493022385},{"prop":"Sg1","value":"true","time":1274493023676},{"prop":"DR1:Sg1","value":"ans1","time":1274493023676},{"prop":"complete","value":true,"time":1274493023676},{"prop":"Sg1","value":"true","time":1274493023677},{"prop":"complete","value":true,"time":1274493023677},{"prop":"Sg1","value":"true","time":1274493024508},{"prop":"DR1:Sg1","value":"ans4","time":1274493024508},{"prop":"complete","value":true,"time":1274493024508},{"prop":"Sg1","value":"true","time":1274493024509},{"prop":"complete","value":true,"time":1274493024509},{"prop":"Sg1","value":"true","time":1274493025366},{"prop":"DR1:Sg1","value":"ans4","time":1274493025366},{"prop":"complete","value":true,"time":1274493025366},{"prop":"Sg1","value":"true","time":1274493025366},{"prop":"complete","value":true,"time":1274493025366},{"prop":"Sg1","value":"true","time":1274493025792},{"prop":"DR1:Sg1","value":"ans1","time":1274493025792},{"prop":"complete","value":true,"time":1274493025792},{"prop":"Sg1","value":"true","time":1274493025792},{"prop":"complete","value":true,"time":1274493025792},{"prop":"Sg1","value":"true","time":1274493027028},{"prop":"DR1:Sg1","value":"ans2","time":1274493027028},{"prop":"complete","value":true,"time":1274493027028},{"prop":"Sg1","value":"true","time":1274493027029},{"prop":"complete","value":true,"time":1274493027029}],"Sg1":"true","DR1:Sg1":"ans2"},"SScene2":{"complete":true,"$seq":[{"prop":"complete","value":false,"time":1274493029195},{"prop":"Sg1","value":"true","time":1274493076672},{"prop":"DR2:Sg1","value":"ans1","time":1274493076672},{"prop":"complete","value":true,"time":1274493076672},{"prop":"Sg1","value":"true","time":1274493076673},{"prop":"complete","value":true,"time":1274493076673}],"Sg1":"true","DR2:Sg1":"ans1"},"SScene3":{"complete":true,"$seq":[{"prop":"complete","value":false,"time":1274493081543},{"prop":"Sg1","value":"true","time":1274493113394},{"prop":"DR3:Sg1","value":"ans3","time":1274493113394},{"prop":"complete","value":true,"time":1274493113394},{"prop":"Sg1","value":"true","time":1274493113395},{"prop":"complete","value":true,"time":1274493113395}],"Sg1":"true","DR3:Sg1":"ans3"},"SScene4":{"complete":true,"$seq":[{"prop":"complete","value":false,"time":1274493114322},{"prop":"Sg1","value":"true","time":1274493138884},{"prop":"DR4:Sg1","value":"ans4","time":1274493138884},{"prop":"complete","value":true,"time":1274493138884},{"prop":"Sg1","value":"true","time":1274493138884},{"prop":"complete","value":true,"time":1274493138884},{"prop":"Sg1","value":"true","time":1274493140405},{"prop":"DR4:Sg1","value":"ans1","time":1274493140405},{"prop":"complete","value":true,"time":1274493140405},{"prop":"Sg1","value":"true","time":1274493140405},{"prop":"complete","value":true,"time":1274493140405},{"prop":"Sg1","value":"true","time":1274493144316},{"prop":"DR4:Sg1","value":"ans4","time":1274493144316},{"prop":"complete","value":true,"time":1274493144316},{"prop":"Sg1","value":"true","time":1274493144317},{"prop":"complete","value":true,"time":1274493144317},{"prop":"Sg1","value":"true","time":1274493145195},{"prop":"DR4:Sg1","value":"ans4","time":1274493145195},{"prop":"complete","value":true,"time":1274493145195},{"prop":"Sg1","value":"true","time":1274493145195},{"prop":"complete","value":true,"time":1274493145196}],"Sg1":"true","DR4:Sg1":"ans4"},"SSubmit":{"complete":false,"$seq":[{"prop":"complete","value":false,"time":1274493153066}]},"SSceneEnd":{"complete":false,"$seq":[{"prop":"complete","value":false,"time":1274493159916}]}},"moduleState":{},"tutorState":{},"fFeatures":{"0":true},"featureID":{}}