{"scene":{"SNavigator":{},"SMatsIntro":{"complete":true,"$seq":[{"prop":"complete","value":false,"time":1557761841390},{"prop":"complete","value":true,"time":1557761854586}]},"SMatsPre1":{"complete":true,"$seq":[{"prop":"complete","value":false,"time":1557761859844},{"prop":"Sg1","value":"true","time":1557761867039},{"prop":"PreTest:Sg1","value":"b4","time":1557761867039},{"prop":"complete","value":false,"time":1557761867040},{"prop":"Sg1","value":"true","time":1557761867041},{"prop":"complete","value":false,"time":1557761867041},{"prop":"Sg2","value":"true","time":1557761871425},{"prop":"PreTest:Sg2","value":"b4","time":1557761871425},{"prop":"complete","value":false,"time":1557761871425},{"prop":"Sg2","value":"true","time":1557761871425},{"prop":"complete","value":false,"time":1557761871425},{"prop":"Sg3","value":"true","time":1557761883827},{"prop":"PreTest:Sg3","value":"b2","time":1557761883827},{"prop":"complete","value":false,"time":1557761883827},{"prop":"Sg3","value":"true","time":1557761883827},{"prop":"complete","value":false,"time":1557761883827},{"prop":"Sg4","value":"true","time":1557761893123},{"prop":"PreTest:Sg4","value":"b3","time":1557761893123},{"prop":"complete","value":true,"time":1557761893123},{"prop":"Sg4","value":"true","time":1557761893124},{"prop":"complete","value":true,"time":1557761893124}],"Sg1":"true","PreTest:Sg1":"b4","Sg2":"true","PreTest:Sg2":"b4","Sg3":"true","PreTest:Sg3":"b2","Sg4":"true","PreTest:Sg4":"b3"},"SMatsPre2":{"complete":true,"$seq":[{"prop":"complete","value":false,"time":1557761898270},{"prop":"Sg1","value":"true","time":1557761903832},{"prop":"PreTest:Sg1","value":"b1","time":1557761903832},{"prop":"complete","value":false,"time":1557761903832},{"prop":"Sg1","value":"true","time":1557761903833},{"prop":"complete","value":false,"time":1557761903833},{"prop":"Sg2","value":"true","time":1557761907817},{"prop":"PreTest:Sg2","value":"b4","time":1557761907817},{"prop":"complete","value":false,"time":1557761907817},{"prop":"Sg2","value":"true","time":1557761907818},{"prop":"complete","value":false,"time":1557761907818},{"prop":"Sg3","value":"true","time":1557761917875},{"prop":"PreTest:Sg3","value":"b4","time":1557761917875},{"prop":"complete","value":false,"time":1557761917875},{"prop":"Sg3","value":"true","time":1557761917875},{"prop":"complete","value":false,"time":1557761917875},{"prop":"Sg4","value":"true","time":1557761927376},{"prop":"PreTest:Sg4","value":"b2","time":1557761927376},{"prop":"complete","value":true,"time":1557761927376},{"prop":"Sg4","value":"true","time":1557761927376},{"prop":"complete","value":true,"time":1557761927376},{"prop":"Sg4","value":"true","time":1557761931771},{"prop":"PreTest:Sg4","value":"b3","time":1557761931771},{"prop":"complete","value":true,"time":1557761931772},{"prop":"Sg4","value":"true","time":1557761931772},{"prop":"complete","value":true,"time":1557761931772}],"Sg1":"true","PreTest:Sg1":"b1","Sg2":"true","PreTest:Sg2":"b4","Sg3":"true","PreTest:Sg3":"b4","Sg4":"true","PreTest:Sg4":"b3"},"SMatsPre3":{"complete":true,"$seq":[{"prop":"complete","value":false,"time":1557761932815},{"prop":"Sg1","value":"true","time":1557761936940},{"prop":"PreTest:Sg1","value":"b4","time":1557761936940},{"prop":"complete","value":false,"time":1557761936940},{"prop":"Sg1","value":"true","time":1557761936940},{"prop":"complete","value":false,"time":1557761936940},{"prop":"Sg2","value":"true","time":1557761939773},{"prop":"PreTest:Sg2","value":"b3","time":1557761939773},{"prop":"complete","value":false,"time":1557761939773},{"prop":"Sg2","value":"true","time":1557761939773},{"prop":"complete","value":false,"time":1557761939773},{"prop":"Sg3","value":"true","time":1557761946220},{"prop":"PreTest:Sg3","value":"b4","time":1557761946220},{"prop":"complete","value":false,"time":1557761946220},{"prop":"Sg3","value":"true","time":1557761946220},{"prop":"complete","value":false,"time":1557761946220},{"prop":"Sg4","value":"true","time":1557761956107},{"prop":"PreTest:Sg4","value":"b4","time":1557761956107},{"prop":"complete","value":true,"time":1557761956107},{"prop":"Sg4","value":"true","time":1557761956107},{"prop":"complete","value":true,"time":1557761956107}],"Sg1":"true","PreTest:Sg1":"b4","Sg2":"true","PreTest:Sg2":"b3","Sg3":"true","PreTest:Sg3":"b4","Sg4":"true","PreTest:Sg4":"b4"},"SMatsPre4":{"complete":true,"$seq":[{"prop":"complete","value":false,"time":1557761956942},{"prop":"Sg1","value":"true","time":1557761963918},{"prop":"PreTest:Sg1","value":"b2","time":1557761963918},{"prop":"complete","value":false,"time":1557761963918},{"prop":"Sg1","value":"true","time":1557761963919},{"prop":"complete","value":false,"time":1557761963919},{"prop":"Sg2","value":"true","time":1557761969949},{"prop":"PreTest:Sg2","value":"b2","time":1557761969949},{"prop":"complete","value":true,"time":1557761969949},{"prop":"prompted","value":true,"time":1557761969949},{"prop":"Sg2","value":"true","time":1557761969950},{"prop":"complete","value":true,"time":1557761969950}],"Sg1":"true","PreTest:Sg1":"b2","Sg2":"true","PreTest:Sg2":"b2","prompted":true}},"module":{},"tutor":{}}