{
    "_LIBRARY": {
        "eflist": {},
        "eftext": {
            "SbreadCrumbs": {
                "src": "$$EFX.html_crumbText"
            },
            "STextBox1": [
                {
                    "id": "A",
                    "src": "$$EFX.html_text",
                    "datasource": "$EFL_efdata.intro1",
                    "default": true
                },
                {
                    "id": "B",
                    "src": "$$EFX.html_text",
                    "datasource": "$EFL_efdata.intro2"
                },
                {
                    "id": "C",
                    "src": "$$EFX.html_text",
                    "datasource": "$EFL_efdata.intro3"
                },
                {
                    "id": "D",
                    "src": "$$EFX.html_text",
                    "datasource": "$EFL_efdata.intro4"
                },
                {
                    "id": "E",
                    "src": "$$EFX.html_text",
                    "datasource": "$EFL_efdata.intro5"
                },
                {
                    "id": "F",
                    "src": "$$EFX.html_text",
                    "datasource": "$EFL_efdata.intro6"
                },
                {
                    "id": "G",
                    "src": "$$EFX.html_text",
                    "datasource": "$EFL_efdata.intro7"
                },
                {
                    "id": "H",
                    "src": "$$EFX.html_text",
                    "datasource": "$EFL_efdata.intro8"
                },
                {
                    "id": "I",
                    "src": "$$EFX.html_text",
                    "datasource": "$EFL_efdata.intro9"
                }
            ]
        },
        "efinput": {},
        "eftable": {},
        "efdata": {
            "intro1": {
                "htmlData": {
                    "html":"<p><span style=\"font-size:2em\">Welcome!</span><br><br> You are about to begin the TED Tutor.</p>"
                }
            },
            "intro2": {
                "htmlData": {
                    "html": "<p>With it, you will learn a procedure<br><br> for how to design<br><br> good science experiments.</p>"
                }
            },
            "intro3": {
                "htmlData": {
                    "html": "<p>This procedure is called<br><br> the control of variables strategy or<br><br> vary one thing at a time. </p>"
                }
            },
            "intro4": {
                "htmlData": {
                    "html": "<p>TED is a computer tutor.<br><br> Like a real teacher, TED provides<br> instruction and feedback. </p>"
                }
            },
            "intro5": {
                "htmlData": {
                    "html": "<p><span id=\"s1\"><img src=\"EFMod_TEDIntro/EFdata/images/check1.png\"> Correct answers:<br>advance</span><span id=\"s2\"  style=\"visibility: hidden;\"><br><br><img src=\"EFMod_TEDIntro/EFdata/images/wrong1.png\"> Incorrect answers:<br> extra help & more practice</span></p>"
                }
            },
            "intro6": {
                "htmlData": {
                    "html": "<p><span id=\"s1\"><img src=\"EFMod_TEDIntro/EFdata/images/arrow1.png\"><br> Sometimes you go \"backwards\"<br> and repeat questions.</span><br><br><span id=\"s2\">TED has determined you<br> might need more practice.</span></p>"
                }
            },
            "intro7": {
                "htmlData": {
                    "html": "<p><span id=\"s1\">Your answers</span><br><span id=\"s2\">to its questions</span></p>"
                }
            },
            "intro8": {
                "htmlData": {
                    "html": "<p>It's important to make sure<br> you understand<br> what each question is asking<br> & to answer carefully.</p>"
                }
            },
            "intro9": {
                "htmlData": {
                    "html": "<p>Let's Begin!</p>"
                }
            }
        }
    }
}