{"scene":{"SNavigator":{},"SScene1":{"complete":true,"$seq":[{"prop":"complete","value":false,"time":1554818563022},{"prop":"complete","value":true,"time":1554818616987}]},"SScene2":{"AreaSelected":true,"$seq":[{"prop":"AreaSelected","value":false,"time":1554818621103},{"prop":"AreaSelected","value":true,"time":1554818682212},{"prop":"Area Name:physical and chemical changes","time":1554818682213},{"prop":"Area Index:1","time":1554818682213}]},"SScene3":{"TopicSelected":true,"$seq":[{"prop":"TopicSelected","value":false,"time":1554818685291},{"prop":"TopicSelected","value":true,"time":1554818693293},{"prop":"Topic Index:2","time":1554818693294}]},"SScene4":{"complete":true,"$seq":[{"prop":"complete","value":false,"time":1554818693707},{"prop":"complete","value":true,"time":1554818714495}]},"SScene5":{"complete":true,"$seq":[{"prop":"complete","value":false,"time":1554818721400},{"prop":"complete","value":true,"time":1554818726052}]},"SScene5a":{"complete":true,"$seq":[{"prop":"complete","value":false,"time":1554818730613},{"prop":"complete","value":true,"time":1554818742737}]},"SScene6a":{},"SScene6b":{},"SScene6c":{},"SScene7":{"complete":true,"$seq":[{"prop":"complete","value":false,"time":1554818776280},{"prop":"complete","value":true,"time":1554818803865}]},"SScene8":{"complete":true,"$seq":[{"prop":"complete","value":false,"time":1554818808424},{"prop":"complete","value":true,"time":1554818850818}]},"SScene9":{"RQSelected":false,"$seq":[{"prop":"RQSelected","value":false,"time":1554818860236}]}},"module":{"selectedArea":{"ontologyKey":"S_A1|name","index":1},"$seq":[{"prop":"selectedArea","value":{"ontologyKey":"S_A1|name","index":1},"time":1554818562917},{"prop":"selectedTopic","value":{"ontologyKey":"S_A1_T2|name","index":2},"time":1554818562917},{"prop":"selectedVariable","value":{"ontologyKey":"S_A1_T2_V4|name","index":4},"time":1554818562917},{"prop":"selectedRQ","value":{"ontologyKey":"S_A1_T2_RQ4"},"time":1554818562917},{"prop":"AreaSelectedID","value":"Sarea1|Sselected","time":1554818562917},{"prop":"AreaButtonID","value":"Sbutton1","time":1554818562917},{"prop":"TopicSelectedID","value":"Stopic2|Sselected","time":1554818562917},{"prop":"TopicButtonID","value":"Sbutton2","time":1554818562917},{"prop":"VariableHighlightID","value":"SbuttonHL4","time":1554818562917},{"prop":"VariableClickMaskID","value":"SclickMask4","time":1554818562917},{"prop":"selectedArea.ontologyKey","value":"S_A1|name","time":1554818682212},{"prop":"selectedArea.index","value":1,"time":1554818682212},{"prop":"selectedTopic.ontologyKey","value":"S_A1_T2|name","time":1554818693293},{"prop":"selectedTopic.index","value":2,"time":1554818693293}],"selectedTopic":{"ontologyKey":"S_A1_T2|name","index":2},"selectedVariable":{"ontologyKey":"S_A1_T2_V4|name","index":4},"selectedRQ":{"ontologyKey":"S_A1_T2_RQ4"},"AreaSelectedID":"Sarea1|Sselected","AreaButtonID":"Sbutton1","TopicSelectedID":"Stopic2|Sselected","TopicButtonID":"Sbutton2","VariableHighlightID":"SbuttonHL4","VariableClickMaskID":"SclickMask4"},"tutor":{"experimentalGroup":{"ontologyKey":"EG_A2"},"$seq":[{"prop":"experimentalGroup.ontologyKey","value":"EG_A2","time":1554818562917}]}}