{
	"type":"graph",
	"history":"volatile",
    "name":"TED Deductive Reasoning Pre-Test",
    
	"hostModule":"EFMod_TEDMats",
	"version":"0.1.0",
	

	"CNodes":
	{	
		"COMMENT":"@@@@@@@@@@@@@@@@@@@@@@@@@@@@@@@@@@@@@  CNodes  @@@@@@@@@@@@@@@@@@@@@@@@@@@@@@@@@@@@@@@@@@@@@@",

				
					
		"_nav":{"COMMENT":"%%%%%%%%%%%%%%%%%%%%%%%%%%%%%%%%%%%%%%%%%%%%%%%%%%%%%% Navigation Components preload node - used to force nav scene creation %%%%%%%%%%%%%%%%%%%%%%%%%%%%%%%%%%%%%%%%%%%%%%%%%%%%%%***",
				"type":"module",
				"link":"base",
				"edges":
						[
						]
				},
			
		"root":{"COMMENT":"Standard Start Screen",
				"type":"module", 
				"link":"DEDR",
				"edges":
						[													
							{"constraint":"","edge":"END_CLOAK"}							
						]
				},

		"END_CLOAK":{ "COMMENT":"End Cloak - Allows LogManager to gracefully shutdown the session",
					"type":"module", 
					"link":"END_CLOAK",
					"edges":
							[
							]
					}					
	},		
		
	"CModules":
	{		
		"COMMENT":"@@@@@@@@@@@@@@@@@@@@@@@@@@@@@@@@@@@@@  CModules  @@@@@@@@@@@@@@@@@@@@@@@@@@@@@@@@@@@@@@@@@@@@@@",
	
		"base":
		{
			"instanceNode":"",
			"reuse":true,			
			"scenes":		
			[
				{"title":"", "page":"", "name":"SNavigator", "classname":"EFMod_DedReason.Navigator", "features":"null", "enqueue":"false" , "create":"true" , "visible":"true", "persist":"false", "ischeckpnt":"true", "object":"null"}
			]
		},	
			
		"DEDR":
		{
			"instanceNode":"",
			"reuse":true,
			"scenes":		
			[
                {"title":"Start of Tutor", "page":"", "name":"SSceneStart"   , "classname":"EFMod_DedReason.SceneStart", "features":"FTR_DEV", "enqueue":"true", "create":"false", "persist":"false", "ischeckpnt":"true", "object":"null"},
                {"title":"Start of Tutor", "page":"", "name":"SIntro"        , "classname":"EFMod_DedReason.Intro",      "features":"", "enqueue":"true", "create":"false", "persist":"false", "ischeckpnt":"true", "object":"null"},
                
				{"title":"Start of Tutor", "page":"", "name":"SScene1"   , "classname":"EFMod_DedReason.Scene1", "features":"", "enqueue":"true", "create":"false", "persist":"true", "ischeckpnt":"true", "object":"null"},
				{"title":"Start of Tutor", "page":"", "name":"SScene2"   , "classname":"EFMod_DedReason.Scene1", "features":"", "enqueue":"true", "create":"false", "persist":"true", "ischeckpnt":"true", "object":"null"},
				{"title":"Start of Tutor", "page":"", "name":"SScene3"   , "classname":"EFMod_DedReason.Scene1", "features":"", "enqueue":"true", "create":"false", "persist":"true", "ischeckpnt":"true", "object":"null"},
				{"title":"Start of Tutor", "page":"", "name":"SScene4"   , "classname":"EFMod_DedReason.Scene1", "features":"", "enqueue":"true", "create":"false", "persist":"true", "ischeckpnt":"true", "object":"null"},
				{"title":"Start of Tutor", "page":"", "name":"SSubmit"   , "classname":"EFMod_DedReason.Submit", "features":"", "enqueue":"true", "create":"false", "persist":"true", "ischeckpnt":"true", "object":"null"}
			]
		},
	
		"END_CLOAK":
		{
			"instanceNode":"",
			"reuse":true,
			"scenes":		
			[	
				{"title":"", "page":"", "name":"SSceneEnd"  , "classname":"EFMod_DedReason.SceneEnd", "features":"" , "enqueue":"true", "create":"false", "persist":"false", "ischeckpnt":"true", "object":"null"}
			]
		}		
		
	},

	"CModuleGroups":
	{
		"COMMENT":"@@@@@@@@@@@@@@@@@@@@@@@@@@@@@@@@@@@@@  CModuleGroups  @@@@@@@@@@@@@@@@@@@@@@@@@@@@@@@@@@@@@@@@@@@@@@"	
	},

	"CActions":
	{
		"COMMENT":"@@@@@@@@@@@@@@@@@@@@@@@@@@@@@@@@@@@@@  CActions  @@@@@@@@@@@@@@@@@@@@@@@@@@@@@@@@@@@@@@@@@@@@@@"
	
	},
	
	"CConstraints":
	{
		"COMMENT":"@@@@@@@@@@@@@@@@@@@@@@@@@@@@@@@@@@@@@  CConstraints  @@@@@@@@@@@@@@@@@@@@@@@@@@@@@@@@@@@@@@@@@@@@@@"
	},

	"CSubGraphs":
	{
		"COMMENT":"@@@@@@@@@@@@@@@@@@@@@@@@@@@@@@@@@@@@@  CSubGraphs  @@@@@@@@@@@@@@@@@@@@@@@@@@@@@@@@@@@@@@@@@@@@@@"
			
	},	
	
	"CExternals":
	{
		"COMMENT":"@@@@@@@@@@@@@@@@@@@@@@@@@@@@@@@@@@@@@  CExternals  @@@@@@@@@@@@@@@@@@@@@@@@@@@@@@@@@@@@@@@@@@@@@@"
	},
	
	
	"CSkills":
	{
		"COMMENT":"@@@@@@@@@@@@@@@@@@@@@@@@@@@@@@@@@@@@@  CSkills  @@@@@@@@@@@@@@@@@@@@@@@@@@@@@@@@@@@@@@@@@@@@@@",
	
		"rule0":
		{
			"description":"Identify Target variable",
			"pL": 0.125,
			"pT": 0.046667,
			"pG": 0.1,
			"pS": 0.1
		},
		"rule1":
		{
			"description":"Vary target variable",
			"pL": 0.250,
			"pT": 0.041667,
			"pG": 0.1,
			"pS": 0.1
		},
		"rule2":
		{
			"description":"Control non-target variables",
			"pL": 0.05,
			"pT": 0.06,
			"pG": 0.1,
			"pS": 0.1
		},
		"rule_vvfar":
		{
			"description":"Vary Variable for any reason",
			"pL": 0.5,
			"pT": 0.213333,
			"pG": 0.1,
			"pS": 0.1
		},
		"rule_tov":
		{
			"description":"Test one variable at a time",
			"pL": 0.03,
			"pT": 0.046667,
			"pG": 0.1,
			"pS": 0.1
		},
		"rule_cvslog":
		{
			"description":"Full CS Logic - R-0,1,2",
			"pL": 0.03,
			"pT": 0.03,
			"pG": 0.1,
			"pS": 0.1
		}
	}
		
		
}



