{"scene":{"SNavigator":{},"SScene1":{"complete":true,"$seq":[{"prop":"complete","value":false,"time":1556213739615},{"prop":"complete","value":true,"time":1556213789060}]},"SScene2":{"AreaSelected":true,"$seq":[{"prop":"AreaSelected","value":false,"time":1556213792748},{"prop":"AreaSelected","value":true,"time":1556213842417},{"prop":"Area Name:physical and chemical changes","time":1556213842418},{"prop":"Area Index:1","time":1556213842418}]},"SScene3":{"TopicSelected":true,"$seq":[{"prop":"TopicSelected","value":false,"time":1556213844976},{"prop":"TopicSelected","value":true,"time":1556213846834},{"prop":"Topic Index:2","time":1556213846836}]},"SScene4":{"complete":true,"$seq":[{"prop":"complete","value":false,"time":1556213847256},{"prop":"complete","value":true,"time":1556213868160}]},"SScene5":{"complete":true,"$seq":[{"prop":"complete","value":false,"time":1556213870140},{"prop":"complete","value":true,"time":1556213874663}]},"SScene5a":{"complete":true,"$seq":[{"prop":"complete","value":false,"time":1556213875721},{"prop":"complete","value":true,"time":1556213885489}]},"SScene6a":{},"SScene6b":{},"SScene6c":{},"SScene7":{"complete":true,"$seq":[{"prop":"complete","value":false,"time":1556213900114},{"prop":"complete","value":true,"time":1556213922612}]},"SScene8":{"complete":false,"$seq":[{"prop":"complete","value":false,"time":1556213924775}]}},"module":{"selectedArea":{"ontologyKey":"S_A1|name","index":1},"$seq":[{"prop":"selectedArea","value":{"ontologyKey":"S_A1|name","index":1},"time":1556213739506},{"prop":"selectedTopic","value":{"ontologyKey":"S_A1_T2|name","index":2},"time":1556213739506},{"prop":"selectedVariable","value":{"ontologyKey":"S_A1_T2_V4|name","index":4},"time":1556213739506},{"prop":"selectedRQ","value":{"ontologyKey":"S_A1_T2_RQ4"},"time":1556213739506},{"prop":"AreaSelectedID","value":"Sarea1|Sselected","time":1556213739506},{"prop":"AreaButtonID","value":"Sbutton1","time":1556213739506},{"prop":"TopicSelectedID","value":"Stopic2|Sselected","time":1556213739506},{"prop":"TopicButtonID","value":"Sbutton2","time":1556213739506},{"prop":"VariableHighlightID","value":"SbuttonHL4","time":1556213739506},{"prop":"VariableClickMaskID","value":"SclickMask4","time":1556213739506},{"prop":"selectedArea.ontologyKey","value":"S_A1|name","time":1556213842417},{"prop":"selectedArea.index","value":1,"time":1556213842417},{"prop":"selectedTopic.ontologyKey","value":"S_A1_T2|name","time":1556213846834},{"prop":"selectedTopic.index","value":2,"time":1556213846834}],"selectedTopic":{"ontologyKey":"S_A1_T2|name","index":2},"selectedVariable":{"ontologyKey":"S_A1_T2_V4|name","index":4},"selectedRQ":{"ontologyKey":"S_A1_T2_RQ4"},"AreaSelectedID":"Sarea1|Sselected","AreaButtonID":"Sbutton1","TopicSelectedID":"Stopic2|Sselected","TopicButtonID":"Sbutton2","VariableHighlightID":"SbuttonHL4","VariableClickMaskID":"SclickMask4"},"tutor":{"experimentalGroup":{"ontologyKey":"EG_A2"},"$seq":[{"prop":"experimentalGroup.ontologyKey","value":"EG_A2","time":1556213739506}]}}