{"sceneState":{"SNavigator":{},"SIntro":{"complete":false,"$seq":[{"prop":"complete","value":false,"time":1554729134333}]},"SScene1":{"complete":true,"$seq":[{"prop":"complete","value":false,"time":1554729149237},{"prop":"Sg1","value":"true","time":1554729177641},{"prop":"DR1:Sg1","value":"ans1","time":1554729177641},{"prop":"complete","value":true,"time":1554729177641},{"prop":"Sg1","value":"true","time":1554729177643},{"prop":"complete","value":true,"time":1554729177643}],"Sg1":"true","DR1:Sg1":"ans1"},"SScene2":{"complete":true,"$seq":[{"prop":"complete","value":false,"time":1554729179187},{"prop":"Sg1","value":"true","time":1554729218952},{"prop":"DR2:Sg1","value":"ans4","time":1554729218952},{"prop":"complete","value":true,"time":1554729218952},{"prop":"Sg1","value":"true","time":1554729218952},{"prop":"complete","value":true,"time":1554729218952}],"Sg1":"true","DR2:Sg1":"ans4"},"SScene3":{"complete":true,"$seq":[{"prop":"complete","value":false,"time":1554729220331},{"prop":"Sg1","value":"true","time":1554729275273},{"prop":"DR3:Sg1","value":"ans3","time":1554729275273},{"prop":"complete","value":true,"time":1554729275273},{"prop":"Sg1","value":"true","time":1554729275274},{"prop":"complete","value":true,"time":1554729275274}],"Sg1":"true","DR3:Sg1":"ans3"},"SScene4":{"complete":true,"$seq":[{"prop":"complete","value":false,"time":1554729275980},{"prop":"Sg1","value":"true","time":1554729321652},{"prop":"DR4:Sg1","value":"ans4","time":1554729321652},{"prop":"complete","value":true,"time":1554729321652},{"prop":"Sg1","value":"true","time":1554729321653},{"prop":"complete","value":true,"time":1554729321653}],"Sg1":"true","DR4:Sg1":"ans4"},"SSubmit":{"complete":false,"$seq":[{"prop":"complete","value":false,"time":1554729322389}]},"SSceneEnd":{"complete":false,"$seq":[{"prop":"complete","value":false,"time":1554729323905}]}},"moduleState":{},"tutorState":{},"fFeatures":{"0":true},"featureID":{}}