{
    "_MODULEDATA":"v1.0.0",
    
    "SScene6": {
        "Sg1": {
            "grpData": {
                "members":["Sans1","Sans2","Sans3","Sans4"]
            }            
        },
        "Squestion1": {
            "layoutsource":"$EFL_eftext.Squestion1",
            "htmlData":{
                "html": "{{$EFO_DEDR_Q6|1}}"
            },
            "fontSize":40
        },
        "Squestion2": {
            "layoutsource":"$EFL_eftext.Squestion2",
            "htmlData":{
                "html": "{{$EFO_DEDR_Q6|2}}"
            },
            "fontSize":28
        },
        "Squestion3": {
            "layoutsource":"$EFL_eftext.Squestion3",
            "htmlData":{
                "html": "{{$EFO_DEDR_Q6|3}}"
            },
            "fontSize":32
        },

        "Sans1": {
            "btnData": {
                "label":"{{$EFO_DEDR_ANS6|1}}",
                "type":"radio"
            }
        },
        "Sans2": {
            "btnData": {
                "label":"{{$EFO_DEDR_ANS6|2}}",
                "type":"radio"
            }
        },
        "Sans3": {
            "btnData": {
                "label":"{{$EFO_DEDR_ANS6|3}}",
                "type":"radio"
            }
        },
        "Sans4": {
            "btnData": {
                "label":"{{$EFO_DEDR_ANS6|4}}",
                "type":"radio"
            }
        }
    }
}