
{

	"SNavigator":
	{	
		"COMMENT":"ISP Navigation Panel...",
		"type":"animation",
		"version":"0.1.0",
		"volatile":true,
	
		"CNodes":
		{	
			"COMMENT":"@@@@@@@@@@@@@@@@@@@@@@@@@@@@@@@@@@@@@  CNodes  @@@@@@@@@@@@@@@@@@@@@@@@@@@@@@@@@@@@@@@@@@@@@@",
						
			"root":{"COMMENT":"Welcome...",
                    "type":"module", 
                    "name":"ROOT",
                    "reuse":true,
                    "actiontracks":		
                    [
                        {"actionname":"NOOP", "features":""}
                    ],
                    "edges":
                    [
                    ]
                }															
		},		
            
		"CModules":
		{
		}
	},
	
	
	"SSceneStart":
	{	
		"COMMENT":"Today we're going to...",
		"type":"animation",
		"version":"0.1.0",
		"volatile":true,
	
		"CNodes":
		{	
			"COMMENT":"@@@@@@@@@@@@@@@@@@@@@@@@@@@@@@@@@@@@@  CNodes  @@@@@@@@@@@@@@@@@@@@@@@@@@@@@@@@@@@@@@@@@@@@@@",
						
			"root":{"COMMENT":"...",
					"type":"module", 
					"name":"NOOP",
                    "reuse":true,
                    "actiontracks":		
                    [
                        {"actionname":"NOOP", "autostep":false, "features":""}
                    ],                        
					"edges":
							[
							]
					}
		},		
			
		"CModules":
		{		
		}
    },

	"SIntro":
	{	
		"COMMENT":"TED Introduction sequence...",
		"type":"animation",
		"version":"0.1.0",
		"volatile":true,
	
		"CNodes":
		{	
			"COMMENT":"@@@@@@@@@@@@@@@@@@@@@@@@@@@@@@@@@@@@@  CNodes  @@@@@@@@@@@@@@@@@@@@@@@@@@@@@@@@@@@@@@@@@@@@@@",
						
			"root":{"COMMENT":"Mats Intro...",
                "type":"module",
                "name":"DEDRINTRO",
                "reuse":true,
                "actiontracks":		
                [
                    {"trackname":"track1",  "autostep":true,  "stepdelay":800,  "features":""}
                ],                        
                "edges":
                        [
                            {"constraint":""         ,"edge":"NEXTSCENE" }
                        ]
                },
                                                        
            "NEXTSCENE":{"COMMENT":"When Scene is complete - move to next scene in the scenegraph",
                        "type":"module", 
                        "name":"NEXTSCENE",
                        "reuse":true,
                        "actiontracks":		
                        [
                            {"actionname":"NOOP", "autostep":true, "features":""}
                        ],                                              
                        "edges":
                        [
                        ]
                    }
        },		
            
        "CModules":
        {		
        }
    },
	
	"SScene1":
	{	
		"COMMENT":"Today we're going to...",
		"type":"animation",
		"version":"0.1.0",
		"volatile":true,
	
		"CNodes":
		{	
			"COMMENT":"@@@@@@@@@@@@@@@@@@@@@@@@@@@@@@@@@@@@@  CNodes  @@@@@@@@@@@@@@@@@@@@@@@@@@@@@@@@@@@@@@@@@@@@@@",
						
			"root":{"COMMENT":"...",
					"type":"module",
					"name":"NOOP",
                    "reuse":true,
                    "actiontracks":		
                    [
                    ],                        
					"edges":
							[
								{"constraint":""         ,"edge":"NEXTSCENE" }
							]
					},
															
            "NEXTSCENE":{"COMMENT":"When Scene is complete - move to next scene in the scenegraph",
                        "type":"module", 
                        "name":"NEXTSCENE",
                        "reuse":true,
                        "actiontracks":		
                        [
                            {"actionname":"NOOP", "autostep":false, "features":""}
                        ],                                              
                        "edges":
                        [
                        ]
                    }
		},		
			
		"CModules":
		{		
		}
	},
	
	"SScene2":
	{	
		"COMMENT":"Today we're going to...",
		"type":"animation",
		"version":"0.1.0",
		"volatile":true,
	
		"CNodes":
		{	
			"COMMENT":"@@@@@@@@@@@@@@@@@@@@@@@@@@@@@@@@@@@@@  CNodes  @@@@@@@@@@@@@@@@@@@@@@@@@@@@@@@@@@@@@@@@@@@@@@",
						
			"root":{"COMMENT":"...",
					"type":"module", 
					"name":"NOOP",
                    "reuse":true,
                    "actiontracks":		
                    [
                    ],                        
					"edges":
							[
								{"constraint":""         ,"edge":"NEXTSCENE" }
							]
					},
															
            "NEXTSCENE":{"COMMENT":"When Scene is complete - move to next scene in the scenegraph",
                        "type":"module", 
                        "name":"NEXTSCENE",
                        "reuse":true,
                        "actiontracks":		
                        [
                            {"actionname":"NOOP", "autostep":false, "features":""}
                        ],                                              
                        "edges":
                        [
                        ]
                    }
		},		
			
		"CModules":
		{		
		}
	},

	"SScene3":
	{	
		"COMMENT":"Today we're going to...",
		"type":"animation",
		"version":"0.1.0",
		"volatile":true,
	
		"CNodes":
		{	
			"COMMENT":"@@@@@@@@@@@@@@@@@@@@@@@@@@@@@@@@@@@@@  CNodes  @@@@@@@@@@@@@@@@@@@@@@@@@@@@@@@@@@@@@@@@@@@@@@",
						
			"root":{"COMMENT":"...",
					"type":"module", 
					"name":"NOOP",
                    "reuse":true,
                    "actiontracks":		
                    [
                    ],                        
					"edges":
							[
								{"constraint":""         ,"edge":"NEXTSCENE" }
							]
					},
															
            "NEXTSCENE":{"COMMENT":"When Scene is complete - move to next scene in the scenegraph",
                        "type":"module", 
                        "name":"NEXTSCENE",
                        "reuse":true,
                        "actiontracks":		
                        [
                            {"actionname":"NOOP", "autostep":false, "features":""}
                        ],                                              
                        "edges":
                        [
                        ]
                    }
		},		
			
		"CModules":
		{		
		}
	},

	"SScene4":
	{	
		"COMMENT":"Today we're going to...",
		"type":"animation",
		"version":"0.1.0",
		"volatile":true,
	
		"CNodes":
		{	
			"COMMENT":"@@@@@@@@@@@@@@@@@@@@@@@@@@@@@@@@@@@@@  CNodes  @@@@@@@@@@@@@@@@@@@@@@@@@@@@@@@@@@@@@@@@@@@@@@",
						
			"root":{"COMMENT":"...",
					"type":"module", 
					"name":"NOOP",
                    "reuse":true,
                    "actiontracks":		
                    [
                    ],                        
					"edges":
							[
								{"constraint":""         ,"edge":"NEXTSCENE" }
							]
					},
															
            "NEXTSCENE":{"COMMENT":"When Scene is complete - move to next scene in the scenegraph",
                        "type":"module", 
                        "name":"NEXTSCENE",
                        "reuse":true,
                        "actiontracks":		
                        [
                            {"actionname":"NOOP", "autostep":false, "features":""}
                        ],                                              
                        "edges":
                        [
                        ]
                    }
		},		
			
		"CModules":
		{		
		}
    },

	"SScene5":
	{	
		"COMMENT":"Today we're going to...",
		"type":"animation",
		"version":"0.1.0",
		"volatile":true,
	
		"CNodes":
		{	
			"COMMENT":"@@@@@@@@@@@@@@@@@@@@@@@@@@@@@@@@@@@@@  CNodes  @@@@@@@@@@@@@@@@@@@@@@@@@@@@@@@@@@@@@@@@@@@@@@",
						
			"root":{"COMMENT":"...",
					"type":"module", 
					"name":"NOOP",
                    "reuse":true,
                    "actiontracks":		
                    [
                    ],                        
					"edges":
							[
								{"constraint":""         ,"edge":"NEXTSCENE" }
							]
					},
															
            "NEXTSCENE":{"COMMENT":"When Scene is complete - move to next scene in the scenegraph",
                        "type":"module", 
                        "name":"NEXTSCENE",
                        "reuse":true,
                        "actiontracks":		
                        [
                            {"actionname":"NOOP", "autostep":false, "features":""}
                        ],                                              
                        "edges":
                        [
                        ]
                    }
		},		
			
		"CModules":
		{		
		}
    },

	"SScene6":
	{	
		"COMMENT":"Today we're going to...",
		"type":"animation",
		"version":"0.1.0",
		"volatile":true,
	
		"CNodes":
		{	
			"COMMENT":"@@@@@@@@@@@@@@@@@@@@@@@@@@@@@@@@@@@@@  CNodes  @@@@@@@@@@@@@@@@@@@@@@@@@@@@@@@@@@@@@@@@@@@@@@",
						
			"root":{"COMMENT":"...",
					"type":"module", 
					"name":"NOOP",
                    "reuse":true,
                    "actiontracks":		
                    [
                    ],                        
					"edges":
							[
								{"constraint":""         ,"edge":"NEXTSCENE" }
							]
					},
															
            "NEXTSCENE":{"COMMENT":"When Scene is complete - move to next scene in the scenegraph",
                        "type":"module", 
                        "name":"NEXTSCENE",
                        "reuse":true,
                        "actiontracks":		
                        [
                            {"actionname":"NOOP", "autostep":false, "features":""}
                        ],                                              
                        "edges":
                        [
                        ]
                    }
		},		
			
		"CModules":
		{		
		}
    },

	"SScene7":
	{	
		"COMMENT":"Today we're going to...",
		"type":"animation",
		"version":"0.1.0",
		"volatile":true,
	
		"CNodes":
		{	
			"COMMENT":"@@@@@@@@@@@@@@@@@@@@@@@@@@@@@@@@@@@@@  CNodes  @@@@@@@@@@@@@@@@@@@@@@@@@@@@@@@@@@@@@@@@@@@@@@",
						
			"root":{"COMMENT":"...",
					"type":"module", 
					"name":"NOOP",
                    "reuse":true,
                    "actiontracks":		
                    [
                    ],                        
					"edges":
							[
								{"constraint":""         ,"edge":"NEXTSCENE" }
							]
					},
															
            "NEXTSCENE":{"COMMENT":"When Scene is complete - move to next scene in the scenegraph",
                        "type":"module", 
                        "name":"NEXTSCENE",
                        "reuse":true,
                        "actiontracks":		
                        [
                            {"actionname":"NOOP", "autostep":false, "features":""}
                        ],                                              
                        "edges":
                        [
                        ]
                    }
		},		
			
		"CModules":
		{		
		}
    },

	"SScene8":
	{	
		"COMMENT":"Today we're going to...",
		"type":"animation",
		"version":"0.1.0",
		"volatile":true,
	
		"CNodes":
		{	
			"COMMENT":"@@@@@@@@@@@@@@@@@@@@@@@@@@@@@@@@@@@@@  CNodes  @@@@@@@@@@@@@@@@@@@@@@@@@@@@@@@@@@@@@@@@@@@@@@",
						
			"root":{"COMMENT":"...",
					"type":"module", 
					"name":"NOOP",
                    "reuse":true,
                    "actiontracks":		
                    [
                    ],                        
					"edges":
							[
								{"constraint":""         ,"edge":"NEXTSCENE" }
							]
					},
															
            "NEXTSCENE":{"COMMENT":"When Scene is complete - move to next scene in the scenegraph",
                        "type":"module", 
                        "name":"NEXTSCENE",
                        "reuse":true,
                        "actiontracks":		
                        [
                            {"actionname":"NOOP", "autostep":false, "features":""}
                        ],                                              
                        "edges":
                        [
                        ]
                    }
		},		
			
		"CModules":
		{		
		}
    },

	"SScene9":
	{	
		"COMMENT":"Today we're going to...",
		"type":"animation",
		"version":"0.1.0",
		"volatile":true,
	
		"CNodes":
		{	
			"COMMENT":"@@@@@@@@@@@@@@@@@@@@@@@@@@@@@@@@@@@@@  CNodes  @@@@@@@@@@@@@@@@@@@@@@@@@@@@@@@@@@@@@@@@@@@@@@",
						
			"root":{"COMMENT":"...",
					"type":"module", 
					"name":"NOOP",
                    "reuse":true,
                    "actiontracks":		
                    [
                    ],                        
					"edges":
							[
								{"constraint":""         ,"edge":"NEXTSCENE" }
							]
					},
															
            "NEXTSCENE":{"COMMENT":"When Scene is complete - move to next scene in the scenegraph",
                        "type":"module", 
                        "name":"NEXTSCENE",
                        "reuse":true,
                        "actiontracks":		
                        [
                            {"actionname":"NOOP", "autostep":false, "features":""}
                        ],                                              
                        "edges":
                        [
                        ]
                    }
		},		
			
		"CModules":
		{		
		}
    },

	"SSubmit":
	{	
		"COMMENT":"Today we're going to...",
		"type":"animation",
		"version":"0.1.0",
		"volatile":true,
	
		"CNodes":
		{	
			"COMMENT":"@@@@@@@@@@@@@@@@@@@@@@@@@@@@@@@@@@@@@  CNodes  @@@@@@@@@@@@@@@@@@@@@@@@@@@@@@@@@@@@@@@@@@@@@@",
						
			"root":{"COMMENT":"...",
					"type":"module", 
					"name":"NOOP",
                    "reuse":true,
                    "actiontracks":		
                    [
                        {"actionname":"NOOP", "autostep":false, "features":""}
                    ],                        
					"edges":
							[
							]
					}
		},		
			
		"CModules":
		{		
		}
    },

	"SSceneEnd":
	{	
		"COMMENT":"Today we're going to...",
		"type":"animation",
		"version":"0.1.0",
		"volatile":true,
	
		"CNodes":
		{	
			"COMMENT":"@@@@@@@@@@@@@@@@@@@@@@@@@@@@@@@@@@@@@  CNodes  @@@@@@@@@@@@@@@@@@@@@@@@@@@@@@@@@@@@@@@@@@@@@@",
						
			"root":{"COMMENT":"...",
					"type":"module", 
					"name":"NOOP",
                    "reuse":true,
                    "actiontracks":		
                    [
                        {"actionname":"NOOP", "autostep":false, "features":""}
                    ],                        
					"edges":
							[
							]
					}
		},		
			
		"CModules":
		{		
		}
    }

}






