{"scene":{"SNavigator":{},"SMatsIntro":{"complete":true,"$seq":[{"prop":"complete","value":false,"time":1556110483490},{"prop":"complete","value":true,"time":1556110497533}]},"SMatsPre1":{"complete":true,"$seq":[{"prop":"complete","value":false,"time":1556110498495},{"prop":"Sg1","value":"true","time":1556110506123},{"prop":"PreTest:Sg1","value":"b4","time":1556110506123},{"prop":"complete","value":false,"time":1556110506123},{"prop":"Sg1","value":"true","time":1556110506124},{"prop":"complete","value":false,"time":1556110506124},{"prop":"Sg2","value":"true","time":1556110507222},{"prop":"PreTest:Sg2","value":"b5","time":1556110507222},{"prop":"complete","value":false,"time":1556110507222},{"prop":"Sg2","value":"true","time":1556110507222},{"prop":"complete","value":false,"time":1556110507222},{"prop":"Sg3","value":"true","time":1556110512933},{"prop":"PreTest:Sg3","value":"b3","time":1556110512933},{"prop":"complete","value":false,"time":1556110512934},{"prop":"Sg3","value":"true","time":1556110512934},{"prop":"complete","value":false,"time":1556110512934},{"prop":"Sg4","value":"true","time":1556110516219},{"prop":"PreTest:Sg4","value":"b4","time":1556110516219},{"prop":"complete","value":true,"time":1556110516219},{"prop":"Sg4","value":"true","time":1556110516220},{"prop":"complete","value":true,"time":1556110516220}],"Sg1":"true","PreTest:Sg1":"b4","Sg2":"true","PreTest:Sg2":"b5","Sg3":"true","PreTest:Sg3":"b3","Sg4":"true","PreTest:Sg4":"b4"},"SMatsPre2":{"complete":true,"$seq":[{"prop":"complete","value":false,"time":1556110517440},{"prop":"Sg1","value":"true","time":1556110520969},{"prop":"PreTest:Sg1","value":"b1","time":1556110520969},{"prop":"complete","value":false,"time":1556110520969},{"prop":"Sg1","value":"true","time":1556110520969},{"prop":"complete","value":false,"time":1556110520969},{"prop":"Sg2","value":"true","time":1556110524177},{"prop":"PreTest:Sg2","value":"b4","time":1556110524177},{"prop":"complete","value":false,"time":1556110524177},{"prop":"Sg2","value":"true","time":1556110524177},{"prop":"complete","value":false,"time":1556110524177},{"prop":"Sg3","value":"true","time":1556110526180},{"prop":"PreTest:Sg3","value":"b4","time":1556110526180},{"prop":"complete","value":false,"time":1556110526180},{"prop":"Sg3","value":"true","time":1556110526181},{"prop":"complete","value":false,"time":1556110526181},{"prop":"Sg4","value":"true","time":1556110531702},{"prop":"PreTest:Sg4","value":"b2","time":1556110531702},{"prop":"complete","value":true,"time":1556110531702},{"prop":"Sg4","value":"true","time":1556110531702},{"prop":"complete","value":true,"time":1556110531702},{"prop":"Sg4","value":"true","time":1556110532095},{"prop":"PreTest:Sg4","value":"b2","time":1556110532095},{"prop":"complete","value":true,"time":1556110532095},{"prop":"Sg4","value":"true","time":1556110532096},{"prop":"complete","value":true,"time":1556110532096}],"Sg1":"true","PreTest:Sg1":"b1","Sg2":"true","PreTest:Sg2":"b4","Sg3":"true","PreTest:Sg3":"b4","Sg4":"true","PreTest:Sg4":"b2"},"SMatsPre3":{"complete":true,"$seq":[{"prop":"complete","value":false,"time":1556110533244},{"prop":"Sg1","value":"true","time":1556110536815},{"prop":"PreTest:Sg1","value":"b4","time":1556110536815},{"prop":"complete","value":false,"time":1556110536815},{"prop":"Sg1","value":"true","time":1556110536816},{"prop":"complete","value":false,"time":1556110536816},{"prop":"Sg2","value":"true","time":1556110540940},{"prop":"PreTest:Sg2","value":"b4","time":1556110540940},{"prop":"complete","value":false,"time":1556110540940},{"prop":"Sg2","value":"true","time":1556110540941},{"prop":"complete","value":false,"time":1556110540941},{"prop":"Sg3","value":"true","time":1556110544109},{"prop":"PreTest:Sg3","value":"b4","time":1556110544109},{"prop":"complete","value":false,"time":1556110544109},{"prop":"Sg3","value":"true","time":1556110544110},{"prop":"complete","value":false,"time":1556110544110},{"prop":"Sg4","value":"true","time":1556110562872},{"prop":"PreTest:Sg4","value":"b5","time":1556110562872},{"prop":"complete","value":true,"time":1556110562872},{"prop":"Sg4","value":"true","time":1556110562872},{"prop":"complete","value":true,"time":1556110562873}],"Sg1":"true","PreTest:Sg1":"b4","Sg2":"true","PreTest:Sg2":"b4","Sg3":"true","PreTest:Sg3":"b4","Sg4":"true","PreTest:Sg4":"b5"},"SMatsPre4":{"complete":false,"$seq":[{"prop":"complete","value":false,"time":1556110563484}]}},"module":{},"tutor":{}}