{"scene":{"SNavigator":{},"SScene1":{"complete":true,"$seq":[{"prop":"complete","value":false,"time":1554817753831},{"prop":"complete","value":true,"time":1554817808993}]},"SScene2":{"AreaSelected":true,"$seq":[{"prop":"AreaSelected","value":false,"time":1554817812753},{"prop":"AreaSelected","value":true,"time":1554817884686},{"prop":"Area Name:plant reproduction","time":1554817884688},{"prop":"Area Index:4","time":1554817884688}]},"SScene3":{"TopicSelected":true,"$seq":[{"prop":"TopicSelected","value":false,"time":1554817887694},{"prop":"TopicSelected","value":true,"time":1554817962634},{"prop":"Topic Index:1","time":1554817962637}]},"SScene4":{"complete":true,"$seq":[{"prop":"complete","value":false,"time":1554817962880},{"prop":"complete","value":true,"time":1554817983837}]},"SScene5":{"complete":true,"$seq":[{"prop":"complete","value":false,"time":1554817988474},{"prop":"complete","value":true,"time":1554817993372}]},"SScene5a":{"complete":true,"$seq":[{"prop":"complete","value":false,"time":1554817994746},{"prop":"complete","value":true,"time":1554818024837}]},"SScene6a":{},"SScene6b":{},"SScene6c":{},"SScene6d":{},"SScene7":{"complete":true,"$seq":[{"prop":"complete","value":false,"time":1554818059040},{"prop":"complete","value":true,"time":1554818144500}]},"SScene8":{"complete":true,"$seq":[{"prop":"complete","value":false,"time":1554818149925},{"prop":"complete","value":true,"time":1554818205059}]},"SScene9":{"RQSelected":true,"$seq":[{"prop":"RQSelected","value":false,"time":1554818209203},{"prop":"RQSelected","value":true,"time":1554818219838},{"prop":"Variable Index:3","time":1554818219838}]},"SScene10":{"RQconfirmed":true,"$seq":[{"prop":"RQconfirmed","value":false,"time":1554818219968},{"prop":"RQconfirmed","value":true,"time":1554818253092}]},"SScene11":{"RQconfirmed":false,"$seq":[{"prop":"RQconfirmed","value":false,"time":1554818253210}]}},"module":{"selectedArea":{"ontologyKey":"S_A4|name","index":4},"$seq":[{"prop":"selectedArea.ontologyKey","value":"S_A4|name","time":1554817884686},{"prop":"selectedArea.index","value":4,"time":1554817884686},{"prop":"selectedTopic.ontologyKey","value":"S_A4_T1|name","time":1554817962635},{"prop":"selectedTopic.index","value":1,"time":1554817962635},{"prop":"selectedVariable.ontologyKey","value":"S_A4_T1_V3|name","time":1554818219838},{"prop":"selectedVariable.index","value":3,"time":1554818219838},{"prop":"selectedRQ","value":{"ontologyKey":"S_A4_T1_RQ3","index":"3"},"time":1554818219838},{"prop":"RQconfirmation","value":"UNKNOWN","time":1554818219968},{"prop":"RQconfirmation","value":"OK","time":1554818253092},{"prop":"RQconfirmation","value":"UNKNOWN","time":1554818253210}],"selectedTopic":{"ontologyKey":"S_A4_T1|name","index":1},"selectedVariable":{"ontologyKey":"S_A4_T1_V3|name","index":3},"selectedRQ":{"ontologyKey":"S_A4_T1_RQ3","index":"3"},"RQconfirmation":"UNKNOWN"},"tutor":{"experimentalGroup":{"ontologyKey":"EG_A1"},"$seq":[{"prop":"experimentalGroup.ontologyKey","value":"EG_A1","time":1554817753687}]}}