{"sceneState":{"SNavigator":{},"SScene3":{"complete":true,"$seq":[{"prop":"complete","value":false,"time":1554903905995},{"prop":"complete","value":true,"time":1554903913027}]},"SScene4":{"complete":true,"$seq":[{"prop":"complete","value":false,"time":1554903916340},{"prop":"complete","value":true,"time":1554903928214}]},"SScene5":{"complete":true,"$seq":[{"prop":"complete","value":false,"time":1554903930547},{"prop":"complete","value":true,"time":1554903936307}]},"SScene6":{"complete":true,"$seq":[{"prop":"complete","value":false,"time":1554903937809},{"prop":"complete","value":true,"time":1554903949452}]},"SScene7":{"complete":true,"$seq":[{"prop":"complete","value":false,"time":1554904417154},{"prop":"complete","value":true,"time":1554904427165}]},"SScene8":{"complete":true,"$seq":[{"prop":"complete","value":false,"time":1554904434611},{"prop":"complete","value":true,"time":1554904490833}]},"SScene9":{"complete":false,"$seq":[{"prop":"complete","value":false,"time":1554904512196},{"prop":"complete","value":true,"time":1554904525706},{"prop":"complete","value":false,"time":1554904527420}]},"SScene11":{"complete":true,"$seq":[{"prop":"complete","value":false,"time":1554904531620},{"prop":"complete","value":true,"time":1554904541251}]},"SScene12":{"complete":true,"$seq":[{"prop":"complete","value":false,"time":1554904542566},{"prop":"complete","value":true,"time":1554904550720}]},"SScene12A":{"complete":false,"$seq":[{"prop":"complete","value":false,"time":1554904566916},{"prop":"complete","value":true,"time":1554904595405},{"prop":"complete","value":false,"time":1554904596389},{"prop":"complete","value":false,"time":1554904598988},{"prop":"complete","value":false,"time":1554904600538},{"prop":"complete","value":false,"time":1554904604598},{"prop":"complete","value":false,"time":1554904606158},{"prop":"complete","value":false,"time":1554904607488},{"prop":"complete","value":false,"time":1554904608761}]},"SScene13":{"complete":false,"$seq":[{"prop":"complete","value":false,"time":1554904610116},{"prop":"complete","value":true,"time":1554904618918},{"prop":"complete","value":false,"time":1554904619804}]},"SScene15":{"complete":true,"$seq":[{"prop":"complete","value":false,"time":1554904630809},{"prop":"complete","value":false,"time":1554904660707},{"prop":"complete","value":false,"time":1554904662241},{"prop":"complete","value":true,"time":1554904666975},{"prop":"complete","value":false,"time":1554904667813},{"prop":"complete","value":false,"time":1554904668936},{"prop":"complete","value":false,"time":1554904670340},{"prop":"complete","value":true,"time":1554904715717}]},"SScene16":{"complete":true,"$seq":[{"prop":"complete","value":false,"time":1554904723946},{"prop":"complete","value":true,"time":1554904735574}]},"SScene17":{"complete":true,"$seq":[{"prop":"complete","value":false,"time":1554904736961},{"prop":"complete","value":true,"time":1554904745690},{"prop":"complete","value":true,"time":1554904745690},{"prop":"complete","value":false,"time":1554904746894},{"prop":"complete","value":false,"time":1554904753032},{"prop":"complete","value":false,"time":1554904754503},{"prop":"complete","value":false,"time":1554904758099},{"prop":"complete","value":false,"time":1554904759761},{"prop":"complete","value":false,"time":1554904761907},{"prop":"complete","value":false,"time":1554904763382},{"prop":"complete","value":false,"time":1554904767306},{"prop":"complete","value":false,"time":1554904768962},{"prop":"complete","value":false,"time":1554904770540},{"prop":"complete","value":false,"time":1554904772057},{"prop":"complete","value":false,"time":1554904777393},{"prop":"complete","value":false,"time":1554904778843},{"prop":"complete","value":true,"time":1554904780995}]},"SScene18":{"complete":true,"$seq":[{"prop":"complete","value":false,"time":1554904826825},{"prop":"complete","value":true,"time":1554904832755}]},"SScene19":{"complete":true,"$seq":[{"prop":"complete","value":false,"time":1554904923798},{"prop":"complete","value":false,"time":1554904927127},{"prop":"complete","value":false,"time":1554904928671},{"prop":"complete","value":false,"time":1554904930063},{"prop":"complete","value":false,"time":1554904931807},{"prop":"complete","value":false,"time":1554904934024},{"prop":"complete","value":false,"time":1554904935010},{"prop":"complete","value":false,"time":1554904936088},{"prop":"complete","value":true,"time":1554904937343}]},"SScene20":{"complete":true,"$seq":[{"prop":"complete","value":false,"time":1554904937985},{"prop":"complete","value":true,"time":1554904946309}]},"SScene21":{"complete":true,"$seq":[{"prop":"complete","value":false,"time":1554904946766},{"prop":"complete","value":true,"time":1554904966649}]},"SSceneEnd":{}},"moduleState":{"selectedArea":{"ontologyKey":"S_A1|name","index":1},"selectedTopic":{"ontologyKey":"S_A1_T2|name","index":2},"selectedVariable":{"ontologyKey":"S_A1_T2_V4|name","index":4},"selectedRQ":{"ontologyKey":"S_A1_T2_RQ4","index":"4"},"RQconfirmation":"UNKNOWN","TEDExptNonTarget":[1,3,4],"TEDExptConfounds":[1],"TEDExptDifferent":[1,2],"TEDExptArea":{"ontologyKey":"S_A1","index":1},"TEDExptTopic":{"ontologyKey":"S_A1_T2","index":2},"TEDExptVariable":{"ontologyKey":"S_A1_T2_V2","index":2},"TEDExptRQ":{"ontologyKey":"S_A1_T2_RQ2","index":2},"TEDExptVarNC1":{"ontologyKey":"S_A1_T2_V1","index":1},"TEDExptVarNC2":{"ontologyKey":"S_A1_T2_V3","index":3},"TEDExptVarNC3":{"ontologyKey":"S_A1_T2_V4","index":4},"TEDExptPOSTSequence":[],"TEDExpt1V1":{"ontologyKey":"S_A1_T2_V1_A","index":1},"TEDExpt2V1":{"ontologyKey":"S_A1_T2_V1_B","index":1},"TEDExpt1V2":{"ontologyKey":"S_A1_T2_V2_A","index":2},"TEDExpt2V2":{"ontologyKey":"S_A1_T2_V2_B","index":2},"TEDExpt1V3":{"ontologyKey":"S_A1_T2_V3_A","index":3},"TEDExpt2V3":{"ontologyKey":"S_A1_T2_V3_A","index":3},"TEDExpt1V4":{"ontologyKey":"S_A1_T2_V4_A","index":4},"TEDExpt2V4":{"ontologyKey":"S_A1_T2_V4_A","index":4},"TEDExptNC1SameDiff":{"ontologyKey":"TED_E1_Q7NC1DIFF","value":"diff","index":1},"TEDExptNC1Confound":{"ontologyKey":"S_A1_T2_V1","index":1},"TEDExptNC2SameDiff":{"ontologyKey":"TED_E1_Q7NC2SAME","value":"same","index":3},"TEDExptNC2Confound":{"ontologyKey":"S_A1_T2_V3","index":3},"TEDExptNC3SameDiff":{"ontologyKey":"TED_E1_Q7NC3SAME","value":"same","index":4},"TEDExptNC3Confound":{"ontologyKey":"S_A1_T2_V4","index":4},"differentRow":4,"independentVarN":{"row":4,"col":0,"ontologyKey":"S_A1_T2_V4|name","isText":true,"selectedValue":"Amount of CO2","cell":{},"processed":true},"sameRow1":1,"sameRow2":2,"sameRow3":3,"Expt1_Q1":{"name":"{{$EFO_TED_E1_LISTYN|yes}}","ontologyKey":"TED_E1_LISTYN|yes","index":1,"value":false,"id":"incorrect"},"Expt1_Q":{"name":"{{$EFO_TED_E1_LISTYN|yes}}","ontologyKey":"TED_E1_LISTYN|yes","index":1,"value":false,"id":"incorrect"},"Expt1_Reason":{"name":"{{$EFO_TED_E1_LISTQ23|ans6}}","value":"$EFL_efdata.TED.E1.LISTQ23","ontologyKey":"TED_E1_LISTQ23|yes","index":6,"id":"6"},"Expt1_Q4":{"name":"{{$EFO_TED_E1_LISTYN|no}}","ontologyKey":"TED_E1_LISTYN|no","index":2,"value":true,"id":"correct"},"Imagine1":{"name":"{{$EFO_TED_E1_LISTYN|no}}","ontologyKey":"TED_E1_LISTYN|no","index":2,"value":true,"id":"correct"},"Imagine1_Reason":{"name":"{{$EFO_TED_E1_LISTQ56|ans3}}","value":"$EFL_efdata.TED.E1.LISTQ56","ontologyKey":"TED_E1_LISTQ56|yes","index":3,"id":"3"},"FFocus:1":{"Row-2 Col-3":"Could Not cause","Row-3 Col-3":"Could Not cause","Row-4 Col-3":"Could Not cause"},"TEDFeatureFocus":["Could Not cause","","Could cause","Could Not cause"],"CHG:FFocus:1:Row-2 Col-3":"Could Not cause","CHG:FFocus:1:Row-3 Col-3":"Could Not cause","CHG:FFocus:1:Row-4 Col-3":"Could Not cause","FFocus:1_CorrExp:":{"Row-4 Col-2":"High","Row-2 Col-2":"Some","Row-3 Col-2":"Smooth"},"TEDcorrection":0,"CHG:FFocus:1_CorrExp::Row-4 Col-2":"High","CHG:FFocus:1_CorrExp::Row-2 Col-2":"Some","CHG:FFocus:1_CorrExp::Row-3 Col-2":"Smooth","FFocus:1_Explain:":{"name":"{{$EFO_TED_E1_LISTQ9|ans1}}","value":"$EFL_efdata.TED.E1.LISTQ9","ontologyKey":"TED_E1_LISTQ9|yes","index":1,"id":"1"},"Expt2_Q":{"name":"{{$EFO_TED_E1_LISTYN|yes}}","ontologyKey":"TED_E1_LISTYN|yes","index":1,"value":false,"id":"incorrect"},"Expt2_Reason":{"name":"{{$EFO_TED_E1_LISTQ23|ans6}}","value":"$EFL_efdata.TED.E1.LISTQ23","ontologyKey":"TED_E1_LISTQ23|yes","index":6,"id":"6"},"Imagine2":{"name":"{{$EFO_TED_E1_LISTYN|no}}","ontologyKey":"TED_E1_LISTYN|no","index":2,"value":true,"id":"correct"},"Imagine2_Reason":{"name":"{{$EFO_TED_E1_LISTQ56|ans6}}","value":"$EFL_efdata.TED.E1.LISTQ56","ontologyKey":"TED_E1_LISTQ56|yes","index":6,"id":"6"},"FFocus:2":{"Row-3 Col-3":"Could cause","Row-4 Col-3":"Could Not cause","Row-1 Col-3":"Could Not cause"},"CHG:FFocus:2:Row-3 Col-3":"Could cause","CHG:FFocus:2:Row-4 Col-3":"Could Not cause","CHG:FFocus:2:Row-1 Col-3":"Could Not cause","FFocus:2_CorrExp:":{"Row-1 Col-2":"Sugar"},"CHG:FFocus:2_CorrExp::Row-1 Col-2":"Sugar","FFocus:2_Explain:":{"name":"{{$EFO_TED_E1_LISTQ9|ans1}}","value":"$EFL_efdata.TED.E1.LISTQ9","ontologyKey":"TED_E1_LISTQ9|yes","index":1,"id":"1"},"TEDExptPOSTTV":{"ontologyKey":"S_A1_T2_V3","index":3},"POSTQ:1":{"Row-1 Col-1":"Sugar","Row-1 Col-2":"Aspartame","Row-2 Col-1":"Some","Row-2 Col-2":"None","Row-3 Col-2":"Rough","Row-3 Col-1":"Smooth","Row-4 Col-2":"Low","Row-4 Col-1":"High"},"CHG:POSTQ:1:Row-1 Col-1":"Sugar","CHG:POSTQ:1:Row-1 Col-2":"Aspartame","CHG:POSTQ:1:Row-2 Col-1":"Some","CHG:POSTQ:1:Row-2 Col-2":"None","CHG:POSTQ:1:Row-3 Col-2":"Rough","CHG:POSTQ:1:Row-3 Col-1":"Smooth","CHG:POSTQ:1:Row-4 Col-2":"Low","CHG:POSTQ:1:Row-4 Col-1":"High","POSTQ:1_Reason:":{"name":"{{$EFO_TED_E1_LISTPOST|ans6}}","value":"$EFL_efdata.TED.E1.LISTPOST","ontologyKey":"TED_E1_LISTPOST|yes","index":6,"id":"6"},"POSTQ:2":{"Row-1 Col-2":"Aspartame","Row-2 Col-2":"Some","Row-3 Col-2":"Rough","Row-4 Col-2":"High","Row-4 Col-1":"Low","Row-2 Col-1":"Some","Row-3 Col-1":"Rough","Row-1 Col-1":"Sugar"},"CHG:POSTQ:2:Row-1 Col-2":"Aspartame","CHG:POSTQ:2:Row-2 Col-2":"Some","CHG:POSTQ:2:Row-3 Col-2":"Rough","CHG:POSTQ:2:Row-4 Col-2":"High","CHG:POSTQ:2:Row-4 Col-1":"Low","CHG:POSTQ:2:Row-2 Col-1":"Some","CHG:POSTQ:2:Row-3 Col-1":"Rough","CHG:POSTQ:2:Row-1 Col-1":"Sugar","POSTQ:2_Reason:":{"name":"{{$EFO_TED_E1_LISTPOST|ans6}}","value":"$EFL_efdata.TED.E1.LISTPOST","ontologyKey":"TED_E1_LISTPOST|yes","index":6,"id":"6"},"POSTQ:3":{"Row-2 Col-2":"None","Row-1 Col-2":"Sugar","Row-3 Col-2":"Rough","Row-4 Col-2":"High","Row-4 Col-1":"Low","Row-3 Col-1":"Smooth","Row-2 Col-1":"None","Row-1 Col-1":"Sugar"},"CHG:POSTQ:3:Row-2 Col-2":"None","CHG:POSTQ:3:Row-1 Col-2":"Sugar","CHG:POSTQ:3:Row-3 Col-2":"Rough","CHG:POSTQ:3:Row-4 Col-2":"High","CHG:POSTQ:3:Row-4 Col-1":"Low","CHG:POSTQ:3:Row-3 Col-1":"Smooth","CHG:POSTQ:3:Row-2 Col-1":"None","CHG:POSTQ:3:Row-1 Col-1":"Sugar","POSTQ:3_Reason:":{"name":"{{$EFO_TED_E1_LISTPOST|ans6}}","value":"$EFL_efdata.TED.E1.LISTPOST","ontologyKey":"TED_E1_LISTPOST|yes","index":6,"id":"6"},"POSTQ:4":{"Row-1 Col-2":"Sugar","Row-2 Col-2":"None","Row-3 Col-2":"Smooth","Row-4 Col-2":"Low","Row-4 Col-1":"Low","Row-3 Col-1":"Smooth","Row-2 Col-1":"Some","Row-1 Col-1":"Aspartame"},"CHG:POSTQ:4:Row-1 Col-2":"Sugar","CHG:POSTQ:4:Row-2 Col-2":"None","CHG:POSTQ:4:Row-3 Col-2":"Smooth","CHG:POSTQ:4:Row-4 Col-2":"Low","CHG:POSTQ:4:Row-4 Col-1":"Low","CHG:POSTQ:4:Row-3 Col-1":"Smooth","CHG:POSTQ:4:Row-2 Col-1":"Some","CHG:POSTQ:4:Row-1 Col-1":"Aspartame","POSTQ:4_Reason:":{"name":"{{$EFO_TED_E1_LISTPOST|ans6}}","value":"$EFL_efdata.TED.E1.LISTPOST","ontologyKey":"TED_E1_LISTPOST|yes","index":6,"id":"6"}},"tutorState":{"experimentalGroup":{"ontologyKey":"EG_A1"}},"fFeatures":{"0":true,"FTR_CHOICE":true,"FTR_PASS2":true,"FTR_SODA":true,"FTR_IVLAST":true,"FTR_TED_720":true,"FTR_TEDEXP2":true},"featureID":{"varsel":{"FTR_SODA":true}}}