{"scene":{"SNavigator":{},"SIntro":{"complete":false,"$seq":[{"prop":"complete","value":false,"time":1554729028459}]},"SScene1":{"complete":true,"$seq":[{"prop":"complete","value":false,"time":1554729043478},{"prop":"Sg1","value":"true","time":1554729073388},{"prop":"DR1:Sg1","value":"ans1","time":1554729073388},{"prop":"complete","value":true,"time":1554729073388},{"prop":"Sg1","value":"true","time":1554729073390},{"prop":"complete","value":true,"time":1554729073390}],"Sg1":"true","DR1:Sg1":"ans1"},"SScene2":{"complete":true,"$seq":[{"prop":"complete","value":false,"time":1554729074421},{"prop":"Sg1","value":"true","time":1554729096374},{"prop":"DR2:Sg1","value":"ans1","time":1554729096374},{"prop":"complete","value":true,"time":1554729096374},{"prop":"Sg1","value":"true","time":1554729096375},{"prop":"complete","value":true,"time":1554729096375}],"Sg1":"true","DR2:Sg1":"ans1"},"SScene3":{"complete":true,"$seq":[{"prop":"complete","value":false,"time":1554729099032},{"prop":"Sg1","value":"true","time":1554729158385},{"prop":"DR3:Sg1","value":"ans2","time":1554729158385},{"prop":"complete","value":true,"time":1554729158385},{"prop":"Sg1","value":"true","time":1554729158386},{"prop":"complete","value":true,"time":1554729158386}],"Sg1":"true","DR3:Sg1":"ans2"},"SScene4":{"complete":true,"$seq":[{"prop":"complete","value":false,"time":1554729159360},{"prop":"Sg1","value":"true","time":1554729207071},{"prop":"DR4:Sg1","value":"ans2","time":1554729207071},{"prop":"complete","value":true,"time":1554729207071},{"prop":"Sg1","value":"true","time":1554729207073},{"prop":"complete","value":true,"time":1554729207073}],"Sg1":"true","DR4:Sg1":"ans2"},"SSubmit":{"complete":false,"$seq":[{"prop":"complete","value":false,"time":1554729207926}]}},"module":{},"tutor":{}}