{"scene":{"SNavigator":{},"SIntro":{"complete":false,"$seq":[{"prop":"complete","value":false,"time":1273097273637}]},"SScene1":{"complete":true,"$seq":[{"prop":"complete","value":false,"time":1273097288588},{"prop":"Sg1","value":"true","time":1273097305533},{"prop":"DR1:Sg1","value":"ans1","time":1273097305533},{"prop":"complete","value":true,"time":1273097305533},{"prop":"Sg1","value":"true","time":1273097305535},{"prop":"complete","value":true,"time":1273097305535}],"Sg1":"true","DR1:Sg1":"ans1"},"SScene2":{"complete":true,"$seq":[{"prop":"complete","value":false,"time":1273097306493},{"prop":"Sg1","value":"true","time":1273097331432},{"prop":"DR2:Sg1","value":"ans4","time":1273097331433},{"prop":"complete","value":true,"time":1273097331433},{"prop":"Sg1","value":"true","time":1273097331434},{"prop":"complete","value":true,"time":1273097331434}],"Sg1":"true","DR2:Sg1":"ans4"},"SScene3":{"complete":true,"$seq":[{"prop":"complete","value":false,"time":1273097332730},{"prop":"Sg1","value":"true","time":1273097354763},{"prop":"DR3:Sg1","value":"ans3","time":1273097354764},{"prop":"complete","value":true,"time":1273097354764},{"prop":"Sg1","value":"true","time":1273097354764},{"prop":"complete","value":true,"time":1273097354764}],"Sg1":"true","DR3:Sg1":"ans3"},"SScene4":{"complete":true,"$seq":[{"prop":"complete","value":false,"time":1273097355495},{"prop":"Sg1","value":"true","time":1273097378586},{"prop":"DR4:Sg1","value":"ans1","time":1273097378586},{"prop":"complete","value":true,"time":1273097378586},{"prop":"Sg1","value":"true","time":1273097378587},{"prop":"complete","value":true,"time":1273097378587}],"Sg1":"true","DR4:Sg1":"ans1"},"SSubmit":{"complete":false,"$seq":[{"prop":"complete","value":false,"time":1273097381614}]}},"module":{},"tutor":{}}