{"sceneState":{"SNavigator":{},"SIntro":{"complete":false,"$seq":[{"prop":"complete","value":false,"time":1556110646629}]},"SScene1":{"complete":true,"$seq":[{"prop":"complete","value":false,"time":1556110661602},{"prop":"Sg1","value":"true","time":1556110704075},{"prop":"DR1:Sg1","value":"ans1","time":1556110704075},{"prop":"complete","value":true,"time":1556110704076},{"prop":"Sg1","value":"true","time":1556110704077},{"prop":"complete","value":true,"time":1556110704077}],"Sg1":"true","DR1:Sg1":"ans1"},"SScene2":{"complete":true,"$seq":[{"prop":"complete","value":false,"time":1556110706782},{"prop":"Sg1","value":"true","time":1556110731566},{"prop":"DR2:Sg1","value":"ans2","time":1556110731566},{"prop":"complete","value":true,"time":1556110731566},{"prop":"Sg1","value":"true","time":1556110731567},{"prop":"complete","value":true,"time":1556110731567},{"prop":"Sg1","value":"true","time":1556110732540},{"prop":"DR2:Sg1","value":"ans3","time":1556110732540},{"prop":"complete","value":true,"time":1556110732540},{"prop":"Sg1","value":"true","time":1556110732541},{"prop":"complete","value":true,"time":1556110732541},{"prop":"Sg1","value":"true","time":1556110733146},{"prop":"DR2:Sg1","value":"ans2","time":1556110733146},{"prop":"complete","value":true,"time":1556110733146},{"prop":"Sg1","value":"true","time":1556110733146},{"prop":"complete","value":true,"time":1556110733146},{"prop":"Sg1","value":"true","time":1556110734475},{"prop":"DR2:Sg1","value":"ans3","time":1556110734475},{"prop":"complete","value":true,"time":1556110734475},{"prop":"Sg1","value":"true","time":1556110734475},{"prop":"complete","value":true,"time":1556110734475},{"prop":"Sg1","value":"true","time":1556110736139},{"prop":"DR2:Sg1","value":"ans4","time":1556110736139},{"prop":"complete","value":true,"time":1556110736139},{"prop":"Sg1","value":"true","time":1556110736140},{"prop":"complete","value":true,"time":1556110736140},{"prop":"Sg1","value":"true","time":1556110736465},{"prop":"DR2:Sg1","value":"ans4","time":1556110736465},{"prop":"complete","value":true,"time":1556110736465},{"prop":"Sg1","value":"true","time":1556110736465},{"prop":"complete","value":true,"time":1556110736465},{"prop":"Sg1","value":"true","time":1556110736726},{"prop":"DR2:Sg1","value":"ans4","time":1556110736726},{"prop":"complete","value":true,"time":1556110736726},{"prop":"Sg1","value":"true","time":1556110736727},{"prop":"complete","value":true,"time":1556110736727},{"prop":"Sg1","value":"true","time":1556110737245},{"prop":"DR2:Sg1","value":"ans4","time":1556110737245},{"prop":"complete","value":true,"time":1556110737245},{"prop":"Sg1","value":"true","time":1556110737245},{"prop":"complete","value":true,"time":1556110737245},{"prop":"Sg1","value":"true","time":1556110737440},{"prop":"DR2:Sg1","value":"ans4","time":1556110737440},{"prop":"complete","value":true,"time":1556110737440},{"prop":"Sg1","value":"true","time":1556110737440},{"prop":"complete","value":true,"time":1556110737440},{"prop":"Sg1","value":"true","time":1556110737675},{"prop":"DR2:Sg1","value":"ans4","time":1556110737675},{"prop":"complete","value":true,"time":1556110737675},{"prop":"Sg1","value":"true","time":1556110737675},{"prop":"complete","value":true,"time":1556110737675}],"Sg1":"true","DR2:Sg1":"ans4"},"SScene3":{"complete":true,"$seq":[{"prop":"complete","value":false,"time":1556110743570},{"prop":"Sg1","value":"true","time":1556110766844},{"prop":"DR3:Sg1","value":"ans3","time":1556110766844},{"prop":"complete","value":true,"time":1556110766844},{"prop":"Sg1","value":"true","time":1556110766845},{"prop":"complete","value":true,"time":1556110766845}],"Sg1":"true","DR3:Sg1":"ans3"},"SScene4":{"complete":true,"$seq":[{"prop":"complete","value":false,"time":1556110767883},{"prop":"Sg1","value":"true","time":1556110790580},{"prop":"DR4:Sg1","value":"ans1","time":1556110790580},{"prop":"complete","value":true,"time":1556110790580},{"prop":"Sg1","value":"true","time":1556110790581},{"prop":"complete","value":true,"time":1556110790581}],"Sg1":"true","DR4:Sg1":"ans1"},"SSubmit":{"complete":false,"$seq":[{"prop":"complete","value":false,"time":1556110791758}]},"SSceneEnd":{"complete":false,"$seq":[{"prop":"complete","value":false,"time":1556110794137}]}},"moduleState":{},"tutorState":{},"fFeatures":{"0":true},"featureID":{}}