{"scene":{"SNavigator":{},"SMatsIntro":{"complete":true,"$seq":[{"prop":"complete","value":false,"time":1273424554924},{"prop":"complete","value":true,"time":1273424568692}]},"SMatsPre1":{"complete":true,"$seq":[{"prop":"complete","value":false,"time":1273424576839},{"prop":"Sg1","value":"true","time":1273424581325},{"prop":"PreTest:Sg1","value":"b5","time":1273424581325},{"prop":"complete","value":false,"time":1273424581325},{"prop":"Sg1","value":"true","time":1273424581326},{"prop":"complete","value":false,"time":1273424581326},{"prop":"Sg2","value":"true","time":1273424585045},{"prop":"PreTest:Sg2","value":"b5","time":1273424585045},{"prop":"complete","value":false,"time":1273424585045},{"prop":"Sg2","value":"true","time":1273424585047},{"prop":"complete","value":false,"time":1273424585047},{"prop":"Sg3","value":"true","time":1273424587966},{"prop":"PreTest:Sg3","value":"b1","time":1273424587966},{"prop":"complete","value":false,"time":1273424587966},{"prop":"Sg3","value":"true","time":1273424587966},{"prop":"complete","value":false,"time":1273424587966},{"prop":"Sg4","value":"true","time":1273424591215},{"prop":"PreTest:Sg4","value":"b5","time":1273424591215},{"prop":"complete","value":true,"time":1273424591215},{"prop":"Sg4","value":"true","time":1273424591216},{"prop":"complete","value":true,"time":1273424591216}],"Sg1":"true","PreTest:Sg1":"b5","Sg2":"true","PreTest:Sg2":"b5","Sg3":"true","PreTest:Sg3":"b1","Sg4":"true","PreTest:Sg4":"b5"},"SMatsPre2":{"complete":true,"$seq":[{"prop":"complete","value":false,"time":1273424594202},{"prop":"Sg1","value":"true","time":1273424597173},{"prop":"PreTest:Sg1","value":"b1","time":1273424597173},{"prop":"complete","value":false,"time":1273424597173},{"prop":"Sg1","value":"true","time":1273424597174},{"prop":"complete","value":false,"time":1273424597174},{"prop":"Sg2","value":"true","time":1273424598730},{"prop":"PreTest:Sg2","value":"b5","time":1273424598730},{"prop":"complete","value":false,"time":1273424598730},{"prop":"Sg2","value":"true","time":1273424598731},{"prop":"complete","value":false,"time":1273424598731},{"prop":"Sg3","value":"true","time":1273424603705},{"prop":"PreTest:Sg3","value":"b5","time":1273424603705},{"prop":"complete","value":false,"time":1273424603705},{"prop":"Sg3","value":"true","time":1273424603705},{"prop":"complete","value":false,"time":1273424603706},{"prop":"Sg4","value":"true","time":1273424606644},{"prop":"PreTest:Sg4","value":"b1","time":1273424606644},{"prop":"complete","value":true,"time":1273424606644},{"prop":"Sg4","value":"true","time":1273424606644},{"prop":"complete","value":true,"time":1273424606644}],"Sg1":"true","PreTest:Sg1":"b1","Sg2":"true","PreTest:Sg2":"b5","Sg3":"true","PreTest:Sg3":"b5","Sg4":"true","PreTest:Sg4":"b1"},"SMatsPre3":{"complete":true,"$seq":[{"prop":"complete","value":false,"time":1273424607851},{"prop":"Sg1","value":"true","time":1273424611804},{"prop":"PreTest:Sg1","value":"b3","time":1273424611804},{"prop":"complete","value":false,"time":1273424611804},{"prop":"Sg1","value":"true","time":1273424611805},{"prop":"complete","value":false,"time":1273424611805},{"prop":"Sg2","value":"true","time":1273424613924},{"prop":"PreTest:Sg2","value":"b5","time":1273424613924},{"prop":"complete","value":false,"time":1273424613924},{"prop":"Sg2","value":"true","time":1273424613924},{"prop":"complete","value":false,"time":1273424613924},{"prop":"Sg3","value":"true","time":1273424620621},{"prop":"PreTest:Sg3","value":"b5","time":1273424620621},{"prop":"complete","value":false,"time":1273424620621},{"prop":"Sg3","value":"true","time":1273424620621},{"prop":"complete","value":false,"time":1273424620621},{"prop":"Sg4","value":"true","time":1273424623993},{"prop":"PreTest:Sg4","value":"b5","time":1273424623993},{"prop":"complete","value":true,"time":1273424623993},{"prop":"Sg4","value":"true","time":1273424623994},{"prop":"complete","value":true,"time":1273424623994}],"Sg1":"true","PreTest:Sg1":"b3","Sg2":"true","PreTest:Sg2":"b5","Sg3":"true","PreTest:Sg3":"b5","Sg4":"true","PreTest:Sg4":"b5"},"SMatsPre4":{"complete":true,"$seq":[{"prop":"complete","value":false,"time":1273424624910},{"prop":"Sg1","value":"true","time":1273424629114},{"prop":"PreTest:Sg1","value":"b3","time":1273424629114},{"prop":"complete","value":false,"time":1273424629114},{"prop":"Sg1","value":"true","time":1273424629115},{"prop":"complete","value":false,"time":1273424629115},{"prop":"Sg2","value":"true","time":1273424632400},{"prop":"PreTest:Sg2","value":"b1","time":1273424632400},{"prop":"complete","value":true,"time":1273424632400},{"prop":"prompted","value":true,"time":1273424632400},{"prop":"Sg2","value":"true","time":1273424632400},{"prop":"complete","value":true,"time":1273424632400},{"prop":"complete","value":true,"time":1273424635985}],"Sg1":"true","PreTest:Sg1":"b3","Sg2":"true","PreTest:Sg2":"b1","prompted":true},"SSceneEnd":{"complete":false,"$seq":[{"prop":"complete","value":false,"time":1273424636088}]}},"module":{},"tutor":{}}