{"scene":{"SNavigator":{},"SScene1":{"complete":true,"$seq":[{"prop":"complete","value":false,"time":1557848258198},{"prop":"complete","value":true,"time":1557848306058}]},"SScene2":{"AreaSelected":true,"$seq":[{"prop":"AreaSelected","value":false,"time":1557848309484},{"prop":"AreaSelected","value":true,"time":1557848352956},{"prop":"Area Name:heat and temperature","time":1557848352959},{"prop":"Area Index:2","time":1557848352959}]},"SScene3":{"TopicSelected":true,"$seq":[{"prop":"TopicSelected","value":false,"time":1557848355434},{"prop":"TopicSelected","value":true,"time":1557848362899},{"prop":"Topic Index:1","time":1557848362902}]},"SScene4":{"complete":true,"$seq":[{"prop":"complete","value":false,"time":1557848363152},{"prop":"complete","value":true,"time":1557848383031}]},"SScene5":{"complete":true,"$seq":[{"prop":"complete","value":false,"time":1557848383920},{"prop":"complete","value":true,"time":1557848388255}]},"SScene5a":{"complete":true,"$seq":[{"prop":"complete","value":false,"time":1557848389614},{"prop":"complete","value":true,"time":1557848403640}]},"SScene6a":{},"SScene6b":{}},"module":{"selectedArea":{"ontologyKey":"S_A2|name","index":2},"$seq":[{"prop":"selectedArea.ontologyKey","value":"S_A2|name","time":1557848352957},{"prop":"selectedArea.index","value":2,"time":1557848352957},{"prop":"selectedTopic.ontologyKey","value":"S_A2_T1|name","time":1557848362899},{"prop":"selectedTopic.index","value":1,"time":1557848362899}],"selectedTopic":{"ontologyKey":"S_A2_T1|name","index":1}},"tutor":{"experimentalGroup":{"ontologyKey":"EG_A1"},"$seq":[{"prop":"experimentalGroup.ontologyKey","value":"EG_A1","time":1557848258087}]}}