{"scene":{"SNavigator":{},"SScene1":{"complete":true,"$seq":[{"prop":"complete","value":false,"time":1557848258198},{"prop":"complete","value":true,"time":1557848306058}]},"SScene2":{"AreaSelected":true,"$seq":[{"prop":"AreaSelected","value":false,"time":1557848309484},{"prop":"AreaSelected","value":true,"time":1557848352956},{"prop":"Area Name:heat and temperature","time":1557848352959},{"prop":"Area Index:2","time":1557848352959}]},"SScene3":{"TopicSelected":true,"$seq":[{"prop":"TopicSelected","value":false,"time":1557848355434},{"prop":"TopicSelected","value":true,"time":1557848362899},{"prop":"Topic Index:1","time":1557848362902}]},"SScene4":{"complete":true,"$seq":[{"prop":"complete","value":false,"time":1557848363152},{"prop":"complete","value":true,"time":1557848383031}]},"SScene5":{"complete":true,"$seq":[{"prop":"complete","value":false,"time":1557848383920},{"prop":"complete","value":true,"time":1557848388255}]},"SScene5a":{"complete":true,"$seq":[{"prop":"complete","value":false,"time":1557848389614},{"prop":"complete","value":true,"time":1557848403640}]},"SScene6a":{},"SScene6b":{},"SScene6c":{},"SScene7":{"complete":true,"$seq":[{"prop":"complete","value":false,"time":1557848420307},{"prop":"complete","value":true,"time":1557848438508}]},"SScene8":{"complete":true,"$seq":[{"prop":"complete","value":false,"time":1557848441056},{"prop":"complete","value":true,"time":1557848485679}]},"SScene9":{"RQSelected":true,"$seq":[{"prop":"RQSelected","value":false,"time":1557848486468},{"prop":"RQSelected","value":true,"time":1557848494343},{"prop":"Variable Index:1","time":1557848494344}]},"SScene10":{"RQconfirmed":true,"$seq":[{"prop":"RQconfirmed","value":false,"time":1557848494479},{"prop":"RQconfirmed","value":true,"time":1557848508650}]},"SScene11":{"RQconfirmed":false,"$seq":[{"prop":"RQconfirmed","value":false,"time":1557848508778},{"prop":"complete","value":true,"time":1557848517453}],"complete":true}},"module":{"selectedArea":{"ontologyKey":"S_A2|name","index":2},"$seq":[{"prop":"selectedArea.ontologyKey","value":"S_A2|name","time":1557848352957},{"prop":"selectedArea.index","value":2,"time":1557848352957},{"prop":"selectedTopic.ontologyKey","value":"S_A2_T1|name","time":1557848362899},{"prop":"selectedTopic.index","value":1,"time":1557848362899},{"prop":"selectedVariable.ontologyKey","value":"S_A2_T1_V1|name","time":1557848494344},{"prop":"selectedVariable.index","value":1,"time":1557848494344},{"prop":"selectedRQ","value":{"ontologyKey":"S_A2_T1_RQ1","index":"1"},"time":1557848494344},{"prop":"RQconfirmation","value":"UNKNOWN","time":1557848494479},{"prop":"RQconfirmation","value":"OK","time":1557848508650},{"prop":"RQconfirmation","value":"UNKNOWN","time":1557848508779}],"selectedTopic":{"ontologyKey":"S_A2_T1|name","index":1},"selectedVariable":{"ontologyKey":"S_A2_T1_V1|name","index":1},"selectedRQ":{"ontologyKey":"S_A2_T1_RQ1","index":"1"},"RQconfirmation":"UNKNOWN"},"tutor":{"experimentalGroup":{"ontologyKey":"EG_A1"},"$seq":[{"prop":"experimentalGroup.ontologyKey","value":"EG_A1","time":1557848258087}]}}