{"scene":{"SNavigator":{},"SIntro":{"complete":false,"$seq":[{"prop":"complete","value":false,"time":1554729187312}]},"SScene1":{"complete":true,"$seq":[{"prop":"complete","value":false,"time":1554729202275},{"prop":"Sg1","value":"true","time":1554729230369},{"prop":"DR1:Sg1","value":"ans1","time":1554729230369},{"prop":"complete","value":true,"time":1554729230370},{"prop":"Sg1","value":"true","time":1554729230371},{"prop":"complete","value":true,"time":1554729230371}],"Sg1":"true","DR1:Sg1":"ans1"},"SScene2":{"complete":true,"$seq":[{"prop":"complete","value":false,"time":1554729234558},{"prop":"Sg1","value":"true","time":1554729254040},{"prop":"DR2:Sg1","value":"ans4","time":1554729254040},{"prop":"complete","value":true,"time":1554729254040},{"prop":"Sg1","value":"true","time":1554729254041},{"prop":"complete","value":true,"time":1554729254041}],"Sg1":"true","DR2:Sg1":"ans4"},"SScene3":{"complete":true,"$seq":[{"prop":"complete","value":false,"time":1554729255270},{"prop":"Sg1","value":"true","time":1554729328302},{"prop":"DR3:Sg1","value":"ans4","time":1554729328302},{"prop":"complete","value":true,"time":1554729328302},{"prop":"Sg1","value":"true","time":1554729328303},{"prop":"complete","value":true,"time":1554729328303},{"prop":"Sg1","value":"true","time":1554729328948},{"prop":"DR3:Sg1","value":"ans3","time":1554729328948},{"prop":"complete","value":true,"time":1554729328948},{"prop":"Sg1","value":"true","time":1554729328949},{"prop":"complete","value":true,"time":1554729328949},{"prop":"Sg1","value":"true","time":1554729329288},{"prop":"DR3:Sg1","value":"ans3","time":1554729329288},{"prop":"complete","value":true,"time":1554729329288},{"prop":"Sg1","value":"true","time":1554729329288},{"prop":"complete","value":true,"time":1554729329288}],"Sg1":"true","DR3:Sg1":"ans3"},"SScene4":{"complete":true,"$seq":[{"prop":"complete","value":false,"time":1554729330193},{"prop":"Sg1","value":"true","time":1554729425067},{"prop":"DR4:Sg1","value":"ans2","time":1554729425067},{"prop":"complete","value":true,"time":1554729425067},{"prop":"Sg1","value":"true","time":1554729425068},{"prop":"complete","value":true,"time":1554729425068},{"prop":"Sg1","value":"true","time":1554729425448},{"prop":"DR4:Sg1","value":"ans2","time":1554729425448},{"prop":"complete","value":true,"time":1554729425448},{"prop":"Sg1","value":"true","time":1554729425449},{"prop":"complete","value":true,"time":1554729425449},{"prop":"Sg1","value":"true","time":1554729429190},{"prop":"DR4:Sg1","value":"ans1","time":1554729429190},{"prop":"complete","value":true,"time":1554729429190},{"prop":"Sg1","value":"true","time":1554729429191},{"prop":"complete","value":true,"time":1554729429191},{"prop":"Sg1","value":"true","time":1554729433295},{"prop":"DR4:Sg1","value":"ans2","time":1554729433295},{"prop":"complete","value":true,"time":1554729433295},{"prop":"Sg1","value":"true","time":1554729433296},{"prop":"complete","value":true,"time":1554729433296}],"Sg1":"true","DR4:Sg1":"ans2"},"SSubmit":{"complete":false,"$seq":[{"prop":"complete","value":false,"time":1554729434091}]}},"module":{},"tutor":{}}