{"scene":{"SNavigator":{},"SMatsIntro":{"complete":true,"$seq":[{"prop":"complete","value":false,"time":1269223435519},{"prop":"complete","value":true,"time":1269223448816}]},"SMatsPre1":{"complete":true,"$seq":[{"prop":"complete","value":false,"time":1269223450876},{"prop":"Sg1","value":"true","time":1269223457529},{"prop":"PreTest:Sg1","value":"b5","time":1269223457529},{"prop":"complete","value":false,"time":1269223457529},{"prop":"Sg1","value":"true","time":1269223457531},{"prop":"complete","value":false,"time":1269223457531},{"prop":"Sg2","value":"true","time":1269223461070},{"prop":"PreTest:Sg2","value":"b5","time":1269223461070},{"prop":"complete","value":false,"time":1269223461070},{"prop":"Sg2","value":"true","time":1269223461071},{"prop":"complete","value":false,"time":1269223461071},{"prop":"Sg3","value":"true","time":1269223467379},{"prop":"PreTest:Sg3","value":"b1","time":1269223467379},{"prop":"complete","value":false,"time":1269223467379},{"prop":"Sg3","value":"true","time":1269223467379},{"prop":"complete","value":false,"time":1269223467380},{"prop":"Sg4","value":"true","time":1269223475903},{"prop":"PreTest:Sg4","value":"b5","time":1269223475903},{"prop":"complete","value":true,"time":1269223475903},{"prop":"Sg4","value":"true","time":1269223475903},{"prop":"complete","value":true,"time":1269223475903}],"Sg1":"true","PreTest:Sg1":"b5","Sg2":"true","PreTest:Sg2":"b5","Sg3":"true","PreTest:Sg3":"b1","Sg4":"true","PreTest:Sg4":"b5"},"SMatsPre2":{"complete":true,"$seq":[{"prop":"complete","value":false,"time":1269223477593},{"prop":"Sg1","value":"true","time":1269223484872},{"prop":"PreTest:Sg1","value":"b1","time":1269223484872},{"prop":"complete","value":false,"time":1269223484873},{"prop":"Sg1","value":"true","time":1269223484874},{"prop":"complete","value":false,"time":1269223484874},{"prop":"Sg2","value":"true","time":1269223488229},{"prop":"PreTest:Sg2","value":"b5","time":1269223488229},{"prop":"complete","value":false,"time":1269223488230},{"prop":"Sg2","value":"true","time":1269223488230},{"prop":"complete","value":false,"time":1269223488230},{"prop":"Sg3","value":"true","time":1269223491572},{"prop":"PreTest:Sg3","value":"b5","time":1269223491572},{"prop":"complete","value":false,"time":1269223491572},{"prop":"Sg3","value":"true","time":1269223491572},{"prop":"complete","value":false,"time":1269223491572},{"prop":"Sg4","value":"true","time":1269223500737},{"prop":"PreTest:Sg4","value":"b1","time":1269223500737},{"prop":"complete","value":true,"time":1269223500737},{"prop":"Sg4","value":"true","time":1269223500738},{"prop":"complete","value":true,"time":1269223500738},{"prop":"Sg4","value":"true","time":1269223501740},{"prop":"PreTest:Sg4","value":"b2","time":1269223501740},{"prop":"complete","value":true,"time":1269223501740},{"prop":"Sg4","value":"true","time":1269223501740},{"prop":"complete","value":true,"time":1269223501740}],"Sg1":"true","PreTest:Sg1":"b1","Sg2":"true","PreTest:Sg2":"b5","Sg3":"true","PreTest:Sg3":"b5","Sg4":"true","PreTest:Sg4":"b2"},"SMatsPre3":{"complete":true,"$seq":[{"prop":"complete","value":false,"time":1269223503300},{"prop":"Sg1","value":"true","time":1269223507670},{"prop":"PreTest:Sg1","value":"b5","time":1269223507670},{"prop":"complete","value":false,"time":1269223507670},{"prop":"Sg1","value":"true","time":1269223507671},{"prop":"complete","value":false,"time":1269223507671},{"prop":"Sg2","value":"true","time":1269223513475},{"prop":"PreTest:Sg2","value":"b5","time":1269223513475},{"prop":"complete","value":false,"time":1269223513475},{"prop":"Sg2","value":"true","time":1269223513476},{"prop":"complete","value":false,"time":1269223513476},{"prop":"Sg3","value":"true","time":1269223517253},{"prop":"PreTest:Sg3","value":"b5","time":1269223517253},{"prop":"complete","value":false,"time":1269223517253},{"prop":"Sg3","value":"true","time":1269223517253},{"prop":"complete","value":false,"time":1269223517253},{"prop":"Sg4","value":"true","time":1269223520438},{"prop":"PreTest:Sg4","value":"b5","time":1269223520438},{"prop":"complete","value":true,"time":1269223520438},{"prop":"Sg4","value":"true","time":1269223520439},{"prop":"complete","value":true,"time":1269223520439}],"Sg1":"true","PreTest:Sg1":"b5","Sg2":"true","PreTest:Sg2":"b5","Sg3":"true","PreTest:Sg3":"b5","Sg4":"true","PreTest:Sg4":"b5"},"SMatsPre4":{"complete":false,"$seq":[{"prop":"complete","value":false,"time":1269223521673}]}},"module":{},"tutor":{}}