{"scene":{"SNavigator":{},"SScene1":{"complete":true,"$seq":[{"prop":"complete","value":false,"time":1554817720756},{"prop":"complete","value":true,"time":1554817773936}]},"SScene2":{"AreaSelected":true,"$seq":[{"prop":"AreaSelected","value":false,"time":1554817782595},{"prop":"AreaSelected","value":true,"time":1554817845726},{"prop":"Area Name:physical and chemical changes","time":1554817845727},{"prop":"Area Index:1","time":1554817845727}]},"SScene3":{"TopicSelected":true,"$seq":[{"prop":"TopicSelected","value":false,"time":1554817848765},{"prop":"TopicSelected","value":true,"time":1554817857972},{"prop":"Topic Index:2","time":1554817857975}]},"SScene4":{"complete":true,"$seq":[{"prop":"complete","value":false,"time":1554817858378},{"prop":"complete","value":true,"time":1554817879206}]},"SScene5":{"complete":true,"$seq":[{"prop":"complete","value":false,"time":1554817896851},{"prop":"complete","value":true,"time":1554817901466}]},"SScene5a":{"complete":true,"$seq":[{"prop":"complete","value":false,"time":1554817907780},{"prop":"complete","value":true,"time":1554817919648}]},"SScene6a":{},"SScene6b":{},"SScene6c":{},"SScene7":{"complete":true,"$seq":[{"prop":"complete","value":false,"time":1554817949166},{"prop":"complete","value":true,"time":1554817976032}]},"SScene8":{"complete":true,"$seq":[{"prop":"complete","value":false,"time":1554817987034},{"prop":"complete","value":true,"time":1554818029409}]},"SScene9":{"RQSelected":false,"$seq":[{"prop":"RQSelected","value":false,"time":1554818047904}]}},"module":{"selectedArea":{"ontologyKey":"S_A1|name","index":1},"$seq":[{"prop":"selectedArea","value":{"ontologyKey":"S_A1|name","index":1},"time":1554817720618},{"prop":"selectedTopic","value":{"ontologyKey":"S_A1_T2|name","index":2},"time":1554817720618},{"prop":"selectedVariable","value":{"ontologyKey":"S_A1_T2_V4|name","index":4},"time":1554817720618},{"prop":"selectedRQ","value":{"ontologyKey":"S_A1_T2_RQ4"},"time":1554817720618},{"prop":"AreaSelectedID","value":"Sarea1|Sselected","time":1554817720618},{"prop":"AreaButtonID","value":"Sbutton1","time":1554817720618},{"prop":"TopicSelectedID","value":"Stopic2|Sselected","time":1554817720618},{"prop":"TopicButtonID","value":"Sbutton2","time":1554817720618},{"prop":"VariableHighlightID","value":"SbuttonHL4","time":1554817720618},{"prop":"VariableClickMaskID","value":"SclickMask4","time":1554817720618},{"prop":"selectedArea.ontologyKey","value":"S_A1|name","time":1554817845726},{"prop":"selectedArea.index","value":1,"time":1554817845726},{"prop":"selectedTopic.ontologyKey","value":"S_A1_T2|name","time":1554817857972},{"prop":"selectedTopic.index","value":2,"time":1554817857972}],"selectedTopic":{"ontologyKey":"S_A1_T2|name","index":2},"selectedVariable":{"ontologyKey":"S_A1_T2_V4|name","index":4},"selectedRQ":{"ontologyKey":"S_A1_T2_RQ4"},"AreaSelectedID":"Sarea1|Sselected","AreaButtonID":"Sbutton1","TopicSelectedID":"Stopic2|Sselected","TopicButtonID":"Sbutton2","VariableHighlightID":"SbuttonHL4","VariableClickMaskID":"SclickMask4"},"tutor":{"experimentalGroup":{"ontologyKey":"EG_A2"},"$seq":[{"prop":"experimentalGroup.ontologyKey","value":"EG_A2","time":1554817720618}]}}