{"scene":{"SNavigator":{},"SMatsIntro":{"complete":true,"$seq":[{"prop":"complete","value":false,"time":1556110744628},{"prop":"complete","value":true,"time":1556110758550}]},"SMatsPre1":{"complete":true,"$seq":[{"prop":"complete","value":false,"time":1556110759877},{"prop":"Sg1","value":"true","time":1556110763115},{"prop":"PreTest:Sg1","value":"b4","time":1556110763115},{"prop":"complete","value":false,"time":1556110763116},{"prop":"Sg1","value":"true","time":1556110763116},{"prop":"complete","value":false,"time":1556110763116},{"prop":"Sg2","value":"true","time":1556110767333},{"prop":"PreTest:Sg2","value":"b4","time":1556110767333},{"prop":"complete","value":false,"time":1556110767333},{"prop":"Sg2","value":"true","time":1556110767333},{"prop":"complete","value":false,"time":1556110767334},{"prop":"Sg3","value":"true","time":1556110769682},{"prop":"PreTest:Sg3","value":"b4","time":1556110769682},{"prop":"complete","value":false,"time":1556110769682},{"prop":"Sg3","value":"true","time":1556110769682},{"prop":"complete","value":false,"time":1556110769682},{"prop":"Sg4","value":"true","time":1556110771883},{"prop":"PreTest:Sg4","value":"b5","time":1556110771883},{"prop":"complete","value":true,"time":1556110771883},{"prop":"Sg4","value":"true","time":1556110771884},{"prop":"complete","value":true,"time":1556110771884},{"prop":"Sg4","value":"true","time":1556110772649},{"prop":"PreTest:Sg4","value":"b4","time":1556110772649},{"prop":"complete","value":true,"time":1556110772649},{"prop":"Sg4","value":"true","time":1556110772649},{"prop":"complete","value":true,"time":1556110772649}],"Sg1":"true","PreTest:Sg1":"b4","Sg2":"true","PreTest:Sg2":"b4","Sg3":"true","PreTest:Sg3":"b4","Sg4":"true","PreTest:Sg4":"b4"},"SMatsPre2":{"complete":false,"$seq":[{"prop":"complete","value":false,"time":1556110773641}]}},"module":{},"tutor":{}}