{"scene":{"SNavigator":{},"SMatsIntro":{"complete":true,"$seq":[{"prop":"complete","value":false,"time":1556110744628},{"prop":"complete","value":true,"time":1556110758550}]},"SMatsPre1":{"complete":true,"$seq":[{"prop":"complete","value":false,"time":1556110759877},{"prop":"Sg1","value":"true","time":1556110763115},{"prop":"PreTest:Sg1","value":"b4","time":1556110763115},{"prop":"complete","value":false,"time":1556110763116},{"prop":"Sg1","value":"true","time":1556110763116},{"prop":"complete","value":false,"time":1556110763116},{"prop":"Sg2","value":"true","time":1556110767333},{"prop":"PreTest:Sg2","value":"b4","time":1556110767333},{"prop":"complete","value":false,"time":1556110767333},{"prop":"Sg2","value":"true","time":1556110767333},{"prop":"complete","value":false,"time":1556110767334},{"prop":"Sg3","value":"true","time":1556110769682},{"prop":"PreTest:Sg3","value":"b4","time":1556110769682},{"prop":"complete","value":false,"time":1556110769682},{"prop":"Sg3","value":"true","time":1556110769682},{"prop":"complete","value":false,"time":1556110769682},{"prop":"Sg4","value":"true","time":1556110771883},{"prop":"PreTest:Sg4","value":"b5","time":1556110771883},{"prop":"complete","value":true,"time":1556110771883},{"prop":"Sg4","value":"true","time":1556110771884},{"prop":"complete","value":true,"time":1556110771884},{"prop":"Sg4","value":"true","time":1556110772649},{"prop":"PreTest:Sg4","value":"b4","time":1556110772649},{"prop":"complete","value":true,"time":1556110772649},{"prop":"Sg4","value":"true","time":1556110772649},{"prop":"complete","value":true,"time":1556110772649}],"Sg1":"true","PreTest:Sg1":"b4","Sg2":"true","PreTest:Sg2":"b4","Sg3":"true","PreTest:Sg3":"b4","Sg4":"true","PreTest:Sg4":"b4"},"SMatsPre2":{"complete":true,"$seq":[{"prop":"complete","value":false,"time":1556110773641},{"prop":"Sg1","value":"true","time":1556110777781},{"prop":"PreTest:Sg1","value":"b2","time":1556110777781},{"prop":"complete","value":false,"time":1556110777781},{"prop":"Sg1","value":"true","time":1556110777782},{"prop":"complete","value":false,"time":1556110777782},{"prop":"Sg2","value":"true","time":1556110779976},{"prop":"PreTest:Sg2","value":"b4","time":1556110779976},{"prop":"complete","value":false,"time":1556110779976},{"prop":"Sg2","value":"true","time":1556110779976},{"prop":"complete","value":false,"time":1556110779977},{"prop":"Sg3","value":"true","time":1556110781929},{"prop":"PreTest:Sg3","value":"b4","time":1556110781929},{"prop":"complete","value":false,"time":1556110781930},{"prop":"Sg3","value":"true","time":1556110781930},{"prop":"complete","value":false,"time":1556110781930},{"prop":"Sg4","value":"true","time":1556110787970},{"prop":"PreTest:Sg4","value":"b2","time":1556110787970},{"prop":"complete","value":true,"time":1556110787970},{"prop":"Sg4","value":"true","time":1556110787970},{"prop":"complete","value":true,"time":1556110787970}],"Sg1":"true","PreTest:Sg1":"b2","Sg2":"true","PreTest:Sg2":"b4","Sg3":"true","PreTest:Sg3":"b4","Sg4":"true","PreTest:Sg4":"b2"},"SMatsPre3":{"complete":true,"$seq":[{"prop":"complete","value":false,"time":1556110790309},{"prop":"Sg1","value":"true","time":1556110793499},{"prop":"PreTest:Sg1","value":"b4","time":1556110793499},{"prop":"complete","value":false,"time":1556110793499},{"prop":"Sg1","value":"true","time":1556110793501},{"prop":"complete","value":false,"time":1556110793501},{"prop":"Sg2","value":"true","time":1556110796000},{"prop":"PreTest:Sg2","value":"b3","time":1556110796000},{"prop":"complete","value":false,"time":1556110796001},{"prop":"Sg2","value":"true","time":1556110796001},{"prop":"complete","value":false,"time":1556110796001},{"prop":"Sg2","value":"true","time":1556110798197},{"prop":"PreTest:Sg2","value":"b2","time":1556110798197},{"prop":"complete","value":false,"time":1556110798197},{"prop":"Sg2","value":"true","time":1556110798197},{"prop":"complete","value":false,"time":1556110798197},{"prop":"Sg3","value":"true","time":1556110802988},{"prop":"PreTest:Sg3","value":"b4","time":1556110802988},{"prop":"complete","value":false,"time":1556110802988},{"prop":"Sg3","value":"true","time":1556110802988},{"prop":"complete","value":false,"time":1556110802988},{"prop":"Sg4","value":"true","time":1556110807167},{"prop":"PreTest:Sg4","value":"b3","time":1556110807167},{"prop":"complete","value":true,"time":1556110807167},{"prop":"Sg4","value":"true","time":1556110807167},{"prop":"complete","value":true,"time":1556110807167}],"Sg1":"true","PreTest:Sg1":"b4","Sg2":"true","PreTest:Sg2":"b2","Sg3":"true","PreTest:Sg3":"b4","Sg4":"true","PreTest:Sg4":"b3"},"SMatsPre4":{"complete":false,"$seq":[{"prop":"complete","value":false,"time":1556110807938}]}},"module":{},"tutor":{}}