{"scene":{"SNavigator":{},"SIntro":{"complete":false,"$seq":[{"prop":"complete","value":false,"time":1269223535415}]},"SScene1":{"complete":true,"$seq":[{"prop":"complete","value":false,"time":1269223549788},{"prop":"Sg1","value":"true","time":1269223567367},{"prop":"DR1:Sg1","value":"ans1","time":1269223567367},{"prop":"complete","value":true,"time":1269223567367},{"prop":"Sg1","value":"true","time":1269223567369},{"prop":"complete","value":true,"time":1269223567369}],"Sg1":"true","DR1:Sg1":"ans1"},"SScene2":{"complete":true,"$seq":[{"prop":"complete","value":false,"time":1269223569803},{"prop":"Sg1","value":"true","time":1269223595755},{"prop":"DR2:Sg1","value":"ans4","time":1269223595755},{"prop":"complete","value":true,"time":1269223595755},{"prop":"Sg1","value":"true","time":1269223595757},{"prop":"complete","value":true,"time":1269223595757}],"Sg1":"true","DR2:Sg1":"ans4"},"SScene3":{"complete":true,"$seq":[{"prop":"complete","value":false,"time":1269223597005},{"prop":"Sg1","value":"true","time":1269223660952},{"prop":"DR3:Sg1","value":"ans2","time":1269223660952},{"prop":"complete","value":true,"time":1269223660952},{"prop":"Sg1","value":"true","time":1269223660953},{"prop":"complete","value":true,"time":1269223660953}],"Sg1":"true","DR3:Sg1":"ans2"},"SScene4":{"complete":false,"$seq":[{"prop":"complete","value":false,"time":1269223662280}]}},"module":{},"tutor":{}}