{"scene":{"SNavigator":{},"SMatsIntro":{"complete":true,"$seq":[{"prop":"complete","value":false,"time":1554741964860},{"prop":"complete","value":true,"time":1554741978782}]},"SMatsPre1":{"complete":true,"$seq":[{"prop":"complete","value":false,"time":1554742005885},{"prop":"Sg1","value":"true","time":1554742014113},{"prop":"PreTest:Sg1","value":"b2","time":1554742014113},{"prop":"complete","value":false,"time":1554742014113},{"prop":"Sg1","value":"true","time":1554742014115},{"prop":"complete","value":false,"time":1554742014115},{"prop":"Sg2","value":"true","time":1554742018186},{"prop":"PreTest:Sg2","value":"b3","time":1554742018186},{"prop":"complete","value":false,"time":1554742018186},{"prop":"Sg2","value":"true","time":1554742018187},{"prop":"complete","value":false,"time":1554742018187},{"prop":"Sg3","value":"true","time":1554742025333},{"prop":"PreTest:Sg3","value":"b3","time":1554742025333},{"prop":"complete","value":false,"time":1554742025333},{"prop":"Sg3","value":"true","time":1554742025334},{"prop":"complete","value":false,"time":1554742025334},{"prop":"Sg4","value":"true","time":1554742026610},{"prop":"PreTest:Sg4","value":"b4","time":1554742026610},{"prop":"complete","value":true,"time":1554742026610},{"prop":"Sg4","value":"true","time":1554742026610},{"prop":"complete","value":true,"time":1554742026610}],"Sg1":"true","PreTest:Sg1":"b2","Sg2":"true","PreTest:Sg2":"b3","Sg3":"true","PreTest:Sg3":"b3","Sg4":"true","PreTest:Sg4":"b4"},"SMatsPre2":{"complete":true,"$seq":[{"prop":"complete","value":false,"time":1554742027998},{"prop":"Sg1","value":"true","time":1554742034664},{"prop":"PreTest:Sg1","value":"b3","time":1554742034664},{"prop":"complete","value":false,"time":1554742034664},{"prop":"Sg1","value":"true","time":1554742034665},{"prop":"complete","value":false,"time":1554742034665},{"prop":"Sg2","value":"true","time":1554742037756},{"prop":"PreTest:Sg2","value":"b3","time":1554742037756},{"prop":"complete","value":false,"time":1554742037756},{"prop":"Sg2","value":"true","time":1554742037757},{"prop":"complete","value":false,"time":1554742037757},{"prop":"Sg2","value":"true","time":1554742038708},{"prop":"PreTest:Sg2","value":"b2","time":1554742038708},{"prop":"complete","value":false,"time":1554742038708},{"prop":"Sg2","value":"true","time":1554742038709},{"prop":"complete","value":false,"time":1554742038709},{"prop":"Sg3","value":"true","time":1554742042852},{"prop":"PreTest:Sg3","value":"b1","time":1554742042852},{"prop":"complete","value":false,"time":1554742042852},{"prop":"Sg3","value":"true","time":1554742042853},{"prop":"complete","value":false,"time":1554742042853},{"prop":"Sg4","value":"true","time":1554742046755},{"prop":"PreTest:Sg4","value":"b2","time":1554742046755},{"prop":"complete","value":true,"time":1554742046755},{"prop":"Sg4","value":"true","time":1554742046755},{"prop":"complete","value":true,"time":1554742046755}],"Sg1":"true","PreTest:Sg1":"b3","Sg2":"true","PreTest:Sg2":"b2","Sg3":"true","PreTest:Sg3":"b1","Sg4":"true","PreTest:Sg4":"b2"},"SMatsPre3":{"complete":false,"$seq":[{"prop":"complete","value":false,"time":1554742047798}]}},"module":{},"tutor":{}}