{"scene":{"SNavigator":{},"SScene3":{"complete":true,"$seq":[{"prop":"complete","value":false,"time":1557934455577},{"prop":"complete","value":true,"time":1557934462540}]},"SScene4":{"complete":true,"$seq":[{"prop":"complete","value":false,"time":1557934463811},{"prop":"complete","value":true,"time":1557934475957}]},"SScene5":{"complete":true,"$seq":[{"prop":"complete","value":false,"time":1557934476814},{"prop":"complete","value":true,"time":1557934482770}]},"SScene6":{"complete":true,"$seq":[{"prop":"complete","value":false,"time":1557934483389},{"prop":"complete","value":true,"time":1557934495315}]},"SScene7":{"complete":true,"$seq":[{"prop":"complete","value":false,"time":1557934900065},{"prop":"complete","value":true,"time":1557934909232}]},"SScene8":{"complete":true,"$seq":[{"prop":"complete","value":false,"time":1557934913544},{"prop":"complete","value":true,"time":1557934960514}]},"SScene9":{"complete":false,"$seq":[{"prop":"complete","value":false,"time":1557934965890},{"prop":"complete","value":true,"time":1557934972746},{"prop":"complete","value":false,"time":1557934974724}]},"SScene10":{"complete":true,"$seq":[{"prop":"complete","value":false,"time":1557934576372},{"prop":"complete","value":true,"time":1557934605609}]},"SScene12":{"complete":true,"$seq":[{"prop":"complete","value":false,"time":1557934985387},{"prop":"complete","value":true,"time":1557934992765}]},"SScene12A":{"complete":false,"$seq":[{"prop":"complete","value":false,"time":1557934996781},{"prop":"complete","value":true,"time":1557935009880},{"prop":"complete","value":true,"time":1557935016566},{"prop":"complete","value":false,"time":1557935018083}]},"SScene14":{"complete":false,"$seq":[{"prop":"complete","value":false,"time":1557934640424},{"prop":"complete","value":true,"time":1557934682433},{"prop":"complete","value":false,"time":1557934686767}]},"SScene15":{"complete":true,"$seq":[{"prop":"complete","value":false,"time":1557935061872},{"prop":"complete","value":false,"time":1557935086992},{"prop":"complete","value":false,"time":1557935091290},{"prop":"complete","value":true,"time":1557935094531},{"prop":"complete","value":true,"time":1557935097074},{"prop":"complete","value":true,"time":1557935098779},{"prop":"complete","value":false,"time":1557935102951},{"prop":"complete","value":true,"time":1557935142266}]},"SScene16":{"complete":true,"$seq":[{"prop":"complete","value":false,"time":1557935143173},{"prop":"complete","value":true,"time":1557935155107}]},"SScene17":{"complete":true,"$seq":[{"prop":"complete","value":false,"time":1557935161642},{"prop":"complete","value":true,"time":1557935184988},{"prop":"complete","value":true,"time":1557935184988},{"prop":"complete","value":false,"time":1557935187574},{"prop":"complete","value":true,"time":1557935216856}]},"SScene11":{"complete":true,"$seq":[{"prop":"complete","value":false,"time":1557934979023},{"prop":"complete","value":true,"time":1557934983775}]},"SScene13":{"complete":false,"$seq":[{"prop":"complete","value":false,"time":1557935028580},{"prop":"complete","value":true,"time":1557935047916},{"prop":"complete","value":false,"time":1557935050593}]},"SScene18":{"complete":true,"$seq":[{"prop":"complete","value":false,"time":1557935219606},{"prop":"complete","value":true,"time":1557935225019}]},"SScene19":{"complete":true,"$seq":[{"prop":"complete","value":false,"time":1557935426661},{"prop":"complete","value":false,"time":1557935438068},{"prop":"complete","value":false,"time":1557935440251},{"prop":"complete","value":false,"time":1557935443975},{"prop":"complete","value":false,"time":1557935446648},{"prop":"complete","value":false,"time":1557935452000},{"prop":"complete","value":false,"time":1557935453903},{"prop":"complete","value":false,"time":1557935461988},{"prop":"complete","value":false,"time":1557935475689},{"prop":"complete","value":false,"time":1557935479779},{"prop":"complete","value":true,"time":1557935481235}]},"SScene20":{"complete":false,"$seq":[{"prop":"complete","value":false,"time":1557935482695}]}},"module":{"selectedArea":{"ontologyKey":"S_A1|name","index":1},"selectedTopic":{"ontologyKey":"S_A1_T2|name","index":2},"selectedVariable":{"ontologyKey":"S_A1_T2_V4|name","index":4},"selectedRQ":{"ontologyKey":"S_A1_T2_RQ4"},"AreaSelectedID":"Sarea1|Sselected","AreaButtonID":"Sbutton1","TopicSelectedID":"Stopic2|Sselected","TopicButtonID":"Sbutton2","VariableHighlightID":"SbuttonHL4","VariableClickMaskID":"SclickMask4","RQconfirmation":"UNKNOWN","TEDExptNonTarget":[1,3,4],"TEDExptConfounds":[1],"TEDExptDifferent":[1,2],"TEDExptArea":{"ontologyKey":"S_A1","index":1},"TEDExptTopic":{"ontologyKey":"S_A1_T2","index":2},"TEDExptVariable":{"ontologyKey":"S_A1_T2_V2","index":2},"TEDExptRQ":{"ontologyKey":"S_A1_T2_RQ2","index":2},"TEDExptVarNC1":{"ontologyKey":"S_A1_T2_V1","index":1},"TEDExptVarNC2":{"ontologyKey":"S_A1_T2_V3","index":3},"TEDExptVarNC3":{"ontologyKey":"S_A1_T2_V4","index":4},"TEDExptPOSTSequence":[],"TEDExpt1V1":{"ontologyKey":"S_A1_T2_V1_A","index":1},"TEDExpt2V1":{"ontologyKey":"S_A1_T2_V1_B","index":1},"TEDExpt1V2":{"ontologyKey":"S_A1_T2_V2_A","index":2},"TEDExpt2V2":{"ontologyKey":"S_A1_T2_V2_B","index":2},"TEDExpt1V3":{"ontologyKey":"S_A1_T2_V3_A","index":3},"TEDExpt2V3":{"ontologyKey":"S_A1_T2_V3_A","index":3},"TEDExpt1V4":{"ontologyKey":"S_A1_T2_V4_A","index":4},"TEDExpt2V4":{"ontologyKey":"S_A1_T2_V4_A","index":4},"TEDExptNC1SameDiff":{"ontologyKey":"TED_E1_Q7NC1DIFF","value":"diff","index":1},"TEDExptNC1Confound":{"ontologyKey":"S_A1_T2_V1","index":1},"TEDExptNC2SameDiff":{"ontologyKey":"TED_E1_Q7NC2SAME","value":"same","index":3},"TEDExptNC2Confound":{"ontologyKey":"S_A1_T2_V3","index":3},"TEDExptNC3SameDiff":{"ontologyKey":"TED_E1_Q7NC3SAME","value":"same","index":4},"TEDExptNC3Confound":{"ontologyKey":"S_A1_T2_V4","index":4},"differentRow":4,"independentVarN":{"row":4,"col":0,"ontologyKey":"S_A1_T2_V4|name","isText":true,"selectedValue":"Amount of CO2","cell":{},"processed":true},"sameRow1":1,"sameRow2":2,"sameRow3":3,"$seq":[{"prop":"selectedArea","value":{"ontologyKey":"S_A1|name","index":1},"time":1557934455481},{"prop":"selectedTopic","value":{"ontologyKey":"S_A1_T2|name","index":2},"time":1557934455481},{"prop":"selectedVariable","value":{"ontologyKey":"S_A1_T2_V4|name","index":4},"time":1557934455481},{"prop":"selectedRQ","value":{"ontologyKey":"S_A1_T2_RQ4"},"time":1557934455481},{"prop":"AreaSelectedID","value":"Sarea1|Sselected","time":1557934455481},{"prop":"AreaButtonID","value":"Sbutton1","time":1557934455481},{"prop":"TopicSelectedID","value":"Stopic2|Sselected","time":1557934455481},{"prop":"TopicButtonID","value":"Sbutton2","time":1557934455481},{"prop":"VariableHighlightID","value":"SbuttonHL4","time":1557934455481},{"prop":"VariableClickMaskID","value":"SclickMask4","time":1557934455481},{"prop":"TEDExptNonTarget","value":[2,3,4],"time":1557934455485},{"prop":"TEDExptConfounds","value":[2,3,4],"time":1557934455485},{"prop":"TEDExptDifferent","value":[2,3,4,1],"time":1557934455485},{"prop":"TEDExptArea","value":{"ontologyKey":"S_A1","index":1},"time":1557934455485},{"prop":"TEDExptTopic","value":{"ontologyKey":"S_A1_T2","index":2},"time":1557934455485},{"prop":"TEDExptVariable","value":{"ontologyKey":"S_A1_T2_V1","index":1},"time":1557934455485},{"prop":"TEDExptRQ","value":{"ontologyKey":"S_A1_T2_RQ1","index":1},"time":1557934455485},{"prop":"TEDExptVarNC1","value":{"ontologyKey":"S_A1_T2_V2","index":2},"time":1557934455485},{"prop":"TEDExptVarNC2","value":{"ontologyKey":"S_A1_T2_V3","index":3},"time":1557934455485},{"prop":"TEDExptVarNC3","value":{"ontologyKey":"S_A1_T2_V4","index":4},"time":1557934455485},{"prop":"TEDExptPOSTSequence","value":[{"ontologyKey":"S_A1_T2_V4","index":4},{"ontologyKey":"S_A1_T2_V1","index":1},{"ontologyKey":"S_A1_T2_V2","index":2},{"ontologyKey":"S_A1_T2_V3","index":3}],"time":1557934455485},{"prop":"TEDExpt1V1","value":{"ontologyKey":"S_A1_T2_V1_A","index":1},"time":1557934455485},{"prop":"TEDExpt2V1","value":{"ontologyKey":"S_A1_T2_V1_A","index":1},"time":1557934455485},{"prop":"TEDExpt1V2","value":{"ontologyKey":"S_A1_T2_V2_A","index":2},"time":1557934455485},{"prop":"TEDExpt2V2","value":{"ontologyKey":"S_A1_T2_V2_A","index":2},"time":1557934455485},{"prop":"TEDExpt1V3","value":{"ontologyKey":"S_A1_T2_V3_A","index":3},"time":1557934455485},{"prop":"TEDExpt2V3","value":{"ontologyKey":"S_A1_T2_V3_A","index":3},"time":1557934455485},{"prop":"TEDExpt1V4","value":{"ontologyKey":"S_A1_T2_V4_A","index":4},"time":1557934455485},{"prop":"TEDExpt2V4","value":{"ontologyKey":"S_A1_T2_V4_A","index":4},"time":1557934455485},{"prop":"TEDExpt2V2","value":{"ontologyKey":"S_A1_T2_V2_B","index":2},"time":1557934455485},{"prop":"TEDExpt2V3","value":{"ontologyKey":"S_A1_T2_V3_B","index":3},"time":1557934455485},{"prop":"TEDExpt2V4","value":{"ontologyKey":"S_A1_T2_V4_B","index":4},"time":1557934455485},{"prop":"TEDExpt2V1","value":{"ontologyKey":"S_A1_T2_V1_B","index":1},"time":1557934455485},{"prop":"TEDExptNC1SameDiff","value":{"ontologyKey":"TED_E1_Q7NC1DIFF","value":"diff","index":2},"time":1557934455485},{"prop":"TEDExptNC1Confound","value":{"ontologyKey":"S_A1_T2_V2","index":2},"time":1557934455485},{"prop":"TEDExptNC2SameDiff","value":{"ontologyKey":"TED_E1_Q7NC2DIFF","value":"diff","index":3},"time":1557934455485},{"prop":"TEDExptNC2Confound","value":{"ontologyKey":"S_A1_T2_V3","index":3},"time":1557934455485},{"prop":"TEDExptNC3SameDiff","value":{"ontologyKey":"TED_E1_Q7NC3DIFF","value":"diff","index":4},"time":1557934455485},{"prop":"TEDExptNC3Confound","value":{"ontologyKey":"S_A1_T2_V4","index":4},"time":1557934455485},{"prop":"Expt1_Q1","value":{"name":"{{$EFO_TED_E1_LISTYN|no}}","ontologyKey":"TED_E1_LISTYN|no","index":2,"value":true,"id":"correct"},"time":1557934569250},{"prop":"Expt1_Q","value":{"name":"{{$EFO_TED_E1_LISTYN|no}}","ontologyKey":"TED_E1_LISTYN|no","index":2,"value":true,"id":"correct"},"time":1557934569250},{"prop":"Expt1_Reason","value":{"name":"{{$EFO_TED_E1_LISTQ23|ans4}}","value":"$EFL_efdata.TED.E1.LISTQ23","ontologyKey":"TED_E1_LISTQ23|yes","index":4,"id":"4"},"time":1557934605608},{"prop":"Expt1_Q4","value":{"name":"{{$EFO_TED_E1_LISTYN|yes}}","ontologyKey":"TED_E1_LISTYN|yes","index":1,"value":false,"id":"incorrect"},"time":1557934627113},{"prop":"Imagine1","value":{"name":"{{$EFO_TED_E1_LISTYN|yes}}","ontologyKey":"TED_E1_LISTYN|yes","index":1,"value":false,"id":"incorrect"},"time":1557934627113},{"prop":"Imagine1_Reason","value":{"name":"{{$EFO_TED_E1_LISTQ56|ans2}}","value":"$EFL_efdata.TED.E1.LISTQ56","ontologyKey":"TED_E1_LISTQ56|yes","index":2,"id":"2"},"time":1557934682433},{"prop":"FFocus:1","value":{"Row-2 Col-3":"Could Not cause","Row-3 Col-3":"Could Not cause","Row-4 Col-3":"Could cause"},"time":1557934698163},{"prop":"TEDFeatureFocus","value":["","Could Not cause","Could Not cause","Could cause"],"time":1557934698491},{"prop":"CHG:FFocus:1:Row-2 Col-3","value":"Could Not cause","time":1557934729784},{"prop":"TEDFeatureFocus","value":["","Could Not cause","Could Not cause","Could cause"],"time":1557934729784},{"prop":"CHG:FFocus:1:Row-3 Col-3","value":"Could Not cause","time":1557934733710},{"prop":"TEDFeatureFocus","value":["","Could Not cause","Could Not cause","Could cause"],"time":1557934733710},{"prop":"CHG:FFocus:1:Row-4 Col-3","value":"Could cause","time":1557934735880},{"prop":"TEDFeatureFocus","value":["","Could Not cause","Could Not cause","Could cause"],"time":1557934735880},{"prop":"FFocus:1_CorrExp:","value":{"Row-2 Col-2":"Some","Row-3 Col-2":"Smooth","Row-4 Col-2":"High"},"time":1557934782269},{"prop":"TEDcorrection","value":3,"time":1557934782600},{"prop":"CHG:FFocus:1_CorrExp::Row-2 Col-2","value":"Some","time":1557934788112},{"prop":"TEDcorrection","value":2,"time":1557934788112},{"prop":"CHG:FFocus:1_CorrExp::Row-3 Col-2","value":"Smooth","time":1557934791602},{"prop":"TEDcorrection","value":1,"time":1557934791602},{"prop":"CHG:FFocus:1_CorrExp::Row-4 Col-2","value":"High","time":1557934799988},{"prop":"TEDcorrection","value":0,"time":1557934799988},{"prop":"FFocus:1_Explain:","value":{"name":"{{$EFO_TED_E1_LISTQ9|ans3}}","value":"$EFL_efdata.TED.E1.LISTQ9","ontologyKey":"TED_E1_LISTQ9|yes","index":3,"id":"3"},"time":1557934864817},{"prop":"TEDExptNonTarget","value":[1,3,4],"time":1557934900051},{"prop":"TEDExptConfounds","value":[1],"time":1557934900051},{"prop":"TEDExptDifferent","value":[1,2],"time":1557934900052},{"prop":"TEDExptArea","value":{"ontologyKey":"S_A1","index":1},"time":1557934900052},{"prop":"TEDExptTopic","value":{"ontologyKey":"S_A1_T2","index":2},"time":1557934900052},{"prop":"TEDExptVariable","value":{"ontologyKey":"S_A1_T2_V2","index":2},"time":1557934900052},{"prop":"TEDExptRQ","value":{"ontologyKey":"S_A1_T2_RQ2","index":2},"time":1557934900052},{"prop":"TEDExptVarNC1","value":{"ontologyKey":"S_A1_T2_V1","index":1},"time":1557934900052},{"prop":"TEDExptVarNC2","value":{"ontologyKey":"S_A1_T2_V3","index":3},"time":1557934900052},{"prop":"TEDExptVarNC3","value":{"ontologyKey":"S_A1_T2_V4","index":4},"time":1557934900052},{"prop":"TEDExptPOSTSequence","value":[],"time":1557934900052},{"prop":"TEDExpt1V1","value":{"ontologyKey":"S_A1_T2_V1_A","index":1},"time":1557934900052},{"prop":"TEDExpt2V1","value":{"ontologyKey":"S_A1_T2_V1_A","index":1},"time":1557934900052},{"prop":"TEDExpt1V2","value":{"ontologyKey":"S_A1_T2_V2_A","index":2},"time":1557934900052},{"prop":"TEDExpt2V2","value":{"ontologyKey":"S_A1_T2_V2_A","index":2},"time":1557934900052},{"prop":"TEDExpt1V3","value":{"ontologyKey":"S_A1_T2_V3_A","index":3},"time":1557934900052},{"prop":"TEDExpt2V3","value":{"ontologyKey":"S_A1_T2_V3_A","index":3},"time":1557934900052},{"prop":"TEDExpt1V4","value":{"ontologyKey":"S_A1_T2_V4_A","index":4},"time":1557934900052},{"prop":"TEDExpt2V4","value":{"ontologyKey":"S_A1_T2_V4_A","index":4},"time":1557934900052},{"prop":"TEDExpt2V1","value":{"ontologyKey":"S_A1_T2_V1_B","index":1},"time":1557934900052},{"prop":"TEDExpt2V2","value":{"ontologyKey":"S_A1_T2_V2_B","index":2},"time":1557934900052},{"prop":"TEDExptNC1SameDiff","value":{"ontologyKey":"TED_E1_Q7NC1DIFF","value":"diff","index":1},"time":1557934900052},{"prop":"TEDExptNC1Confound","value":{"ontologyKey":"S_A1_T2_V1","index":1},"time":1557934900052},{"prop":"TEDExptNC2SameDiff","value":{"ontologyKey":"TED_E1_Q7NC2SAME","value":"same","index":3},"time":1557934900052},{"prop":"TEDExptNC3SameDiff","value":{"ontologyKey":"TED_E1_Q7NC3SAME","value":"same","index":4},"time":1557934900052},{"prop":"Expt1_Q1","value":{"name":"{{$EFO_TED_E1_LISTYN|yes}}","ontologyKey":"TED_E1_LISTYN|yes","index":1,"value":false,"id":"incorrect"},"time":1557934972746},{"prop":"Expt2_Q","value":{"name":"{{$EFO_TED_E1_LISTYN|yes}}","ontologyKey":"TED_E1_LISTYN|yes","index":1,"value":false,"id":"incorrect"},"time":1557934972746},{"prop":"Expt2_Reason","value":{"name":"{{$EFO_TED_E1_LISTQ23|ans2}}","value":"$EFL_efdata.TED.E1.LISTQ23","ontologyKey":"TED_E1_LISTQ23|yes","index":2,"id":"2"},"time":1557934983775},{"prop":"Expt1_Q4","value":{"name":"{{$EFO_TED_E1_LISTYN|yes}}","ontologyKey":"TED_E1_LISTYN|yes","index":1,"value":false,"id":"incorrect"},"time":1557935009880},{"prop":"Imagine2","value":{"name":"{{$EFO_TED_E1_LISTYN|yes}}","ontologyKey":"TED_E1_LISTYN|yes","index":1,"value":false,"id":"incorrect"},"time":1557935009880},{"prop":"Expt1_Q4","value":{"name":"{{$EFO_TED_E1_LISTYN|no}}","ontologyKey":"TED_E1_LISTYN|no","index":2,"value":true,"id":"correct"},"time":1557935016566},{"prop":"Imagine2","value":{"name":"{{$EFO_TED_E1_LISTYN|no}}","ontologyKey":"TED_E1_LISTYN|no","index":2,"value":true,"id":"correct"},"time":1557935016566},{"prop":"Imagine2_Reason","value":{"name":"{{$EFO_TED_E1_LISTQ56|ans2}}","value":"$EFL_efdata.TED.E1.LISTQ56","ontologyKey":"TED_E1_LISTQ56|yes","index":2,"id":"2"},"time":1557935047916},{"prop":"FFocus:2","value":{"Row-1 Col-3":"Could cause","Row-3 Col-3":"Could cause","Row-4 Col-3":"Could cause"},"time":1557935061872},{"prop":"TEDFeatureFocus","value":["Could cause","","Could cause","Could cause"],"time":1557935062247},{"prop":"CHG:FFocus:2:Row-1 Col-3","value":"Could cause","time":1557935086991},{"prop":"TEDFeatureFocus","value":["Could cause","","Could cause","Could cause"],"time":1557935086992},{"prop":"CHG:FFocus:2:Row-3 Col-3","value":"Could Not cause","time":1557935091290},{"prop":"TEDFeatureFocus","value":["Could cause","","Could cause","Could cause"],"time":1557935091290},{"prop":"CHG:FFocus:2:Row-4 Col-3","value":"Could Not cause","time":1557935094531},{"prop":"TEDFeatureFocus","value":["Could cause","","Could cause","Could cause"],"time":1557935094531},{"prop":"CHG:FFocus:2:Row-4 Col-3","value":"Could cause","time":1557935097074},{"prop":"TEDFeatureFocus","value":["Could cause","","Could cause","Could cause"],"time":1557935097074},{"prop":"CHG:FFocus:2:Row-3 Col-3","value":"Could cause","time":1557935098779},{"prop":"TEDFeatureFocus","value":["Could cause","","Could cause","Could cause"],"time":1557935098779},{"prop":"FFocus:2_CorrExp:","value":{"Row-1 Col-2":"Sugar"},"time":1557935143173},{"prop":"TEDcorrection","value":1,"time":1557935143535},{"prop":"CHG:FFocus:2_CorrExp::Row-1 Col-2","value":"Sugar","time":1557935155107},{"prop":"TEDcorrection","value":0,"time":1557935155107},{"prop":"FFocus:2_Explain:","value":{"name":"{{$EFO_TED_E1_LISTQ9|ans2}}","value":"$EFL_efdata.TED.E1.LISTQ9","ontologyKey":"TED_E1_LISTQ9|yes","index":2,"id":"2"},"time":1557935184988},{"prop":"TEDExptPOSTTV","value":{"ontologyKey":"S_A1_T2_V4","index":4},"time":1557935237205},{"prop":"POSTQ:1","value":{"Row-4 Col-1":"Low","Row-4 Col-2":"High","Row-3 Col-2":"Smooth","Row-3 Col-1":"Smooth","Row-2 Col-1":"None","Row-2 Col-2":"None","Row-1 Col-2":"Aspartame","Row-1 Col-1":"Aspartame"},"time":1557935237206},{"prop":"CHG:POSTQ:1:Row-4 Col-1","value":"Low","time":1557935247385},{"prop":"CHG:POSTQ:1:Row-4 Col-2","value":"High","time":1557935249152},{"prop":"CHG:POSTQ:1:Row-3 Col-2","value":"Smooth","time":1557935258265},{"prop":"CHG:POSTQ:1:Row-3 Col-1","value":"Smooth","time":1557935259730},{"prop":"CHG:POSTQ:1:Row-2 Col-1","value":"None","time":1557935268364},{"prop":"CHG:POSTQ:1:Row-2 Col-2","value":"None","time":1557935269828},{"prop":"CHG:POSTQ:1:Row-1 Col-2","value":"Aspartame","time":1557935272869},{"prop":"CHG:POSTQ:1:Row-1 Col-1","value":"Aspartame","time":1557935274274},{"prop":"POSTQ:1_Reason:","value":{"name":"{{$EFO_TED_E1_LISTPOST|ans3}}","value":"$EFL_efdata.TED.E1.LISTPOST","ontologyKey":"TED_E1_LISTPOST|yes","index":3,"id":"3"},"time":1557935294201},{"prop":"TEDExptPOSTTV","value":{"ontologyKey":"S_A1_T2_V1","index":1},"time":1557935295593},{"prop":"POSTQ:2","value":{"Row-1 Col-2":"Sugar","Row-1 Col-1":"Aspartame","Row-2 Col-1":"None","Row-2 Col-2":"None","Row-3 Col-2":"Rough","Row-3 Col-1":"Rough","Row-4 Col-1":"Low","Row-4 Col-2":"Low"},"time":1557935295593},{"prop":"CHG:POSTQ:2:Row-1 Col-2","value":"Sugar","time":1557935304263},{"prop":"CHG:POSTQ:2:Row-1 Col-1","value":"Aspartame","time":1557935306915},{"prop":"CHG:POSTQ:2:Row-2 Col-1","value":"None","time":1557935313902},{"prop":"CHG:POSTQ:2:Row-2 Col-1","value":"Some","time":1557935337396},{"prop":"CHG:POSTQ:2:Row-2 Col-1","value":"None","time":1557935341223},{"prop":"CHG:POSTQ:2:Row-2 Col-2","value":"None","time":1557935342646},{"prop":"CHG:POSTQ:2:Row-3 Col-2","value":"Rough","time":1557935344855},{"prop":"CHG:POSTQ:2:Row-3 Col-1","value":"Rough","time":1557935346849},{"prop":"CHG:POSTQ:2:Row-4 Col-1","value":"Low","time":1557935353095},{"prop":"CHG:POSTQ:2:Row-4 Col-2","value":"Low","time":1557935354957},{"prop":"POSTQ:2_Reason:","value":{"name":"{{$EFO_TED_E1_LISTPOST|ans3}}","value":"$EFL_efdata.TED.E1.LISTPOST","ontologyKey":"TED_E1_LISTPOST|yes","index":3,"id":"3"},"time":1557935373432},{"prop":"TEDExptPOSTTV","value":{"ontologyKey":"S_A1_T2_V2","index":2},"time":1557935374408},{"prop":"POSTQ:3","value":{"Row-3 Col-1":"Smooth","Row-2 Col-1":"Some","Row-2 Col-2":"None","Row-3 Col-2":"Smooth","Row-4 Col-1":"Low","Row-4 Col-2":"Low","Row-1 Col-2":"Aspartame","Row-1 Col-1":"Aspartame"},"time":1557935374408},{"prop":"CHG:POSTQ:3:Row-3 Col-1","value":"Rough","time":1557935380078},{"prop":"CHG:POSTQ:3:Row-2 Col-1","value":"Some","time":1557935383676},{"prop":"CHG:POSTQ:3:Row-2 Col-2","value":"None","time":1557935385638},{"prop":"CHG:POSTQ:3:Row-3 Col-2","value":"Smooth","time":1557935390067},{"prop":"CHG:POSTQ:3:Row-3 Col-1","value":"Smooth","time":1557935397784},{"prop":"CHG:POSTQ:3:Row-4 Col-1","value":"Low","time":1557935404525},{"prop":"CHG:POSTQ:3:Row-4 Col-2","value":"Low","time":1557935406158},{"prop":"CHG:POSTQ:3:Row-1 Col-2","value":"Aspartame","time":1557935413344},{"prop":"CHG:POSTQ:3:Row-1 Col-1","value":"Aspartame","time":1557935415045},{"prop":"POSTQ:3_Reason:","value":{"name":"{{$EFO_TED_E1_LISTPOST|ans3}}","value":"$EFL_efdata.TED.E1.LISTPOST","ontologyKey":"TED_E1_LISTPOST|yes","index":3,"id":"3"},"time":1557935425788},{"prop":"TEDExptPOSTTV","value":{"ontologyKey":"S_A1_T2_V3","index":3},"time":1557935426640},{"prop":"POSTQ:4","value":{"Row-3 Col-1":"Rough","Row-3 Col-2":"Smooth","Row-1 Col-1":"Sugar","Row-1 Col-2":"Sugar","Row-2 Col-1":"Some","Row-2 Col-2":"Some","Row-4 Col-2":"High","Row-4 Col-1":"High"},"time":1557935426640},{"prop":"CHG:POSTQ:4:Row-3 Col-1","value":"Rough","time":1557935438068},{"prop":"CHG:POSTQ:4:Row-3 Col-2","value":"Smooth","time":1557935440251},{"prop":"CHG:POSTQ:4:Row-1 Col-1","value":"Sugar","time":1557935443975},{"prop":"CHG:POSTQ:4:Row-1 Col-2","value":"Aspartame","time":1557935446648},{"prop":"CHG:POSTQ:4:Row-2 Col-1","value":"None","time":1557935452000},{"prop":"CHG:POSTQ:4:Row-2 Col-2","value":"Some","time":1557935453903},{"prop":"CHG:POSTQ:4:Row-1 Col-2","value":"Sugar","time":1557935461988},{"prop":"CHG:POSTQ:4:Row-2 Col-1","value":"Some","time":1557935475689},{"prop":"CHG:POSTQ:4:Row-4 Col-2","value":"High","time":1557935479779},{"prop":"CHG:POSTQ:4:Row-4 Col-1","value":"High","time":1557935481234}],"Expt1_Q1":{"name":"{{$EFO_TED_E1_LISTYN|yes}}","ontologyKey":"TED_E1_LISTYN|yes","index":1,"value":false,"id":"incorrect"},"Expt1_Q":{"name":"{{$EFO_TED_E1_LISTYN|no}}","ontologyKey":"TED_E1_LISTYN|no","index":2,"value":true,"id":"correct"},"Expt1_Reason":{"name":"{{$EFO_TED_E1_LISTQ23|ans4}}","value":"$EFL_efdata.TED.E1.LISTQ23","ontologyKey":"TED_E1_LISTQ23|yes","index":4,"id":"4"},"Expt1_Q4":{"name":"{{$EFO_TED_E1_LISTYN|no}}","ontologyKey":"TED_E1_LISTYN|no","index":2,"value":true,"id":"correct"},"Imagine1":{"name":"{{$EFO_TED_E1_LISTYN|yes}}","ontologyKey":"TED_E1_LISTYN|yes","index":1,"value":false,"id":"incorrect"},"Imagine1_Reason":{"name":"{{$EFO_TED_E1_LISTQ56|ans2}}","value":"$EFL_efdata.TED.E1.LISTQ56","ontologyKey":"TED_E1_LISTQ56|yes","index":2,"id":"2"},"FFocus:1":{"Row-2 Col-3":"Could Not cause","Row-3 Col-3":"Could Not cause","Row-4 Col-3":"Could cause"},"TEDFeatureFocus":["Could cause","","Could cause","Could cause"],"CHG:FFocus:1:Row-2 Col-3":"Could Not cause","CHG:FFocus:1:Row-3 Col-3":"Could Not cause","CHG:FFocus:1:Row-4 Col-3":"Could cause","FFocus:1_CorrExp:":{"Row-2 Col-2":"Some","Row-3 Col-2":"Smooth","Row-4 Col-2":"High"},"TEDcorrection":0,"CHG:FFocus:1_CorrExp::Row-2 Col-2":"Some","CHG:FFocus:1_CorrExp::Row-3 Col-2":"Smooth","CHG:FFocus:1_CorrExp::Row-4 Col-2":"High","FFocus:1_Explain:":{"name":"{{$EFO_TED_E1_LISTQ9|ans3}}","value":"$EFL_efdata.TED.E1.LISTQ9","ontologyKey":"TED_E1_LISTQ9|yes","index":3,"id":"3"},"Expt2_Q":{"name":"{{$EFO_TED_E1_LISTYN|yes}}","ontologyKey":"TED_E1_LISTYN|yes","index":1,"value":false,"id":"incorrect"},"Expt2_Reason":{"name":"{{$EFO_TED_E1_LISTQ23|ans2}}","value":"$EFL_efdata.TED.E1.LISTQ23","ontologyKey":"TED_E1_LISTQ23|yes","index":2,"id":"2"},"Imagine2":{"name":"{{$EFO_TED_E1_LISTYN|no}}","ontologyKey":"TED_E1_LISTYN|no","index":2,"value":true,"id":"correct"},"Imagine2_Reason":{"name":"{{$EFO_TED_E1_LISTQ56|ans2}}","value":"$EFL_efdata.TED.E1.LISTQ56","ontologyKey":"TED_E1_LISTQ56|yes","index":2,"id":"2"},"FFocus:2":{"Row-1 Col-3":"Could cause","Row-3 Col-3":"Could cause","Row-4 Col-3":"Could cause"},"CHG:FFocus:2:Row-1 Col-3":"Could cause","CHG:FFocus:2:Row-3 Col-3":"Could cause","CHG:FFocus:2:Row-4 Col-3":"Could cause","FFocus:2_CorrExp:":{"Row-1 Col-2":"Sugar"},"CHG:FFocus:2_CorrExp::Row-1 Col-2":"Sugar","FFocus:2_Explain:":{"name":"{{$EFO_TED_E1_LISTQ9|ans2}}","value":"$EFL_efdata.TED.E1.LISTQ9","ontologyKey":"TED_E1_LISTQ9|yes","index":2,"id":"2"},"TEDExptPOSTTV":{"ontologyKey":"S_A1_T2_V3","index":3},"POSTQ:1":{"Row-4 Col-1":"Low","Row-4 Col-2":"High","Row-3 Col-2":"Smooth","Row-3 Col-1":"Smooth","Row-2 Col-1":"None","Row-2 Col-2":"None","Row-1 Col-2":"Aspartame","Row-1 Col-1":"Aspartame"},"CHG:POSTQ:1:Row-4 Col-1":"Low","CHG:POSTQ:1:Row-4 Col-2":"High","CHG:POSTQ:1:Row-3 Col-2":"Smooth","CHG:POSTQ:1:Row-3 Col-1":"Smooth","CHG:POSTQ:1:Row-2 Col-1":"None","CHG:POSTQ:1:Row-2 Col-2":"None","CHG:POSTQ:1:Row-1 Col-2":"Aspartame","CHG:POSTQ:1:Row-1 Col-1":"Aspartame","POSTQ:1_Reason:":{"name":"{{$EFO_TED_E1_LISTPOST|ans3}}","value":"$EFL_efdata.TED.E1.LISTPOST","ontologyKey":"TED_E1_LISTPOST|yes","index":3,"id":"3"},"POSTQ:2":{"Row-1 Col-2":"Sugar","Row-1 Col-1":"Aspartame","Row-2 Col-1":"None","Row-2 Col-2":"None","Row-3 Col-2":"Rough","Row-3 Col-1":"Rough","Row-4 Col-1":"Low","Row-4 Col-2":"Low"},"CHG:POSTQ:2:Row-1 Col-2":"Sugar","CHG:POSTQ:2:Row-1 Col-1":"Aspartame","CHG:POSTQ:2:Row-2 Col-1":"None","CHG:POSTQ:2:Row-2 Col-2":"None","CHG:POSTQ:2:Row-3 Col-2":"Rough","CHG:POSTQ:2:Row-3 Col-1":"Rough","CHG:POSTQ:2:Row-4 Col-1":"Low","CHG:POSTQ:2:Row-4 Col-2":"Low","POSTQ:2_Reason:":{"name":"{{$EFO_TED_E1_LISTPOST|ans3}}","value":"$EFL_efdata.TED.E1.LISTPOST","ontologyKey":"TED_E1_LISTPOST|yes","index":3,"id":"3"},"POSTQ:3":{"Row-3 Col-1":"Smooth","Row-2 Col-1":"Some","Row-2 Col-2":"None","Row-3 Col-2":"Smooth","Row-4 Col-1":"Low","Row-4 Col-2":"Low","Row-1 Col-2":"Aspartame","Row-1 Col-1":"Aspartame"},"CHG:POSTQ:3:Row-3 Col-1":"Smooth","CHG:POSTQ:3:Row-2 Col-1":"Some","CHG:POSTQ:3:Row-2 Col-2":"None","CHG:POSTQ:3:Row-3 Col-2":"Smooth","CHG:POSTQ:3:Row-4 Col-1":"Low","CHG:POSTQ:3:Row-4 Col-2":"Low","CHG:POSTQ:3:Row-1 Col-2":"Aspartame","CHG:POSTQ:3:Row-1 Col-1":"Aspartame","POSTQ:3_Reason:":{"name":"{{$EFO_TED_E1_LISTPOST|ans3}}","value":"$EFL_efdata.TED.E1.LISTPOST","ontologyKey":"TED_E1_LISTPOST|yes","index":3,"id":"3"},"POSTQ:4":{"Row-3 Col-1":"Rough","Row-3 Col-2":"Smooth","Row-1 Col-1":"Sugar","Row-1 Col-2":"Sugar","Row-2 Col-1":"Some","Row-2 Col-2":"Some","Row-4 Col-2":"High","Row-4 Col-1":"High"},"CHG:POSTQ:4:Row-3 Col-1":"Rough","CHG:POSTQ:4:Row-3 Col-2":"Smooth","CHG:POSTQ:4:Row-1 Col-1":"Sugar","CHG:POSTQ:4:Row-1 Col-2":"Sugar","CHG:POSTQ:4:Row-2 Col-1":"Some","CHG:POSTQ:4:Row-2 Col-2":"Some","CHG:POSTQ:4:Row-4 Col-2":"High","CHG:POSTQ:4:Row-4 Col-1":"High"},"tutor":{"experimentalGroup":{"ontologyKey":"EG_A2"},"$seq":[{"prop":"experimentalGroup.ontologyKey","value":"EG_A2","time":1557934455480}]}}