{"scene":{"SNavigator":{},"SIntro":{"complete":false,"$seq":[{"prop":"complete","value":false,"time":1556124950953}]},"SScene1":{"complete":true,"$seq":[{"prop":"complete","value":false,"time":1556124965849},{"prop":"Sg1","value":"true","time":1556124976579},{"prop":"DR1:Sg1","value":"ans1","time":1556124976579},{"prop":"complete","value":true,"time":1556124976580},{"prop":"Sg1","value":"true","time":1556124976582},{"prop":"complete","value":true,"time":1556124976582}],"Sg1":"true","DR1:Sg1":"ans1"},"SScene2":{"complete":false,"$seq":[{"prop":"complete","value":false,"time":1556124995060}]}},"module":{},"tutor":{}}