{"scene":{"SNavigator":{},"SScene1":{"rowsComplete":4,"$seq":[{"prop":"rowsComplete","value":0,"time":1542221987980},{"prop":"complete","value":false,"time":1542221988271},{"prop":"currentRow","value":2,"time":1542222011932},{"prop":"correct","value":true,"time":1542222011932},{"prop":"correct","value":false,"time":1542222011957},{"prop":"correct","value":false,"time":1542222017417},{"prop":"correct","value":false,"time":1542222017419},{"prop":"TVSel.col1","value":2,"time":1542222026732},{"prop":"TVSel.col2","value":1,"time":1542222028992},{"prop":"correct","value":true,"time":1542222028992},{"prop":"correct","value":false,"time":1542222029039},{"prop":"rowsComplete","value":1,"time":1542222029042},{"prop":"currentRow","value":0,"time":1542222038825},{"prop":"currentRow","value":1,"time":1542222038825},{"prop":"correct","value":false,"time":1542222038825},{"prop":"VSel.col1","value":null,"time":1542222038826},{"prop":"VSel.col2","value":null,"time":1542222038826},{"prop":"correct","value":false,"time":1542222038827},{"prop":"VSel.col1","value":1,"time":1542222058271},{"prop":"VSel.col2","value":2,"time":1542222060336},{"prop":"correct","value":false,"time":1542222060336},{"prop":"correct","value":false,"time":1542222060391},{"prop":"VSel.col2","value":1,"time":1542222062591},{"prop":"correct","value":true,"time":1542222062591},{"prop":"correct","value":false,"time":1542222062629},{"prop":"rowsComplete","value":2,"time":1542222062632},{"prop":"currentRow","value":3,"time":1542222068377},{"prop":"correct","value":false,"time":1542222068378},{"prop":"VSel.col1","value":null,"time":1542222068378},{"prop":"VSel.col2","value":null,"time":1542222068378},{"prop":"correct","value":false,"time":1542222068379},{"prop":"VSel.col1","value":1,"time":1542222073877},{"prop":"VSel.col2","value":1,"time":1542222075445},{"prop":"correct","value":true,"time":1542222075445},{"prop":"correct","value":false,"time":1542222075478},{"prop":"rowsComplete","value":3,"time":1542222075480},{"prop":"currentRow","value":4,"time":1542222081159},{"prop":"correct","value":false,"time":1542222081159},{"prop":"VSel.col1","value":null,"time":1542222081160},{"prop":"VSel.col2","value":null,"time":1542222081160},{"prop":"correct","value":false,"time":1542222081161},{"prop":"VSel.col1","value":1,"time":1542222086072},{"prop":"VSel.col2","value":1,"time":1542222088351},{"prop":"correct","value":true,"time":1542222088351},{"prop":"correct","value":false,"time":1542222088388},{"prop":"rowsComplete","value":4,"time":1542222088391},{"prop":"currentRow","value":5,"time":1542222094037},{"prop":"complete","value":true,"time":1542222094037},{"prop":"correct","value":false,"time":1542222094038}],"complete":true,"currentRow":5,"correct":false,"TVSel":{"col1":2,"col2":1},"VSel":{"col1":1,"col2":1}},"SScene2":{"complete":true,"$seq":[{"prop":"complete","value":false,"time":1542222097355},{"prop":"complete","value":true,"time":1542222121140},{"prop":"correct","value":false,"time":1542222123692}],"correct":false},"SScene3":{"complete":true,"$seq":[{"prop":"complete","value":false,"time":1542222123801},{"prop":"complete","value":true,"time":1542222130786}]},"SScene4":{"complete":true,"$seq":[{"prop":"complete","value":false,"time":1542222132784},{"prop":"complete","value":true,"time":1542222144767}]},"SScene5":{"complete":true,"$seq":[{"prop":"complete","value":false,"time":1542222146101},{"prop":"complete","value":true,"time":1542222151935}]},"SScene6":{"complete":true,"$seq":[{"prop":"complete","value":false,"time":1542222152982},{"prop":"complete","value":true,"time":1542222164511}]},"SScene7":{"complete":true,"$seq":[{"prop":"complete","value":false,"time":1542222673680},{"prop":"complete","value":true,"time":1542222685547}]},"SScene8":{"complete":true,"$seq":[{"prop":"complete","value":false,"time":1542222692223},{"prop":"complete","value":true,"time":1542222751042}]},"SScene9":{"complete":false,"$seq":[{"prop":"complete","value":false,"time":1542222752449},{"prop":"complete","value":true,"time":1542222756188},{"prop":"complete","value":false,"time":1542222758037}]},"SScene11":{"complete":true,"$seq":[{"prop":"complete","value":false,"time":1542222262236},{"prop":"complete","value":true,"time":1542222292233}]},"SScene12":{"complete":true,"$seq":[{"prop":"complete","value":false,"time":1542222799939},{"prop":"complete","value":true,"time":1542222809777}]},"SScene12A":{"complete":false,"$seq":[{"prop":"complete","value":false,"time":1542222812735},{"prop":"complete","value":true,"time":1542222869716},{"prop":"complete","value":false,"time":1542222871737},{"prop":"complete","value":false,"time":1542222874470},{"prop":"complete","value":false,"time":1542222875746},{"prop":"complete","value":false,"time":1542222879834},{"prop":"complete","value":false,"time":1542222881093},{"prop":"complete","value":false,"time":1542222882440},{"prop":"complete","value":false,"time":1542222883886}]},"SScene14":{"complete":false,"$seq":[{"prop":"complete","value":true,"time":1542222901842},{"prop":"complete","value":false,"time":1542222903098},{"prop":"complete","value":false,"time":1542222913936}]},"SScene15":{"complete":true,"$seq":[{"prop":"complete","value":false,"time":1542222913957},{"prop":"complete","value":false,"time":1542222981186},{"prop":"complete","value":false,"time":1542222993373},{"prop":"complete","value":true,"time":1542222997253},{"prop":"complete","value":false,"time":1542222999004},{"prop":"complete","value":false,"time":1542223000123},{"prop":"complete","value":false,"time":1542223001370},{"prop":"complete","value":true,"time":1542223053640}]},"SScene16":{"complete":true,"$seq":[{"prop":"complete","value":false,"time":1542223062276},{"prop":"complete","value":true,"time":1542223089945}]},"SScene17":{"complete":true,"$seq":[{"prop":"complete","value":false,"time":1542223093824},{"prop":"complete","value":true,"time":1542223104037},{"prop":"complete","value":false,"time":1542223105173},{"prop":"complete","value":false,"time":1542223111277},{"prop":"complete","value":false,"time":1542223112440},{"prop":"complete","value":false,"time":1542223115953},{"prop":"complete","value":false,"time":1542223119494},{"prop":"complete","value":false,"time":1542223121592},{"prop":"complete","value":false,"time":1542223122751},{"prop":"complete","value":false,"time":1542223126598},{"prop":"complete","value":false,"time":1542223130133},{"prop":"complete","value":false,"time":1542223131583},{"prop":"complete","value":false,"time":1542223132781},{"prop":"complete","value":false,"time":1542223137975},{"prop":"complete","value":false,"time":1542223139165},{"prop":"complete","value":true,"time":1542223141268}]},"SScene10":{"complete":true,"$seq":[{"prop":"complete","value":false,"time":1542222761706},{"prop":"complete","value":true,"time":1542222798454}]},"SScene18":{"complete":true,"$seq":[{"prop":"complete","value":false,"time":1542223154858},{"prop":"complete","value":true,"time":1542223160806}]},"SScene19":{"complete":false,"$seq":[{"prop":"complete","value":false,"time":1542223172529}]}},"module":{"EFMod_TEDInstr":{"selectedArea":{"index":4,"ontologyKey":"STBL_A1|name"},"$seq":[{"prop":"selectedArea.index","value":4,"time":1542221987847},{"prop":"selectedArea.ontologyKey","value":"STBL_A1|name","time":1542221987847},{"prop":"selectedTopic.index","value":1,"time":1542221987848},{"prop":"selectedTopic.ontologyKey","value":"STBL_A1_T1|name","time":1542221987848},{"prop":"selectedVariable.index","value":2,"time":1542221987848},{"prop":"selectedVariable.ontologyKey","value":"STBL_A1_T1_V2|name","time":1542221987848},{"prop":"TEDExptNonTarget","value":[1,2,4],"time":1542221987953},{"prop":"TEDExptConfounds","value":[4,1,2],"time":1542221987953},{"prop":"TEDExptDifferent","value":[4,1,2,3],"time":1542221987954},{"prop":"TEDExptArea","value":{"ontologyKey":"STBL_A4","index":4},"time":1542221987954},{"prop":"TEDExptTopic","value":{"ontologyKey":"STBL_A4_T1","index":1},"time":1542221987954},{"prop":"TEDExptVariable","value":{"ontologyKey":"STBL_A4_T1_V3","index":3},"time":1542221987954},{"prop":"TEDExptRQ","value":{"ontologyKey":"S_A4_T1_RQ3","index":3},"time":1542221987954},{"prop":"TEDExptVarNC1","value":{"ontologyKey":"STBL_A4_T1_V1","index":1},"time":1542221987954},{"prop":"TEDExptVarNC2","value":{"ontologyKey":"STBL_A4_T1_V2","index":2},"time":1542221987954},{"prop":"TEDExptVarNC3","value":{"ontologyKey":"STBL_A4_T1_V4","index":4},"time":1542221987954},{"prop":"TEDExptPOSTSequence","value":[{"ontologyKey":"STBL_A4_T1_V2","index":2},{"ontologyKey":"STBL_A4_T1_V3","index":3},{"ontologyKey":"STBL_A4_T1_V4","index":4},{"ontologyKey":"STBL_A4_T1_V1","index":1}],"time":1542221987954},{"prop":"TEDExpt1V1","value":{"ontologyKey":"S_A4_T1_V1_A","index":1},"time":1542221987954},{"prop":"TEDExpt2V1","value":{"ontologyKey":"S_A4_T1_V1_A","index":1},"time":1542221987954},{"prop":"TEDExpt1V2","value":{"ontologyKey":"S_A4_T1_V2_A","index":2},"time":1542221987954},{"prop":"TEDExpt2V2","value":{"ontologyKey":"S_A4_T1_V2_A","index":2},"time":1542221987954},{"prop":"TEDExpt1V3","value":{"ontologyKey":"S_A4_T1_V3_A","index":3},"time":1542221987954},{"prop":"TEDExpt2V3","value":{"ontologyKey":"S_A4_T1_V3_A","index":3},"time":1542221987954},{"prop":"TEDExpt1V4","value":{"ontologyKey":"S_A4_T1_V4_A","index":4},"time":1542221987954},{"prop":"TEDExpt2V4","value":{"ontologyKey":"S_A4_T1_V4_A","index":4},"time":1542221987954},{"prop":"TEDExpt2V4","value":{"ontologyKey":"S_A4_T1_V4_B","index":4},"time":1542221987954},{"prop":"TEDExpt2V1","value":{"ontologyKey":"S_A4_T1_V1_B","index":1},"time":1542221987954},{"prop":"TEDExpt2V2","value":{"ontologyKey":"S_A4_T1_V2_B","index":2},"time":1542221987954},{"prop":"TEDExpt2V3","value":{"ontologyKey":"S_A4_T1_V3_B","index":3},"time":1542221987954},{"prop":"TEDExptNC1SameDiff","value":{"ontologyKey":"TED_E1_Q7NC1DIFF","value":"diff","index":1},"time":1542221987954},{"prop":"TEDExptNC1Confound","value":{"ontologyKey":"STBL_A4_T1_V1","index":1},"time":1542221987954},{"prop":"TEDExptNC2SameDiff","value":{"ontologyKey":"TED_E1_Q7NC2DIFF","value":"diff","index":2},"time":1542221987955},{"prop":"TEDExptNC2Confound","value":{"ontologyKey":"STBL_A4_T1_V2","index":2},"time":1542221987955},{"prop":"TEDExptNC3SameDiff","value":{"ontologyKey":"TED_E1_Q7NC3DIFF","value":"diff","index":4},"time":1542221987955},{"prop":"TEDExptNC3Confound","value":{"ontologyKey":"STBL_A4_T1_V4","index":4},"time":1542221987955},{"prop":"TEDExptNonTarget","value":[1,2,4],"time":1542221988272},{"prop":"TEDExptConfounds","value":[4,1,2],"time":1542221988272},{"prop":"TEDExptDifferent","value":[4,1,2,3],"time":1542221988272},{"prop":"TEDExptArea","value":{"ontologyKey":"STBL_A4","index":4},"time":1542221988272},{"prop":"TEDExptTopic","value":{"ontologyKey":"STBL_A4_T1","index":1},"time":1542221988272},{"prop":"TEDExptVariable","value":{"ontologyKey":"STBL_A4_T1_V3","index":3},"time":1542221988272},{"prop":"TEDExptRQ","value":{"ontologyKey":"S_A4_T1_RQ3","index":3},"time":1542221988272},{"prop":"TEDExptVarNC1","value":{"ontologyKey":"STBL_A4_T1_V1","index":1},"time":1542221988272},{"prop":"TEDExptVarNC2","value":{"ontologyKey":"STBL_A4_T1_V2","index":2},"time":1542221988272},{"prop":"TEDExptVarNC3","value":{"ontologyKey":"STBL_A4_T1_V4","index":4},"time":1542221988272},{"prop":"TEDExptPOSTSequence","value":[{"ontologyKey":"STBL_A4_T1_V2","index":2},{"ontologyKey":"STBL_A4_T1_V3","index":3},{"ontologyKey":"STBL_A4_T1_V4","index":4},{"ontologyKey":"STBL_A4_T1_V1","index":1}],"time":1542221988272},{"prop":"TEDExpt1V1","value":{"ontologyKey":"S_A4_T1_V1_A","index":1},"time":1542221988272},{"prop":"TEDExpt2V1","value":{"ontologyKey":"S_A4_T1_V1_A","index":1},"time":1542221988272},{"prop":"TEDExpt1V2","value":{"ontologyKey":"S_A4_T1_V2_A","index":2},"time":1542221988272},{"prop":"TEDExpt2V2","value":{"ontologyKey":"S_A4_T1_V2_A","index":2},"time":1542221988272},{"prop":"TEDExpt1V3","value":{"ontologyKey":"S_A4_T1_V3_A","index":3},"time":1542221988272},{"prop":"TEDExpt2V3","value":{"ontologyKey":"S_A4_T1_V3_A","index":3},"time":1542221988272},{"prop":"TEDExpt1V4","value":{"ontologyKey":"S_A4_T1_V4_A","index":4},"time":1542221988272},{"prop":"TEDExpt2V4","value":{"ontologyKey":"S_A4_T1_V4_A","index":4},"time":1542221988272},{"prop":"TEDExpt2V4","value":{"ontologyKey":"S_A4_T1_V4_B","index":4},"time":1542221988272},{"prop":"TEDExpt2V1","value":{"ontologyKey":"S_A4_T1_V1_B","index":1},"time":1542221988272},{"prop":"TEDExpt2V2","value":{"ontologyKey":"S_A4_T1_V2_B","index":2},"time":1542221988272},{"prop":"TEDExpt2V3","value":{"ontologyKey":"S_A4_T1_V3_B","index":3},"time":1542221988272},{"prop":"TEDExptNC1SameDiff","value":{"ontologyKey":"TED_E1_Q7NC1DIFF","value":"diff","index":1},"time":1542221988272},{"prop":"TEDExptNC1Confound","value":{"ontologyKey":"STBL_A4_T1_V1","index":1},"time":1542221988273},{"prop":"TEDExptNC2SameDiff","value":{"ontologyKey":"TED_E1_Q7NC2DIFF","value":"diff","index":2},"time":1542221988273},{"prop":"TEDExptNC2Confound","value":{"ontologyKey":"STBL_A4_T1_V2","index":2},"time":1542221988273},{"prop":"TEDExptNC3SameDiff","value":{"ontologyKey":"TED_E1_Q7NC3DIFF","value":"diff","index":4},"time":1542221988273},{"prop":"TEDExptNC3Confound","value":{"ontologyKey":"STBL_A4_T1_V4","index":4},"time":1542221988273},{"prop":"differentRow","value":2,"time":1542222029042},{"prop":"independentVarN","value":{"row":1,"col":0,"ontologyKey":"STBL_A1_T1_V1|name","isText":true,"selectedValue":"Water Temperature","cell":{}},"time":1542222038825},{"prop":"sameRow1","value":1,"time":1542222062632},{"prop":"independentVarN","value":{"row":3,"col":0,"ontologyKey":"STBL_A1_T1_V3|name","isText":true,"selectedValue":"Initial Amount of Crystals on String","cell":{}},"time":1542222068377},{"prop":"sameRow2","value":3,"time":1542222075480},{"prop":"independentVarN","value":{"row":4,"col":0,"ontologyKey":"STBL_A1_T1_V4|name","isText":true,"selectedValue":"Type of String","cell":{}},"time":1542222081159},{"prop":"sameRow3","value":4,"time":1542222088391},{"prop":"independentVarN","time":1542222094037},{"prop":"Expt1_Q1","value":{"name":"{{$EFO_TED_E1_LISTYN|yes}}","ontologyKey":"TED_E1_LISTYN|yes","index":1,"value":false,"id":"incorrect"},"time":1542222256625},{"prop":"Expt1_Q3_WRONG","value":{"name":"{{$EFO_TED_E1_LISTQ23|ans2}}","value":"$EFL_efdata.TED.E1.LISTQ23","ontologyKey":"TED_E1_LISTQ23|yes","index":2,"id":"2"},"time":1542222292232},{"prop":"Expt1_Q4","value":{"name":"{{$EFO_TED_E1_LISTYN|yes}}","ontologyKey":"TED_E1_LISTYN|yes","index":1,"value":false,"id":"incorrect"},"time":1542222327531},{"prop":"Expt1_Q4B_WRONG","value":{"name":"{{$EFO_TED_E1_LISTQ56|ans2}}","value":"$EFL_efdata.TED.E1.LISTQ56","ontologyKey":"TED_E1_LISTQ56|yes","index":2,"id":"2"},"time":1542222366928},{"prop":"TEDFeatureFocus","value":["Could cause","Could Not cause","","Could Not cause"],"time":1542222379598},{"prop":"TEDFeatureFocus","value":["Could cause","Could Not cause","","Could Not cause"],"time":1542222416086},{"prop":"TEDFeatureFocus","value":["Could cause","Could Not cause","","Could Not cause"],"time":1542222420925},{"prop":"TEDFeatureFocus","value":["Could cause","Could Not cause","","Could Not cause"],"time":1542222434265},{"prop":"TEDcorrection","value":3,"time":1542222501530},{"prop":"TEDcorrection","value":2,"time":1542222520074},{"prop":"TEDcorrection","value":1,"time":1542222529884},{"prop":"TEDcorrection","value":0,"time":1542222598156},{"prop":"TEDExptNonTarget","value":[1,2,3],"time":1542222673679},{"prop":"TEDExptConfounds","value":[3],"time":1542222673679},{"prop":"TEDExptDifferent","value":[3,4],"time":1542222673679},{"prop":"TEDExptArea","value":{"ontologyKey":"STBL_A4","index":4},"time":1542222673679},{"prop":"TEDExptTopic","value":{"ontologyKey":"STBL_A4_T1","index":1},"time":1542222673679},{"prop":"TEDExptVariable","value":{"ontologyKey":"STBL_A4_T1_V4","index":4},"time":1542222673679},{"prop":"TEDExptRQ","value":{"ontologyKey":"S_A4_T1_RQ4","index":4},"time":1542222673679},{"prop":"TEDExptVarNC1","value":{"ontologyKey":"STBL_A4_T1_V1","index":1},"time":1542222673679},{"prop":"TEDExptVarNC2","value":{"ontologyKey":"STBL_A4_T1_V2","index":2},"time":1542222673679},{"prop":"TEDExptVarNC3","value":{"ontologyKey":"STBL_A4_T1_V3","index":3},"time":1542222673679},{"prop":"TEDExptPOSTSequence","value":[{"ontologyKey":"STBL_A4_T1_V3","index":3},{"ontologyKey":"STBL_A4_T1_V4","index":4},{"ontologyKey":"STBL_A4_T1_V1","index":1}],"time":1542222673679},{"prop":"TEDExpt1V1","value":{"ontologyKey":"S_A4_T1_V1_A","index":1},"time":1542222673679},{"prop":"TEDExpt2V1","value":{"ontologyKey":"S_A4_T1_V1_A","index":1},"time":1542222673679},{"prop":"TEDExpt1V2","value":{"ontologyKey":"S_A4_T1_V2_A","index":2},"time":1542222673679},{"prop":"TEDExpt2V2","value":{"ontologyKey":"S_A4_T1_V2_A","index":2},"time":1542222673679},{"prop":"TEDExpt1V3","value":{"ontologyKey":"S_A4_T1_V3_A","index":3},"time":1542222673679},{"prop":"TEDExpt2V3","value":{"ontologyKey":"S_A4_T1_V3_A","index":3},"time":1542222673680},{"prop":"TEDExpt1V4","value":{"ontologyKey":"S_A4_T1_V4_A","index":4},"time":1542222673680},{"prop":"TEDExpt2V4","value":{"ontologyKey":"S_A4_T1_V4_A","index":4},"time":1542222673680},{"prop":"TEDExpt2V3","value":{"ontologyKey":"S_A4_T1_V3_B","index":3},"time":1542222673680},{"prop":"TEDExpt2V4","value":{"ontologyKey":"S_A4_T1_V4_B","index":4},"time":1542222673680},{"prop":"TEDExptNC1SameDiff","value":{"ontologyKey":"TED_E1_Q7NC1SAME","value":"same","index":1},"time":1542222673680},{"prop":"TEDExptNC2SameDiff","value":{"ontologyKey":"TED_E1_Q7NC2SAME","value":"same","index":2},"time":1542222673680},{"prop":"TEDExptNC3SameDiff","value":{"ontologyKey":"TED_E1_Q7NC3DIFF","value":"diff","index":3},"time":1542222673680},{"prop":"TEDExptNC1Confound","value":{"ontologyKey":"STBL_A4_T1_V3","index":3},"time":1542222673680},{"prop":"Expt1_Q1","value":{"name":"{{$EFO_TED_E1_LISTYN|no}}","ontologyKey":"TED_E1_LISTYN|no","index":2,"value":true,"id":"correct"},"time":1542222756188},{"prop":"Expt1_Q2_RIGHT","value":{"name":"{{$EFO_TED_E1_LISTQ23|ans5}}","value":"$EFL_efdata.TED.E1.LISTQ23","ontologyKey":"TED_E1_LISTQ23|yes","index":5,"id":"5"},"time":1542222798454},{"prop":"Expt1_Q4","value":{"name":"{{$EFO_TED_E1_LISTYN|yes}}","ontologyKey":"TED_E1_LISTYN|yes","index":1,"value":false,"id":"incorrect"},"time":1542222869716},{"prop":"Expt1_Q4B_WRONG","value":{"name":"{{$EFO_TED_E1_LISTQ56|ans6}}","value":"$EFL_efdata.TED.E1.LISTQ56","ontologyKey":"TED_E1_LISTQ56|yes","index":6,"id":"6"},"time":1542222901842},{"prop":"TEDFeatureFocus","value":["Could cause","Could cause","Could cause",""],"time":1542222914244},{"prop":"TEDFeatureFocus","value":["Could cause","Could cause","Could cause",""],"time":1542222981186},{"prop":"TEDFeatureFocus","value":["Could cause","Could cause","Could cause",""],"time":1542222993373},{"prop":"TEDFeatureFocus","value":["Could cause","Could cause","Could cause",""],"time":1542222997253},{"prop":"TEDcorrection","value":1,"time":1542223062599},{"prop":"TEDcorrection","value":0,"time":1542223089945},{"prop":"TEDExptPOSTTV","value":{"ontologyKey":"STBL_A4_T1_V2","index":2},"time":1542223172512}],"selectedTopic":{"index":1,"ontologyKey":"STBL_A1_T1|name"},"selectedVariable":{"index":2,"ontologyKey":"STBL_A1_T1_V2|name"},"TEDExptNonTarget":[1,2,3],"TEDExptConfounds":[3],"TEDExptDifferent":[3,4],"TEDExptArea":{"ontologyKey":"STBL_A4","index":4},"TEDExptTopic":{"ontologyKey":"STBL_A4_T1","index":1},"TEDExptVariable":{"ontologyKey":"STBL_A4_T1_V4","index":4},"TEDExptRQ":{"ontologyKey":"S_A4_T1_RQ4","index":4},"TEDExptVarNC1":{"ontologyKey":"STBL_A4_T1_V1","index":1},"TEDExptVarNC2":{"ontologyKey":"STBL_A4_T1_V2","index":2},"TEDExptVarNC3":{"ontologyKey":"STBL_A4_T1_V3","index":3},"TEDExptPOSTSequence":[{"ontologyKey":"STBL_A4_T1_V3","index":3},{"ontologyKey":"STBL_A4_T1_V4","index":4},{"ontologyKey":"STBL_A4_T1_V1","index":1}],"TEDExpt1V1":{"ontologyKey":"S_A4_T1_V1_A","index":1},"TEDExpt2V1":{"ontologyKey":"S_A4_T1_V1_A","index":1},"TEDExpt1V2":{"ontologyKey":"S_A4_T1_V2_A","index":2},"TEDExpt2V2":{"ontologyKey":"S_A4_T1_V2_A","index":2},"TEDExpt1V3":{"ontologyKey":"S_A4_T1_V3_A","index":3},"TEDExpt2V3":{"ontologyKey":"S_A4_T1_V3_B","index":3},"TEDExpt1V4":{"ontologyKey":"S_A4_T1_V4_A","index":4},"TEDExpt2V4":{"ontologyKey":"S_A4_T1_V4_B","index":4},"TEDExptNC1SameDiff":{"ontologyKey":"TED_E1_Q7NC1SAME","value":"same","index":1},"TEDExptNC1Confound":{"ontologyKey":"STBL_A4_T1_V3","index":3},"TEDExptNC2SameDiff":{"ontologyKey":"TED_E1_Q7NC2SAME","value":"same","index":2},"TEDExptNC2Confound":{"ontologyKey":"STBL_A4_T1_V2","index":2},"TEDExptNC3SameDiff":{"ontologyKey":"TED_E1_Q7NC3DIFF","value":"diff","index":3},"TEDExptNC3Confound":{"ontologyKey":"STBL_A4_T1_V4","index":4},"differentRow":2,"sameRow1":1,"sameRow2":3,"sameRow3":4,"Expt1_Q1":{"name":"{{$EFO_TED_E1_LISTYN|no}}","ontologyKey":"TED_E1_LISTYN|no","index":2,"value":true,"id":"correct"},"Expt1_Q3_WRONG":{"name":"{{$EFO_TED_E1_LISTQ23|ans2}}","value":"$EFL_efdata.TED.E1.LISTQ23","ontologyKey":"TED_E1_LISTQ23|yes","index":2,"id":"2"},"Expt1_Q4":{"name":"{{$EFO_TED_E1_LISTYN|yes}}","ontologyKey":"TED_E1_LISTYN|yes","index":1,"value":false,"id":"incorrect"},"Expt1_Q4B_WRONG":{"name":"{{$EFO_TED_E1_LISTQ56|ans6}}","value":"$EFL_efdata.TED.E1.LISTQ56","ontologyKey":"TED_E1_LISTQ56|yes","index":6,"id":"6"},"TEDFeatureFocus":["Could cause","Could cause","Could cause",""],"TEDcorrection":0,"Expt1_Q2_RIGHT":{"name":"{{$EFO_TED_E1_LISTQ23|ans5}}","value":"$EFL_efdata.TED.E1.LISTQ23","ontologyKey":"TED_E1_LISTQ23|yes","index":5,"id":"5"},"TEDExptPOSTTV":{"ontologyKey":"STBL_A4_T1_V2","index":2}}},"tutor":{"experimentalGroup":{"ontologyKey":"EG_A1"},"$seq":[{"prop":"experimentalGroup.ontologyKey","value":"EG_A1","time":1542221987847}]}}