{"scene":{"SNavigator":{},"SScene1":{"rowsComplete":4,"$seq":[{"prop":"rowsComplete","value":0,"time":1542221987980},{"prop":"complete","value":false,"time":1542221988271},{"prop":"currentRow","value":2,"time":1542222011932},{"prop":"correct","value":true,"time":1542222011932},{"prop":"correct","value":false,"time":1542222011957},{"prop":"correct","value":false,"time":1542222017417},{"prop":"correct","value":false,"time":1542222017419},{"prop":"TVSel.col1","value":2,"time":1542222026732},{"prop":"TVSel.col2","value":1,"time":1542222028992},{"prop":"correct","value":true,"time":1542222028992},{"prop":"correct","value":false,"time":1542222029039},{"prop":"rowsComplete","value":1,"time":1542222029042},{"prop":"currentRow","value":0,"time":1542222038825},{"prop":"currentRow","value":1,"time":1542222038825},{"prop":"correct","value":false,"time":1542222038825},{"prop":"VSel.col1","value":null,"time":1542222038826},{"prop":"VSel.col2","value":null,"time":1542222038826},{"prop":"correct","value":false,"time":1542222038827},{"prop":"VSel.col1","value":1,"time":1542222058271},{"prop":"VSel.col2","value":2,"time":1542222060336},{"prop":"correct","value":false,"time":1542222060336},{"prop":"correct","value":false,"time":1542222060391},{"prop":"VSel.col2","value":1,"time":1542222062591},{"prop":"correct","value":true,"time":1542222062591},{"prop":"correct","value":false,"time":1542222062629},{"prop":"rowsComplete","value":2,"time":1542222062632},{"prop":"currentRow","value":3,"time":1542222068377},{"prop":"correct","value":false,"time":1542222068378},{"prop":"VSel.col1","value":null,"time":1542222068378},{"prop":"VSel.col2","value":null,"time":1542222068378},{"prop":"correct","value":false,"time":1542222068379},{"prop":"VSel.col1","value":1,"time":1542222073877},{"prop":"VSel.col2","value":1,"time":1542222075445},{"prop":"correct","value":true,"time":1542222075445},{"prop":"correct","value":false,"time":1542222075478},{"prop":"rowsComplete","value":3,"time":1542222075480},{"prop":"currentRow","value":4,"time":1542222081159},{"prop":"correct","value":false,"time":1542222081159},{"prop":"VSel.col1","value":null,"time":1542222081160},{"prop":"VSel.col2","value":null,"time":1542222081160},{"prop":"correct","value":false,"time":1542222081161},{"prop":"VSel.col1","value":1,"time":1542222086072},{"prop":"VSel.col2","value":1,"time":1542222088351},{"prop":"correct","value":true,"time":1542222088351},{"prop":"correct","value":false,"time":1542222088388},{"prop":"rowsComplete","value":4,"time":1542222088391},{"prop":"currentRow","value":5,"time":1542222094037},{"prop":"complete","value":true,"time":1542222094037},{"prop":"correct","value":false,"time":1542222094038}],"complete":true,"currentRow":5,"correct":false,"TVSel":{"col1":2,"col2":1},"VSel":{"col1":1,"col2":1}},"SScene2":{"complete":true,"$seq":[{"prop":"complete","value":false,"time":1542222097355},{"prop":"complete","value":true,"time":1542222121140},{"prop":"correct","value":false,"time":1542222123692}],"correct":false},"SScene3":{"complete":true,"$seq":[{"prop":"complete","value":false,"time":1542222123801},{"prop":"complete","value":true,"time":1542222130786}]},"SScene4":{"complete":true,"$seq":[{"prop":"complete","value":false,"time":1542222132784},{"prop":"complete","value":true,"time":1542222144767}]},"SScene5":{"complete":false,"$seq":[{"prop":"complete","value":false,"time":1542222146101}]}},"module":{"EFMod_TEDInstr":{"selectedArea":{"index":4,"ontologyKey":"STBL_A1|name"},"$seq":[{"prop":"selectedArea.index","value":4,"time":1542221987847},{"prop":"selectedArea.ontologyKey","value":"STBL_A1|name","time":1542221987847},{"prop":"selectedTopic.index","value":1,"time":1542221987848},{"prop":"selectedTopic.ontologyKey","value":"STBL_A1_T1|name","time":1542221987848},{"prop":"selectedVariable.index","value":2,"time":1542221987848},{"prop":"selectedVariable.ontologyKey","value":"STBL_A1_T1_V2|name","time":1542221987848},{"prop":"TEDExptNonTarget","value":[1,2,4],"time":1542221987953},{"prop":"TEDExptConfounds","value":[4,1,2],"time":1542221987953},{"prop":"TEDExptDifferent","value":[4,1,2,3],"time":1542221987954},{"prop":"TEDExptArea","value":{"ontologyKey":"STBL_A4","index":4},"time":1542221987954},{"prop":"TEDExptTopic","value":{"ontologyKey":"STBL_A4_T1","index":1},"time":1542221987954},{"prop":"TEDExptVariable","value":{"ontologyKey":"STBL_A4_T1_V3","index":3},"time":1542221987954},{"prop":"TEDExptRQ","value":{"ontologyKey":"S_A4_T1_RQ3","index":3},"time":1542221987954},{"prop":"TEDExptVarNC1","value":{"ontologyKey":"STBL_A4_T1_V1","index":1},"time":1542221987954},{"prop":"TEDExptVarNC2","value":{"ontologyKey":"STBL_A4_T1_V2","index":2},"time":1542221987954},{"prop":"TEDExptVarNC3","value":{"ontologyKey":"STBL_A4_T1_V4","index":4},"time":1542221987954},{"prop":"TEDExptPOSTSequence","value":[{"ontologyKey":"STBL_A4_T1_V2","index":2},{"ontologyKey":"STBL_A4_T1_V3","index":3},{"ontologyKey":"STBL_A4_T1_V4","index":4},{"ontologyKey":"STBL_A4_T1_V1","index":1}],"time":1542221987954},{"prop":"TEDExpt1V1","value":{"ontologyKey":"S_A4_T1_V1_A","index":1},"time":1542221987954},{"prop":"TEDExpt2V1","value":{"ontologyKey":"S_A4_T1_V1_A","index":1},"time":1542221987954},{"prop":"TEDExpt1V2","value":{"ontologyKey":"S_A4_T1_V2_A","index":2},"time":1542221987954},{"prop":"TEDExpt2V2","value":{"ontologyKey":"S_A4_T1_V2_A","index":2},"time":1542221987954},{"prop":"TEDExpt1V3","value":{"ontologyKey":"S_A4_T1_V3_A","index":3},"time":1542221987954},{"prop":"TEDExpt2V3","value":{"ontologyKey":"S_A4_T1_V3_A","index":3},"time":1542221987954},{"prop":"TEDExpt1V4","value":{"ontologyKey":"S_A4_T1_V4_A","index":4},"time":1542221987954},{"prop":"TEDExpt2V4","value":{"ontologyKey":"S_A4_T1_V4_A","index":4},"time":1542221987954},{"prop":"TEDExpt2V4","value":{"ontologyKey":"S_A4_T1_V4_B","index":4},"time":1542221987954},{"prop":"TEDExpt2V1","value":{"ontologyKey":"S_A4_T1_V1_B","index":1},"time":1542221987954},{"prop":"TEDExpt2V2","value":{"ontologyKey":"S_A4_T1_V2_B","index":2},"time":1542221987954},{"prop":"TEDExpt2V3","value":{"ontologyKey":"S_A4_T1_V3_B","index":3},"time":1542221987954},{"prop":"TEDExptNC1SameDiff","value":{"ontologyKey":"TED_E1_Q7NC1DIFF","value":"diff","index":1},"time":1542221987954},{"prop":"TEDExptNC1Confound","value":{"ontologyKey":"STBL_A4_T1_V1","index":1},"time":1542221987954},{"prop":"TEDExptNC2SameDiff","value":{"ontologyKey":"TED_E1_Q7NC2DIFF","value":"diff","index":2},"time":1542221987955},{"prop":"TEDExptNC2Confound","value":{"ontologyKey":"STBL_A4_T1_V2","index":2},"time":1542221987955},{"prop":"TEDExptNC3SameDiff","value":{"ontologyKey":"TED_E1_Q7NC3DIFF","value":"diff","index":4},"time":1542221987955},{"prop":"TEDExptNC3Confound","value":{"ontologyKey":"STBL_A4_T1_V4","index":4},"time":1542221987955},{"prop":"TEDExptNonTarget","value":[1,2,4],"time":1542221988272},{"prop":"TEDExptConfounds","value":[4,1,2],"time":1542221988272},{"prop":"TEDExptDifferent","value":[4,1,2,3],"time":1542221988272},{"prop":"TEDExptArea","value":{"ontologyKey":"STBL_A4","index":4},"time":1542221988272},{"prop":"TEDExptTopic","value":{"ontologyKey":"STBL_A4_T1","index":1},"time":1542221988272},{"prop":"TEDExptVariable","value":{"ontologyKey":"STBL_A4_T1_V3","index":3},"time":1542221988272},{"prop":"TEDExptRQ","value":{"ontologyKey":"S_A4_T1_RQ3","index":3},"time":1542221988272},{"prop":"TEDExptVarNC1","value":{"ontologyKey":"STBL_A4_T1_V1","index":1},"time":1542221988272},{"prop":"TEDExptVarNC2","value":{"ontologyKey":"STBL_A4_T1_V2","index":2},"time":1542221988272},{"prop":"TEDExptVarNC3","value":{"ontologyKey":"STBL_A4_T1_V4","index":4},"time":1542221988272},{"prop":"TEDExptPOSTSequence","value":[{"ontologyKey":"STBL_A4_T1_V2","index":2},{"ontologyKey":"STBL_A4_T1_V3","index":3},{"ontologyKey":"STBL_A4_T1_V4","index":4},{"ontologyKey":"STBL_A4_T1_V1","index":1}],"time":1542221988272},{"prop":"TEDExpt1V1","value":{"ontologyKey":"S_A4_T1_V1_A","index":1},"time":1542221988272},{"prop":"TEDExpt2V1","value":{"ontologyKey":"S_A4_T1_V1_A","index":1},"time":1542221988272},{"prop":"TEDExpt1V2","value":{"ontologyKey":"S_A4_T1_V2_A","index":2},"time":1542221988272},{"prop":"TEDExpt2V2","value":{"ontologyKey":"S_A4_T1_V2_A","index":2},"time":1542221988272},{"prop":"TEDExpt1V3","value":{"ontologyKey":"S_A4_T1_V3_A","index":3},"time":1542221988272},{"prop":"TEDExpt2V3","value":{"ontologyKey":"S_A4_T1_V3_A","index":3},"time":1542221988272},{"prop":"TEDExpt1V4","value":{"ontologyKey":"S_A4_T1_V4_A","index":4},"time":1542221988272},{"prop":"TEDExpt2V4","value":{"ontologyKey":"S_A4_T1_V4_A","index":4},"time":1542221988272},{"prop":"TEDExpt2V4","value":{"ontologyKey":"S_A4_T1_V4_B","index":4},"time":1542221988272},{"prop":"TEDExpt2V1","value":{"ontologyKey":"S_A4_T1_V1_B","index":1},"time":1542221988272},{"prop":"TEDExpt2V2","value":{"ontologyKey":"S_A4_T1_V2_B","index":2},"time":1542221988272},{"prop":"TEDExpt2V3","value":{"ontologyKey":"S_A4_T1_V3_B","index":3},"time":1542221988272},{"prop":"TEDExptNC1SameDiff","value":{"ontologyKey":"TED_E1_Q7NC1DIFF","value":"diff","index":1},"time":1542221988272},{"prop":"TEDExptNC1Confound","value":{"ontologyKey":"STBL_A4_T1_V1","index":1},"time":1542221988273},{"prop":"TEDExptNC2SameDiff","value":{"ontologyKey":"TED_E1_Q7NC2DIFF","value":"diff","index":2},"time":1542221988273},{"prop":"TEDExptNC2Confound","value":{"ontologyKey":"STBL_A4_T1_V2","index":2},"time":1542221988273},{"prop":"TEDExptNC3SameDiff","value":{"ontologyKey":"TED_E1_Q7NC3DIFF","value":"diff","index":4},"time":1542221988273},{"prop":"TEDExptNC3Confound","value":{"ontologyKey":"STBL_A4_T1_V4","index":4},"time":1542221988273},{"prop":"differentRow","value":2,"time":1542222029042},{"prop":"independentVarN","value":{"row":1,"col":0,"ontologyKey":"STBL_A1_T1_V1|name","isText":true,"selectedValue":"Water Temperature","cell":{}},"time":1542222038825},{"prop":"sameRow1","value":1,"time":1542222062632},{"prop":"independentVarN","value":{"row":3,"col":0,"ontologyKey":"STBL_A1_T1_V3|name","isText":true,"selectedValue":"Initial Amount of Crystals on String","cell":{}},"time":1542222068377},{"prop":"sameRow2","value":3,"time":1542222075480},{"prop":"independentVarN","value":{"row":4,"col":0,"ontologyKey":"STBL_A1_T1_V4|name","isText":true,"selectedValue":"Type of String","cell":{}},"time":1542222081159},{"prop":"sameRow3","value":4,"time":1542222088391},{"prop":"independentVarN","time":1542222094037}],"selectedTopic":{"index":1,"ontologyKey":"STBL_A1_T1|name"},"selectedVariable":{"index":2,"ontologyKey":"STBL_A1_T1_V2|name"},"TEDExptNonTarget":[1,2,4],"TEDExptConfounds":[4,1,2],"TEDExptDifferent":[4,1,2,3],"TEDExptArea":{"ontologyKey":"STBL_A4","index":4},"TEDExptTopic":{"ontologyKey":"STBL_A4_T1","index":1},"TEDExptVariable":{"ontologyKey":"STBL_A4_T1_V3","index":3},"TEDExptRQ":{"ontologyKey":"S_A4_T1_RQ3","index":3},"TEDExptVarNC1":{"ontologyKey":"STBL_A4_T1_V1","index":1},"TEDExptVarNC2":{"ontologyKey":"STBL_A4_T1_V2","index":2},"TEDExptVarNC3":{"ontologyKey":"STBL_A4_T1_V4","index":4},"TEDExptPOSTSequence":[{"ontologyKey":"STBL_A4_T1_V2","index":2},{"ontologyKey":"STBL_A4_T1_V3","index":3},{"ontologyKey":"STBL_A4_T1_V4","index":4},{"ontologyKey":"STBL_A4_T1_V1","index":1}],"TEDExpt1V1":{"ontologyKey":"S_A4_T1_V1_A","index":1},"TEDExpt2V1":{"ontologyKey":"S_A4_T1_V1_B","index":1},"TEDExpt1V2":{"ontologyKey":"S_A4_T1_V2_A","index":2},"TEDExpt2V2":{"ontologyKey":"S_A4_T1_V2_B","index":2},"TEDExpt1V3":{"ontologyKey":"S_A4_T1_V3_A","index":3},"TEDExpt2V3":{"ontologyKey":"S_A4_T1_V3_B","index":3},"TEDExpt1V4":{"ontologyKey":"S_A4_T1_V4_A","index":4},"TEDExpt2V4":{"ontologyKey":"S_A4_T1_V4_B","index":4},"TEDExptNC1SameDiff":{"ontologyKey":"TED_E1_Q7NC1DIFF","value":"diff","index":1},"TEDExptNC1Confound":{"ontologyKey":"STBL_A4_T1_V1","index":1},"TEDExptNC2SameDiff":{"ontologyKey":"TED_E1_Q7NC2DIFF","value":"diff","index":2},"TEDExptNC2Confound":{"ontologyKey":"STBL_A4_T1_V2","index":2},"TEDExptNC3SameDiff":{"ontologyKey":"TED_E1_Q7NC3DIFF","value":"diff","index":4},"TEDExptNC3Confound":{"ontologyKey":"STBL_A4_T1_V4","index":4},"differentRow":2,"sameRow1":1,"sameRow2":3,"sameRow3":4}},"tutor":{"experimentalGroup":{"ontologyKey":"EG_A1"},"$seq":[{"prop":"experimentalGroup.ontologyKey","value":"EG_A1","time":1542221987847}]}}