{"scene":{"SNavigator":{},"SMatsIntro":{"complete":true,"$seq":[{"prop":"complete","value":false,"time":1554742013737},{"prop":"complete","value":true,"time":1554742027622}]},"SMatsPre1":{"complete":true,"$seq":[{"prop":"complete","value":false,"time":1554742031218},{"prop":"Sg1","value":"true","time":1554742080524},{"prop":"PreTest:Sg1","value":"b4","time":1554742080524},{"prop":"complete","value":false,"time":1554742080524},{"prop":"Sg1","value":"true","time":1554742080525},{"prop":"complete","value":false,"time":1554742080525},{"prop":"Sg2","value":"true","time":1554742087887},{"prop":"PreTest:Sg2","value":"b5","time":1554742087887},{"prop":"complete","value":false,"time":1554742087887},{"prop":"Sg2","value":"true","time":1554742087887},{"prop":"complete","value":false,"time":1554742087887},{"prop":"Sg2","value":"true","time":1554742088990},{"prop":"PreTest:Sg2","value":"b4","time":1554742088990},{"prop":"complete","value":false,"time":1554742088990},{"prop":"Sg2","value":"true","time":1554742088990},{"prop":"complete","value":false,"time":1554742088990},{"prop":"Sg3","value":"true","time":1554742098810},{"prop":"PreTest:Sg3","value":"b2","time":1554742098810},{"prop":"complete","value":false,"time":1554742098810},{"prop":"Sg3","value":"true","time":1554742098812},{"prop":"complete","value":false,"time":1554742098812},{"prop":"Sg4","value":"true","time":1554742102052},{"prop":"PreTest:Sg4","value":"b3","time":1554742102052},{"prop":"complete","value":true,"time":1554742102052},{"prop":"Sg4","value":"true","time":1554742102052},{"prop":"complete","value":true,"time":1554742102052}],"Sg1":"true","PreTest:Sg1":"b4","Sg2":"true","PreTest:Sg2":"b4","Sg3":"true","PreTest:Sg3":"b2","Sg4":"true","PreTest:Sg4":"b3"},"SMatsPre2":{"complete":false,"$seq":[{"prop":"complete","value":false,"time":1554742103174}]}},"module":{},"tutor":{}}