{"scene":{"SNavigator":{},"SScene1":{"complete":true,"$seq":[{"prop":"complete","value":false,"time":1557849096926},{"prop":"complete","value":true,"time":1557849144460}]},"SScene2":{"AreaSelected":true,"$seq":[{"prop":"AreaSelected","value":false,"time":1557849147784},{"prop":"AreaSelected","value":true,"time":1557849188287},{"prop":"Area Name:physical and chemical changes","time":1557849188289},{"prop":"Area Index:1","time":1557849188289}]},"SScene3":{"TopicSelected":true,"$seq":[{"prop":"TopicSelected","value":false,"time":1557849191009},{"prop":"TopicSelected","value":true,"time":1557849194323},{"prop":"Topic Index:1","time":1557849194325}]},"SScene4":{"complete":true,"$seq":[{"prop":"complete","value":false,"time":1557849194842},{"prop":"complete","value":true,"time":1557849213294}]},"SScene5":{"complete":true,"$seq":[{"prop":"complete","value":false,"time":1557849215144},{"prop":"complete","value":true,"time":1557849219526}]},"SScene5a":{"complete":true,"$seq":[{"prop":"complete","value":false,"time":1557849222979},{"prop":"complete","value":true,"time":1557849240255}]},"SScene6a":{},"SScene6b":{},"SScene6c":{},"SScene6d":{},"SScene6e":{},"SScene6f":{},"SScene7":{"complete":true,"$seq":[{"prop":"complete","value":false,"time":1557849269084},{"prop":"complete","value":true,"time":1557849324903}]},"SScene8":{"complete":true,"$seq":[{"prop":"complete","value":false,"time":1557849326353},{"prop":"complete","value":true,"time":1557849364007}]},"SScene9":{"RQSelected":false,"$seq":[{"prop":"RQSelected","value":false,"time":1557849366592}]}},"module":{"selectedArea":{"ontologyKey":"S_A1|name","index":1},"$seq":[{"prop":"selectedArea.ontologyKey","value":"S_A1|name","time":1557849188287},{"prop":"selectedArea.index","value":1,"time":1557849188287},{"prop":"selectedTopic.ontologyKey","value":"S_A1_T1|name","time":1557849194323},{"prop":"selectedTopic.index","value":1,"time":1557849194323}],"selectedTopic":{"ontologyKey":"S_A1_T1|name","index":1}},"tutor":{"experimentalGroup":{"ontologyKey":"EG_A1"},"$seq":[{"prop":"experimentalGroup.ontologyKey","value":"EG_A1","time":1557849096808}]}}