{"scene":{"SNavigator":{},"SScene1":{"complete":true,"$seq":[{"prop":"complete","value":false,"time":1557849096926},{"prop":"complete","value":true,"time":1557849144460}]},"SScene2":{"AreaSelected":true,"$seq":[{"prop":"AreaSelected","value":false,"time":1557849147784},{"prop":"AreaSelected","value":true,"time":1557849188287},{"prop":"Area Name:physical and chemical changes","time":1557849188289},{"prop":"Area Index:1","time":1557849188289}]},"SScene3":{"TopicSelected":false,"$seq":[{"prop":"TopicSelected","value":false,"time":1557849191009}]}},"module":{"selectedArea":{"ontologyKey":"S_A1|name","index":1},"$seq":[{"prop":"selectedArea.ontologyKey","value":"S_A1|name","time":1557849188287},{"prop":"selectedArea.index","value":1,"time":1557849188287}]},"tutor":{"experimentalGroup":{"ontologyKey":"EG_A1"},"$seq":[{"prop":"experimentalGroup.ontologyKey","value":"EG_A1","time":1557849096808}]}}