{"scene":{"SNavigator":{},"SIntro":{"complete":false,"$seq":[{"prop":"complete","value":false,"time":1554729181452}]},"SScene1":{"complete":true,"$seq":[{"prop":"complete","value":false,"time":1554729196397},{"prop":"Sg1","value":"true","time":1554729218724},{"prop":"DR1:Sg1","value":"ans1","time":1554729218724},{"prop":"complete","value":true,"time":1554729218724},{"prop":"Sg1","value":"true","time":1554729218726},{"prop":"complete","value":true,"time":1554729218726}],"Sg1":"true","DR1:Sg1":"ans1"},"SScene2":{"complete":true,"$seq":[{"prop":"complete","value":false,"time":1554729220327},{"prop":"Sg1","value":"true","time":1554729251094},{"prop":"DR2:Sg1","value":"ans4","time":1554729251094},{"prop":"complete","value":true,"time":1554729251094},{"prop":"Sg1","value":"true","time":1554729251094},{"prop":"complete","value":true,"time":1554729251094}],"Sg1":"true","DR2:Sg1":"ans4"},"SScene3":{"complete":false,"$seq":[{"prop":"complete","value":false,"time":1554729251973}]}},"module":{},"tutor":{}}