{"scene":{"SNavigator":{},"SScene1":{"complete":true,"$seq":[{"prop":"complete","value":false,"time":1554817638940},{"prop":"complete","value":true,"time":1554817692284}]},"SScene2":{"AreaSelected":true,"$seq":[{"prop":"AreaSelected","value":false,"time":1554817704136},{"prop":"AreaSelected","value":true,"time":1554817770809},{"prop":"Area Name:physical and chemical changes","time":1554817770810},{"prop":"Area Index:1","time":1554817770810}]},"SScene3":{"TopicSelected":true,"$seq":[{"prop":"TopicSelected","value":false,"time":1554817773900},{"prop":"TopicSelected","value":true,"time":1554817780980},{"prop":"Topic Index:2","time":1554817780982}]},"SScene4":{"complete":true,"$seq":[{"prop":"complete","value":false,"time":1554817781394},{"prop":"complete","value":true,"time":1554817802360}]},"SScene5":{"complete":true,"$seq":[{"prop":"complete","value":false,"time":1554817807259},{"prop":"complete","value":true,"time":1554817811866}]},"SScene5a":{"complete":true,"$seq":[{"prop":"complete","value":false,"time":1554817814658},{"prop":"complete","value":true,"time":1554817826579}]},"SScene6a":{}},"module":{"selectedArea":{"ontologyKey":"S_A1|name","index":1},"$seq":[{"prop":"selectedArea.ontologyKey","value":"S_A1|name","time":1554817770809},{"prop":"selectedArea.index","value":1,"time":1554817770809},{"prop":"selectedTopic.ontologyKey","value":"S_A1_T2|name","time":1554817780981},{"prop":"selectedTopic.index","value":2,"time":1554817780981}],"selectedTopic":{"ontologyKey":"S_A1_T2|name","index":2}},"tutor":{"experimentalGroup":{"ontologyKey":"EG_A1"},"$seq":[{"prop":"experimentalGroup.ontologyKey","value":"EG_A1","time":1554817638820}]}}