{"scene":{"SNavigator":{},"SScene1":{"complete":true,"$seq":[{"prop":"complete","value":false,"time":1554817638940},{"prop":"complete","value":true,"time":1554817692284}]},"SScene2":{"AreaSelected":true,"$seq":[{"prop":"AreaSelected","value":false,"time":1554817704136},{"prop":"AreaSelected","value":true,"time":1554817770809},{"prop":"Area Name:physical and chemical changes","time":1554817770810},{"prop":"Area Index:1","time":1554817770810}]},"SScene3":{"TopicSelected":true,"$seq":[{"prop":"TopicSelected","value":false,"time":1554817773900},{"prop":"TopicSelected","value":true,"time":1554817780980},{"prop":"Topic Index:2","time":1554817780982}]},"SScene4":{"complete":true,"$seq":[{"prop":"complete","value":false,"time":1554817781394},{"prop":"complete","value":true,"time":1554817802360}]},"SScene5":{"complete":true,"$seq":[{"prop":"complete","value":false,"time":1554817807259},{"prop":"complete","value":true,"time":1554817811866}]},"SScene5a":{"complete":true,"$seq":[{"prop":"complete","value":false,"time":1554817814658},{"prop":"complete","value":true,"time":1554817826579}]},"SScene6a":{},"SScene6b":{},"SScene6c":{},"SScene7":{"complete":true,"$seq":[{"prop":"complete","value":false,"time":1554817846475},{"prop":"complete","value":true,"time":1554817936115}]},"SScene8":{"complete":true,"$seq":[{"prop":"complete","value":false,"time":1554817938478},{"prop":"complete","value":true,"time":1554817980690}]},"SScene9":{"RQSelected":true,"$seq":[{"prop":"RQSelected","value":false,"time":1554817981715},{"prop":"RQSelected","value":true,"time":1554817987959},{"prop":"Variable Index:4","time":1554817987961}]},"SScene10":{"RQconfirmed":true,"$seq":[{"prop":"RQconfirmed","value":false,"time":1554817988083},{"prop":"RQconfirmed","value":true,"time":1554818029331}]},"SScene11":{"RQconfirmed":false,"$seq":[{"prop":"RQconfirmed","value":false,"time":1554818029451}]}},"module":{"selectedArea":{"ontologyKey":"S_A1|name","index":1},"$seq":[{"prop":"selectedArea.ontologyKey","value":"S_A1|name","time":1554817770809},{"prop":"selectedArea.index","value":1,"time":1554817770809},{"prop":"selectedTopic.ontologyKey","value":"S_A1_T2|name","time":1554817780981},{"prop":"selectedTopic.index","value":2,"time":1554817780981},{"prop":"selectedVariable.ontologyKey","value":"S_A1_T2_V4|name","time":1554817987961},{"prop":"selectedVariable.index","value":4,"time":1554817987961},{"prop":"selectedRQ","value":{"ontologyKey":"S_A1_T2_RQ4","index":"4"},"time":1554817987961},{"prop":"RQconfirmation","value":"UNKNOWN","time":1554817988083},{"prop":"RQconfirmation","value":"OK","time":1554818029331},{"prop":"RQconfirmation","value":"UNKNOWN","time":1554818029451}],"selectedTopic":{"ontologyKey":"S_A1_T2|name","index":2},"selectedVariable":{"ontologyKey":"S_A1_T2_V4|name","index":4},"selectedRQ":{"ontologyKey":"S_A1_T2_RQ4","index":"4"},"RQconfirmation":"UNKNOWN"},"tutor":{"experimentalGroup":{"ontologyKey":"EG_A1"},"$seq":[{"prop":"experimentalGroup.ontologyKey","value":"EG_A1","time":1554817638820}]}}