{"scene":{"SNavigator":{},"SScene1":{"complete":true,"$seq":[{"prop":"complete","value":false,"time":1554817638940},{"prop":"complete","value":true,"time":1554817692284}]},"SScene2":{"AreaSelected":true,"$seq":[{"prop":"AreaSelected","value":false,"time":1554817704136},{"prop":"AreaSelected","value":true,"time":1554817770809},{"prop":"Area Name:physical and chemical changes","time":1554817770810},{"prop":"Area Index:1","time":1554817770810}]},"SScene3":{"TopicSelected":false,"$seq":[{"prop":"TopicSelected","value":false,"time":1554817773900}]}},"module":{"selectedArea":{"ontologyKey":"S_A1|name","index":1},"$seq":[{"prop":"selectedArea.ontologyKey","value":"S_A1|name","time":1554817770809},{"prop":"selectedArea.index","value":1,"time":1554817770809}]},"tutor":{"experimentalGroup":{"ontologyKey":"EG_A1"},"$seq":[{"prop":"experimentalGroup.ontologyKey","value":"EG_A1","time":1554817638820}]}}