{"scene":{"SNavigator":{},"SScene3":{"complete":true,"$seq":[{"prop":"complete","value":false,"time":1554904070034},{"prop":"complete","value":true,"time":1554904076901}]},"SScene4":{"complete":true,"$seq":[{"prop":"complete","value":false,"time":1554904078236},{"prop":"complete","value":true,"time":1554904090175}]},"SScene5":{"complete":true,"$seq":[{"prop":"complete","value":false,"time":1554904098681},{"prop":"complete","value":true,"time":1554904104424}]},"SScene6":{"complete":true,"$seq":[{"prop":"complete","value":false,"time":1554904115470},{"prop":"complete","value":true,"time":1554904127022}]},"SScene7":{"complete":true,"$seq":[{"prop":"complete","value":false,"time":1554904708801},{"prop":"complete","value":true,"time":1554904722811}]},"SScene8":{"complete":true,"$seq":[{"prop":"complete","value":false,"time":1554904740851},{"prop":"complete","value":true,"time":1554904881010}]},"SScene9":{"complete":false,"$seq":[{"prop":"complete","value":false,"time":1554904902228},{"prop":"complete","value":true,"time":1554904946191},{"prop":"complete","value":false,"time":1554904947421}]},"SScene11":{"complete":true,"$seq":[{"prop":"complete","value":false,"time":1554904322801},{"prop":"complete","value":true,"time":1554904342355}]},"SScene12":{"complete":true,"$seq":[{"prop":"complete","value":false,"time":1554904965649},{"prop":"complete","value":true,"time":1554904977318}]},"SScene12A":{"complete":false,"$seq":[{"prop":"complete","value":false,"time":1554905002775},{"prop":"complete","value":true,"time":1554905009016},{"prop":"complete","value":false,"time":1554905010329},{"prop":"complete","value":false,"time":1554905010511},{"prop":"complete","value":false,"time":1554905012318},{"prop":"complete","value":false,"time":1554905013535},{"prop":"complete","value":false,"time":1554905015372},{"prop":"complete","value":false,"time":1554905016596},{"prop":"complete","value":false,"time":1554905017257},{"prop":"complete","value":false,"time":1554905018459}]},"SScene13":{"complete":false,"$seq":[{"prop":"complete","value":false,"time":1554905020155},{"prop":"complete","value":true,"time":1554905054148},{"prop":"complete","value":false,"time":1554905055382}]},"SScene15":{"complete":true,"$seq":[{"prop":"complete","value":false,"time":1554905074168},{"prop":"complete","value":false,"time":1554905120463},{"prop":"complete","value":false,"time":1554905121823},{"prop":"complete","value":true,"time":1554905124457},{"prop":"complete","value":false,"time":1554905125827},{"prop":"complete","value":false,"time":1554905126959},{"prop":"complete","value":false,"time":1554905128452},{"prop":"complete","value":true,"time":1554905180439}]},"SScene16":{"complete":true,"$seq":[{"prop":"complete","value":false,"time":1554905191461},{"prop":"complete","value":true,"time":1554905205851}]},"SScene17":{"complete":true,"$seq":[{"prop":"complete","value":false,"time":1554905206830},{"prop":"complete","value":true,"time":1554905211182},{"prop":"complete","value":true,"time":1554905211183},{"prop":"complete","value":false,"time":1554905212287},{"prop":"complete","value":false,"time":1554905218441},{"prop":"complete","value":false,"time":1554905219720},{"prop":"complete","value":false,"time":1554905223335},{"prop":"complete","value":false,"time":1554905226852},{"prop":"complete","value":false,"time":1554905228946},{"prop":"complete","value":false,"time":1554905230318},{"prop":"complete","value":false,"time":1554905234205},{"prop":"complete","value":false,"time":1554905237718},{"prop":"complete","value":false,"time":1554905239193},{"prop":"complete","value":false,"time":1554905240547},{"prop":"complete","value":false,"time":1554905245871},{"prop":"complete","value":false,"time":1554905247215},{"prop":"complete","value":true,"time":1554905249379}]},"SScene10":{"complete":true,"$seq":[{"prop":"complete","value":false,"time":1554904958696},{"prop":"complete","value":true,"time":1554904963795}]},"SScene18":{"complete":true,"$seq":[{"prop":"complete","value":false,"time":1554905276697},{"prop":"complete","value":true,"time":1554905282626}]},"SScene19":{"complete":true,"$seq":[{"prop":"complete","value":false,"time":1554905491745},{"prop":"complete","value":false,"time":1554905506409},{"prop":"complete","value":false,"time":1554905507535},{"prop":"complete","value":false,"time":1554905509201},{"prop":"complete","value":false,"time":1554905510202},{"prop":"complete","value":false,"time":1554905511335},{"prop":"complete","value":false,"time":1554905512590},{"prop":"complete","value":false,"time":1554905513594},{"prop":"complete","value":false,"time":1554905516525},{"prop":"complete","value":false,"time":1554905521790},{"prop":"complete","value":false,"time":1554905522940},{"prop":"complete","value":false,"time":1554905524770},{"prop":"complete","value":true,"time":1554905526062}]},"SScene20":{"complete":true,"$seq":[{"prop":"complete","value":false,"time":1554905526969},{"prop":"complete","value":true,"time":1554905534140}]},"SScene21":{"complete":false,"$seq":[{"prop":"complete","value":false,"time":1554905535053}]}},"module":{"selectedArea":{"ontologyKey":"S_A4|name","index":4},"selectedTopic":{"ontologyKey":"S_A4_T1|name","index":1},"selectedVariable":{"ontologyKey":"S_A4_T1_V3|name","index":3},"selectedRQ":{"ontologyKey":"S_A4_T1_RQ3","index":"3"},"RQconfirmation":"UNKNOWN","TEDExptNonTarget":[2,3,4],"TEDExptConfounds":[4],"TEDExptDifferent":[4,1],"TEDExptArea":{"ontologyKey":"S_A4","index":4},"TEDExptTopic":{"ontologyKey":"S_A4_T1","index":1},"TEDExptVariable":{"ontologyKey":"S_A4_T1_V1","index":1},"TEDExptRQ":{"ontologyKey":"S_A4_T1_RQ1","index":1},"TEDExptVarNC1":{"ontologyKey":"S_A4_T1_V2","index":2},"TEDExptVarNC2":{"ontologyKey":"S_A4_T1_V3","index":3},"TEDExptVarNC3":{"ontologyKey":"S_A4_T1_V4","index":4},"TEDExptPOSTSequence":[],"TEDExpt1V1":{"ontologyKey":"S_A4_T1_V1_A","index":1},"TEDExpt2V1":{"ontologyKey":"S_A4_T1_V1_B","index":1},"TEDExpt1V2":{"ontologyKey":"S_A4_T1_V2_A","index":2},"TEDExpt2V2":{"ontologyKey":"S_A4_T1_V2_A","index":2},"TEDExpt1V3":{"ontologyKey":"S_A4_T1_V3_A","index":3},"TEDExpt2V3":{"ontologyKey":"S_A4_T1_V3_A","index":3},"TEDExpt1V4":{"ontologyKey":"S_A4_T1_V4_A","index":4},"TEDExpt2V4":{"ontologyKey":"S_A4_T1_V4_B","index":4},"TEDExptNC1SameDiff":{"ontologyKey":"TED_E1_Q7NC1SAME","value":"same","index":2},"TEDExptNC1Confound":{"ontologyKey":"S_A4_T1_V4","index":4},"TEDExptNC2SameDiff":{"ontologyKey":"TED_E1_Q7NC2SAME","value":"same","index":3},"TEDExptNC2Confound":{"ontologyKey":"S_A4_T1_V2","index":2},"TEDExptNC3SameDiff":{"ontologyKey":"TED_E1_Q7NC3DIFF","value":"diff","index":4},"TEDExptNC3Confound":{"ontologyKey":"S_A4_T1_V3","index":3},"differentRow":3,"sameRow1":1,"sameRow2":2,"sameRow3":4,"$seq":[{"prop":"TEDExptNonTarget","value":[1,2,3],"time":1554904069964},{"prop":"TEDExptConfounds","value":[1,2,3],"time":1554904069965},{"prop":"TEDExptDifferent","value":[1,2,3,4],"time":1554904069965},{"prop":"TEDExptArea","value":{"ontologyKey":"S_A4","index":4},"time":1554904069965},{"prop":"TEDExptTopic","value":{"ontologyKey":"S_A4_T1","index":1},"time":1554904069965},{"prop":"TEDExptVariable","value":{"ontologyKey":"S_A4_T1_V4","index":4},"time":1554904069965},{"prop":"TEDExptRQ","value":{"ontologyKey":"S_A4_T1_RQ4","index":4},"time":1554904069965},{"prop":"TEDExptVarNC1","value":{"ontologyKey":"S_A4_T1_V1","index":1},"time":1554904069965},{"prop":"TEDExptVarNC2","value":{"ontologyKey":"S_A4_T1_V2","index":2},"time":1554904069965},{"prop":"TEDExptVarNC3","value":{"ontologyKey":"S_A4_T1_V3","index":3},"time":1554904069965},{"prop":"TEDExptPOSTSequence","value":[{"ontologyKey":"S_A4_T1_V3","index":3},{"ontologyKey":"S_A4_T1_V4","index":4},{"ontologyKey":"S_A4_T1_V1","index":1},{"ontologyKey":"S_A4_T1_V2","index":2}],"time":1554904069966},{"prop":"TEDExpt1V1","value":{"ontologyKey":"S_A4_T1_V1_A","index":1},"time":1554904069966},{"prop":"TEDExpt2V1","value":{"ontologyKey":"S_A4_T1_V1_A","index":1},"time":1554904069966},{"prop":"TEDExpt1V2","value":{"ontologyKey":"S_A4_T1_V2_A","index":2},"time":1554904069966},{"prop":"TEDExpt2V2","value":{"ontologyKey":"S_A4_T1_V2_A","index":2},"time":1554904069966},{"prop":"TEDExpt1V3","value":{"ontologyKey":"S_A4_T1_V3_A","index":3},"time":1554904069966},{"prop":"TEDExpt2V3","value":{"ontologyKey":"S_A4_T1_V3_A","index":3},"time":1554904069966},{"prop":"TEDExpt1V4","value":{"ontologyKey":"S_A4_T1_V4_A","index":4},"time":1554904069966},{"prop":"TEDExpt2V4","value":{"ontologyKey":"S_A4_T1_V4_A","index":4},"time":1554904069966},{"prop":"TEDExpt2V1","value":{"ontologyKey":"S_A4_T1_V1_B","index":1},"time":1554904069966},{"prop":"TEDExpt2V2","value":{"ontologyKey":"S_A4_T1_V2_B","index":2},"time":1554904069966},{"prop":"TEDExpt2V3","value":{"ontologyKey":"S_A4_T1_V3_B","index":3},"time":1554904069966},{"prop":"TEDExpt2V4","value":{"ontologyKey":"S_A4_T1_V4_B","index":4},"time":1554904069966},{"prop":"TEDExptNC1SameDiff","value":{"ontologyKey":"TED_E1_Q7NC1DIFF","value":"diff","index":1},"time":1554904069966},{"prop":"TEDExptNC1Confound","value":{"ontologyKey":"S_A4_T1_V1","index":1},"time":1554904069966},{"prop":"TEDExptNC2SameDiff","value":{"ontologyKey":"TED_E1_Q7NC2DIFF","value":"diff","index":2},"time":1554904069966},{"prop":"TEDExptNC2Confound","value":{"ontologyKey":"S_A4_T1_V2","index":2},"time":1554904069966},{"prop":"TEDExptNC3SameDiff","value":{"ontologyKey":"TED_E1_Q7NC3DIFF","value":"diff","index":3},"time":1554904069966},{"prop":"TEDExptNC3Confound","value":{"ontologyKey":"S_A4_T1_V3","index":3},"time":1554904069966},{"prop":"Expt1_Q1","value":{"name":"{{$EFO_TED_E1_LISTYN|yes}}","ontologyKey":"TED_E1_LISTYN|yes","index":1,"value":false,"id":"incorrect"},"time":1554904309210},{"prop":"Expt1_Q","value":{"name":"{{$EFO_TED_E1_LISTYN|yes}}","ontologyKey":"TED_E1_LISTYN|yes","index":1,"value":false,"id":"incorrect"},"time":1554904309210},{"prop":"Expt1_Reason","value":{"name":"{{$EFO_TED_E1_LISTQ23|ans2}}","value":"$EFL_efdata.TED.E1.LISTQ23","ontologyKey":"TED_E1_LISTQ23|yes","index":2,"id":"2"},"time":1554904342355},{"prop":"Expt1_Q4","value":{"name":"{{$EFO_TED_E1_LISTYN|no}}","ontologyKey":"TED_E1_LISTYN|no","index":2,"value":true,"id":"correct"},"time":1554904382846},{"prop":"Imagine1","value":{"name":"{{$EFO_TED_E1_LISTYN|no}}","ontologyKey":"TED_E1_LISTYN|no","index":2,"value":true,"id":"correct"},"time":1554904382846},{"prop":"Imagine1_Reason","value":{"name":"{{$EFO_TED_E1_LISTQ56|ans5}}","value":"$EFL_efdata.TED.E1.LISTQ56","ontologyKey":"TED_E1_LISTQ56|yes","index":5,"id":"5"},"time":1554904408448},{"prop":"FFocus:1","value":{"Row-1 Col-3":"Could cause","Row-2 Col-3":"Could cause","Row-3 Col-3":"Could Not cause"},"time":1554904428436},{"prop":"TEDFeatureFocus","value":["Could cause","Could cause","Could Not cause",""],"time":1554904428569},{"prop":"CHG:FFocus:1:Row-1 Col-3","value":"Could cause","time":1554904470530},{"prop":"TEDFeatureFocus","value":["Could cause","Could cause","Could Not cause",""],"time":1554904470530},{"prop":"CHG:FFocus:1:Row-2 Col-3","value":"Could cause","time":1554904541908},{"prop":"TEDFeatureFocus","value":["Could cause","Could cause","Could Not cause",""],"time":1554904541908},{"prop":"CHG:FFocus:1:Row-3 Col-3","value":"Could Not cause","time":1554904543342},{"prop":"TEDFeatureFocus","value":["Could cause","Could cause","Could Not cause",""],"time":1554904543342},{"prop":"FFocus:1_CorrExp:","value":{"Row-2 Col-2":"Full sunlight","Row-3 Col-2":"None","Row-1 Col-2":"Zero"},"time":1554904612418},{"prop":"TEDcorrection","value":3,"time":1554904612764},{"prop":"CHG:FFocus:1_CorrExp::Row-2 Col-2","value":"Full sunlight","time":1554904633966},{"prop":"TEDcorrection","value":2,"time":1554904633966},{"prop":"CHG:FFocus:1_CorrExp::Row-3 Col-2","value":"None","time":1554904640154},{"prop":"TEDcorrection","value":1,"time":1554904640155},{"prop":"CHG:FFocus:1_CorrExp::Row-1 Col-2","value":"Zero","time":1554904641957},{"prop":"TEDcorrection","value":0,"time":1554904641958},{"prop":"FFocus:1_Explain:","value":{"name":"{{$EFO_TED_E1_LISTQ9|ans6}}","value":"$EFL_efdata.TED.E1.LISTQ9","ontologyKey":"TED_E1_LISTQ9|yes","index":6,"id":"6"},"time":1554904651400},{"prop":"TEDExptNonTarget","value":[2,3,4],"time":1554904708790},{"prop":"TEDExptConfounds","value":[4],"time":1554904708790},{"prop":"TEDExptDifferent","value":[4,1],"time":1554904708790},{"prop":"TEDExptArea","value":{"ontologyKey":"S_A4","index":4},"time":1554904708790},{"prop":"TEDExptTopic","value":{"ontologyKey":"S_A4_T1","index":1},"time":1554904708790},{"prop":"TEDExptVariable","value":{"ontologyKey":"S_A4_T1_V1","index":1},"time":1554904708790},{"prop":"TEDExptRQ","value":{"ontologyKey":"S_A4_T1_RQ1","index":1},"time":1554904708790},{"prop":"TEDExptVarNC1","value":{"ontologyKey":"S_A4_T1_V2","index":2},"time":1554904708790},{"prop":"TEDExptVarNC2","value":{"ontologyKey":"S_A4_T1_V3","index":3},"time":1554904708790},{"prop":"TEDExptVarNC3","value":{"ontologyKey":"S_A4_T1_V4","index":4},"time":1554904708790},{"prop":"TEDExptPOSTSequence","value":[],"time":1554904708790},{"prop":"TEDExpt1V1","value":{"ontologyKey":"S_A4_T1_V1_A","index":1},"time":1554904708790},{"prop":"TEDExpt2V1","value":{"ontologyKey":"S_A4_T1_V1_A","index":1},"time":1554904708790},{"prop":"TEDExpt1V2","value":{"ontologyKey":"S_A4_T1_V2_A","index":2},"time":1554904708790},{"prop":"TEDExpt2V2","value":{"ontologyKey":"S_A4_T1_V2_A","index":2},"time":1554904708790},{"prop":"TEDExpt1V3","value":{"ontologyKey":"S_A4_T1_V3_A","index":3},"time":1554904708790},{"prop":"TEDExpt2V3","value":{"ontologyKey":"S_A4_T1_V3_A","index":3},"time":1554904708790},{"prop":"TEDExpt1V4","value":{"ontologyKey":"S_A4_T1_V4_A","index":4},"time":1554904708790},{"prop":"TEDExpt2V4","value":{"ontologyKey":"S_A4_T1_V4_A","index":4},"time":1554904708790},{"prop":"TEDExpt2V4","value":{"ontologyKey":"S_A4_T1_V4_B","index":4},"time":1554904708790},{"prop":"TEDExpt2V1","value":{"ontologyKey":"S_A4_T1_V1_B","index":1},"time":1554904708790},{"prop":"TEDExptNC1SameDiff","value":{"ontologyKey":"TED_E1_Q7NC1SAME","value":"same","index":2},"time":1554904708790},{"prop":"TEDExptNC2SameDiff","value":{"ontologyKey":"TED_E1_Q7NC2SAME","value":"same","index":3},"time":1554904708790},{"prop":"TEDExptNC3SameDiff","value":{"ontologyKey":"TED_E1_Q7NC3DIFF","value":"diff","index":4},"time":1554904708791},{"prop":"TEDExptNC1Confound","value":{"ontologyKey":"S_A4_T1_V4","index":4},"time":1554904708791},{"prop":"Expt1_Q1","value":{"name":"{{$EFO_TED_E1_LISTYN|no}}","ontologyKey":"TED_E1_LISTYN|no","index":2,"value":true,"id":"correct"},"time":1554904946191},{"prop":"Expt2_Q","value":{"name":"{{$EFO_TED_E1_LISTYN|no}}","ontologyKey":"TED_E1_LISTYN|no","index":2,"value":true,"id":"correct"},"time":1554904946191},{"prop":"Expt2_Reason","value":{"name":"{{$EFO_TED_E1_LISTQ23|ans4}}","value":"$EFL_efdata.TED.E1.LISTQ23","ontologyKey":"TED_E1_LISTQ23|yes","index":4,"id":"4"},"time":1554904963795},{"prop":"Expt1_Q4","value":{"name":"{{$EFO_TED_E1_LISTYN|no}}","ontologyKey":"TED_E1_LISTYN|no","index":2,"value":true,"id":"correct"},"time":1554905009016},{"prop":"Imagine2","value":{"name":"{{$EFO_TED_E1_LISTYN|no}}","ontologyKey":"TED_E1_LISTYN|no","index":2,"value":true,"id":"correct"},"time":1554905009016},{"prop":"Imagine2_Reason","value":{"name":"{{$EFO_TED_E1_LISTQ56|ans2}}","value":"$EFL_efdata.TED.E1.LISTQ56","ontologyKey":"TED_E1_LISTQ56|yes","index":2,"id":"2"},"time":1554905054148},{"prop":"FFocus:2","value":{"Row-2 Col-3":"Could cause","Row-3 Col-3":"Could cause","Row-4 Col-3":"Could cause"},"time":1554905074168},{"prop":"TEDFeatureFocus","value":["","Could cause","Could cause","Could cause"],"time":1554905074307},{"prop":"CHG:FFocus:2:Row-2 Col-3","value":"Could cause","time":1554905120463},{"prop":"TEDFeatureFocus","value":["","Could cause","Could cause","Could cause"],"time":1554905120463},{"prop":"CHG:FFocus:2:Row-3 Col-3","value":"Could cause","time":1554905121822},{"prop":"TEDFeatureFocus","value":["","Could cause","Could cause","Could cause"],"time":1554905121822},{"prop":"CHG:FFocus:2:Row-4 Col-3","value":"Could cause","time":1554905124457},{"prop":"TEDFeatureFocus","value":["","Could cause","Could cause","Could cause"],"time":1554905124457},{"prop":"FFocus:2_CorrExp:","value":{"Row-4 Col-2":"Rain Water"},"time":1554905191461},{"prop":"TEDcorrection","value":1,"time":1554905191803},{"prop":"CHG:FFocus:2_CorrExp::Row-4 Col-2","value":"Rain Water","time":1554905205850},{"prop":"TEDcorrection","value":0,"time":1554905205850},{"prop":"FFocus:2_Explain:","value":{"name":"{{$EFO_TED_E1_LISTQ9|ans5}}","value":"$EFL_efdata.TED.E1.LISTQ9","ontologyKey":"TED_E1_LISTQ9|yes","index":5,"id":"5"},"time":1554905211182},{"prop":"TEDExptPOSTTV","value":{"ontologyKey":"S_A4_T1_V3","index":3},"time":1554905294424},{"prop":"POSTQ:1","value":{"Row-1 Col-1":"Zero","Row-4 Col-1":"Tap Water","Row-3 Col-1":"Some","Row-3 Col-2":"Some","Row-2 Col-2":"Full sunlight","Row-2 Col-1":"Full sunlight","Row-4 Col-2":"Tap Water","Row-1 Col-2":"Zero"},"time":1554905294424},{"prop":"CHG:POSTQ:1:Row-1 Col-1","value":"Zero","time":1554905304808},{"prop":"CHG:POSTQ:1:Row-4 Col-1","value":"Tap Water","time":1554905307144},{"prop":"CHG:POSTQ:1:Row-3 Col-1","value":"Some","time":1554905308868},{"prop":"CHG:POSTQ:1:Row-3 Col-2","value":"Some","time":1554905310249},{"prop":"CHG:POSTQ:1:Row-2 Col-2","value":"Full sunlight","time":1554905311466},{"prop":"CHG:POSTQ:1:Row-2 Col-1","value":"Full sunlight","time":1554905312649},{"prop":"CHG:POSTQ:1:Row-4 Col-2","value":"Tap Water","time":1554905313645},{"prop":"CHG:POSTQ:1:Row-1 Col-2","value":"Zero","time":1554905323976},{"prop":"POSTQ:1_Reason:","value":{"name":"{{$EFO_TED_E1_LISTPOST|ans2}}","value":"$EFL_efdata.TED.E1.LISTPOST","ontologyKey":"TED_E1_LISTPOST|yes","index":2,"id":"2"},"time":1554905329250},{"prop":"TEDExptPOSTTV","value":{"ontologyKey":"S_A4_T1_V4","index":4},"time":1554905330112},{"prop":"POSTQ:2","value":{"Row-1 Col-1":"Whole Hive","Row-2 Col-2":"Full sunlight","Row-2 Col-1":"Partial sunlight","Row-3 Col-1":"None","Row-3 Col-2":"Some","Row-4 Col-2":"Tap Water","Row-4 Col-1":"Rain Water","Row-1 Col-2":"Zero"},"time":1554905330112},{"prop":"CHG:POSTQ:2:Row-1 Col-1","value":"Whole Hive","time":1554905342485},{"prop":"CHG:POSTQ:2:Row-2 Col-2","value":"Full sunlight","time":1554905345353},{"prop":"CHG:POSTQ:2:Row-2 Col-1","value":"Partial sunlight","time":1554905346604},{"prop":"CHG:POSTQ:2:Row-3 Col-1","value":"None","time":1554905347729},{"prop":"CHG:POSTQ:2:Row-3 Col-2","value":"None","time":1554905348955},{"prop":"CHG:POSTQ:2:Row-3 Col-2","value":"Some","time":1554905350282},{"prop":"CHG:POSTQ:2:Row-4 Col-2","value":"Tap Water","time":1554905351408},{"prop":"CHG:POSTQ:2:Row-4 Col-1","value":"Rain Water","time":1554905353279},{"prop":"CHG:POSTQ:2:Row-1 Col-2","value":"Zero","time":1554905425655},{"prop":"POSTQ:2_Reason:","value":{"name":"{{$EFO_TED_E1_LISTPOST|ans4}}","value":"$EFL_efdata.TED.E1.LISTPOST","ontologyKey":"TED_E1_LISTPOST|yes","index":4,"id":"4"},"time":1554905439149},{"prop":"TEDExptPOSTTV","value":{"ontologyKey":"S_A4_T1_V1","index":1},"time":1554905440142},{"prop":"POSTQ:3","value":{"Row-1 Col-1":"Whole Hive","Row-1 Col-2":"Whole Hive","Row-2 Col-2":"Partial sunlight","Row-2 Col-1":"Full sunlight","Row-3 Col-2":"None","Row-3 Col-1":"Some","Row-4 Col-2":"Tap Water","Row-4 Col-1":"Tap Water"},"time":1554905440142},{"prop":"CHG:POSTQ:3:Row-1 Col-1","value":"Whole Hive","time":1554905464992},{"prop":"CHG:POSTQ:3:Row-1 Col-2","value":"Whole Hive","time":1554905466164},{"prop":"CHG:POSTQ:3:Row-2 Col-2","value":"Partial sunlight","time":1554905467250},{"prop":"CHG:POSTQ:3:Row-2 Col-1","value":"Partial sunlight","time":1554905468237},{"prop":"CHG:POSTQ:3:Row-2 Col-1","value":"Full sunlight","time":1554905469986},{"prop":"CHG:POSTQ:3:Row-3 Col-2","value":"None","time":1554905470937},{"prop":"CHG:POSTQ:3:Row-3 Col-1","value":"Some","time":1554905472377},{"prop":"CHG:POSTQ:3:Row-4 Col-2","value":"Tap Water","time":1554905473893},{"prop":"CHG:POSTQ:3:Row-4 Col-1","value":"Tap Water","time":1554905475036},{"prop":"POSTQ:3_Reason:","value":{"name":"{{$EFO_TED_E1_LISTPOST|ans4}}","value":"$EFL_efdata.TED.E1.LISTPOST","ontologyKey":"TED_E1_LISTPOST|yes","index":4,"id":"4"},"time":1554905490107},{"prop":"TEDExptPOSTTV","value":{"ontologyKey":"S_A4_T1_V2","index":2},"time":1554905491732},{"prop":"POSTQ:4","value":{"Row-2 Col-2":"Partial sunlight","Row-3 Col-1":"Some","Row-4 Col-1":"Rain Water","Row-4 Col-2":"Rain Water","Row-1 Col-2":"Whole Hive","Row-1 Col-1":"Whole Hive","Row-2 Col-1":"Full sunlight","Row-3 Col-2":"Some"},"time":1554905491732},{"prop":"CHG:POSTQ:4:Row-2 Col-2","value":"Partial sunlight","time":1554905506409},{"prop":"CHG:POSTQ:4:Row-3 Col-1","value":"None","time":1554905507535},{"prop":"CHG:POSTQ:4:Row-4 Col-1","value":"Tap Water","time":1554905509201},{"prop":"CHG:POSTQ:4:Row-4 Col-2","value":"Rain Water","time":1554905510202},{"prop":"CHG:POSTQ:4:Row-1 Col-2","value":"Whole Hive","time":1554905511335},{"prop":"CHG:POSTQ:4:Row-1 Col-1","value":"Whole Hive","time":1554905512590},{"prop":"CHG:POSTQ:4:Row-2 Col-1","value":"Full sunlight","time":1554905513593},{"prop":"CHG:POSTQ:4:Row-3 Col-1","value":"Some","time":1554905516525},{"prop":"CHG:POSTQ:4:Row-4 Col-2","value":"Tap Water","time":1554905521790},{"prop":"CHG:POSTQ:4:Row-4 Col-1","value":"Rain Water","time":1554905522940},{"prop":"CHG:POSTQ:4:Row-4 Col-2","value":"Rain Water","time":1554905524770},{"prop":"CHG:POSTQ:4:Row-3 Col-2","value":"Some","time":1554905526062},{"prop":"POSTQ:4_Reason:","value":{"name":"{{$EFO_TED_E1_LISTPOST|ans5}}","value":"$EFL_efdata.TED.E1.LISTPOST","ontologyKey":"TED_E1_LISTPOST|yes","index":5,"id":"5"},"time":1554905534140}],"Expt1_Q1":{"name":"{{$EFO_TED_E1_LISTYN|no}}","ontologyKey":"TED_E1_LISTYN|no","index":2,"value":true,"id":"correct"},"Expt1_Q":{"name":"{{$EFO_TED_E1_LISTYN|yes}}","ontologyKey":"TED_E1_LISTYN|yes","index":1,"value":false,"id":"incorrect"},"Expt1_Reason":{"name":"{{$EFO_TED_E1_LISTQ23|ans2}}","value":"$EFL_efdata.TED.E1.LISTQ23","ontologyKey":"TED_E1_LISTQ23|yes","index":2,"id":"2"},"Expt1_Q4":{"name":"{{$EFO_TED_E1_LISTYN|no}}","ontologyKey":"TED_E1_LISTYN|no","index":2,"value":true,"id":"correct"},"Imagine1":{"name":"{{$EFO_TED_E1_LISTYN|no}}","ontologyKey":"TED_E1_LISTYN|no","index":2,"value":true,"id":"correct"},"Imagine1_Reason":{"name":"{{$EFO_TED_E1_LISTQ56|ans5}}","value":"$EFL_efdata.TED.E1.LISTQ56","ontologyKey":"TED_E1_LISTQ56|yes","index":5,"id":"5"},"FFocus:1":{"Row-1 Col-3":"Could cause","Row-2 Col-3":"Could cause","Row-3 Col-3":"Could Not cause"},"TEDFeatureFocus":["","Could cause","Could cause","Could cause"],"CHG:FFocus:1:Row-1 Col-3":"Could cause","CHG:FFocus:1:Row-2 Col-3":"Could cause","CHG:FFocus:1:Row-3 Col-3":"Could Not cause","FFocus:1_CorrExp:":{"Row-2 Col-2":"Full sunlight","Row-3 Col-2":"None","Row-1 Col-2":"Zero"},"TEDcorrection":0,"CHG:FFocus:1_CorrExp::Row-2 Col-2":"Full sunlight","CHG:FFocus:1_CorrExp::Row-3 Col-2":"None","CHG:FFocus:1_CorrExp::Row-1 Col-2":"Zero","FFocus:1_Explain:":{"name":"{{$EFO_TED_E1_LISTQ9|ans6}}","value":"$EFL_efdata.TED.E1.LISTQ9","ontologyKey":"TED_E1_LISTQ9|yes","index":6,"id":"6"},"Expt2_Q":{"name":"{{$EFO_TED_E1_LISTYN|no}}","ontologyKey":"TED_E1_LISTYN|no","index":2,"value":true,"id":"correct"},"Expt2_Reason":{"name":"{{$EFO_TED_E1_LISTQ23|ans4}}","value":"$EFL_efdata.TED.E1.LISTQ23","ontologyKey":"TED_E1_LISTQ23|yes","index":4,"id":"4"},"Imagine2":{"name":"{{$EFO_TED_E1_LISTYN|no}}","ontologyKey":"TED_E1_LISTYN|no","index":2,"value":true,"id":"correct"},"Imagine2_Reason":{"name":"{{$EFO_TED_E1_LISTQ56|ans2}}","value":"$EFL_efdata.TED.E1.LISTQ56","ontologyKey":"TED_E1_LISTQ56|yes","index":2,"id":"2"},"FFocus:2":{"Row-2 Col-3":"Could cause","Row-3 Col-3":"Could cause","Row-4 Col-3":"Could cause"},"CHG:FFocus:2:Row-2 Col-3":"Could cause","CHG:FFocus:2:Row-3 Col-3":"Could cause","CHG:FFocus:2:Row-4 Col-3":"Could cause","FFocus:2_CorrExp:":{"Row-4 Col-2":"Rain Water"},"CHG:FFocus:2_CorrExp::Row-4 Col-2":"Rain Water","FFocus:2_Explain:":{"name":"{{$EFO_TED_E1_LISTQ9|ans5}}","value":"$EFL_efdata.TED.E1.LISTQ9","ontologyKey":"TED_E1_LISTQ9|yes","index":5,"id":"5"},"TEDExptPOSTTV":{"ontologyKey":"S_A4_T1_V2","index":2},"POSTQ:1":{"Row-1 Col-1":"Zero","Row-4 Col-1":"Tap Water","Row-3 Col-1":"Some","Row-3 Col-2":"Some","Row-2 Col-2":"Full sunlight","Row-2 Col-1":"Full sunlight","Row-4 Col-2":"Tap Water","Row-1 Col-2":"Zero"},"CHG:POSTQ:1:Row-1 Col-1":"Zero","CHG:POSTQ:1:Row-4 Col-1":"Tap Water","CHG:POSTQ:1:Row-3 Col-1":"Some","CHG:POSTQ:1:Row-3 Col-2":"Some","CHG:POSTQ:1:Row-2 Col-2":"Full sunlight","CHG:POSTQ:1:Row-2 Col-1":"Full sunlight","CHG:POSTQ:1:Row-4 Col-2":"Tap Water","CHG:POSTQ:1:Row-1 Col-2":"Zero","POSTQ:1_Reason:":{"name":"{{$EFO_TED_E1_LISTPOST|ans2}}","value":"$EFL_efdata.TED.E1.LISTPOST","ontologyKey":"TED_E1_LISTPOST|yes","index":2,"id":"2"},"POSTQ:2":{"Row-1 Col-1":"Whole Hive","Row-2 Col-2":"Full sunlight","Row-2 Col-1":"Partial sunlight","Row-3 Col-1":"None","Row-3 Col-2":"Some","Row-4 Col-2":"Tap Water","Row-4 Col-1":"Rain Water","Row-1 Col-2":"Zero"},"CHG:POSTQ:2:Row-1 Col-1":"Whole Hive","CHG:POSTQ:2:Row-2 Col-2":"Full sunlight","CHG:POSTQ:2:Row-2 Col-1":"Partial sunlight","CHG:POSTQ:2:Row-3 Col-1":"None","CHG:POSTQ:2:Row-3 Col-2":"Some","CHG:POSTQ:2:Row-4 Col-2":"Tap Water","CHG:POSTQ:2:Row-4 Col-1":"Rain Water","CHG:POSTQ:2:Row-1 Col-2":"Zero","POSTQ:2_Reason:":{"name":"{{$EFO_TED_E1_LISTPOST|ans4}}","value":"$EFL_efdata.TED.E1.LISTPOST","ontologyKey":"TED_E1_LISTPOST|yes","index":4,"id":"4"},"POSTQ:3":{"Row-1 Col-1":"Whole Hive","Row-1 Col-2":"Whole Hive","Row-2 Col-2":"Partial sunlight","Row-2 Col-1":"Full sunlight","Row-3 Col-2":"None","Row-3 Col-1":"Some","Row-4 Col-2":"Tap Water","Row-4 Col-1":"Tap Water"},"CHG:POSTQ:3:Row-1 Col-1":"Whole Hive","CHG:POSTQ:3:Row-1 Col-2":"Whole Hive","CHG:POSTQ:3:Row-2 Col-2":"Partial sunlight","CHG:POSTQ:3:Row-2 Col-1":"Full sunlight","CHG:POSTQ:3:Row-3 Col-2":"None","CHG:POSTQ:3:Row-3 Col-1":"Some","CHG:POSTQ:3:Row-4 Col-2":"Tap Water","CHG:POSTQ:3:Row-4 Col-1":"Tap Water","POSTQ:3_Reason:":{"name":"{{$EFO_TED_E1_LISTPOST|ans4}}","value":"$EFL_efdata.TED.E1.LISTPOST","ontologyKey":"TED_E1_LISTPOST|yes","index":4,"id":"4"},"POSTQ:4":{"Row-2 Col-2":"Partial sunlight","Row-3 Col-1":"Some","Row-4 Col-1":"Rain Water","Row-4 Col-2":"Rain Water","Row-1 Col-2":"Whole Hive","Row-1 Col-1":"Whole Hive","Row-2 Col-1":"Full sunlight","Row-3 Col-2":"Some"},"CHG:POSTQ:4:Row-2 Col-2":"Partial sunlight","CHG:POSTQ:4:Row-3 Col-1":"Some","CHG:POSTQ:4:Row-4 Col-1":"Rain Water","CHG:POSTQ:4:Row-4 Col-2":"Rain Water","CHG:POSTQ:4:Row-1 Col-2":"Whole Hive","CHG:POSTQ:4:Row-1 Col-1":"Whole Hive","CHG:POSTQ:4:Row-2 Col-1":"Full sunlight","CHG:POSTQ:4:Row-3 Col-2":"Some","POSTQ:4_Reason:":{"name":"{{$EFO_TED_E1_LISTPOST|ans5}}","value":"$EFL_efdata.TED.E1.LISTPOST","ontologyKey":"TED_E1_LISTPOST|yes","index":5,"id":"5"}},"tutor":{"experimentalGroup":{"ontologyKey":"EG_A1"},"$seq":[{"prop":"experimentalGroup.ontologyKey","value":"EG_A1","time":1554904069957}]}}