{"scene":{"SNavigator":{},"SScene3":{"complete":true,"$seq":[{"prop":"complete","value":false,"time":1554904070034},{"prop":"complete","value":true,"time":1554904076901}]},"SScene4":{"complete":true,"$seq":[{"prop":"complete","value":false,"time":1554904078236},{"prop":"complete","value":true,"time":1554904090175}]},"SScene5":{"complete":true,"$seq":[{"prop":"complete","value":false,"time":1554904098681},{"prop":"complete","value":true,"time":1554904104424}]},"SScene6":{"complete":false,"$seq":[{"prop":"complete","value":false,"time":1554904115470}]}},"module":{"selectedArea":{"ontologyKey":"S_A4|name","index":4},"selectedTopic":{"ontologyKey":"S_A4_T1|name","index":1},"selectedVariable":{"ontologyKey":"S_A4_T1_V3|name","index":3},"selectedRQ":{"ontologyKey":"S_A4_T1_RQ3","index":"3"},"RQconfirmation":"UNKNOWN","TEDExptNonTarget":[1,2,3],"TEDExptConfounds":[1,2,3],"TEDExptDifferent":[1,2,3,4],"TEDExptArea":{"ontologyKey":"S_A4","index":4},"TEDExptTopic":{"ontologyKey":"S_A4_T1","index":1},"TEDExptVariable":{"ontologyKey":"S_A4_T1_V4","index":4},"TEDExptRQ":{"ontologyKey":"S_A4_T1_RQ4","index":4},"TEDExptVarNC1":{"ontologyKey":"S_A4_T1_V1","index":1},"TEDExptVarNC2":{"ontologyKey":"S_A4_T1_V2","index":2},"TEDExptVarNC3":{"ontologyKey":"S_A4_T1_V3","index":3},"TEDExptPOSTSequence":[{"ontologyKey":"S_A4_T1_V3","index":3},{"ontologyKey":"S_A4_T1_V4","index":4},{"ontologyKey":"S_A4_T1_V1","index":1},{"ontologyKey":"S_A4_T1_V2","index":2}],"TEDExpt1V1":{"ontologyKey":"S_A4_T1_V1_A","index":1},"TEDExpt2V1":{"ontologyKey":"S_A4_T1_V1_B","index":1},"TEDExpt1V2":{"ontologyKey":"S_A4_T1_V2_A","index":2},"TEDExpt2V2":{"ontologyKey":"S_A4_T1_V2_B","index":2},"TEDExpt1V3":{"ontologyKey":"S_A4_T1_V3_A","index":3},"TEDExpt2V3":{"ontologyKey":"S_A4_T1_V3_B","index":3},"TEDExpt1V4":{"ontologyKey":"S_A4_T1_V4_A","index":4},"TEDExpt2V4":{"ontologyKey":"S_A4_T1_V4_B","index":4},"TEDExptNC1SameDiff":{"ontologyKey":"TED_E1_Q7NC1DIFF","value":"diff","index":1},"TEDExptNC1Confound":{"ontologyKey":"S_A4_T1_V1","index":1},"TEDExptNC2SameDiff":{"ontologyKey":"TED_E1_Q7NC2DIFF","value":"diff","index":2},"TEDExptNC2Confound":{"ontologyKey":"S_A4_T1_V2","index":2},"TEDExptNC3SameDiff":{"ontologyKey":"TED_E1_Q7NC3DIFF","value":"diff","index":3},"TEDExptNC3Confound":{"ontologyKey":"S_A4_T1_V3","index":3},"differentRow":3,"sameRow1":1,"sameRow2":2,"sameRow3":4,"$seq":[{"prop":"TEDExptNonTarget","value":[1,2,3],"time":1554904069964},{"prop":"TEDExptConfounds","value":[1,2,3],"time":1554904069965},{"prop":"TEDExptDifferent","value":[1,2,3,4],"time":1554904069965},{"prop":"TEDExptArea","value":{"ontologyKey":"S_A4","index":4},"time":1554904069965},{"prop":"TEDExptTopic","value":{"ontologyKey":"S_A4_T1","index":1},"time":1554904069965},{"prop":"TEDExptVariable","value":{"ontologyKey":"S_A4_T1_V4","index":4},"time":1554904069965},{"prop":"TEDExptRQ","value":{"ontologyKey":"S_A4_T1_RQ4","index":4},"time":1554904069965},{"prop":"TEDExptVarNC1","value":{"ontologyKey":"S_A4_T1_V1","index":1},"time":1554904069965},{"prop":"TEDExptVarNC2","value":{"ontologyKey":"S_A4_T1_V2","index":2},"time":1554904069965},{"prop":"TEDExptVarNC3","value":{"ontologyKey":"S_A4_T1_V3","index":3},"time":1554904069965},{"prop":"TEDExptPOSTSequence","value":[{"ontologyKey":"S_A4_T1_V3","index":3},{"ontologyKey":"S_A4_T1_V4","index":4},{"ontologyKey":"S_A4_T1_V1","index":1},{"ontologyKey":"S_A4_T1_V2","index":2}],"time":1554904069966},{"prop":"TEDExpt1V1","value":{"ontologyKey":"S_A4_T1_V1_A","index":1},"time":1554904069966},{"prop":"TEDExpt2V1","value":{"ontologyKey":"S_A4_T1_V1_A","index":1},"time":1554904069966},{"prop":"TEDExpt1V2","value":{"ontologyKey":"S_A4_T1_V2_A","index":2},"time":1554904069966},{"prop":"TEDExpt2V2","value":{"ontologyKey":"S_A4_T1_V2_A","index":2},"time":1554904069966},{"prop":"TEDExpt1V3","value":{"ontologyKey":"S_A4_T1_V3_A","index":3},"time":1554904069966},{"prop":"TEDExpt2V3","value":{"ontologyKey":"S_A4_T1_V3_A","index":3},"time":1554904069966},{"prop":"TEDExpt1V4","value":{"ontologyKey":"S_A4_T1_V4_A","index":4},"time":1554904069966},{"prop":"TEDExpt2V4","value":{"ontologyKey":"S_A4_T1_V4_A","index":4},"time":1554904069966},{"prop":"TEDExpt2V1","value":{"ontologyKey":"S_A4_T1_V1_B","index":1},"time":1554904069966},{"prop":"TEDExpt2V2","value":{"ontologyKey":"S_A4_T1_V2_B","index":2},"time":1554904069966},{"prop":"TEDExpt2V3","value":{"ontologyKey":"S_A4_T1_V3_B","index":3},"time":1554904069966},{"prop":"TEDExpt2V4","value":{"ontologyKey":"S_A4_T1_V4_B","index":4},"time":1554904069966},{"prop":"TEDExptNC1SameDiff","value":{"ontologyKey":"TED_E1_Q7NC1DIFF","value":"diff","index":1},"time":1554904069966},{"prop":"TEDExptNC1Confound","value":{"ontologyKey":"S_A4_T1_V1","index":1},"time":1554904069966},{"prop":"TEDExptNC2SameDiff","value":{"ontologyKey":"TED_E1_Q7NC2DIFF","value":"diff","index":2},"time":1554904069966},{"prop":"TEDExptNC2Confound","value":{"ontologyKey":"S_A4_T1_V2","index":2},"time":1554904069966},{"prop":"TEDExptNC3SameDiff","value":{"ontologyKey":"TED_E1_Q7NC3DIFF","value":"diff","index":3},"time":1554904069966},{"prop":"TEDExptNC3Confound","value":{"ontologyKey":"S_A4_T1_V3","index":3},"time":1554904069966}]},"tutor":{"experimentalGroup":{"ontologyKey":"EG_A1"},"$seq":[{"prop":"experimentalGroup.ontologyKey","value":"EG_A1","time":1554904069957}]}}