{"scene":{"SNavigator":{},"SScene3":{"complete":true,"$seq":[{"prop":"complete","value":false,"time":1554904070034},{"prop":"complete","value":true,"time":1554904076901}]},"SScene4":{"complete":true,"$seq":[{"prop":"complete","value":false,"time":1554904078236},{"prop":"complete","value":true,"time":1554904090175}]},"SScene5":{"complete":true,"$seq":[{"prop":"complete","value":false,"time":1554904098681},{"prop":"complete","value":true,"time":1554904104424}]},"SScene6":{"complete":true,"$seq":[{"prop":"complete","value":false,"time":1554904115470},{"prop":"complete","value":true,"time":1554904127022}]},"SScene7":{"complete":true,"$seq":[{"prop":"complete","value":false,"time":1554904131406},{"prop":"complete","value":true,"time":1554904145860}]},"SScene8":{"complete":true,"$seq":[{"prop":"complete","value":false,"time":1554904151719},{"prop":"complete","value":true,"time":1554904292617}]},"SScene9":{"complete":false,"$seq":[{"prop":"complete","value":false,"time":1554904296754},{"prop":"complete","value":true,"time":1554904309210},{"prop":"complete","value":false,"time":1554904310981}]},"SScene11":{"complete":true,"$seq":[{"prop":"complete","value":false,"time":1554904322801},{"prop":"complete","value":true,"time":1554904342355}]},"SScene12":{"complete":true,"$seq":[{"prop":"complete","value":false,"time":1554904344728},{"prop":"complete","value":true,"time":1554904356613}]},"SScene12A":{"complete":false,"$seq":[{"prop":"complete","value":false,"time":1554904369444},{"prop":"complete","value":true,"time":1554904382846},{"prop":"complete","value":false,"time":1554904384767},{"prop":"complete","value":false,"time":1554904384785},{"prop":"complete","value":false,"time":1554904386469},{"prop":"complete","value":false,"time":1554904387769},{"prop":"complete","value":false,"time":1554904389455},{"prop":"complete","value":false,"time":1554904390761},{"prop":"complete","value":false,"time":1554904391257},{"prop":"complete","value":false,"time":1554904392566}]},"SScene13":{"complete":false,"$seq":[{"prop":"complete","value":false,"time":1554904394240},{"prop":"complete","value":true,"time":1554904408448},{"prop":"complete","value":false,"time":1554904409655}]},"SScene15":{"complete":false,"$seq":[{"prop":"complete","value":false,"time":1554904428436}]}},"module":{"selectedArea":{"ontologyKey":"S_A4|name","index":4},"selectedTopic":{"ontologyKey":"S_A4_T1|name","index":1},"selectedVariable":{"ontologyKey":"S_A4_T1_V3|name","index":3},"selectedRQ":{"ontologyKey":"S_A4_T1_RQ3","index":"3"},"RQconfirmation":"UNKNOWN","TEDExptNonTarget":[1,2,3],"TEDExptConfounds":[1,2,3],"TEDExptDifferent":[1,2,3,4],"TEDExptArea":{"ontologyKey":"S_A4","index":4},"TEDExptTopic":{"ontologyKey":"S_A4_T1","index":1},"TEDExptVariable":{"ontologyKey":"S_A4_T1_V4","index":4},"TEDExptRQ":{"ontologyKey":"S_A4_T1_RQ4","index":4},"TEDExptVarNC1":{"ontologyKey":"S_A4_T1_V1","index":1},"TEDExptVarNC2":{"ontologyKey":"S_A4_T1_V2","index":2},"TEDExptVarNC3":{"ontologyKey":"S_A4_T1_V3","index":3},"TEDExptPOSTSequence":[{"ontologyKey":"S_A4_T1_V3","index":3},{"ontologyKey":"S_A4_T1_V4","index":4},{"ontologyKey":"S_A4_T1_V1","index":1},{"ontologyKey":"S_A4_T1_V2","index":2}],"TEDExpt1V1":{"ontologyKey":"S_A4_T1_V1_A","index":1},"TEDExpt2V1":{"ontologyKey":"S_A4_T1_V1_B","index":1},"TEDExpt1V2":{"ontologyKey":"S_A4_T1_V2_A","index":2},"TEDExpt2V2":{"ontologyKey":"S_A4_T1_V2_B","index":2},"TEDExpt1V3":{"ontologyKey":"S_A4_T1_V3_A","index":3},"TEDExpt2V3":{"ontologyKey":"S_A4_T1_V3_B","index":3},"TEDExpt1V4":{"ontologyKey":"S_A4_T1_V4_A","index":4},"TEDExpt2V4":{"ontologyKey":"S_A4_T1_V4_B","index":4},"TEDExptNC1SameDiff":{"ontologyKey":"TED_E1_Q7NC1DIFF","value":"diff","index":1},"TEDExptNC1Confound":{"ontologyKey":"S_A4_T1_V1","index":1},"TEDExptNC2SameDiff":{"ontologyKey":"TED_E1_Q7NC2DIFF","value":"diff","index":2},"TEDExptNC2Confound":{"ontologyKey":"S_A4_T1_V2","index":2},"TEDExptNC3SameDiff":{"ontologyKey":"TED_E1_Q7NC3DIFF","value":"diff","index":3},"TEDExptNC3Confound":{"ontologyKey":"S_A4_T1_V3","index":3},"differentRow":3,"sameRow1":1,"sameRow2":2,"sameRow3":4,"$seq":[{"prop":"TEDExptNonTarget","value":[1,2,3],"time":1554904069964},{"prop":"TEDExptConfounds","value":[1,2,3],"time":1554904069965},{"prop":"TEDExptDifferent","value":[1,2,3,4],"time":1554904069965},{"prop":"TEDExptArea","value":{"ontologyKey":"S_A4","index":4},"time":1554904069965},{"prop":"TEDExptTopic","value":{"ontologyKey":"S_A4_T1","index":1},"time":1554904069965},{"prop":"TEDExptVariable","value":{"ontologyKey":"S_A4_T1_V4","index":4},"time":1554904069965},{"prop":"TEDExptRQ","value":{"ontologyKey":"S_A4_T1_RQ4","index":4},"time":1554904069965},{"prop":"TEDExptVarNC1","value":{"ontologyKey":"S_A4_T1_V1","index":1},"time":1554904069965},{"prop":"TEDExptVarNC2","value":{"ontologyKey":"S_A4_T1_V2","index":2},"time":1554904069965},{"prop":"TEDExptVarNC3","value":{"ontologyKey":"S_A4_T1_V3","index":3},"time":1554904069965},{"prop":"TEDExptPOSTSequence","value":[{"ontologyKey":"S_A4_T1_V3","index":3},{"ontologyKey":"S_A4_T1_V4","index":4},{"ontologyKey":"S_A4_T1_V1","index":1},{"ontologyKey":"S_A4_T1_V2","index":2}],"time":1554904069966},{"prop":"TEDExpt1V1","value":{"ontologyKey":"S_A4_T1_V1_A","index":1},"time":1554904069966},{"prop":"TEDExpt2V1","value":{"ontologyKey":"S_A4_T1_V1_A","index":1},"time":1554904069966},{"prop":"TEDExpt1V2","value":{"ontologyKey":"S_A4_T1_V2_A","index":2},"time":1554904069966},{"prop":"TEDExpt2V2","value":{"ontologyKey":"S_A4_T1_V2_A","index":2},"time":1554904069966},{"prop":"TEDExpt1V3","value":{"ontologyKey":"S_A4_T1_V3_A","index":3},"time":1554904069966},{"prop":"TEDExpt2V3","value":{"ontologyKey":"S_A4_T1_V3_A","index":3},"time":1554904069966},{"prop":"TEDExpt1V4","value":{"ontologyKey":"S_A4_T1_V4_A","index":4},"time":1554904069966},{"prop":"TEDExpt2V4","value":{"ontologyKey":"S_A4_T1_V4_A","index":4},"time":1554904069966},{"prop":"TEDExpt2V1","value":{"ontologyKey":"S_A4_T1_V1_B","index":1},"time":1554904069966},{"prop":"TEDExpt2V2","value":{"ontologyKey":"S_A4_T1_V2_B","index":2},"time":1554904069966},{"prop":"TEDExpt2V3","value":{"ontologyKey":"S_A4_T1_V3_B","index":3},"time":1554904069966},{"prop":"TEDExpt2V4","value":{"ontologyKey":"S_A4_T1_V4_B","index":4},"time":1554904069966},{"prop":"TEDExptNC1SameDiff","value":{"ontologyKey":"TED_E1_Q7NC1DIFF","value":"diff","index":1},"time":1554904069966},{"prop":"TEDExptNC1Confound","value":{"ontologyKey":"S_A4_T1_V1","index":1},"time":1554904069966},{"prop":"TEDExptNC2SameDiff","value":{"ontologyKey":"TED_E1_Q7NC2DIFF","value":"diff","index":2},"time":1554904069966},{"prop":"TEDExptNC2Confound","value":{"ontologyKey":"S_A4_T1_V2","index":2},"time":1554904069966},{"prop":"TEDExptNC3SameDiff","value":{"ontologyKey":"TED_E1_Q7NC3DIFF","value":"diff","index":3},"time":1554904069966},{"prop":"TEDExptNC3Confound","value":{"ontologyKey":"S_A4_T1_V3","index":3},"time":1554904069966},{"prop":"Expt1_Q1","value":{"name":"{{$EFO_TED_E1_LISTYN|yes}}","ontologyKey":"TED_E1_LISTYN|yes","index":1,"value":false,"id":"incorrect"},"time":1554904309210},{"prop":"Expt1_Q","value":{"name":"{{$EFO_TED_E1_LISTYN|yes}}","ontologyKey":"TED_E1_LISTYN|yes","index":1,"value":false,"id":"incorrect"},"time":1554904309210},{"prop":"Expt1_Reason","value":{"name":"{{$EFO_TED_E1_LISTQ23|ans2}}","value":"$EFL_efdata.TED.E1.LISTQ23","ontologyKey":"TED_E1_LISTQ23|yes","index":2,"id":"2"},"time":1554904342355},{"prop":"Expt1_Q4","value":{"name":"{{$EFO_TED_E1_LISTYN|no}}","ontologyKey":"TED_E1_LISTYN|no","index":2,"value":true,"id":"correct"},"time":1554904382846},{"prop":"Imagine1","value":{"name":"{{$EFO_TED_E1_LISTYN|no}}","ontologyKey":"TED_E1_LISTYN|no","index":2,"value":true,"id":"correct"},"time":1554904382846},{"prop":"Imagine1_Reason","value":{"name":"{{$EFO_TED_E1_LISTQ56|ans5}}","value":"$EFL_efdata.TED.E1.LISTQ56","ontologyKey":"TED_E1_LISTQ56|yes","index":5,"id":"5"},"time":1554904408448},{"prop":"FFocus:1","value":{},"time":1554904428436}],"Expt1_Q1":{"name":"{{$EFO_TED_E1_LISTYN|yes}}","ontologyKey":"TED_E1_LISTYN|yes","index":1,"value":false,"id":"incorrect"},"Expt1_Q":{"name":"{{$EFO_TED_E1_LISTYN|yes}}","ontologyKey":"TED_E1_LISTYN|yes","index":1,"value":false,"id":"incorrect"},"Expt1_Reason":{"name":"{{$EFO_TED_E1_LISTQ23|ans2}}","value":"$EFL_efdata.TED.E1.LISTQ23","ontologyKey":"TED_E1_LISTQ23|yes","index":2,"id":"2"},"Expt1_Q4":{"name":"{{$EFO_TED_E1_LISTYN|no}}","ontologyKey":"TED_E1_LISTYN|no","index":2,"value":true,"id":"correct"},"Imagine1":{"name":"{{$EFO_TED_E1_LISTYN|no}}","ontologyKey":"TED_E1_LISTYN|no","index":2,"value":true,"id":"correct"},"Imagine1_Reason":{"name":"{{$EFO_TED_E1_LISTQ56|ans5}}","value":"$EFL_efdata.TED.E1.LISTQ56","ontologyKey":"TED_E1_LISTQ56|yes","index":5,"id":"5"},"FFocus:1":{}},"tutor":{"experimentalGroup":{"ontologyKey":"EG_A1"},"$seq":[{"prop":"experimentalGroup.ontologyKey","value":"EG_A1","time":1554904069957}]}}