{"scene":{"SNavigator":{},"SIntro":{"complete":false,"$seq":[{"prop":"complete","value":false,"time":1556110811999}]},"SScene1":{"complete":true,"$seq":[{"prop":"complete","value":false,"time":1556110826888},{"prop":"Sg1","value":"true","time":1556110863755},{"prop":"DR1:Sg1","value":"ans1","time":1556110863755},{"prop":"complete","value":true,"time":1556110863756},{"prop":"Sg1","value":"true","time":1556110863759},{"prop":"complete","value":true,"time":1556110863759},{"prop":"Sg1","value":"true","time":1556110865664},{"prop":"DR1:Sg1","value":"ans2","time":1556110865664},{"prop":"complete","value":true,"time":1556110865664},{"prop":"Sg1","value":"true","time":1556110865664},{"prop":"complete","value":true,"time":1556110865664},{"prop":"Sg1","value":"true","time":1556110866905},{"prop":"DR1:Sg1","value":"ans1","time":1556110866905},{"prop":"complete","value":true,"time":1556110866905},{"prop":"Sg1","value":"true","time":1556110866906},{"prop":"complete","value":true,"time":1556110866906}],"Sg1":"true","DR1:Sg1":"ans1"},"SScene2":{"complete":true,"$seq":[{"prop":"complete","value":false,"time":1556110867817},{"prop":"Sg1","value":"true","time":1556110886761},{"prop":"DR2:Sg1","value":"ans1","time":1556110886761},{"prop":"complete","value":true,"time":1556110886761},{"prop":"Sg1","value":"true","time":1556110886762},{"prop":"complete","value":true,"time":1556110886762}],"Sg1":"true","DR2:Sg1":"ans1"},"SScene3":{"complete":true,"$seq":[{"prop":"complete","value":false,"time":1556110890328},{"prop":"Sg1","value":"true","time":1556110930350},{"prop":"DR3:Sg1","value":"ans3","time":1556110930350},{"prop":"complete","value":true,"time":1556110930350},{"prop":"Sg1","value":"true","time":1556110930351},{"prop":"complete","value":true,"time":1556110930351}],"Sg1":"true","DR3:Sg1":"ans3"},"SScene4":{"complete":true,"$seq":[{"prop":"complete","value":false,"time":1556110931938},{"prop":"Sg1","value":"true","time":1556110974692},{"prop":"DR4:Sg1","value":"ans1","time":1556110974692},{"prop":"complete","value":true,"time":1556110974692},{"prop":"Sg1","value":"true","time":1556110974693},{"prop":"complete","value":true,"time":1556110974693}],"Sg1":"true","DR4:Sg1":"ans1"},"SSubmit":{"complete":false,"$seq":[{"prop":"complete","value":false,"time":1556110976210}]},"SSceneEnd":{"complete":false,"$seq":[{"prop":"complete","value":false,"time":1556110983839}]}},"module":{},"tutor":{}}