{"scene":{"SNavigator":{},"SIntro":{"complete":false,"$seq":[{"prop":"complete","value":false,"time":1276142588252}]},"SScene1":{"complete":true,"$seq":[{"prop":"complete","value":false,"time":1276142602698},{"prop":"Sg1","value":"true","time":1276142621308},{"prop":"DR1:Sg1","value":"ans1","time":1276142621308},{"prop":"complete","value":true,"time":1276142621308},{"prop":"Sg1","value":"true","time":1276142621310},{"prop":"complete","value":true,"time":1276142621310}],"Sg1":"true","DR1:Sg1":"ans1"},"SScene2":{"complete":false,"$seq":[{"prop":"complete","value":false,"time":1276142622527}]}},"module":{},"tutor":{}}