{"scene":{"SNavigator":{},"SScene3":{"complete":true,"$seq":[{"prop":"complete","value":false,"time":1554914556422},{"prop":"complete","value":true,"time":1554914563490}]},"SScene4":{"complete":true,"$seq":[{"prop":"complete","value":false,"time":1554914566274},{"prop":"complete","value":true,"time":1554914578142}]},"SScene5":{"complete":true,"$seq":[{"prop":"complete","value":false,"time":1554914579474},{"prop":"complete","value":true,"time":1554914585335}]},"SScene6":{"complete":true,"$seq":[{"prop":"complete","value":false,"time":1554914589289},{"prop":"complete","value":true,"time":1554914600831}]},"SScene7":{"complete":true,"$seq":[{"prop":"complete","value":false,"time":1554915036132},{"prop":"complete","value":true,"time":1554915046085}]},"SScene8":{"complete":true,"$seq":[{"prop":"complete","value":false,"time":1554915048233},{"prop":"complete","value":true,"time":1554915105095}]},"SScene9":{"complete":false,"$seq":[{"prop":"complete","value":false,"time":1554915108699},{"prop":"complete","value":true,"time":1554915129388},{"prop":"complete","value":false,"time":1554915131439}]},"SScene11":{"complete":false,"$seq":[{"prop":"complete","value":false,"time":1554915135783}]},"SScene12":{"complete":true,"$seq":[{"prop":"complete","value":false,"time":1554914728496},{"prop":"complete","value":true,"time":1554914736701}]},"SScene12A":{"complete":false,"$seq":[{"prop":"complete","value":false,"time":1554914738714},{"prop":"complete","value":true,"time":1554914751236},{"prop":"complete","value":false,"time":1554914752516},{"prop":"complete","value":false,"time":1554914755137},{"prop":"complete","value":false,"time":1554914756527},{"prop":"complete","value":false,"time":1554914760594},{"prop":"complete","value":false,"time":1554914762023},{"prop":"complete","value":false,"time":1554914763324},{"prop":"complete","value":false,"time":1554914764640}]},"SScene13":{"complete":false,"$seq":[{"prop":"complete","value":false,"time":1554914766112},{"prop":"complete","value":true,"time":1554914776798},{"prop":"complete","value":false,"time":1554914777933}]},"SScene15":{"complete":true,"$seq":[{"prop":"complete","value":false,"time":1554914789220},{"prop":"complete","value":false,"time":1554914824313},{"prop":"complete","value":false,"time":1554914831695},{"prop":"complete","value":false,"time":1554914834937},{"prop":"complete","value":true,"time":1554914837501},{"prop":"complete","value":false,"time":1554914840681},{"prop":"complete","value":false,"time":1554914841828},{"prop":"complete","value":false,"time":1554914843356},{"prop":"complete","value":true,"time":1554914893341}]},"SScene16":{"complete":true,"$seq":[{"prop":"complete","value":false,"time":1554914895040},{"prop":"complete","value":false,"time":1554914928761},{"prop":"complete","value":false,"time":1554914931992},{"prop":"complete","value":true,"time":1554914939592}]},"SScene17":{"complete":true,"$seq":[{"prop":"complete","value":false,"time":1554914944399},{"prop":"complete","value":true,"time":1554914954151},{"prop":"complete","value":true,"time":1554914954151},{"prop":"complete","value":false,"time":1554914956401},{"prop":"complete","value":false,"time":1554914962474},{"prop":"complete","value":false,"time":1554914963777},{"prop":"complete","value":false,"time":1554914967394},{"prop":"complete","value":false,"time":1554914969055},{"prop":"complete","value":false,"time":1554914971216},{"prop":"complete","value":false,"time":1554914972608},{"prop":"complete","value":false,"time":1554914976506},{"prop":"complete","value":false,"time":1554914978232},{"prop":"complete","value":false,"time":1554914979819},{"prop":"complete","value":false,"time":1554914981206},{"prop":"complete","value":false,"time":1554914986478},{"prop":"complete","value":false,"time":1554914987880},{"prop":"complete","value":true,"time":1554914990042}]}},"module":{"selectedArea":{"ontologyKey":"S_A1|name","index":1},"selectedTopic":{"ontologyKey":"S_A1_T2|name","index":2},"selectedVariable":{"ontologyKey":"S_A1_T2_V4|name","index":4},"selectedRQ":{"ontologyKey":"S_A1_T2_RQ4","index":"4"},"RQconfirmation":"UNKNOWN","TEDExptNonTarget":[1,3,4],"TEDExptConfounds":[1],"TEDExptDifferent":[1,2],"TEDExptArea":{"ontologyKey":"S_A1","index":1},"TEDExptTopic":{"ontologyKey":"S_A1_T2","index":2},"TEDExptVariable":{"ontologyKey":"S_A1_T2_V2","index":2},"TEDExptRQ":{"ontologyKey":"S_A1_T2_RQ2","index":2},"TEDExptVarNC1":{"ontologyKey":"S_A1_T2_V1","index":1},"TEDExptVarNC2":{"ontologyKey":"S_A1_T2_V3","index":3},"TEDExptVarNC3":{"ontologyKey":"S_A1_T2_V4","index":4},"TEDExptPOSTSequence":[{"ontologyKey":"S_A1_T2_V4","index":4},{"ontologyKey":"S_A1_T2_V1","index":1},{"ontologyKey":"S_A1_T2_V2","index":2},{"ontologyKey":"S_A1_T2_V3","index":3}],"TEDExpt1V1":{"ontologyKey":"S_A1_T2_V1_A","index":1},"TEDExpt2V1":{"ontologyKey":"S_A1_T2_V1_B","index":1},"TEDExpt1V2":{"ontologyKey":"S_A1_T2_V2_A","index":2},"TEDExpt2V2":{"ontologyKey":"S_A1_T2_V2_B","index":2},"TEDExpt1V3":{"ontologyKey":"S_A1_T2_V3_A","index":3},"TEDExpt2V3":{"ontologyKey":"S_A1_T2_V3_A","index":3},"TEDExpt1V4":{"ontologyKey":"S_A1_T2_V4_A","index":4},"TEDExpt2V4":{"ontologyKey":"S_A1_T2_V4_A","index":4},"TEDExptNC1SameDiff":{"ontologyKey":"TED_E1_Q7NC1DIFF","value":"diff","index":1},"TEDExptNC1Confound":{"ontologyKey":"S_A1_T2_V1","index":1},"TEDExptNC2SameDiff":{"ontologyKey":"TED_E1_Q7NC2SAME","value":"same","index":3},"TEDExptNC2Confound":{"ontologyKey":"S_A1_T2_V3","index":3},"TEDExptNC3SameDiff":{"ontologyKey":"TED_E1_Q7NC3SAME","value":"same","index":4},"TEDExptNC3Confound":{"ontologyKey":"S_A1_T2_V4","index":4},"differentRow":4,"independentVarN":{"row":4,"col":0,"ontologyKey":"S_A1_T2_V4|name","isText":true,"selectedValue":"Amount of CO2","cell":{},"processed":true},"sameRow1":1,"sameRow2":2,"sameRow3":3,"$seq":[{"prop":"TEDExptNonTarget","value":[2,3,4],"time":1554914556349},{"prop":"TEDExptConfounds","value":[2,3,4],"time":1554914556349},{"prop":"TEDExptDifferent","value":[2,3,4,1],"time":1554914556349},{"prop":"TEDExptArea","value":{"ontologyKey":"S_A1","index":1},"time":1554914556349},{"prop":"TEDExptTopic","value":{"ontologyKey":"S_A1_T2","index":2},"time":1554914556349},{"prop":"TEDExptVariable","value":{"ontologyKey":"S_A1_T2_V1","index":1},"time":1554914556349},{"prop":"TEDExptRQ","value":{"ontologyKey":"S_A1_T2_RQ1","index":1},"time":1554914556349},{"prop":"TEDExptVarNC1","value":{"ontologyKey":"S_A1_T2_V2","index":2},"time":1554914556349},{"prop":"TEDExptVarNC2","value":{"ontologyKey":"S_A1_T2_V3","index":3},"time":1554914556349},{"prop":"TEDExptVarNC3","value":{"ontologyKey":"S_A1_T2_V4","index":4},"time":1554914556350},{"prop":"TEDExptPOSTSequence","value":[{"ontologyKey":"S_A1_T2_V4","index":4},{"ontologyKey":"S_A1_T2_V1","index":1},{"ontologyKey":"S_A1_T2_V2","index":2},{"ontologyKey":"S_A1_T2_V3","index":3}],"time":1554914556350},{"prop":"TEDExpt1V1","value":{"ontologyKey":"S_A1_T2_V1_A","index":1},"time":1554914556350},{"prop":"TEDExpt2V1","value":{"ontologyKey":"S_A1_T2_V1_A","index":1},"time":1554914556350},{"prop":"TEDExpt1V2","value":{"ontologyKey":"S_A1_T2_V2_A","index":2},"time":1554914556350},{"prop":"TEDExpt2V2","value":{"ontologyKey":"S_A1_T2_V2_A","index":2},"time":1554914556350},{"prop":"TEDExpt1V3","value":{"ontologyKey":"S_A1_T2_V3_A","index":3},"time":1554914556350},{"prop":"TEDExpt2V3","value":{"ontologyKey":"S_A1_T2_V3_A","index":3},"time":1554914556350},{"prop":"TEDExpt1V4","value":{"ontologyKey":"S_A1_T2_V4_A","index":4},"time":1554914556350},{"prop":"TEDExpt2V4","value":{"ontologyKey":"S_A1_T2_V4_A","index":4},"time":1554914556350},{"prop":"TEDExpt2V2","value":{"ontologyKey":"S_A1_T2_V2_B","index":2},"time":1554914556350},{"prop":"TEDExpt2V3","value":{"ontologyKey":"S_A1_T2_V3_B","index":3},"time":1554914556350},{"prop":"TEDExpt2V4","value":{"ontologyKey":"S_A1_T2_V4_B","index":4},"time":1554914556350},{"prop":"TEDExpt2V1","value":{"ontologyKey":"S_A1_T2_V1_B","index":1},"time":1554914556350},{"prop":"TEDExptNC1SameDiff","value":{"ontologyKey":"TED_E1_Q7NC1DIFF","value":"diff","index":2},"time":1554914556350},{"prop":"TEDExptNC1Confound","value":{"ontologyKey":"S_A1_T2_V2","index":2},"time":1554914556350},{"prop":"TEDExptNC2SameDiff","value":{"ontologyKey":"TED_E1_Q7NC2DIFF","value":"diff","index":3},"time":1554914556350},{"prop":"TEDExptNC2Confound","value":{"ontologyKey":"S_A1_T2_V3","index":3},"time":1554914556350},{"prop":"TEDExptNC3SameDiff","value":{"ontologyKey":"TED_E1_Q7NC3DIFF","value":"diff","index":4},"time":1554914556350},{"prop":"TEDExptNC3Confound","value":{"ontologyKey":"S_A1_T2_V4","index":4},"time":1554914556350},{"prop":"Expt1_Q1","value":{"name":"{{$EFO_TED_E1_LISTYN|yes}}","ontologyKey":"TED_E1_LISTYN|yes","index":1,"value":false,"id":"incorrect"},"time":1554914695172},{"prop":"Expt1_Q","value":{"name":"{{$EFO_TED_E1_LISTYN|yes}}","ontologyKey":"TED_E1_LISTYN|yes","index":1,"value":false,"id":"incorrect"},"time":1554914695172},{"prop":"Expt1_Reason","value":{"name":"{{$EFO_TED_E1_LISTQ23|ans3}}","value":"$EFL_efdata.TED.E1.LISTQ23","ontologyKey":"TED_E1_LISTQ23|yes","index":3,"id":"3"},"time":1554914725784},{"prop":"Expt1_Q4","value":{"name":"{{$EFO_TED_E1_LISTYN|no}}","ontologyKey":"TED_E1_LISTYN|no","index":2,"value":true,"id":"correct"},"time":1554914751236},{"prop":"Imagine1","value":{"name":"{{$EFO_TED_E1_LISTYN|no}}","ontologyKey":"TED_E1_LISTYN|no","index":2,"value":true,"id":"correct"},"time":1554914751236},{"prop":"Imagine1_Reason","value":{"name":"{{$EFO_TED_E1_LISTQ56|ans1}}","value":"$EFL_efdata.TED.E1.LISTQ56","ontologyKey":"TED_E1_LISTQ56|yes","index":1,"id":"1"},"time":1554914776797},{"prop":"FFocus:1","value":{"Row-2 Col-3":"Could Not cause","Row-3 Col-3":"Could cause","Row-4 Col-3":"Could cause"},"time":1554914789220},{"prop":"TEDFeatureFocus","value":["","Could Not cause","Could cause","Could cause"],"time":1554914789542},{"prop":"CHG:FFocus:1:Row-2 Col-3","value":"Could cause","time":1554914824313},{"prop":"TEDFeatureFocus","value":["","Could Not cause","Could cause","Could cause"],"time":1554914824313},{"prop":"CHG:FFocus:1:Row-3 Col-3","value":"Could cause","time":1554914831695},{"prop":"TEDFeatureFocus","value":["","Could Not cause","Could cause","Could cause"],"time":1554914831695},{"prop":"CHG:FFocus:1:Row-2 Col-3","value":"Could Not cause","time":1554914834937},{"prop":"TEDFeatureFocus","value":["","Could Not cause","Could cause","Could cause"],"time":1554914834937},{"prop":"CHG:FFocus:1:Row-4 Col-3","value":"Could cause","time":1554914837501},{"prop":"TEDFeatureFocus","value":["","Could Not cause","Could cause","Could cause"],"time":1554914837501},{"prop":"FFocus:1_CorrExp:","value":{"Row-2 Col-1":"None","Row-3 Col-1":"Rough","Row-4 Col-2":"High"},"time":1554914895040},{"prop":"TEDcorrection","value":3,"time":1554914895361},{"prop":"CHG:FFocus:1_CorrExp::Row-2 Col-1","value":"None","time":1554914928761},{"prop":"TEDcorrection","value":2,"time":1554914928761},{"prop":"CHG:FFocus:1_CorrExp::Row-3 Col-1","value":"Rough","time":1554914931992},{"prop":"TEDcorrection","value":1,"time":1554914931992},{"prop":"CHG:FFocus:1_CorrExp::Row-4 Col-2","value":"High","time":1554914939592},{"prop":"TEDcorrection","value":0,"time":1554914939592},{"prop":"FFocus:1_Explain:","value":{"name":"{{$EFO_TED_E1_LISTQ9|ans2}}","value":"$EFL_efdata.TED.E1.LISTQ9","ontologyKey":"TED_E1_LISTQ9|yes","index":2,"id":"2"},"time":1554914954151},{"prop":"TEDExptNonTarget","value":[1,3,4],"time":1554915036109},{"prop":"TEDExptConfounds","value":[1],"time":1554915036109},{"prop":"TEDExptDifferent","value":[1,2],"time":1554915036109},{"prop":"TEDExptArea","value":{"ontologyKey":"S_A1","index":1},"time":1554915036109},{"prop":"TEDExptTopic","value":{"ontologyKey":"S_A1_T2","index":2},"time":1554915036109},{"prop":"TEDExptVariable","value":{"ontologyKey":"S_A1_T2_V2","index":2},"time":1554915036109},{"prop":"TEDExptRQ","value":{"ontologyKey":"S_A1_T2_RQ2","index":2},"time":1554915036118},{"prop":"TEDExptVarNC1","value":{"ontologyKey":"S_A1_T2_V1","index":1},"time":1554915036118},{"prop":"TEDExptVarNC2","value":{"ontologyKey":"S_A1_T2_V3","index":3},"time":1554915036118},{"prop":"TEDExptVarNC3","value":{"ontologyKey":"S_A1_T2_V4","index":4},"time":1554915036118},{"prop":"TEDExptPOSTSequence","value":[{"ontologyKey":"S_A1_T2_V4","index":4},{"ontologyKey":"S_A1_T2_V1","index":1},{"ontologyKey":"S_A1_T2_V2","index":2},{"ontologyKey":"S_A1_T2_V3","index":3}],"time":1554915036118},{"prop":"TEDExpt1V1","value":{"ontologyKey":"S_A1_T2_V1_A","index":1},"time":1554915036118},{"prop":"TEDExpt2V1","value":{"ontologyKey":"S_A1_T2_V1_A","index":1},"time":1554915036118},{"prop":"TEDExpt1V2","value":{"ontologyKey":"S_A1_T2_V2_A","index":2},"time":1554915036118},{"prop":"TEDExpt2V2","value":{"ontologyKey":"S_A1_T2_V2_A","index":2},"time":1554915036118},{"prop":"TEDExpt1V3","value":{"ontologyKey":"S_A1_T2_V3_A","index":3},"time":1554915036118},{"prop":"TEDExpt2V3","value":{"ontologyKey":"S_A1_T2_V3_A","index":3},"time":1554915036118},{"prop":"TEDExpt1V4","value":{"ontologyKey":"S_A1_T2_V4_A","index":4},"time":1554915036118},{"prop":"TEDExpt2V4","value":{"ontologyKey":"S_A1_T2_V4_A","index":4},"time":1554915036118},{"prop":"TEDExpt2V1","value":{"ontologyKey":"S_A1_T2_V1_B","index":1},"time":1554915036118},{"prop":"TEDExpt2V2","value":{"ontologyKey":"S_A1_T2_V2_B","index":2},"time":1554915036118},{"prop":"TEDExptNC1SameDiff","value":{"ontologyKey":"TED_E1_Q7NC1DIFF","value":"diff","index":1},"time":1554915036118},{"prop":"TEDExptNC1Confound","value":{"ontologyKey":"S_A1_T2_V1","index":1},"time":1554915036118},{"prop":"TEDExptNC2SameDiff","value":{"ontologyKey":"TED_E1_Q7NC2SAME","value":"same","index":3},"time":1554915036118},{"prop":"TEDExptNC3SameDiff","value":{"ontologyKey":"TED_E1_Q7NC3SAME","value":"same","index":4},"time":1554915036118},{"prop":"Expt1_Q1","value":{"name":"{{$EFO_TED_E1_LISTYN|yes}}","ontologyKey":"TED_E1_LISTYN|yes","index":1,"value":false,"id":"incorrect"},"time":1554915129388},{"prop":"Expt2_Q","value":{"name":"{{$EFO_TED_E1_LISTYN|yes}}","ontologyKey":"TED_E1_LISTYN|yes","index":1,"value":false,"id":"incorrect"},"time":1554915129388}],"Expt1_Q1":{"name":"{{$EFO_TED_E1_LISTYN|yes}}","ontologyKey":"TED_E1_LISTYN|yes","index":1,"value":false,"id":"incorrect"},"Expt1_Q":{"name":"{{$EFO_TED_E1_LISTYN|yes}}","ontologyKey":"TED_E1_LISTYN|yes","index":1,"value":false,"id":"incorrect"},"Expt1_Reason":{"name":"{{$EFO_TED_E1_LISTQ23|ans3}}","value":"$EFL_efdata.TED.E1.LISTQ23","ontologyKey":"TED_E1_LISTQ23|yes","index":3,"id":"3"},"Expt1_Q4":{"name":"{{$EFO_TED_E1_LISTYN|no}}","ontologyKey":"TED_E1_LISTYN|no","index":2,"value":true,"id":"correct"},"Imagine1":{"name":"{{$EFO_TED_E1_LISTYN|no}}","ontologyKey":"TED_E1_LISTYN|no","index":2,"value":true,"id":"correct"},"Imagine1_Reason":{"name":"{{$EFO_TED_E1_LISTQ56|ans1}}","value":"$EFL_efdata.TED.E1.LISTQ56","ontologyKey":"TED_E1_LISTQ56|yes","index":1,"id":"1"},"FFocus:1":{"Row-2 Col-3":"Could Not cause","Row-3 Col-3":"Could cause","Row-4 Col-3":"Could cause"},"TEDFeatureFocus":["","Could Not cause","Could cause","Could cause"],"CHG:FFocus:1:Row-2 Col-3":"Could Not cause","CHG:FFocus:1:Row-3 Col-3":"Could cause","CHG:FFocus:1:Row-4 Col-3":"Could cause","FFocus:1_CorrExp:":{"Row-2 Col-1":"None","Row-3 Col-1":"Rough","Row-4 Col-2":"High"},"TEDcorrection":0,"CHG:FFocus:1_CorrExp::Row-2 Col-1":"None","CHG:FFocus:1_CorrExp::Row-3 Col-1":"Rough","CHG:FFocus:1_CorrExp::Row-4 Col-2":"High","FFocus:1_Explain:":{"name":"{{$EFO_TED_E1_LISTQ9|ans2}}","value":"$EFL_efdata.TED.E1.LISTQ9","ontologyKey":"TED_E1_LISTQ9|yes","index":2,"id":"2"},"Expt2_Q":{"name":"{{$EFO_TED_E1_LISTYN|yes}}","ontologyKey":"TED_E1_LISTYN|yes","index":1,"value":false,"id":"incorrect"}},"tutor":{"experimentalGroup":{"ontologyKey":"EG_A1"},"$seq":[{"prop":"experimentalGroup.ontologyKey","value":"EG_A1","time":1554914556345}]}}