{"scene":{"SNavigator":{},"SScene3":{"complete":true,"$seq":[{"prop":"complete","value":false,"time":1554914556422},{"prop":"complete","value":true,"time":1554914563490}]},"SScene4":{"complete":true,"$seq":[{"prop":"complete","value":false,"time":1554914566274},{"prop":"complete","value":true,"time":1554914578142}]},"SScene5":{"complete":true,"$seq":[{"prop":"complete","value":false,"time":1554914579474},{"prop":"complete","value":true,"time":1554914585335}]},"SScene6":{"complete":true,"$seq":[{"prop":"complete","value":false,"time":1554914589289},{"prop":"complete","value":true,"time":1554914600831}]},"SScene7":{"complete":true,"$seq":[{"prop":"complete","value":false,"time":1554915036132},{"prop":"complete","value":true,"time":1554915046085}]},"SScene8":{"complete":true,"$seq":[{"prop":"complete","value":false,"time":1554915048233},{"prop":"complete","value":true,"time":1554915105095}]},"SScene9":{"complete":false,"$seq":[{"prop":"complete","value":false,"time":1554915108699},{"prop":"complete","value":true,"time":1554915129388},{"prop":"complete","value":false,"time":1554915131439}]},"SScene11":{"complete":true,"$seq":[{"prop":"complete","value":false,"time":1554915135783},{"prop":"complete","value":true,"time":1554915149543}]},"SScene12":{"complete":true,"$seq":[{"prop":"complete","value":false,"time":1554915150874},{"prop":"complete","value":true,"time":1554915159100}]},"SScene12A":{"complete":false,"$seq":[{"prop":"complete","value":false,"time":1554915183985},{"prop":"complete","value":true,"time":1554915189808},{"prop":"complete","value":false,"time":1554915191176},{"prop":"complete","value":false,"time":1554915193948},{"prop":"complete","value":false,"time":1554915195481},{"prop":"complete","value":false,"time":1554915199594},{"prop":"complete","value":false,"time":1554915201089},{"prop":"complete","value":false,"time":1554915202465},{"prop":"complete","value":false,"time":1554915203720}]},"SScene13":{"complete":false,"$seq":[{"prop":"complete","value":false,"time":1554914766112},{"prop":"complete","value":true,"time":1554914776798},{"prop":"complete","value":false,"time":1554914777933}]},"SScene15":{"complete":true,"$seq":[{"prop":"complete","value":false,"time":1554915251917},{"prop":"complete","value":false,"time":1554915292605},{"prop":"complete","value":false,"time":1554915293946},{"prop":"complete","value":true,"time":1554915297646},{"prop":"complete","value":false,"time":1554915298327},{"prop":"complete","value":false,"time":1554915299454},{"prop":"complete","value":false,"time":1554915300801},{"prop":"complete","value":true,"time":1554915346478}]},"SScene16":{"complete":true,"$seq":[{"prop":"complete","value":false,"time":1554915352855},{"prop":"complete","value":true,"time":1554915377582}]},"SScene17":{"complete":true,"$seq":[{"prop":"complete","value":false,"time":1554915379652},{"prop":"complete","value":true,"time":1554915388836},{"prop":"complete","value":true,"time":1554915388837},{"prop":"complete","value":false,"time":1554915389801},{"prop":"complete","value":false,"time":1554915395850},{"prop":"complete","value":false,"time":1554915397321},{"prop":"complete","value":false,"time":1554915400881},{"prop":"complete","value":false,"time":1554915402577},{"prop":"complete","value":false,"time":1554915404717},{"prop":"complete","value":false,"time":1554915406187},{"prop":"complete","value":false,"time":1554915410111},{"prop":"complete","value":false,"time":1554915411762},{"prop":"complete","value":false,"time":1554915413343},{"prop":"complete","value":false,"time":1554915414876},{"prop":"complete","value":false,"time":1554915420191},{"prop":"complete","value":false,"time":1554915421752},{"prop":"complete","value":true,"time":1554915423893}]},"SScene14":{"complete":false,"$seq":[{"prop":"complete","value":false,"time":1554915206377},{"prop":"complete","value":true,"time":1554915239756},{"prop":"complete","value":false,"time":1554915240767}]},"SScene18":{"complete":true,"$seq":[{"prop":"complete","value":false,"time":1554915442776},{"prop":"complete","value":true,"time":1554915448719}]},"SScene19":{"complete":false,"$seq":[{"prop":"complete","value":false,"time":1554915504474}]},"SScene20":{"complete":true,"$seq":[{"prop":"complete","value":false,"time":1554915489900},{"prop":"complete","value":true,"time":1554915503048}]}},"module":{"selectedArea":{"ontologyKey":"S_A1|name","index":1},"selectedTopic":{"ontologyKey":"S_A1_T2|name","index":2},"selectedVariable":{"ontologyKey":"S_A1_T2_V4|name","index":4},"selectedRQ":{"ontologyKey":"S_A1_T2_RQ4","index":"4"},"RQconfirmation":"UNKNOWN","TEDExptNonTarget":[1,3,4],"TEDExptConfounds":[1],"TEDExptDifferent":[1,2],"TEDExptArea":{"ontologyKey":"S_A1","index":1},"TEDExptTopic":{"ontologyKey":"S_A1_T2","index":2},"TEDExptVariable":{"ontologyKey":"S_A1_T2_V2","index":2},"TEDExptRQ":{"ontologyKey":"S_A1_T2_RQ2","index":2},"TEDExptVarNC1":{"ontologyKey":"S_A1_T2_V1","index":1},"TEDExptVarNC2":{"ontologyKey":"S_A1_T2_V3","index":3},"TEDExptVarNC3":{"ontologyKey":"S_A1_T2_V4","index":4},"TEDExptPOSTSequence":[{"ontologyKey":"S_A1_T2_V2","index":2},{"ontologyKey":"S_A1_T2_V3","index":3}],"TEDExpt1V1":{"ontologyKey":"S_A1_T2_V1_A","index":1},"TEDExpt2V1":{"ontologyKey":"S_A1_T2_V1_B","index":1},"TEDExpt1V2":{"ontologyKey":"S_A1_T2_V2_A","index":2},"TEDExpt2V2":{"ontologyKey":"S_A1_T2_V2_B","index":2},"TEDExpt1V3":{"ontologyKey":"S_A1_T2_V3_A","index":3},"TEDExpt2V3":{"ontologyKey":"S_A1_T2_V3_A","index":3},"TEDExpt1V4":{"ontologyKey":"S_A1_T2_V4_A","index":4},"TEDExpt2V4":{"ontologyKey":"S_A1_T2_V4_A","index":4},"TEDExptNC1SameDiff":{"ontologyKey":"TED_E1_Q7NC1DIFF","value":"diff","index":1},"TEDExptNC1Confound":{"ontologyKey":"S_A1_T2_V1","index":1},"TEDExptNC2SameDiff":{"ontologyKey":"TED_E1_Q7NC2SAME","value":"same","index":3},"TEDExptNC2Confound":{"ontologyKey":"S_A1_T2_V3","index":3},"TEDExptNC3SameDiff":{"ontologyKey":"TED_E1_Q7NC3SAME","value":"same","index":4},"TEDExptNC3Confound":{"ontologyKey":"S_A1_T2_V4","index":4},"differentRow":4,"independentVarN":{"row":4,"col":0,"ontologyKey":"S_A1_T2_V4|name","isText":true,"selectedValue":"Amount of CO2","cell":{},"processed":true},"sameRow1":1,"sameRow2":2,"sameRow3":3,"$seq":[{"prop":"TEDExptNonTarget","value":[2,3,4],"time":1554914556349},{"prop":"TEDExptConfounds","value":[2,3,4],"time":1554914556349},{"prop":"TEDExptDifferent","value":[2,3,4,1],"time":1554914556349},{"prop":"TEDExptArea","value":{"ontologyKey":"S_A1","index":1},"time":1554914556349},{"prop":"TEDExptTopic","value":{"ontologyKey":"S_A1_T2","index":2},"time":1554914556349},{"prop":"TEDExptVariable","value":{"ontologyKey":"S_A1_T2_V1","index":1},"time":1554914556349},{"prop":"TEDExptRQ","value":{"ontologyKey":"S_A1_T2_RQ1","index":1},"time":1554914556349},{"prop":"TEDExptVarNC1","value":{"ontologyKey":"S_A1_T2_V2","index":2},"time":1554914556349},{"prop":"TEDExptVarNC2","value":{"ontologyKey":"S_A1_T2_V3","index":3},"time":1554914556349},{"prop":"TEDExptVarNC3","value":{"ontologyKey":"S_A1_T2_V4","index":4},"time":1554914556350},{"prop":"TEDExptPOSTSequence","value":[{"ontologyKey":"S_A1_T2_V4","index":4},{"ontologyKey":"S_A1_T2_V1","index":1},{"ontologyKey":"S_A1_T2_V2","index":2},{"ontologyKey":"S_A1_T2_V3","index":3}],"time":1554914556350},{"prop":"TEDExpt1V1","value":{"ontologyKey":"S_A1_T2_V1_A","index":1},"time":1554914556350},{"prop":"TEDExpt2V1","value":{"ontologyKey":"S_A1_T2_V1_A","index":1},"time":1554914556350},{"prop":"TEDExpt1V2","value":{"ontologyKey":"S_A1_T2_V2_A","index":2},"time":1554914556350},{"prop":"TEDExpt2V2","value":{"ontologyKey":"S_A1_T2_V2_A","index":2},"time":1554914556350},{"prop":"TEDExpt1V3","value":{"ontologyKey":"S_A1_T2_V3_A","index":3},"time":1554914556350},{"prop":"TEDExpt2V3","value":{"ontologyKey":"S_A1_T2_V3_A","index":3},"time":1554914556350},{"prop":"TEDExpt1V4","value":{"ontologyKey":"S_A1_T2_V4_A","index":4},"time":1554914556350},{"prop":"TEDExpt2V4","value":{"ontologyKey":"S_A1_T2_V4_A","index":4},"time":1554914556350},{"prop":"TEDExpt2V2","value":{"ontologyKey":"S_A1_T2_V2_B","index":2},"time":1554914556350},{"prop":"TEDExpt2V3","value":{"ontologyKey":"S_A1_T2_V3_B","index":3},"time":1554914556350},{"prop":"TEDExpt2V4","value":{"ontologyKey":"S_A1_T2_V4_B","index":4},"time":1554914556350},{"prop":"TEDExpt2V1","value":{"ontologyKey":"S_A1_T2_V1_B","index":1},"time":1554914556350},{"prop":"TEDExptNC1SameDiff","value":{"ontologyKey":"TED_E1_Q7NC1DIFF","value":"diff","index":2},"time":1554914556350},{"prop":"TEDExptNC1Confound","value":{"ontologyKey":"S_A1_T2_V2","index":2},"time":1554914556350},{"prop":"TEDExptNC2SameDiff","value":{"ontologyKey":"TED_E1_Q7NC2DIFF","value":"diff","index":3},"time":1554914556350},{"prop":"TEDExptNC2Confound","value":{"ontologyKey":"S_A1_T2_V3","index":3},"time":1554914556350},{"prop":"TEDExptNC3SameDiff","value":{"ontologyKey":"TED_E1_Q7NC3DIFF","value":"diff","index":4},"time":1554914556350},{"prop":"TEDExptNC3Confound","value":{"ontologyKey":"S_A1_T2_V4","index":4},"time":1554914556350},{"prop":"Expt1_Q1","value":{"name":"{{$EFO_TED_E1_LISTYN|yes}}","ontologyKey":"TED_E1_LISTYN|yes","index":1,"value":false,"id":"incorrect"},"time":1554914695172},{"prop":"Expt1_Q","value":{"name":"{{$EFO_TED_E1_LISTYN|yes}}","ontologyKey":"TED_E1_LISTYN|yes","index":1,"value":false,"id":"incorrect"},"time":1554914695172},{"prop":"Expt1_Reason","value":{"name":"{{$EFO_TED_E1_LISTQ23|ans3}}","value":"$EFL_efdata.TED.E1.LISTQ23","ontologyKey":"TED_E1_LISTQ23|yes","index":3,"id":"3"},"time":1554914725784},{"prop":"Expt1_Q4","value":{"name":"{{$EFO_TED_E1_LISTYN|no}}","ontologyKey":"TED_E1_LISTYN|no","index":2,"value":true,"id":"correct"},"time":1554914751236},{"prop":"Imagine1","value":{"name":"{{$EFO_TED_E1_LISTYN|no}}","ontologyKey":"TED_E1_LISTYN|no","index":2,"value":true,"id":"correct"},"time":1554914751236},{"prop":"Imagine1_Reason","value":{"name":"{{$EFO_TED_E1_LISTQ56|ans1}}","value":"$EFL_efdata.TED.E1.LISTQ56","ontologyKey":"TED_E1_LISTQ56|yes","index":1,"id":"1"},"time":1554914776797},{"prop":"FFocus:1","value":{"Row-2 Col-3":"Could Not cause","Row-3 Col-3":"Could cause","Row-4 Col-3":"Could cause"},"time":1554914789220},{"prop":"TEDFeatureFocus","value":["","Could Not cause","Could cause","Could cause"],"time":1554914789542},{"prop":"CHG:FFocus:1:Row-2 Col-3","value":"Could cause","time":1554914824313},{"prop":"TEDFeatureFocus","value":["","Could Not cause","Could cause","Could cause"],"time":1554914824313},{"prop":"CHG:FFocus:1:Row-3 Col-3","value":"Could cause","time":1554914831695},{"prop":"TEDFeatureFocus","value":["","Could Not cause","Could cause","Could cause"],"time":1554914831695},{"prop":"CHG:FFocus:1:Row-2 Col-3","value":"Could Not cause","time":1554914834937},{"prop":"TEDFeatureFocus","value":["","Could Not cause","Could cause","Could cause"],"time":1554914834937},{"prop":"CHG:FFocus:1:Row-4 Col-3","value":"Could cause","time":1554914837501},{"prop":"TEDFeatureFocus","value":["","Could Not cause","Could cause","Could cause"],"time":1554914837501},{"prop":"FFocus:1_CorrExp:","value":{"Row-2 Col-1":"None","Row-3 Col-1":"Rough","Row-4 Col-2":"High"},"time":1554914895040},{"prop":"TEDcorrection","value":3,"time":1554914895361},{"prop":"CHG:FFocus:1_CorrExp::Row-2 Col-1","value":"None","time":1554914928761},{"prop":"TEDcorrection","value":2,"time":1554914928761},{"prop":"CHG:FFocus:1_CorrExp::Row-3 Col-1","value":"Rough","time":1554914931992},{"prop":"TEDcorrection","value":1,"time":1554914931992},{"prop":"CHG:FFocus:1_CorrExp::Row-4 Col-2","value":"High","time":1554914939592},{"prop":"TEDcorrection","value":0,"time":1554914939592},{"prop":"FFocus:1_Explain:","value":{"name":"{{$EFO_TED_E1_LISTQ9|ans2}}","value":"$EFL_efdata.TED.E1.LISTQ9","ontologyKey":"TED_E1_LISTQ9|yes","index":2,"id":"2"},"time":1554914954151},{"prop":"TEDExptNonTarget","value":[1,3,4],"time":1554915036109},{"prop":"TEDExptConfounds","value":[1],"time":1554915036109},{"prop":"TEDExptDifferent","value":[1,2],"time":1554915036109},{"prop":"TEDExptArea","value":{"ontologyKey":"S_A1","index":1},"time":1554915036109},{"prop":"TEDExptTopic","value":{"ontologyKey":"S_A1_T2","index":2},"time":1554915036109},{"prop":"TEDExptVariable","value":{"ontologyKey":"S_A1_T2_V2","index":2},"time":1554915036109},{"prop":"TEDExptRQ","value":{"ontologyKey":"S_A1_T2_RQ2","index":2},"time":1554915036118},{"prop":"TEDExptVarNC1","value":{"ontologyKey":"S_A1_T2_V1","index":1},"time":1554915036118},{"prop":"TEDExptVarNC2","value":{"ontologyKey":"S_A1_T2_V3","index":3},"time":1554915036118},{"prop":"TEDExptVarNC3","value":{"ontologyKey":"S_A1_T2_V4","index":4},"time":1554915036118},{"prop":"TEDExptPOSTSequence","value":[{"ontologyKey":"S_A1_T2_V2","index":2},{"ontologyKey":"S_A1_T2_V3","index":3}],"time":1554915036118},{"prop":"TEDExpt1V1","value":{"ontologyKey":"S_A1_T2_V1_A","index":1},"time":1554915036118},{"prop":"TEDExpt2V1","value":{"ontologyKey":"S_A1_T2_V1_A","index":1},"time":1554915036118},{"prop":"TEDExpt1V2","value":{"ontologyKey":"S_A1_T2_V2_A","index":2},"time":1554915036118},{"prop":"TEDExpt2V2","value":{"ontologyKey":"S_A1_T2_V2_A","index":2},"time":1554915036118},{"prop":"TEDExpt1V3","value":{"ontologyKey":"S_A1_T2_V3_A","index":3},"time":1554915036118},{"prop":"TEDExpt2V3","value":{"ontologyKey":"S_A1_T2_V3_A","index":3},"time":1554915036118},{"prop":"TEDExpt1V4","value":{"ontologyKey":"S_A1_T2_V4_A","index":4},"time":1554915036118},{"prop":"TEDExpt2V4","value":{"ontologyKey":"S_A1_T2_V4_A","index":4},"time":1554915036118},{"prop":"TEDExpt2V1","value":{"ontologyKey":"S_A1_T2_V1_B","index":1},"time":1554915036118},{"prop":"TEDExpt2V2","value":{"ontologyKey":"S_A1_T2_V2_B","index":2},"time":1554915036118},{"prop":"TEDExptNC1SameDiff","value":{"ontologyKey":"TED_E1_Q7NC1DIFF","value":"diff","index":1},"time":1554915036118},{"prop":"TEDExptNC1Confound","value":{"ontologyKey":"S_A1_T2_V1","index":1},"time":1554915036118},{"prop":"TEDExptNC2SameDiff","value":{"ontologyKey":"TED_E1_Q7NC2SAME","value":"same","index":3},"time":1554915036118},{"prop":"TEDExptNC3SameDiff","value":{"ontologyKey":"TED_E1_Q7NC3SAME","value":"same","index":4},"time":1554915036118},{"prop":"Expt1_Q1","value":{"name":"{{$EFO_TED_E1_LISTYN|yes}}","ontologyKey":"TED_E1_LISTYN|yes","index":1,"value":false,"id":"incorrect"},"time":1554915129388},{"prop":"Expt2_Q","value":{"name":"{{$EFO_TED_E1_LISTYN|yes}}","ontologyKey":"TED_E1_LISTYN|yes","index":1,"value":false,"id":"incorrect"},"time":1554915129388},{"prop":"Expt2_Reason","value":{"name":"{{$EFO_TED_E1_LISTQ23|ans5}}","value":"$EFL_efdata.TED.E1.LISTQ23","ontologyKey":"TED_E1_LISTQ23|yes","index":5,"id":"5"},"time":1554915149543},{"prop":"Expt1_Q4","value":{"name":"{{$EFO_TED_E1_LISTYN|yes}}","ontologyKey":"TED_E1_LISTYN|yes","index":1,"value":false,"id":"incorrect"},"time":1554915189808},{"prop":"Imagine2","value":{"name":"{{$EFO_TED_E1_LISTYN|yes}}","ontologyKey":"TED_E1_LISTYN|yes","index":1,"value":false,"id":"incorrect"},"time":1554915189808},{"prop":"Imagine2_Reason","value":{"name":"{{$EFO_TED_E1_LISTQ56|ans4}}","value":"$EFL_efdata.TED.E1.LISTQ56","ontologyKey":"TED_E1_LISTQ56|yes","index":4,"id":"4"},"time":1554915239756},{"prop":"FFocus:2","value":{"Row-3 Col-3":"Could cause","Row-4 Col-3":"Could cause","Row-1 Col-3":"Could cause"},"time":1554915251917},{"prop":"TEDFeatureFocus","value":["Could cause","","Could cause","Could cause"],"time":1554915252279},{"prop":"CHG:FFocus:2:Row-3 Col-3","value":"Could cause","time":1554915292605},{"prop":"TEDFeatureFocus","value":["Could cause","","Could cause","Could cause"],"time":1554915292605},{"prop":"CHG:FFocus:2:Row-4 Col-3","value":"Could cause","time":1554915293946},{"prop":"TEDFeatureFocus","value":["Could cause","","Could cause","Could cause"],"time":1554915293946},{"prop":"CHG:FFocus:2:Row-1 Col-3","value":"Could cause","time":1554915297646},{"prop":"TEDFeatureFocus","value":["Could cause","","Could cause","Could cause"],"time":1554915297646},{"prop":"FFocus:2_CorrExp:","value":{"Row-1 Col-2":"Sugar"},"time":1554915352855},{"prop":"TEDcorrection","value":1,"time":1554915353198},{"prop":"CHG:FFocus:2_CorrExp::Row-1 Col-2","value":"Sugar","time":1554915377582},{"prop":"TEDcorrection","value":0,"time":1554915377582},{"prop":"FFocus:2_Explain:","value":{"name":"{{$EFO_TED_E1_LISTQ9|ans2}}","value":"$EFL_efdata.TED.E1.LISTQ9","ontologyKey":"TED_E1_LISTQ9|yes","index":2,"id":"2"},"time":1554915388836},{"prop":"TEDExptPOSTTV","value":{"ontologyKey":"S_A1_T2_V4","index":4},"time":1554915460455},{"prop":"POSTQ:1","value":{"Row-1 Col-1":"Aspartame","Row-1 Col-2":"Aspartame","Row-2 Col-1":"Some","Row-2 Col-2":"Some","Row-3 Col-1":"Smooth","Row-3 Col-2":"Rough","Row-4 Col-1":"Low","Row-4 Col-2":"Low"},"time":1554915460455},{"prop":"CHG:POSTQ:1:Row-1 Col-1","value":"Aspartame","time":1554915470856},{"prop":"CHG:POSTQ:1:Row-1 Col-2","value":"Aspartame","time":1554915473155},{"prop":"CHG:POSTQ:1:Row-2 Col-1","value":"Some","time":1554915476606},{"prop":"CHG:POSTQ:1:Row-2 Col-2","value":"Some","time":1554915478022},{"prop":"CHG:POSTQ:1:Row-3 Col-1","value":"Smooth","time":1554915480339},{"prop":"CHG:POSTQ:1:Row-3 Col-2","value":"Rough","time":1554915483626},{"prop":"CHG:POSTQ:1:Row-4 Col-1","value":"Low","time":1554915486325},{"prop":"CHG:POSTQ:1:Row-4 Col-2","value":"Low","time":1554915488782},{"prop":"POSTQ:1_Reason:","value":{"name":"{{$EFO_TED_E1_LISTPOST|ans6}}","value":"$EFL_efdata.TED.E1.LISTPOST","ontologyKey":"TED_E1_LISTPOST|yes","index":6,"id":"6"},"time":1554915503048},{"prop":"TEDExptPOSTTV","value":{"ontologyKey":"S_A1_T2_V1","index":1},"time":1554915504459},{"prop":"POSTQ:2","value":{},"time":1554915504459}],"Expt1_Q1":{"name":"{{$EFO_TED_E1_LISTYN|yes}}","ontologyKey":"TED_E1_LISTYN|yes","index":1,"value":false,"id":"incorrect"},"Expt1_Q":{"name":"{{$EFO_TED_E1_LISTYN|yes}}","ontologyKey":"TED_E1_LISTYN|yes","index":1,"value":false,"id":"incorrect"},"Expt1_Reason":{"name":"{{$EFO_TED_E1_LISTQ23|ans3}}","value":"$EFL_efdata.TED.E1.LISTQ23","ontologyKey":"TED_E1_LISTQ23|yes","index":3,"id":"3"},"Expt1_Q4":{"name":"{{$EFO_TED_E1_LISTYN|yes}}","ontologyKey":"TED_E1_LISTYN|yes","index":1,"value":false,"id":"incorrect"},"Imagine1":{"name":"{{$EFO_TED_E1_LISTYN|no}}","ontologyKey":"TED_E1_LISTYN|no","index":2,"value":true,"id":"correct"},"Imagine1_Reason":{"name":"{{$EFO_TED_E1_LISTQ56|ans1}}","value":"$EFL_efdata.TED.E1.LISTQ56","ontologyKey":"TED_E1_LISTQ56|yes","index":1,"id":"1"},"FFocus:1":{"Row-2 Col-3":"Could Not cause","Row-3 Col-3":"Could cause","Row-4 Col-3":"Could cause"},"TEDFeatureFocus":["Could cause","","Could cause","Could cause"],"CHG:FFocus:1:Row-2 Col-3":"Could Not cause","CHG:FFocus:1:Row-3 Col-3":"Could cause","CHG:FFocus:1:Row-4 Col-3":"Could cause","FFocus:1_CorrExp:":{"Row-2 Col-1":"None","Row-3 Col-1":"Rough","Row-4 Col-2":"High"},"TEDcorrection":0,"CHG:FFocus:1_CorrExp::Row-2 Col-1":"None","CHG:FFocus:1_CorrExp::Row-3 Col-1":"Rough","CHG:FFocus:1_CorrExp::Row-4 Col-2":"High","FFocus:1_Explain:":{"name":"{{$EFO_TED_E1_LISTQ9|ans2}}","value":"$EFL_efdata.TED.E1.LISTQ9","ontologyKey":"TED_E1_LISTQ9|yes","index":2,"id":"2"},"Expt2_Q":{"name":"{{$EFO_TED_E1_LISTYN|yes}}","ontologyKey":"TED_E1_LISTYN|yes","index":1,"value":false,"id":"incorrect"},"Expt2_Reason":{"name":"{{$EFO_TED_E1_LISTQ23|ans5}}","value":"$EFL_efdata.TED.E1.LISTQ23","ontologyKey":"TED_E1_LISTQ23|yes","index":5,"id":"5"},"Imagine2":{"name":"{{$EFO_TED_E1_LISTYN|yes}}","ontologyKey":"TED_E1_LISTYN|yes","index":1,"value":false,"id":"incorrect"},"Imagine2_Reason":{"name":"{{$EFO_TED_E1_LISTQ56|ans4}}","value":"$EFL_efdata.TED.E1.LISTQ56","ontologyKey":"TED_E1_LISTQ56|yes","index":4,"id":"4"},"FFocus:2":{"Row-3 Col-3":"Could cause","Row-4 Col-3":"Could cause","Row-1 Col-3":"Could cause"},"CHG:FFocus:2:Row-3 Col-3":"Could cause","CHG:FFocus:2:Row-4 Col-3":"Could cause","CHG:FFocus:2:Row-1 Col-3":"Could cause","FFocus:2_CorrExp:":{"Row-1 Col-2":"Sugar"},"CHG:FFocus:2_CorrExp::Row-1 Col-2":"Sugar","FFocus:2_Explain:":{"name":"{{$EFO_TED_E1_LISTQ9|ans2}}","value":"$EFL_efdata.TED.E1.LISTQ9","ontologyKey":"TED_E1_LISTQ9|yes","index":2,"id":"2"},"TEDExptPOSTTV":{"ontologyKey":"S_A1_T2_V1","index":1},"POSTQ:1":{"Row-1 Col-1":"Aspartame","Row-1 Col-2":"Aspartame","Row-2 Col-1":"Some","Row-2 Col-2":"Some","Row-3 Col-1":"Smooth","Row-3 Col-2":"Rough","Row-4 Col-1":"Low","Row-4 Col-2":"Low"},"CHG:POSTQ:1:Row-1 Col-1":"Aspartame","CHG:POSTQ:1:Row-1 Col-2":"Aspartame","CHG:POSTQ:1:Row-2 Col-1":"Some","CHG:POSTQ:1:Row-2 Col-2":"Some","CHG:POSTQ:1:Row-3 Col-1":"Smooth","CHG:POSTQ:1:Row-3 Col-2":"Rough","CHG:POSTQ:1:Row-4 Col-1":"Low","CHG:POSTQ:1:Row-4 Col-2":"Low","POSTQ:1_Reason:":{"name":"{{$EFO_TED_E1_LISTPOST|ans6}}","value":"$EFL_efdata.TED.E1.LISTPOST","ontologyKey":"TED_E1_LISTPOST|yes","index":6,"id":"6"},"POSTQ:2":{}},"tutor":{"experimentalGroup":{"ontologyKey":"EG_A1"},"$seq":[{"prop":"experimentalGroup.ontologyKey","value":"EG_A1","time":1554914556345}]}}